"CRN","ARRIVAL_TM","AUTOMOBILE_COUNT","BELTED_DEATH_COUNT","BELTED_SUSP_SERIOUS_INJ_COUNT","BICYCLE_COUNT","BICYCLE_DEATH_COUNT","BICYCLE_SUSP_SERIOUS_INJ_COUNT","BUS_COUNT","CHLDPAS_DEATH_COUNT","CHLDPAS_SUSP_SERIOUS_INJ_COUNT","COLLISION_TYPE","COMM_VEH_COUNT","CONS_ZONE_SPD_LIM","COUNTY","CRASH_MONTH","CRASH_YEAR","DAY_OF_WEEK","DEC_LATITUDE","DEC_LONGITUDE","DISPATCH_TM","DISTRICT","DRIVER_COUNT_16YR","DRIVER_COUNT_17YR","DRIVER_COUNT_18YR","DRIVER_COUNT_19YR","DRIVER_COUNT_20YR","DRIVER_COUNT_50_64YR","DRIVER_COUNT_65_74YR","DRIVER_COUNT_75PLUS","EST_HRS_CLOSED","FATAL_COUNT","HEAVY_TRUCK_COUNT","HORSE_BUGGY_COUNT","HOUR_OF_DAY","ILLUMINATION","INJURY_COUNT","INTERSECTION_RELATED","INTERSECT_TYPE","LANE_CLOSED","LATITUDE","LN_CLOSE_DIR","LOCATION_TYPE","LONGITUDE","MAX_SEVERITY_LEVEL","MCYCLE_DEATH_COUNT","MCYCLE_SUSP_SERIOUS_INJ_COUNT","MOTORCYCLE_COUNT","MUNICIPALITY","NONMOTR_COUNT","NONMOTR_DEATH_COUNT","NONMOTR_SUSP_SERIOUS_INJ_COUNT","NTFY_HIWY_MAINT","PED_COUNT","PED_DEATH_COUNT","PED_SUSP_SERIOUS_INJ_COUNT","PERSON_COUNT","POLICE_AGCY","POSSIBLE_INJ_COUNT","RDWY_SURF_TYPE_CD","RELATION_TO_ROAD","ROADWAY_CLEARED","ROAD_CONDITION","SCH_BUS_IND","SCH_ZONE_IND","SECONDARY_CRASH","SMALL_TRUCK_COUNT","SPEC_JURIS_CD","SUSP_MINOR_INJ_COUNT","SUSP_SERIOUS_INJ_COUNT","SUV_COUNT","TCD_FUNC_CD","TCD_TYPE","TFC_DETOUR_IND","TIME_OF_DAY","TOTAL_UNITS","TOT_INJ_COUNT","UNBELTED_OCC_COUNT","UNB_DEATH_COUNT","UNB_SUSP_SERIOUS_INJ_COUNT","UNK_INJ_DEG_COUNT","UNK_INJ_PER_COUNT","URBAN_RURAL","VAN_COUNT","VEHICLE_COUNT","WEATHER1","WEATHER2","WORKERS_PRES","WORK_ZONE_IND","WORK_ZONE_LOC","WORK_ZONE_TYPE","WZ_CLOSE_DETOUR","WZ_FLAGGER","WZ_LAW_OFFCR_IND","WZ_LN_CLOSURE","WZ_MOVING","WZ_OTHER","WZ_SHLDER_MDN","WZ_WORKERS_INJ_KILLED"
"2013020912","1702","0","0","0","0","0","0","0","0","0","0","0","","02","2","2013","2","40.458035","-80.284901","1657","11","0","0","0","0","0","0","1","0","1","0","0","0","","","1","","0","","40 27:28.925","2","0","80 17:05.643","8","0","0","1","2203","0","0","0","N","0","0","0","1","02203","0","","1.0","","1","N","N","","0","","0","0","0","","0","N","","1","1","0","0","0","1","0","1","0","1","","","","N","","","","","","","","","",""
"2013022701","1744","0","0","0","0","0","0","0","0","0","7","0","","02","2","2013","6","40.456172","-79.956028","1736","11","0","0","0","0","0","0","0","0","","0","0","0","","","0","","0","","40 27:22.220","","0","79 57:21.700","0","0","0","0","2301","0","0","0","N","0","0","0","1","02301","0","","5.0","","1","N","N","","0","","0","0","1","","0","","","1","0","0","0","0","0","0","2","0","1","","","","N","","","","","","","","","",""
"2013023289","1543","2","0","0","0","0","0","0","0","0","4","0","","02","1","2013","5","40.378634","-79.804892","1541","11","0","1","0","0","0","0","0","0","2","0","0","0","","","0","","0","","40 22:43.084","4","7","79 48:17.612","0","0","0","0","2111","0","0","0","N","0","0","0","3","02111","0","","1.0","","1","N","N","","0","","0","0","0","","0","N","","2","0","0","0","0","0","0","2","0","2","","","","N","","","","","","","","","",""
"2013023335","1610","0","0","0","0","0","0","0","0","0","7","0","","02","2","2013","1","40.365538","-80.024519","1607","11","0","0","0","0","0","1","0","0","","0","0","0","","","0","","0","","40 21:55.937","","0","80 01:28.267","0","0","0","0","2416","0","0","0","N","0","0","0","1","02416","0","","2.0","","1","N","N","","1","","0","0","0","","0","","","1","0","0","0","0","0","0","2","0","1","","","","N","","","","","","","","","",""
"2013022703","1810","2","0","0","0","0","0","0","0","0","4","0","","02","2","2013","6","40.438023","-79.913084","1805","11","0","0","0","0","0","1","0","0","1","0","0","0","","","0","","1","","40 26:16.882","3","0","79 54:47.102","0","0","0","0","2301","0","0","0","N","0","0","0","2","02301","0","","1.0","","9","N","N","","0","","0","0","0","","2","N","","2","0","0","0","0","0","0","2","0","2","","","","N","","","","","","","","","",""
"2013023179","1316","1","0","0","0","0","0","0","0","0","7","0","","02","2","2013","1","40.521735","-79.84147","1314","11","0","0","0","0","0","0","0","1","","0","0","0","","","0","","0","","40 31:18.246","","0","79 50:29.292","0","0","0","0","2451","0","0","0","N","0","0","0","3","02451","0","","5.0","","1","N","N","","0","","0","0","0","","0","","","1","0","0","0","0","0","0","2","0","1","","","","N","","","","","","","","","",""
"2013020915","1850","2","0","0","0","0","0","0","0","0","1","0","","02","2","2013","2","40.416936","-80.014558","1844","11","0","0","0","0","0","2","0","0","1","0","0","0","","","0","","2","","40 25:00.970","2","0","80 00:52.409","0","0","0","0","2301","0","0","0","N","0","0","0","7","02301","0","","1.0","","1","N","N","","0","","0","0","1","","2","N","","4","0","2","0","0","0","0","2","1","4","","","","N","","","","","","","","","",""
"2013021537","2224","1","0","0","0","0","0","0","0","0","5","0","","02","2","2013","2","40.427577","-79.980687","2220","11","0","0","0","0","0","0","0","0","","0","1","0","","","0","","0","","40 25:39.277","","0","79 58:50.473","0","0","0","0","2301","0","0","0","N","0","0","0","2","02301","0","","6.0","","1","N","N","","0","","0","0","0","","0","","","2","0","0","0","0","0","0","2","0","2","","","","N","","","","","","","","","",""
"2013023180","1528","1","0","0","0","0","0","0","0","0","8","0","","02","2","2013","7","40.496694","-80.058328","1528","11","0","0","0","0","0","0","0","0","","0","0","0","","","1","","0","","40 29:48.100","","0","80 03:29.980","8","0","0","0","2404","1","0","0","N","1","0","0","2","02402","0","","1.0","","1","N","N","","0","","0","0","0","","0","","","2","1","0","0","0","1","0","2","0","1","","","","N","","","","","","","","","",""
"2013021738","1450","1","0","0","0","0","0","0","0","0","7","0","","02","2","2013","3","40.541188","-79.800761","1445","11","0","0","0","0","0","1","0","0","","0","0","0","","","0","","2","","40 32:28.277","","0","79 48:02.740","0","0","0","0","2418","0","0","0","N","0","0","0","1","02418","0","","5.0","","1","N","N","","0","","0","0","0","","3","","","1","0","0","0","0","0","0","2","0","1","","","","N","","","","","","","","","",""
"2013021538","2024","2","0","0","0","0","0","0","0","0","1","0","","02","2","2013","2","40.353505","-79.837073","2024","11","0","0","0","0","1","0","0","0","","0","0","0","","","0","","2","","40 21:12.617","","0","79 50:13.464","0","0","0","0","2304","0","0","0","N","0","0","0","2","02304","0","","1.0","","1","N","N","","0","","0","0","0","","2","","","2","0","0","0","0","0","0","2","0","2","","","","N","","","","","","","","","",""
"2013022144","1232","2","0","0","0","0","0","0","0","0","4","0","","02","2","2013","2","40.467622","-79.92818","1232","11","0","0","0","0","0","0","0","0","","0","0","0","","","3","","1","","40 28:03.439","","0","79 55:41.448","8","0","0","0","2301","0","0","0","N","0","0","0","3","02301","0","","1.0","","1","N","N","","0","","0","0","0","","2","","","2","3","0","0","0","3","0","2","0","2","","","","N","","","","","","","","","",""
"2013023338","0119","0","0","0","0","0","0","0","0","0","1","0","","02","2","2013","7","40.492285","-80.010438","0032","11","0","0","0","0","0","0","1","0","","0","0","0","","","2","","0","","40 29:32.226","","0","80 00:37.578","3","0","0","0","2301","0","0","0","N","0","0","0","3","68B03","0","","1.0","","1","N","N","","0","","2","0","2","","0","","","2","2","0","0","0","0","0","2","0","2","","","","N","","","","","","","","","",""
"2013021672","1019","1","0","0","0","0","0","0","0","0","1","0","","02","2","2013","1","40.445446","-79.765266","1019","11","0","0","0","1","0","1","0","0","","0","0","0","","","1","","2","","40 26:43.605","","0","79 45:54.957","4","0","0","0","2446","0","0","0","","0","0","0","2","02446","1","","1.0","","1","","","","1","","0","0","0","","3","","","2","1","0","0","0","0","0","2","0","2","","","","N","","","","","","","","","",""
"2013023339","2302","1","0","0","0","0","0","0","0","0","7","0","","02","2","2013","3","40.436523","-79.973528","2252","11","0","0","0","0","0","0","0","0","1","0","0","0","","","0","","0","","40 26:11.484","3","3","79 58:24.701","0","0","0","0","2301","0","0","0","N","0","0","0","1","68B03","0","","2.0","","1","N","N","","0","","0","0","0","","0","Y","","1","0","0","0","0","0","0","2","0","1","","","","N","","","","","","","","","",""
"2013022134","0813","1","0","0","0","0","0","0","0","0","3","0","","02","2","2013","5","40.441329","-79.834788","0810","11","0","0","0","0","0","1","0","0","","0","0","0","","","0","","3","","40 26:28.784","","2","79 50:05.237","9","0","0","0","2419","0","0","0","N","0","0","0","2","02419","0","","1.0","","9","N","N","","0","","0","0","1","","0","","","2","0","0","0","0","0","1","2","0","2","","","","N","","","","","","","","","",""
"2013022146","1145","2","0","0","0","0","0","0","0","0","4","0","","02","2","2013","5","40.653195","-80.079494","1143","11","0","0","0","0","0","0","0","1","","0","0","0","","","1","","1","","40 39:11.501","","0","80 04:46.179","8","0","0","0","2212","0","0","0","N","0","0","0","2","02505","0","","1.0","","9","N","N","","0","","0","0","0","","3","","","2","1","0","0","0","1","0","2","0","2","","","","N","","","","","","","","","",""
"2013023340","0615","1","0","0","0","0","0","0","0","0","7","0","","02","2","2013","6","40.491361","-80.125735","0610","11","0","0","0","0","0","0","0","0","","0","0","0","","","1","","0","","40 29:28.900","","0","80 07:32.647","3","0","0","0","2115","0","0","0","N","0","0","0","1","68B03","0","","4.0","","1","N","N","","0","","1","0","0","","0","","","1","1","0","0","0","0","0","2","0","1","","","","N","","","","","","","","","",""
"2013020919","1847","1","0","0","0","0","0","0","0","0","4","0","","02","2","2013","2","40.454967","-79.945198","1836","11","0","0","0","0","0","0","0","0","2","0","0","0","","","1","","1","","40 27:17.882","3","0","79 56:42.711","8","0","0","0","2301","0","0","0","N","0","0","0","5","02301","0","","1.0","","9","N","N","","1","","0","0","0","","2","N","","2","1","1","0","0","1","0","2","0","2","","","","N","","","","","","","","","",""
"2013022148","1038","1","0","0","0","0","0","0","0","0","2","0","","02","2","2013","5","40.436541","-79.994376","1033","11","0","0","0","0","0","1","0","0","2","0","0","0","","","1","","3","","40 26:11.548","1","8","79 59:39.752","8","0","0","0","2301","0","0","0","N","0","0","0","3","02301","0","","7.0","","1","N","N","","1","","0","0","0","","2","N","","2","1","0","0","0","1","0","2","0","2","","","","N","","","","","","","","","",""
"2013023341","2240","0","0","0","0","0","0","0","0","0","1","0","","02","2","2013","7","40.444989","-79.851061","2226","11","0","0","0","0","0","0","0","0","1","0","0","0","","","1","","0","","40 26:41.960","3","0","79 51:03.818","3","0","0","1","2419","0","0","0","N","0","0","0","5","68B03","0","","1.0","","1","N","N","","0","","1","0","0","","0","N","","2","1","0","0","0","0","0","2","1","2","","","","N","","","","","","","","","",""
"2013022149","0817","1","0","0","0","0","0","0","0","0","1","0","","02","2","2013","5","40.350124","-80.112517","0810","11","0","0","0","0","0","0","0","0","1","0","0","0","","","0","","0","","40 21:00.447","2","0","80 06:45.061","0","0","0","0","2119","0","0","0","N","0","0","0","3","02119","0","","1.0","","1","N","N","","1","","0","0","1","","0","N","","3","0","0","0","0","0","0","2","0","3","","","","N","","","","","","","","","",""
"2013022631","1202","1","0","0","0","0","0","0","0","0","7","0","","02","2","2013","6","40.370834","-79.85493","1200","11","0","0","0","0","0","0","0","0","","0","0","0","","","1","","0","","40 22:15.002","","0","79 51:17.748","3","0","0","0","2303","0","0","0","N","0","0","0","2","02303","0","","5.0","","2","N","N","","0","","1","0","0","","0","","","1","1","0","0","0","0","0","2","0","1","","","","N","","","","","","","","","",""
"2013023342","0055","1","0","0","0","0","0","0","0","0","7","0","","02","2","2013","1","40.410578","-80.072688","0043","11","0","0","0","0","0","0","0","0","1","0","0","0","","","0","","0","","40 24:38.080","4","0","80 04:21.677","0","0","0","0","2117","0","0","0","N","0","0","0","1","68B03","0","","2.0","","1","N","N","","0","","0","0","0","","0","N","","1","0","0","0","0","0","0","2","0","1","","","","N","","","","","","","","","",""
"2013022016","1646","1","0","0","0","0","0","0","0","0","1","0","","02","1","2013","6","40.341841","-80.126648","1646","11","0","0","0","0","0","0","0","0","","0","0","0","","","0","","0","","40 20:30.629","","0","80 07:35.932","0","0","0","0","2119","0","0","0","N","0","0","0","2","68B03","0","","1.0","","1","N","N","","0","","0","0","0","","0","","","2","0","0","0","0","0","0","2","1","2","","","","N","","","","","","","","","",""
"2013023343","0352","1","0","0","0","0","0","0","0","0","7","0","","02","2","2013","1","40.445022","-79.850911","0350","11","0","0","0","0","0","0","0","0","","0","0","0","","","0","","0","","40 26:42.080","","0","79 51:03.281","0","0","0","0","2419","0","0","0","N","0","0","0","1","68B03","0","","3.0","","1","N","N","","0","","0","0","0","","0","","","1","0","0","0","0","0","0","2","0","1","","","","N","","","","","","","","","",""
"2013023074","1845","2","0","0","0","0","0","0","0","0","1","0","","02","2","2013","7","40.448174","-79.898193","1834","11","0","0","0","0","0","0","1","0","","0","0","0","","","1","","2","","40 26:53.425","","0","79 53:53.496","4","0","0","0","2301","0","0","0","N","0","0","0","2","02301","1","","1.0","","1","N","N","","0","","0","0","0","","2","","","2","1","0","0","0","0","0","2","0","2","","","","N","","","","","","","","","",""
"2013022017","1806","1","0","0","0","0","0","0","0","0","1","0","","02","1","2013","6","40.502833","-80.136546","1743","11","0","0","0","0","0","0","0","0","1","0","0","0","","","0","","6","","40 30:10.200","1","2","80 08:11.565","0","0","0","0","2115","0","0","0","N","0","0","0","2","68B03","0","","1.0","","1","N","N","","0","","0","0","1","","0","N","","2","0","0","0","0","0","0","2","0","2","","","","N","","","","","","","","","",""
"2013021544","2026","1","0","0","0","0","0","0","0","0","1","0","","02","2","2013","3","40.496839","-79.84438","2017","11","0","0","0","1","0","1","0","0","2","0","0","0","","","0","","2","","40 29:48.621","3","7","79 50:39.769","0","0","0","0","2113","0","0","0","N","0","0","0","2","02113","0","","1.0","","9","N","N","","0","","0","0","0","","2","N","","2","0","0","0","0","0","0","2","1","2","","","","N","","","","","","","","","",""
"2013022151","1134","1","0","0","0","0","0","0","0","0","7","0","","02","2","2013","5","40.486242","-79.913334","1130","11","0","0","0","0","0","0","0","0","2","0","0","0","","","0","","10","","40 29:10.470","4","3","79 54:48.001","9","0","0","0","2301","0","0","0","N","0","0","0","1","02301","0","","2.0","","9","N","N","","0","","0","0","0","","0","N","","1","0","0","0","0","0","1","2","0","1","","","","N","","","","","","","","","",""
"2013023344","1520","1","0","0","0","0","0","0","0","0","7","0","","02","2","2013","1","40.476127","-80.007577","1500","11","0","0","0","0","0","0","0","0","","0","0","0","","","0","","0","","40 28:34.057","","0","80 00:27.278","0","0","0","0","2301","0","0","0","N","0","0","0","1","68B03","0","","2.0","","1","N","N","","0","","0","0","0","","0","","","1","0","0","0","0","0","0","2","0","1","","","","N","","","","","","","","","",""
"2013020924","2019","1","0","0","0","0","0","0","0","0","6","0","","02","2","2013","1","40.388438","-79.909669","2019","11","0","0","0","0","0","1","0","0","1","0","0","0","","","0","","2","","40 23:18.376","5","0","79 54:34.808","0","0","0","0","2448","0","0","0","N","0","0","0","2","02448","0","","1.0","","1","N","N","","0","","0","0","1","","0","Y","","2","0","0","0","0","0","0","2","0","2","","","","N","","","","","","","","","",""
"2013022018","1355","0","0","0","0","0","0","0","0","0","1","1","","02","1","2013","2","40.539821","-80.272126","1345","11","0","0","0","0","0","1","0","0","2","0","1","0","","","1","","0","","40 32:23.354","4","0","80 16:19.652","4","0","0","0","2213","0","0","0","N","0","0","0","4","68B03","1","","1.0","","7","N","N","","0","","0","0","1","","0","N","","2","1","0","0","0","0","0","1","0","2","","","","N","","","","","","","","","",""
"2013022152","1114","1","0","0","0","0","0","0","0","0","8","0","","02","2","2013","5","40.337403","-79.808701","1114","11","0","0","0","0","0","0","0","0","","0","0","0","","","1","","0","","40 20:14.652","","7","79 48:31.323","8","0","0","0","2477","1","0","0","N","1","0","0","4","02477","0","","6.0","","1","N","N","","0","","0","0","0","","0","","","2","1","0","0","0","1","0","2","0","1","","","","N","","","","","","","","","",""
"2013023188","1445","2","0","0","0","0","0","0","0","0","1","0","20","02","2","2013","6","40.345031","-79.885475","1444","11","0","0","0","0","0","0","0","0","1","0","0","0","","","0","","0","","40 20:42.110","2","3","79 53:07.710","0","0","0","0","2304","0","0","0","N","0","0","0","3","02304","0","","1.0","","1","N","N","","1","","0","0","0","","2","N","","3","0","0","0","0","0","0","2","0","3","","","N","Y","2","1","","","N","Y","","","",""
"2013022019","1411","1","0","0","0","0","0","0","0","0","7","1","","02","1","2013","2","40.540164","-80.272124","1405","11","0","0","0","0","0","1","1","0","2","0","1","0","","","0","","0","","40 32:24.591","4","0","80 16:19.648","0","0","0","0","2213","0","0","0","Y","0","0","0","2","68B03","0","","2.0","","7","N","N","","0","","0","0","0","","0","N","","2","0","0","0","0","0","0","1","0","2","","","","N","","","","","","","","","",""
"2013022650","1243","0","0","0","0","0","0","0","0","0","7","0","","02","2","2013","6","40.38015","-79.827647","1240","11","0","0","0","0","0","0","0","1","","0","0","0","","","0","","0","","40 22:48.540","","0","79 49:39.530","0","0","0","0","2111","0","0","0","N","0","0","0","1","02111","0","","5.0","","2","N","N","","0","","0","0","1","","0","","","1","0","1","0","0","0","0","2","0","1","","","","N","","","","","","","","","",""
"2013023077","2031","0","0","0","0","0","0","0","0","0","0","0","","02","2","2013","5","40.580437","-79.964592","2027","11","0","0","0","0","0","0","0","0","2","0","0","0","","","0","","0","","40 34:49.573","6","0","79 57:52.532","0","0","0","0","2207","0","0","0","N","0","0","0","2","02207","0","","1.0","","2","N","N","","0","","0","0","1","","0","Y","","1","0","0","0","0","0","0","2","0","1","","","","N","","","","","","","","","",""
"2013021682","1858","1","0","0","0","0","0","0","0","0","8","0","","02","2","2013","3","40.295445","-79.879344","1855","11","0","0","0","0","0","0","0","0","1","0","0","0","","","1","","2","","40 17:43.602","3","0","79 52:45.638","3","0","0","0","2302","1","0","0","N","1","0","0","2","02302","0","","1.0","","1","N","N","","0","","1","0","0","","0","N","","2","1","0","0","0","0","0","2","0","1","","","","N","","","","","","","","","",""
"2013022020","1746","2","0","0","0","0","0","0","0","0","1","0","","02","1","2013","6","","","1735","11","0","0","0","0","0","1","0","0","2","0","0","0","","","1","","0","","","2","3","","4","0","0","0","2301","0","0","0","N","0","0","0","3","68B03","1","","1.0","","7","N","N","","0","","0","0","1","","0","N","","3","1","0","0","0","0","0","1","0","3","","","","N","","","","","","","","","",""
"2013022509","2150","0","0","1","0","0","0","0","0","0","7","0","","02","2","2013","5","40.34423","-79.972063","2148","11","0","0","0","0","0","0","0","0","","0","0","0","","","1","","2","","40 20:39.229","","0","79 58:19.426","2","0","0","0","2403","0","0","0","N","0","0","0","1","02403","0","","4.0","","1","N","N","","0","","0","1","1","","2","","","1","1","0","0","0","0","0","2","0","1","","","","N","","","","","","","","","",""
"2013023190","0537","1","0","0","0","0","0","0","0","0","7","0","","02","2","2013","7","40.45149","-80.205972","0529","11","0","0","0","0","1","0","0","0","2","0","0","0","","","1","","0","","40 27:05.364","1","3","80 12:21.500","4","0","0","0","2214","0","0","0","N","0","0","0","2","02214","1","","5.0","","1","Y","Y","","0","","0","0","0","","0","N","","1","1","1","0","0","0","0","2","0","1","","","","N","","","","","","","","","",""
"2013021683","1715","1","0","0","0","0","0","0","0","0","1","0","","02","2","2013","2","40.650148","-80.094186","1708","11","0","0","0","0","0","2","0","0","","0","0","0","","","0","","2","","40 39:00.532","","2","80 05:39.069","0","0","0","0","2212","0","0","0","N","0","0","0","2","02505","0","","7.0","","1","N","N","","1","","0","0","0","","2","","","2","0","0","0","0","0","0","2","0","2","","","","N","","","","","","","","","",""
"2013022021","1946","1","0","0","0","0","0","0","0","0","7","0","","02","1","2013","6","40.574604","-80.092991","1931","11","0","0","0","0","1","0","0","0","","0","0","0","","","0","","0","","40 34:28.575","","3","80 05:34.766","0","0","0","0","2215","0","0","0","N","0","0","0","1","68B03","0","","2.0","","7","N","N","","0","","0","0","0","","0","","","1","0","0","0","0","0","0","2","0","1","","","","N","","","","","","","","","",""
"2013022022","1321","1","0","0","0","0","0","0","0","0","7","0","","02","1","2013","1","40.431791","-80.024473","1321","11","0","0","0","0","0","0","0","0","1","0","0","0","","","0","","0","","40 25:54.446","3","4","80 01:28.102","0","0","0","0","2301","0","0","0","N","0","0","0","1","68B03","0","","2.0","","1","N","N","","0","","0","0","0","","0","Y","","1","0","0","0","0","0","0","2","0","1","","","","N","","","","","","","","","",""
"2013022640","1204","0","0","0","0","0","0","0","0","0","7","0","","02","2","2013","6","40.474026","-79.904429","1155","11","0","0","0","0","0","0","0","0","","0","0","0","","","0","","10","","40 28:26.493","","0","79 54:15.944","0","0","0","0","2301","0","0","0","N","0","0","0","1","02301","0","","4.0","","2","N","N","","0","","0","0","0","","0","","","1","0","0","0","0","0","0","2","1","1","","","","N","","","","","","","","","",""
"2013022654","1138","1","0","0","0","0","0","0","0","0","0","0","","02","2","2013","6","40.397356","-79.841225","1138","11","0","0","0","0","0","1","1","0","1","0","0","0","","","0","","1","","40 23:50.482","4","0","79 50:28.409","0","0","0","0","2425","0","0","0","N","0","0","0","2","02425","0","","5.0","","2","N","N","","0","","0","0","1","","3","N","","2","0","0","0","0","0","0","2","0","2","","","","N","","","","","","","","","",""
"2013021751","1208","1","0","0","0","0","0","0","0","0","4","1","","02","2","2013","4","40.405736","-79.823572","1206","11","0","0","0","0","0","1","0","1","","0","1","0","","","0","","1","","40 24:20.648","","0","79 49:24.860","9","0","0","0","2467","0","0","0","N","0","0","0","2","02467","0","","1.0","","1","N","N","","0","","0","0","0","","2","","","2","0","0","0","0","0","2","2","0","2","","","","N","","","","","","","","","",""
"2013022023","2145","0","0","0","0","0","0","0","0","0","7","0","","02","2","2013","2","40.441223","-79.858312","2122","11","0","0","0","0","0","0","0","0","","0","0","0","","","2","","0","","40 26:28.402","","0","79 51:29.923","8","0","0","0","2419","0","0","0","N","0","0","0","2","68B03","0","","4.0","","6","N","N","","0","","0","0","1","","0","","","1","2","0","0","0","2","0","2","0","1","","","","N","","","","","","","","","",""
"2013023193","1535","1","0","0","0","0","0","0","0","0","4","0","","02","2","2013","1","40.45208","-79.930982","1528","11","0","0","0","0","0","1","0","0","2","0","0","0","","","2","","1","","40 27:07.488","7","0","79 55:51.535","8","0","0","0","2301","0","0","0","N","0","0","0","2","02301","0","","1.0","","1","N","N","","0","","0","0","1","","2","N","","2","2","1","0","0","2","0","2","0","2","","","","N","","","","","","","","","",""
"2013023081","1936","1","0","0","0","0","0","0","0","0","4","0","","02","2","2013","7","40.438892","-79.934087","1932","11","0","0","0","0","0","1","0","0","","0","0","0","","","0","","1","","40 26:20.011","","0","79 56:02.713","0","0","0","0","2301","0","0","0","N","0","0","0","3","02301","0","","1.0","","1","N","N","","0","","0","0","1","","0","","","2","0","0","0","0","0","0","2","0","2","","","","N","","","","","","","","","",""
"2013021767","1532","0","0","0","0","0","0","0","0","0","2","0","","02","2","2013","4","40.487502","-79.882923","1530","11","0","1","0","0","0","0","0","0","9","0","0","0","","","1","","1","","40 29:15.007","3","0","79 52:58.523","4","0","0","0","2112","0","0","0","N","0","0","0","3","02112","1","","1.0","","1","N","N","","0","","0","0","1","","2","N","","2","1","0","0","0","0","0","2","1","2","","","","N","","","","","","","","","",""
"2013021830","0155","0","0","0","0","0","0","0","0","0","7","0","","02","2","2013","2","40.4287","-79.938667","0155","11","0","0","0","0","0","0","0","0","","0","0","0","","","0","","0","","40 25:43.320","","0","79 56:19.202","0","0","0","0","2301","0","0","0","N","0","0","0","1","68B03","0","","4.0","","9","N","N","","0","","0","0","1","","0","","","1","0","0","0","0","0","0","2","0","1","","","","N","","","","","","","","","",""
"2013000562","1537","0","0","0","0","0","0","0","0","0","1","0","","02","1","2013","4","40.384989","-79.994969","1525","11","0","0","0","0","0","1","0","0","1","0","0","0","","","0","","2","","40 23:05.961","1","0","79 59:41.890","0","0","0","0","2301","0","0","0","N","0","0","0","2","02301","0","","1.0","","1","N","N","","0","","0","0","2","","2","N","","2","0","0","0","0","0","0","2","0","2","","","","N","","","","","","","","","",""
"2013021768","1515","2","0","0","0","0","0","0","0","0","4","0","","02","2","2013","4","40.452538","-79.981143","1508","11","0","0","0","0","0","1","0","0","2","0","0","0","","","0","","1","","40 27:09.136","3","0","79 58:52.114","0","0","0","0","2301","0","0","0","N","0","0","0","3","02301","0","","1.0","","1","N","N","","0","","0","0","0","","0","Y","","2","0","0","0","0","0","0","2","0","2","","","","N","","","","","","","","","",""
"2013021831","0125","1","0","0","0","0","0","0","0","0","7","0","45","02","2","2013","1","40.426708","-79.91803","0045","11","0","0","0","0","0","0","0","0","1","0","0","0","","","0","","0","","40 25:36.150","3","0","79 55:04.908","0","0","0","0","2301","0","0","0","N","0","0","0","1","68B03","0","","3.0","","9","N","N","","0","","0","0","0","","8","N","","1","0","0","0","0","0","0","2","0","1","","","Y","Y","5","1","N","N","N","Y","N","N","N",""
"2013022862","2336","1","0","0","0","0","0","0","0","0","6","0","","02","2","2013","6","40.429548","-80.007443","2331","11","0","0","0","0","0","0","0","0","","0","0","0","","","0","","0","","40 25:46.371","","0","80 00:26.793","9","0","0","0","2301","0","0","0","N","0","0","0","1","02301","0","","6.0","","1","N","N","","1","","0","0","0","","0","","","2","0","0","0","0","0","1","2","0","2","","","","N","","","","","","","","","",""
"2013000563","1608","0","0","0","0","0","0","1","0","0","8","1","","02","1","2013","4","40.465466","-79.946427","1602","11","0","0","0","0","0","0","0","0","","0","0","0","","","1","","1","","40 27:55.677","","0","79 56:47.137","8","0","0","0","2301","1","0","0","N","1","0","0","25","02301","0","","1.0","","1","Y","N","","0","","0","0","0","","2","","","2","1","0","0","0","1","0","2","0","1","","","","N","","","","","","","","","",""
"2013021832","0148","0","0","0","0","0","0","0","0","0","7","0","","02","2","2013","1","40.430161","-79.882106","0045","11","0","0","0","0","0","0","0","0","","0","0","0","","","0","","0","","40 25:48.579","","0","79 52:55.582","0","0","0","0","2426","0","0","0","N","0","0","0","1","68B03","0","","4.0","","7","N","N","","0","","0","0","1","","0","","","1","0","0","0","0","0","0","2","0","1","","","","N","","","","","","","","","",""
"2013002754","1640","1","0","0","0","0","0","0","0","0","1","0","","02","1","2013","2","40.514508","-80.007028","1632","11","0","0","0","0","0","1","0","0","","0","0","0","","","0","","0","","40 30:52.228","","0","80 00:25.299","0","0","0","0","2116","0","0","0","N","0","0","0","2","02116","0","","1.0","","1","N","N","","1","","0","0","0","","0","","","2","0","0","0","0","0","0","2","0","2","","","","N","","","","","","","","","",""
"2013021833","0230","1","0","0","0","0","0","0","0","0","7","0","","02","2","2013","1","40.372558","-80.106918","0210","11","0","0","0","0","0","0","0","0","","0","0","0","","","0","","0","","40 22:21.209","","0","80 06:24.904","0","0","0","0","2102","0","0","0","N","0","0","0","1","68B03","0","","2.0","","9","N","N","","0","","0","0","0","","0","","","1","0","0","0","0","0","0","2","0","1","","","","N","","","","","","","","","",""
"2013002674","0815","0","0","0","0","0","0","0","0","0","4","0","","02","1","2013","3","40.375541","-79.910332","0804","11","0","0","0","0","1","0","0","0","1","0","0","0","","","0","","2","","40 22:31.947","2","0","79 54:37.195","0","0","0","0","2301","0","0","0","N","0","0","0","2","02301","0","","1.0","","2","N","N","","1","","0","0","1","","3","N","","2","0","0","0","0","0","0","2","0","2","","","","N","","","","","","","","","",""