"CRN","ARRIVAL_TM","AUTOMOBILE_COUNT","BELTED_DEATH_COUNT","BELTED_SUSP_SERIOUS_INJ_COUNT","BICYCLE_COUNT","BICYCLE_DEATH_COUNT","BICYCLE_SUSP_SERIOUS_INJ_COUNT","BUS_COUNT","CHLDPAS_DEATH_COUNT","CHLDPAS_SUSP_SERIOUS_INJ_COUNT","COLLISION_TYPE","COMM_VEH_COUNT","CONS_ZONE_SPD_LIM","COUNTY","CRASH_MONTH","CRASH_YEAR","DAY_OF_WEEK","DEC_LATITUDE","DEC_LONGITUDE","DISPATCH_TM","DISTRICT","DRIVER_COUNT_16YR","DRIVER_COUNT_17YR","DRIVER_COUNT_18YR","DRIVER_COUNT_19YR","DRIVER_COUNT_20YR","DRIVER_COUNT_50_64YR","DRIVER_COUNT_65_74YR","DRIVER_COUNT_75PLUS","EST_HRS_CLOSED","FATAL_COUNT","HEAVY_TRUCK_COUNT","HORSE_BUGGY_COUNT","HOUR_OF_DAY","ILLUMINATION","INJURY_COUNT","INTERSECTION_RELATED","INTERSECT_TYPE","LANE_CLOSED","LATITUDE","LN_CLOSE_DIR","LOCATION_TYPE","LONGITUDE","MAX_SEVERITY_LEVEL","MCYCLE_DEATH_COUNT","MCYCLE_SUSP_SERIOUS_INJ_COUNT","MOTORCYCLE_COUNT","MUNICIPALITY","NONMOTR_COUNT","NONMOTR_DEATH_COUNT","NONMOTR_SUSP_SERIOUS_INJ_COUNT","NTFY_HIWY_MAINT","PED_COUNT","PED_DEATH_COUNT","PED_SUSP_SERIOUS_INJ_COUNT","PERSON_COUNT","POLICE_AGCY","POSSIBLE_INJ_COUNT","RDWY_SURF_TYPE_CD","RELATION_TO_ROAD","ROADWAY_CLEARED","ROAD_CONDITION","SCH_BUS_IND","SCH_ZONE_IND","SECONDARY_CRASH","SMALL_TRUCK_COUNT","SPEC_JURIS_CD","SUSP_MINOR_INJ_COUNT","SUSP_SERIOUS_INJ_COUNT","SUV_COUNT","TCD_FUNC_CD","TCD_TYPE","TFC_DETOUR_IND","TIME_OF_DAY","TOTAL_UNITS","TOT_INJ_COUNT","UNBELTED_OCC_COUNT","UNB_DEATH_COUNT","UNB_SUSP_SERIOUS_INJ_COUNT","UNK_INJ_DEG_COUNT","UNK_INJ_PER_COUNT","URBAN_RURAL","VAN_COUNT","VEHICLE_COUNT","WEATHER1","WEATHER2","WORKERS_PRES","WORK_ZONE_IND","WORK_ZONE_LOC","WORK_ZONE_TYPE","WZ_CLOSE_DETOUR","WZ_FLAGGER","WZ_LAW_OFFCR_IND","WZ_LN_CLOSURE","WZ_MOVING","WZ_OTHER","WZ_SHLDER_MDN","WZ_WORKERS_INJ_KILLED"
"2013002196","0745","2","0","0","0","0","0","0","0","0","4","0","","02","1","2013","2","40.500278","-79.865577","0740","11","0","0","0","0","0","0","0","0","","0","0","0","","","1","","2","","40 30:01.000","","0","79 51:56.077","8","0","0","0","2112","0","0","0","N","0","0","0","2","02112","0","","1.0","","1","N","N","","0","","0","0","0","","8","","","2","1","1","0","0","1","0","2","0","2","","","","N","","","","","","","","","",""
"2013001464","1546","2","0","0","0","0","0","0","0","0","1","0","","02","1","2013","6","","","1544","11","0","0","0","0","0","1","0","0","","0","0","0","","","0","","0","","","","3","","0","0","0","0","2475","0","0","0","","0","0","0","3","02475","0","","1.0","","1","","","","1","","0","0","0","","2","","","3","0","0","0","0","0","0","1","0","3","","","","N","","","","","","","","","",""
"2013000918","0800","1","0","0","0","0","0","0","0","0","5","1","","02","1","2013","5","40.448809","-79.987534","0750","11","0","0","0","0","0","0","0","0","","0","1","0","","","0","","1","","40 26:55.712","","0","79 59:15.122","0","0","0","0","2301","0","0","0","N","0","0","0","3","02301","0","","1.0","","1","N","N","","0","","0","0","0","","2","","","2","0","0","0","0","0","0","2","0","2","","","","N","","","","","","","","","",""
"2013002198","1450","1","0","0","0","0","0","0","0","0","8","0","","02","1","2013","1","40.468672","-79.962301","1436","11","0","1","0","0","0","0","0","0","1","0","0","0","","","1","","1","","40 28:07.220","2","0","79 57:44.282","4","0","0","0","2301","1","0","0","N","1","0","0","2","02301","1","","1.0","","1","Y","N","","0","","0","0","0","","2","N","","2","1","0","0","0","0","0","2","0","1","","","","N","","","","","","","","","",""
"2013001593","1650","1","0","0","0","0","0","0","0","0","7","0","","02","1","2013","6","40.42474","-80.018654","1646","11","0","0","0","0","0","0","0","0","","0","0","0","","","0","","0","","40 25:29.064","","0","80 01:07.153","0","0","0","0","2301","0","0","0","N","0","0","0","1","02301","0","","3.0","","1","N","N","","0","","0","0","0","","0","","","1","0","1","0","0","0","0","2","0","1","","","","N","","","","","","","","","",""
"2013008060","1511","0","0","0","0","0","0","1","0","0","4","1","","02","1","2013","5","40.437655","-79.770029","1510","11","0","0","0","0","0","1","0","0","1","0","0","0","","","0","","0","","40 26:15.558","1","7","79 46:12.104","0","0","0","0","2446","0","0","0","N","0","0","0","2","02446","0","","1.0","","1","Y","N","","0","","0","0","1","","3","N","","2","0","0","0","0","0","0","2","0","2","","","","N","","","","","","","","","",""
"2013007181","0755","0","0","0","0","0","0","0","0","0","4","0","","02","1","2013","5","40.3465","-79.953256","0752","11","0","1","0","0","0","0","0","0","","0","0","0","","","0","","0","","40 20:47.400","","0","79 57:11.720","0","0","0","0","2473","0","0","0","N","0","0","0","1","02473","0","","5.0","","1","N","N","","1","","0","0","1","","0","","","2","0","0","0","0","0","0","2","0","2","","","","N","","","","","","","","","",""
"2013001755","1715","1","0","0","0","0","0","0","0","0","8","0","","02","1","2013","5","40.409603","-80.083338","1713","11","0","0","0","0","0","0","0","0","","0","0","0","","","1","","0","","40 24:34.571","","0","80 05:00.015","3","0","0","0","2415","1","0","0","N","1","0","0","2","02415","0","","1.0","","1","N","N","","0","","1","0","0","","0","","","2","1","0","0","0","0","1","2","0","1","","","","N","","","","","","","","","",""
"2013008818","1056","2","0","0","0","0","0","0","0","0","2","0","","02","1","2013","4","40.30395","-79.820518","1050","11","0","0","0","0","1","1","0","0","3","0","0","0","","","4","","0","","40 18:14.220","5","0","79 49:13.865","8","0","0","0","2105","0","0","0","N","0","0","0","4","02105","0","","1.0","","9","N","N","","0","","0","0","0","","0","Y","","2","4","0","0","0","4","0","2","0","2","","","","N","","","","","","","","","",""
"2013002494","1950","1","0","0","0","0","0","0","0","0","1","0","","02","1","2013","2","40.480714","-79.945095","1944","11","0","0","0","0","0","0","0","1","1","0","0","0","","","0","","0","","40 28:50.570","6","0","79 56:42.342","0","0","0","0","2301","0","0","0","N","0","0","0","1","02301","0","","1.0","","2","N","N","","0","","0","0","1","","0","N","","2","0","0","0","0","0","0","2","0","2","","","","N","","","","","","","","","",""
"2013001820","1822","2","0","0","0","0","0","0","0","0","1","0","","02","1","2013","7","40.447949","-80.2447","1822","11","0","0","0","0","1","1","0","0","","0","0","0","","","3","","2","","40 26:52.617","","0","80 14:40.921","3","0","0","0","2214","0","0","0","N","0","0","0","3","02214","2","","1.0","","1","N","N","","0","","1","0","0","","0","","","2","3","0","0","0","0","0","2","0","2","","","","N","","","","","","","","","",""
"2013001821","1721","1","0","0","0","0","0","0","0","0","7","0","","02","1","2013","7","40.400064","-79.937626","1718","11","0","0","0","0","0","0","0","0","1","0","0","0","","","1","","10","","40 24:00.230","2","3","79 56:15.453","8","0","0","0","2301","0","0","0","N","0","0","0","4","02301","0","","3.0","","1","N","N","","0","","0","0","1","","0","Y","","2","1","0","0","0","1","3","2","0","2","","","","N","","","","","","","","","",""
"2013001758","1645","1","0","0","0","0","0","0","0","0","1","0","","02","1","2013","6","40.466776","-79.837276","1645","11","0","0","0","0","0","0","1","0","","0","0","0","","","1","","0","","40 28:00.392","","0","79 50:14.192","4","0","0","0","2113","0","0","0","N","0","0","0","2","02113","1","","1.0","","1","N","N","","0","","0","0","1","","0","","","2","1","0","0","0","0","0","2","0","2","","","","N","","","","","","","","","",""
"2013008755","0930","2","0","0","0","0","0","0","0","0","4","0","","02","1","2013","3","40.459738","-79.907173","0930","11","0","0","0","0","0","0","0","0","1","0","0","0","","","1","","3","","40 27:35.058","2","0","79 54:25.822","8","0","0","0","2301","0","0","0","N","0","0","0","4","02301","0","","1.0","","1","N","N","","0","","0","0","0","","3","N","","2","1","0","0","0","1","0","2","0","2","","","","N","","","","","","","","","",""
"2013008619","1818","2","0","0","0","0","0","0","0","0","4","0","","02","1","2013","3","40.465701","-80.207507","1814","11","0","0","0","0","0","1","0","0","2","0","0","0","","","0","","2","","40 27:56.523","3","0","80 12:27.025","0","0","0","0","2203","0","0","0","N","0","0","0","5","02203","0","","1.0","","1","N","N","","0","","0","0","0","","3","N","","2","0","0","0","0","0","0","2","0","2","","","","N","","","","","","","","","",""
"2013007198","1510","1","0","0","0","0","0","0","0","0","0","0","","02","1","2013","3","40.560357","-79.842269","1505","11","0","0","0","0","0","0","0","0","","0","0","0","","","0","","0","","40 33:37.286","","0","79 50:32.168","0","0","0","0","2208","0","0","0","N","0","0","0","3","02208","0","","2.0","","1","N","N","","0","","0","0","0","","0","","","2","0","1","0","0","0","0","1","1","2","","","","N","","","","","","","","","",""
"2013008066","1710","1","0","0","0","0","0","0","0","0","7","0","","02","1","2013","2","40.647783","-80.123903","1705","11","0","0","0","0","0","0","0","0","1","0","0","0","","","0","","0","","40 38:52.020","4","0","80 07:26.050","0","0","0","0","2212","0","0","0","N","0","0","0","1","02505","0","","2.0","","7","N","N","","0","","0","0","0","","0","N","","1","0","0","0","0","0","0","1","0","1","","","","N","","","","","","","","","",""
"2013008067","1550","1","0","0","0","0","0","0","0","0","4","1","","02","1","2013","2","40.260574","-79.849954","1546","11","0","0","0","0","0","1","0","0","2","0","1","0","","","0","","2","","40 15:38.066","1","0","79 50:59.834","0","0","0","0","2105","0","0","0","N","0","0","0","2","02105","0","","1.0","","1","N","N","","0","","0","0","0","","3","N","","2","0","0","0","0","0","0","1","0","2","","","","N","","","","","","","","","",""
"2013002500","1953","0","0","0","0","0","0","0","0","0","7","0","","02","1","2013","2","40.447314","-79.895014","1953","11","0","0","0","0","1","0","0","0","","0","0","0","","","0","","0","","40 26:50.330","","0","79 53:42.050","0","0","0","0","2301","0","0","0","N","0","0","0","2","02301","0","","2.0","","2","N","N","","1","","0","0","0","","0","","","1","0","0","0","0","0","0","2","0","1","","","","N","","","","","","","","","",""
"2013007189","1049","1","0","0","0","0","0","0","0","0","7","0","","02","1","2013","6","40.441327","-80.004933","1041","11","0","0","0","0","0","0","0","1","3","1","0","0","","","0","","0","","40 26:28.777","3","0","80 00:17.758","1","0","0","0","2301","0","0","0","N","0","0","0","1","02301","0","2","4.0","","1","N","N","","0","0","0","0","0","","0","Y","","1","0","0","0","0","0","0","2","0","1","","","","N","","","","","","","","","",""
"2013007985","1333","0","0","0","0","0","0","0","0","0","1","0","","02","1","2013","1","40.595642","-79.754048","1327","11","0","0","0","0","0","2","0","0","1","0","0","0","","","0","","0","","40 35:44.311","2","0","79 45:14.574","9","0","0","0","2464","0","0","0","N","0","0","0","5","64305","0","","1.0","","1","N","N","","2","","0","0","1","","2","N","","3","0","0","0","0","0","1","2","0","3","","","","N","","","","","","","","","",""
"2013008068","1540","1","0","0","0","0","0","0","0","0","7","0","","02","1","2013","2","40.35409","-79.978613","1537","11","0","0","0","0","0","0","0","0","1","0","0","0","","","0","","0","","40 21:14.724","1","0","79 58:43.007","0","0","0","0","2476","0","0","0","N","0","0","0","1","02476","0","","1.0","","9","N","N","","0","","0","0","0","","0","N","","1","0","0","0","0","0","0","2","0","1","","","","N","","","","","","","","","",""
"2013006441","1857","1","0","0","0","0","0","0","0","0","1","0","","02","1","2013","4","40.501792","-80.073339","1845","11","0","0","0","0","0","0","0","0","","0","0","0","","","0","","0","","40 30:06.450","","0","80 04:24.020","0","0","0","0","2402","0","0","0","","0","0","0","1","02402","0","","1.0","","1","","","","0","","0","0","0","","0","","","2","0","0","0","0","0","0","2","1","2","","","","N","","","","","","","","","",""
"2013008069","1730","1","0","0","0","0","0","0","0","0","2","0","","02","1","2013","2","40.424803","-80.042649","1730","11","0","0","0","0","0","1","0","0","","0","0","0","","","2","","2","","40 25:29.291","","0","80 02:33.538","4","0","0","0","2435","0","0","0","N","0","0","0","4","02435","2","","1.0","","9","N","N","","0","","0","0","1","","2","","","2","2","2","0","0","0","0","2","0","2","","","","N","","","","","","","","","",""
"2013001827","1933","1","0","0","0","0","0","0","0","0","2","0","","02","1","2013","7","40.527713","-80.001116","1929","11","0","0","0","0","0","0","0","0","","0","0","0","","","0","","0","","40 31:39.766","","0","80 00:04.017","0","0","0","0","2116","0","0","0","N","0","0","0","0","02116","0","","4.0","","1","N","N","","0","","0","0","0","","0","","","2","0","0","0","0","0","0","2","1","2","","","","N","","","","","","","","","",""
"2013008072","1021","1","0","0","0","0","0","0","0","0","4","0","","02","1","2013","7","40.561824","-80.039327","1015","11","0","0","0","0","0","1","0","1","","0","0","0","","","0","","0","","40 33:42.568","","0","80 02:21.578","0","0","0","0","2108","0","0","0","N","0","0","0","3","02108","0","","1.0","","1","N","N","","0","","0","0","1","","0","","","2","0","0","0","0","0","0","2","0","2","","","","N","","","","","","","","","",""
"2013001843","2039","0","0","0","0","0","0","0","0","0","7","0","","02","1","2013","7","40.435268","-80.050661","2039","11","0","0","0","0","0","0","0","0","1","0","0","0","","","1","","0","","40 26:06.965","2","0","80 03:02.379","4","0","0","0","2301","0","0","0","N","0","0","0","1","02301","1","","2.0","","1","N","N","","1","","0","0","0","","0","N","","1","1","0","0","0","0","0","2","0","1","","","","N","","","","","","","","","",""
"2013007207","0930","0","0","0","0","0","0","0","0","0","5","0","","02","1","2013","6","40.418008","-80.045479","0930","11","0","0","0","0","0","1","0","0","","0","0","0","","","0","","0","","40 25:04.830","","0","80 02:43.723","0","0","0","0","2435","0","0","0","N","0","0","0","2","02435","0","","1.0","","1","N","N","","0","","0","0","2","","0","","","2","0","0","0","0","0","0","2","0","2","","","","N","","","","","","","","","",""
"2013008073","1236","0","0","0","0","0","0","0","0","0","4","0","","02","1","2013","6","40.445396","-80.150767","1236","11","0","0","0","0","0","0","0","0","","0","0","0","","","0","","0","","40 26:43.424","","0","80 09:02.762","0","0","0","0","2115","0","0","0","N","0","0","0","2","02115","0","","1.0","","1","N","N","","0","","0","0","2","","0","","","2","0","0","0","0","0","0","2","0","2","","","","N","","","","","","","","","",""
"2013008074","1735","1","0","0","0","0","0","0","0","0","4","0","","02","1","2013","7","40.449855","-80.163051","1735","11","0","0","0","0","0","0","0","0","1","0","0","0","","","0","","1","","40 26:59.478","7","0","80 09:46.983","0","0","0","0","2115","0","0","0","N","0","0","0","2","02115","0","","1.0","","1","N","N","","0","","0","0","1","","2","N","","2","0","0","0","0","0","0","2","0","2","","","","N","","","","","","","","","",""
"2013000332","0147","0","0","0","0","0","0","0","0","0","7","0","","02","1","2013","3","40.486046","-79.77081","0142","11","0","0","0","0","0","0","0","0","","0","0","0","","","1","","0","","40 29:09.765","","0","79 46:14.916","4","0","0","0","2466","0","0","0","N","0","0","0","2","02466","1","","2.0","","1","N","N","","0","","0","0","0","","0","","","1","1","0","0","0","0","0","2","1","1","","","","N","","","","","","","","","",""
"2013007209","1400","1","0","0","0","0","0","0","0","0","1","0","","02","1","2013","6","40.451857","-80.041458","1351","11","0","0","0","0","0","0","0","0","1","0","0","0","","","1","","0","","40 27:06.685","2","0","80 02:29.248","8","0","0","0","2301","0","0","0","N","0","0","0","3","02301","0","","1.0","","1","N","N","","1","","0","0","0","","0","N","","2","1","0","0","0","1","0","2","0","2","","","","N","","","","","","","","","",""
"2013006602","1013","1","0","0","0","0","0","0","0","0","6","0","","02","1","2013","5","40.443204","-80.000338","1012","11","0","0","0","0","0","0","0","0","","0","0","0","","","0","","1","","40 26:35.534","","0","80 00:01.216","0","0","0","0","2301","0","0","0","N","0","0","0","3","02301","0","","1.0","","1","N","N","","1","","0","0","0","","2","","","2","0","0","0","0","0","0","2","0","2","","","","N","","","","","","","","","",""
"2013007935","1652","4","0","0","0","0","0","0","0","0","1","0","","02","1","2013","1","40.43178","-80.024492","1635","11","1","0","0","0","0","0","1","0","","0","0","0","","","0","","0","","40 25:54.409","","0","80 01:28.170","0","0","0","0","2301","0","0","0","N","0","0","0","16","68B03","0","","1.0","","1","N","N","","0","","0","0","1","","0","","","5","0","0","0","0","0","0","2","0","5","","","","N","","","","","","","","","",""
"2013007936","2150","1","0","0","0","0","0","0","0","0","1","0","","02","1","2013","4","40.420264","-80.049854","2143","11","0","0","0","0","0","1","0","0","2","0","0","0","","","2","","0","","40 25:12.949","3","0","80 02:59.473","8","0","0","0","2435","0","0","0","Y","0","0","0","2","68B03","0","","1.0","","1","N","N","","0","","0","0","1","","0","N","","2","2","0","0","0","2","0","2","0","2","","","","N","","","","","","","","","",""
"2013007937","1512","0","0","0","0","0","0","0","0","0","1","0","","02","1","2013","5","40.428096","-79.948489","1439","11","0","0","0","0","0","1","0","0","","0","0","0","","","0","","0","","40 25:41.144","","3","79 56:54.560","0","0","0","0","2301","0","0","0","N","0","0","0","2","68B03","0","","1.0","","1","N","N","","1","","0","0","1","","0","","","2","0","0","0","0","0","0","2","0","2","","","","N","","","","","","","","","",""
"2013006592","1410","0","0","0","0","0","0","0","0","0","7","0","","02","1","2013","4","40.39983","-79.997832","1404","11","0","0","0","0","0","0","0","1","","0","0","0","","","0","","0","","40 23:59.388","","0","79 59:52.195","0","0","0","0","2301","0","0","0","N","0","0","0","2","02301","0","","4.0","","9","N","N","","1","","0","0","0","","0","","","1","0","0","0","0","0","0","2","0","1","","","","N","","","","","","","","","",""
"2013002514","2320","1","0","0","0","0","0","0","0","0","99","0","","02","1","2013","4","40.367913","-79.779732","2316","11","0","0","0","0","0","1","0","0","1","0","0","0","","","0","","0","","40 22:04.487","4","0","79 46:47.034","0","0","0","0","2111","0","0","0","N","0","0","0","1","02111","0","","1.0","","1","N","N","","0","","0","0","0","","0","N","","1","0","0","0","0","0","0","2","0","1","","","","N","","","","","","","","","",""
"2013001021","1610","1","0","0","0","0","0","0","0","0","1","0","","02","1","2013","5","40.458104","-79.875912","1602","11","0","0","0","0","0","2","0","0","2","0","0","0","","","1","","2","","40 27:29.175","3","0","79 52:33.283","8","0","0","0","2301","0","0","0","N","0","0","0","2","02301","0","","1.0","","2","N","N","","0","","0","0","0","","0","N","","2","1","2","0","0","1","0","2","1","2","","","","N","","","","","","","","","",""
"2013007938","1620","1","0","0","0","0","0","0","0","0","1","0","","02","1","2013","5","40.427656","-79.924419","1610","11","0","0","0","0","0","0","0","0","","0","0","0","","","1","","0","","40 25:39.561","","4","79 55:27.907","8","0","0","0","2301","0","0","0","Y","0","0","0","2","68B03","0","","1.0","","1","N","N","","0","","0","0","1","","0","","","2","1","0","0","0","1","0","2","0","2","","","","N","","","","","","","","","",""
"2013006466","0040","2","0","0","0","0","0","0","0","0","2","0","","02","1","2013","3","40.451446","-79.920281","0030","11","0","0","0","0","0","0","0","0","1","0","0","0","","","0","","0","","40 27:05.206","3","0","79 55:13.013","0","0","0","0","2301","0","0","0","N","0","0","0","1","02301","0","","1.0","","2","N","N","","0","","0","0","0","","0","N","","2","0","0","0","0","0","0","2","0","2","","","","N","","","","","","","","","",""
"2013001854","2130","1","0","0","0","0","0","0","0","0","7","0","","02","1","2013","4","40.504147","-80.061512","2130","11","0","0","0","0","0","0","0","0","2","0","0","0","","","1","","10","","40 30:14.930","6","0","80 03:41.444","4","0","0","0","2402","0","0","0","","0","0","0","1","02402","1","","5.0","","6","","","","0","","0","0","0","","0","Y","","1","1","0","0","0","0","0","2","0","1","","","","N","","","","","","","","","",""
"2013007939","0014","0","0","0","0","0","0","0","0","0","1","0","","02","1","2013","6","40.449506","-80.11069","0014","11","0","0","0","0","0","1","0","0","","0","0","0","","","0","","0","","40 26:58.223","","0","80 06:38.483","0","0","0","0","2115","0","0","0","N","0","0","0","4","68B03","0","","2.0","","2","N","N","","0","","0","0","1","","0","","","2","0","0","0","0","0","0","2","0","2","","","","N","","","","","","","","","",""
"2013008841","1610","0","0","0","0","0","0","0","0","0","7","0","","02","1","2013","4","40.490517","-79.894422","1618","11","0","0","0","0","0","1","0","0","1","0","0","0","","","1","","0","","40 29:25.860","2","7","79 53:39.920","3","0","0","0","2301","0","0","0","N","0","0","0","1","02301","0","","5.0","","1","N","N","","0","","1","0","1","","0","Y","","1","1","1","0","0","0","0","2","0","1","","","","N","","","","","","","","","",""
"2013007877","1815","1","0","0","0","0","0","0","0","0","8","0","","02","1","2013","6","40.407633","-79.909713","1815","11","0","0","0","0","0","0","1","0","1","0","0","0","","","1","","0","","40 24:27.479","1","0","79 54:34.966","3","0","0","0","2438","1","0","0","N","1","0","0","2","02438","0","","1.0","","1","N","N","","0","","1","0","0","","0","Y","","2","1","0","0","0","0","0","2","0","1","","","","N","","","","","","","","","",""
"2013007940","2045","0","0","0","0","0","0","0","0","0","1","0","","02","1","2013","7","40.442551","-79.856515","2034","11","0","0","0","0","0","0","0","0","1","0","0","0","","","2","","0","","40 26:33.183","4","0","79 51:23.454","8","0","0","0","2419","0","0","0","N","0","0","0","4","68B03","0","","1.0","","1","N","N","","0","","0","0","1","","0","N","","2","2","0","0","0","2","0","2","1","2","","","","N","","","","","","","","","",""
"2013001780","1937","3","0","0","0","0","0","0","0","0","1","0","","02","1","2013","5","40.435686","-79.969313","1927","11","0","0","0","0","0","1","0","0","2","0","0","0","","","2","","0","","40 26:08.470","3","0","79 58:09.527","4","0","0","0","2301","0","0","0","N","0","0","0","3","68B03","2","","1.0","","1","N","N","","0","","0","0","0","","0","N","","3","2","0","0","0","0","0","2","0","3","","","","N","","","","","","","","","",""
"2013007941","2044","1","0","0","0","0","0","0","0","0","99","0","","02","1","2013","1","40.345278","-80.119824","2023","11","0","0","0","0","0","0","1","0","","0","0","0","","","0","","0","","40 20:43.002","","0","80 07:11.366","0","0","0","0","2119","0","0","0","N","0","0","0","1","68B03","0","","1.0","","1","N","N","","0","","0","0","0","","0","","","1","0","0","0","0","0","0","2","0","1","","","","N","","","","","","","","","",""
"2013006469","0050","4","0","0","0","0","0","0","0","0","2","0","","02","1","2013","5","40.427214","-79.989597","0045","11","0","0","0","0","0","0","0","0","1","0","0","0","","","0","","0","","40 25:37.971","2","0","79 59:22.550","0","0","0","0","2301","0","0","0","N","0","0","0","1","02301","0","","6.0","","1","N","N","","1","","0","0","0","","0","N","","5","0","0","0","0","0","0","2","0","5","","","","N","","","","","","","","","",""
"2013008843","1009","1","0","0","0","0","0","0","0","0","1","0","","02","1","2013","4","40.312468","-79.910118","0959","11","0","0","0","0","0","0","1","0","2","0","0","0","","","0","","0","","40 18:44.883","4","0","79 54:36.425","0","0","0","0","2440","0","0","0","N","0","0","0","3","02440","0","","1.0","","1","N","N","","1","","0","0","0","","0","Y","","2","0","0","0","0","0","0","2","0","2","","","","N","","","","","","","","","",""
"2013001781","0719","2","0","0","0","0","0","0","0","0","5","0","","02","1","2013","6","40.424819","-80.114225","0700","11","0","0","0","0","0","1","0","0","3","0","0","0","","","0","","0","","40 25:29.348","3","0","80 06:51.209","0","0","0","0","2102","0","0","0","N","0","0","0","3","68B03","0","","1.0","","1","N","N","","0","","0","0","1","","0","N","","3","0","0","0","0","0","0","2","0","3","","","","N","","","","","","","","","",""
"2013001857","2340","2","0","0","0","0","0","0","0","0","4","0","","02","1","2013","7","40.454029","-79.912399","2340","11","0","0","0","0","0","0","0","0","1","0","0","0","","","0","","1","","40 27:14.504","1","0","79 54:44.638","0","0","0","0","2301","0","0","0","N","0","0","0","3","02301","0","","1.0","","2","N","N","","0","","0","0","0","","1","Y","","2","0","0","0","0","0","0","2","0","2","","","","N","","","","","","","","","",""
"2013001782","0738","1","0","0","0","0","0","0","0","0","1","0","","02","1","2013","6","40.424911","-80.114979","0706","11","0","0","0","0","0","0","0","0","2","0","0","0","","","0","","0","","40 25:29.679","3","0","80 06:53.926","0","0","0","0","2102","0","0","0","N","0","0","0","2","68B03","0","","1.0","","1","N","N","","1","","0","0","0","","0","N","","2","0","0","0","0","0","0","2","0","2","","","","N","","","","","","","","","",""
"2013000343","0050","2","0","0","0","0","0","0","0","0","1","0","","02","1","2013","3","40.460018","-80.01166","0042","11","0","0","0","0","0","0","0","0","","0","0","0","","","0","","0","","40 27:36.064","","0","80 00:41.976","9","0","0","1","2301","0","0","0","N","0","0","0","1","02301","0","","2.0","","2","N","N","","0","","0","0","0","","0","","","3","0","0","0","0","0","1","2","0","3","","","","N","","","","","","","","","",""
"2013008640","2045","2","0","0","0","0","0","0","0","0","4","0","","02","1","2013","3","40.440466","-79.991536","2041","11","0","0","0","0","0","0","0","0","","0","0","0","","","0","","1","","40 26:25.678","","0","79 59:29.530","9","0","0","0","2301","0","0","0","N","0","0","0","2","02301","0","","1.0","","1","N","N","","0","","0","0","0","","2","","","2","0","0","0","0","0","1","2","0","2","","","","N","","","","","","","","","",""
"2013001783","0019","2","0","0","0","0","0","0","0","0","4","0","","02","1","2013","7","40.438231","-79.862837","0009","11","0","0","0","0","0","1","0","0","","0","0","0","","","0","","0","","40 26:17.631","","0","79 51:46.214","0","0","0","0","2478","0","0","0","N","0","0","0","2","68B03","0","","1.0","","1","N","N","","0","","0","0","0","","0","","","2","0","0","0","0","0","0","2","0","2","","","","N","","","","","","","","","",""
"2013000345","0534","1","0","0","0","0","0","0","0","0","4","0","","02","1","2013","4","40.476167","-79.848388","0521","11","0","0","0","0","0","1","0","0","","0","0","0","","","0","","0","","40 28:34.202","","0","79 50:54.197","0","0","0","0","2113","0","0","0","N","0","0","0","2","02113","0","","1.0","","1","N","N","","1","","0","0","0","","0","","","2","0","0","0","0","0","0","2","0","2","","","","N","","","","","","","","","",""
"2013006549","0610","0","0","0","0","0","0","0","0","0","7","1","","02","1","2013","5","40.442378","-80.029963","0600","11","0","0","0","0","0","0","0","0","3","0","1","0","","","1","","0","","40 26:32.562","2","0","80 01:47.865","4","0","0","0","2301","0","0","0","Y","0","0","0","1","02301","1","","3.0","","1","N","N","","0","","0","0","0","","0","N","","1","1","1","0","0","0","0","2","0","1","","","","N","","","","","","","","","",""
"2013008659","2305","1","0","0","0","0","0","0","0","0","7","0","","02","1","2013","3","40.630463","-80.015484","2259","11","0","0","0","0","0","0","0","0","","0","0","0","","","0","","2","","40 37:49.666","","0","80 00:55.742","0","0","0","0","2216","0","0","0","N","0","0","0","2","02505","0","","5.0","","2","N","N","","0","","0","0","0","","0","","","1","0","0","0","0","0","0","2","0","1","","","","N","","","","","","","","","",""
"2013008024","1341","2","0","0","0","0","0","0","0","0","1","0","","02","1","2013","2","40.39724","-79.999074","1337","11","0","0","0","0","0","0","0","0","","0","0","0","","","0","","0","","40 23:50.064","","0","79 59:56.667","0","0","0","0","2301","0","0","0","N","0","0","0","2","02301","0","","1.0","","1","N","N","","0","","0","0","0","","0","","","2","0","0","0","0","0","0","2","0","2","","","","N","","","","","","","","","",""
"2013008782","1456","0","0","0","0","0","0","1","0","0","1","1","","02","1","2013","4","40.410966","-80.006048","1449","11","0","0","0","0","0","2","0","0","","0","0","0","","","0","","1","","40 24:39.476","","0","80 00:21.772","0","0","0","0","2301","0","0","0","N","0","0","0","3","02301","0","","1.0","","1","Y","N","","0","","0","0","0","","2","","","2","0","0","0","0","0","0","2","1","2","","","","N","","","","","","","","","",""
"2013001031","1501","1","0","0","0","0","0","0","0","0","4","0","","02","1","2013","4","40.629537","-80.014598","1449","11","0","0","0","0","0","2","0","0","1","0","0","0","","","0","","2","","40 37:46.333","2","0","80 00:52.554","0","0","0","0","2216","0","0","0","N","0","0","0","3","02505","0","","1.0","","1","N","N","","1","","0","0","0","","3","N","","2","0","0","0","0","0","0","2","0","2","","","","N","","","","","","","","","",""