"CRN","ARRIVAL_TM","AUTOMOBILE_COUNT","BELTED_DEATH_COUNT","BELTED_SUSP_SERIOUS_INJ_COUNT","BICYCLE_COUNT","BICYCLE_DEATH_COUNT","BICYCLE_SUSP_SERIOUS_INJ_COUNT","BUS_COUNT","CHLDPAS_DEATH_COUNT","CHLDPAS_SUSP_SERIOUS_INJ_COUNT","COLLISION_TYPE","COMM_VEH_COUNT","CONS_ZONE_SPD_LIM","COUNTY","CRASH_MONTH","CRASH_YEAR","DAY_OF_WEEK","DEC_LATITUDE","DEC_LONGITUDE","DISPATCH_TM","DISTRICT","DRIVER_COUNT_16YR","DRIVER_COUNT_17YR","DRIVER_COUNT_18YR","DRIVER_COUNT_19YR","DRIVER_COUNT_20YR","DRIVER_COUNT_50_64YR","DRIVER_COUNT_65_74YR","DRIVER_COUNT_75PLUS","EST_HRS_CLOSED","FATAL_COUNT","HEAVY_TRUCK_COUNT","HORSE_BUGGY_COUNT","HOUR_OF_DAY","ILLUMINATION","INJURY_COUNT","INTERSECTION_RELATED","INTERSECT_TYPE","LANE_CLOSED","LATITUDE","LN_CLOSE_DIR","LOCATION_TYPE","LONGITUDE","MAX_SEVERITY_LEVEL","MCYCLE_DEATH_COUNT","MCYCLE_SUSP_SERIOUS_INJ_COUNT","MOTORCYCLE_COUNT","MUNICIPALITY","NONMOTR_COUNT","NONMOTR_DEATH_COUNT","NONMOTR_SUSP_SERIOUS_INJ_COUNT","NTFY_HIWY_MAINT","PED_COUNT","PED_DEATH_COUNT","PED_SUSP_SERIOUS_INJ_COUNT","PERSON_COUNT","POLICE_AGCY","POSSIBLE_INJ_COUNT","RDWY_SURF_TYPE_CD","RELATION_TO_ROAD","ROADWAY_CLEARED","ROAD_CONDITION","SCH_BUS_IND","SCH_ZONE_IND","SECONDARY_CRASH","SMALL_TRUCK_COUNT","SPEC_JURIS_CD","SUSP_MINOR_INJ_COUNT","SUSP_SERIOUS_INJ_COUNT","SUV_COUNT","TCD_FUNC_CD","TCD_TYPE","TFC_DETOUR_IND","TIME_OF_DAY","TOTAL_UNITS","TOT_INJ_COUNT","UNBELTED_OCC_COUNT","UNB_DEATH_COUNT","UNB_SUSP_SERIOUS_INJ_COUNT","UNK_INJ_DEG_COUNT","UNK_INJ_PER_COUNT","URBAN_RURAL","VAN_COUNT","VEHICLE_COUNT","WEATHER1","WEATHER2","WORKERS_PRES","WORK_ZONE_IND","WORK_ZONE_LOC","WORK_ZONE_TYPE","WZ_CLOSE_DETOUR","WZ_FLAGGER","WZ_LAW_OFFCR_IND","WZ_LN_CLOSURE","WZ_MOVING","WZ_OTHER","WZ_SHLDER_MDN","WZ_WORKERS_INJ_KILLED"
"2013007612","2205","1","0","0","0","0","0","0","0","0","4","0","","02","1","2013","6","40.329288","-79.841324","2159","11","0","0","0","0","0","0","0","0","","0","0","0","","","1","","0","","40 19:45.437","","0","79 50:28.767","8","0","0","0","2304","0","0","0","N","0","0","0","1","02304","0","","1.0","","1","N","N","","0","","0","0","1","","0","","","2","1","0","0","0","1","0","2","0","2","","","","N","","","","","","","","","",""
"2013007487","","2","0","0","0","0","0","0","0","0","5","0","","02","1","2013","7","40.386846","-79.981075","0113","11","0","0","0","0","0","0","0","0","","0","0","0","","","0","","0","","40 23:12.645","","0","79 58:51.870","0","0","0","0","2301","0","0","0","N","0","0","0","5","02301","0","","1.0","","1","N","N","","0","","0","0","0","","0","","","2","0","0","0","0","0","0","2","0","2","","","","N","","","","","","","","","",""
"2013006201","","1","0","0","0","0","0","0","0","0","4","0","","02","1","2013","4","40.456279","-79.97498","1553","11","0","0","0","0","0","1","0","0","","0","0","0","","","0","","2","","40 27:22.604","","0","79 58:29.928","0","0","0","0","2301","0","0","0","N","0","0","0","2","02301","0","","1.0","","9","N","N","","0","","0","0","1","","3","","","2","0","0","0","0","0","0","2","0","2","","","","N","","","","","","","","","",""
"2013007694","","1","0","0","0","0","0","0","0","0","1","0","","02","1","2013","1","40.39423","-79.936475","0001","11","0","0","0","0","0","1","0","0","2","0","0","0","","","0","","3","","40 23:39.229","4","0","79 56:11.311","0","0","0","0","2301","0","0","0","N","0","0","0","4","02301","0","","1.0","","1","N","N","","0","","0","0","1","","4","Y","","2","0","0","0","0","0","0","2","0","2","","","","N","","","","","","","","","",""
"2013007757","","2","0","0","0","0","0","0","0","0","1","0","","02","1","2013","6","40.556302","-80.19698","1027","11","0","0","0","0","0","0","0","1","1","0","0","0","","","1","","2","","40 33:22.687","5","0","80 11:49.128","4","0","0","0","2427","0","0","0","N","0","0","0","4","02427","1","","1.0","","1","N","N","","0","","0","0","0","","3","N","","2","1","0","0","0","0","1","2","0","2","","","","N","","","","","","","","","",""
"2013005994","","1","0","0","0","0","0","0","0","0","1","0","","02","1","2013","3","40.434066","-79.965316","1445","11","0","0","0","0","0","2","0","0","","0","0","0","","","1","","1","","40 26:02.637","","0","79 57:55.137","3","0","0","0","2301","0","0","0","N","0","0","0","2","02301","0","","1.0","","1","N","N","","0","","1","0","1","","2","","","2","1","0","0","0","0","0","2","0","2","","","","N","","","","","","","","","",""
"2013007488","","2","0","0","0","0","0","0","0","0","1","0","","02","1","2013","6","40.397052","-80.065961","1841","11","0","0","0","0","0","0","0","0","","0","0","0","","","0","","2","","40 23:49.386","","0","80 03:57.459","0","0","0","0","2117","0","0","0","N","0","0","0","2","02117","0","","1.0","","1","N","N","","0","","0","0","0","","0","","","2","0","0","0","0","0","0","2","0","2","","","","N","","","","","","","","","",""
"2013007695","","1","0","0","0","0","0","0","0","0","1","0","","02","1","2013","1","40.448928","-79.974186","0210","11","0","0","0","0","0","0","0","0","","0","0","0","","","0","","1","","40 26:56.140","","0","79 58:27.069","0","0","0","0","2301","0","0","0","N","0","0","0","5","02301","0","","1.0","","1","N","N","","0","","0","0","1","","3","","","2","0","0","0","0","0","0","2","0","2","","","","N","","","","","","","","","",""
"2013007633","","2","0","0","0","0","0","0","0","0","4","0","","02","1","2013","6","40.373789","-80.006338","1031","11","0","0","0","0","0","0","0","1","2","0","0","0","","","3","","1","","40 22:25.642","1","0","80 00:22.817","3","0","0","0","2416","0","0","0","N","0","0","0","3","02416","1","","1.0","","1","N","N","","0","","1","0","0","","2","Y","","2","3","1","0","0","1","0","2","0","2","","","","N","","","","","","","","","",""
"2013007490","","1","0","0","0","0","0","0","0","0","4","0","","02","1","2013","4","","","1637","11","1","0","0","0","0","1","0","0","","0","0","0","","","0","","2","","","","0","","9","0","0","0","2407","0","0","0","N","0","0","0","3","02407","0","","1.0","","1","N","N","","0","","0","0","0","","3","","","2","0","0","0","0","0","1","1","1","2","","","","N","","","","","","","","","",""
"2013006204","","0","0","0","0","0","0","0","0","0","7","0","","02","1","2013","4","40.272419","-79.947992","1543","11","0","0","0","0","0","1","0","0","2","0","0","0","","","0","","2","","40 16:20.710","5","0","79 56:52.770","0","0","0","0","2440","0","0","0","N","0","0","0","1","02440","0","","5.0","","9","N","N","","0","","0","0","1","","0","N","","1","0","1","0","0","0","0","1","0","1","","","","N","","","","","","","","","",""
"2013008446","","0","0","0","0","0","0","0","0","0","7","0","","02","1","2013","2","40.674258","-80.105482","1458","11","0","1","0","0","0","0","0","0","","0","0","0","","","0","","0","","40 40:27.328","","0","80 06:19.735","0","0","0","0","2212","0","0","0","N","0","0","0","1","02505","0","","2.0","","7","N","N","","0","","0","0","1","","0","","","1","0","0","0","0","0","0","2","0","1","","","","N","","","","","","","","","",""
"2013006066","","1","0","0","0","0","0","0","0","0","1","0","","02","1","2013","4","40.389708","-79.933338","1512","11","0","0","0","0","0","0","0","0","","0","0","0","","","2","","1","","40 23:22.947","","0","79 56:00.018","4","0","0","0","2301","0","0","0","N","0","0","0","3","02301","2","","1.0","","9","N","N","","0","","0","0","1","","4","","","2","2","0","0","0","0","0","2","0","2","","","","N","","","","","","","","","",""
"2013006206","","1","0","0","0","0","0","0","0","0","4","0","","02","1","2013","6","40.328624","-80.029049","0809","11","0","0","1","0","1","0","0","0","","0","0","0","","","0","","1","","40 19:43.048","","0","80 01:44.577","0","0","0","0","2407","0","0","0","N","0","0","0","3","02407","0","","1.0","","9","N","N","","1","","0","0","0","","3","","","2","0","0","0","0","0","0","2","0","2","","","","N","","","","","","","","","",""
"2013008378","","1","0","0","0","0","0","0","0","0","7","0","","02","1","2013","3","40.530025","-79.939808","1026","11","0","0","0","0","0","0","0","0","1","0","0","0","","","0","","0","","40 31:48.090","5","0","79 56:23.308","0","0","0","0","2118","0","0","0","N","0","0","0","2","02118","0","","5.0","","1","N","N","","0","","0","0","0","","0","Y","","1","0","0","0","0","0","0","2","0","1","","","","N","","","","","","","","","",""
"2013006608","","0","0","0","0","0","0","0","0","0","7","0","","02","1","2013","4","40.446485","-79.848378","1009","11","0","0","0","0","0","1","0","0","","0","0","0","","","0","","2","","40 26:47.346","","0","79 50:54.159","9","0","0","0","2419","0","0","0","N","0","0","0","1","02419","0","","5.0","","6","N","N","","1","","0","0","0","","1","","","1","0","0","0","0","0","1","2","0","1","","05","","N","","","","","","","","","",""
"2013008158","","2","0","0","0","0","0","0","0","0","4","0","","02","1","2013","2","40.362527","-80.0004","1655","11","0","0","0","0","0","0","0","0","","0","0","0","","","0","","2","","40 21:45.097","","0","80 00:01.441","0","0","0","0","2476","0","0","0","N","0","0","0","2","02476","0","","1.0","","2","N","N","","0","","0","0","0","","3","","","2","0","0","0","0","0","0","2","0","2","","","","N","","","","","","","","","",""
"2013007431","","1","0","0","0","0","0","0","0","0","4","0","","02","1","2013","6","40.482341","-79.938519","1739","11","0","0","0","0","0","1","0","0","","0","0","0","","","0","","1","","40 28:56.427","","0","79 56:18.668","0","0","0","0","2301","0","0","0","N","0","0","0","3","02301","0","","1.0","","1","N","N","","0","","0","0","0","","3","","","2","0","0","0","0","0","0","2","1","2","","","","N","","","","","","","","","",""
"2013007638","","1","0","0","0","0","0","0","0","0","4","1","","02","1","2013","3","40.525626","-80.070734","1504","11","0","0","0","0","0","0","1","1","1","0","1","0","","","0","","0","","40 31:32.254","5","0","80 04:14.642","0","0","0","0","2215","0","0","0","Y","0","0","0","2","68B03","0","","1.0","","1","N","N","","0","","0","0","0","","0","N","","2","0","0","0","0","0","0","2","0","2","","","","N","","","","","","","","","",""
"2013007356","","1","0","0","0","0","0","0","0","0","7","0","","02","1","2013","5","40.449506","-80.11069","2340","11","0","0","0","0","0","1","0","0","","0","0","0","","","0","","0","","40 26:58.223","","0","80 06:38.483","0","0","0","0","2115","0","0","0","N","0","0","0","1","68B03","0","","2.0","","2","N","N","","0","","0","0","0","","0","","","1","0","0","0","0","0","0","2","0","1","","","","N","","","","","","","","","",""
"2013007495","","1","0","0","0","0","0","0","0","0","1","0","","02","1","2013","6","40.417925","-80.055108","1551","11","0","0","1","0","0","1","0","0","2","0","0","0","","","5","","0","","40 25:04.531","3","0","80 03:18.387","8","0","0","0","2435","0","0","0","N","0","0","0","10","68B03","0","","1.0","","1","N","N","","0","","0","0","3","","0","N","","4","5","0","0","0","5","0","2","0","4","","","","N","","","","","","","","","",""
"2013006069","","1","0","0","0","0","0","0","0","0","1","0","","02","1","2013","4","40.42676","-80.031019","1520","11","0","0","0","0","0","1","0","0","1","0","0","0","","","0","","0","","40 25:36.336","4","0","80 01:51.667","0","0","0","0","2301","0","0","0","N","0","0","0","2","02301","0","","1.0","","9","N","N","","0","","0","0","1","","0","N","","2","0","0","0","0","0","0","2","0","2","","","","N","","","","","","","","","",""
"2013007559","","1","0","0","0","0","0","0","0","0","7","0","","02","1","2013","4","40.512189","-79.947225","1052","11","0","0","0","0","0","0","0","0","","0","0","0","","","1","","0","","40 30:43.880","","0","79 56:50.011","8","0","0","0","2118","0","0","0","N","0","0","0","1","02118","0","","2.0","","9","N","N","","0","","0","0","0","","0","","","1","1","0","0","0","1","0","2","0","1","","","","N","","","","","","","","","",""
"2013007572","","1","0","0","0","0","0","0","0","0","1","0","","02","1","2013","6","40.475102","-80.095863","1420","11","0","0","0","0","0","0","0","0","","0","0","0","","","0","","3","","40 28:30.367","","0","80 05:45.106","9","0","0","0","2126","0","0","0","N","0","0","0","3","02126","0","","1.0","","1","N","N","","0","","0","0","1","","0","","","2","0","0","0","0","0","1","2","0","2","","","","N","","","","","","","","","",""
"2013007560","","0","0","0","0","0","0","0","0","0","7","0","","02","1","2013","7","40.441558","-80.029886","0330","11","0","0","0","0","0","0","0","0","1","0","0","0","","","0","","0","","40 26:29.608","5","0","80 01:47.589","0","0","0","0","2301","0","0","0","N","0","0","0","1","02301","0","","4.0","","1","N","N","","1","","0","0","0","","0","N","","1","0","0","0","0","0","0","2","0","1","","","","N","","","","","","","","","",""
"2013008453","","1","0","0","0","0","0","0","0","0","4","0","","02","1","2013","3","40.428751","-79.986423","1652","11","0","0","0","0","0","0","0","0","","0","0","0","","","0","","1","","40 25:43.505","","0","79 59:11.124","0","0","0","0","2301","0","0","0","N","0","0","0","2","02301","0","","1.0","","1","N","N","","0","","0","0","0","","2","","","2","0","0","0","0","0","0","2","1","2","","","","N","","","","","","","","","",""
"2013008384","","1","0","0","0","0","0","0","0","0","1","0","","02","1","2013","3","40.428682","-79.999566","1033","11","0","0","0","0","0","0","0","0","","0","0","0","","","0","","0","","40 25:43.256","","4","79 59:58.436","0","0","0","0","2301","0","0","0","N","0","0","0","2","02301","0","","1.0","","1","N","N","","0","","0","0","1","","0","","","2","0","0","0","0","0","0","2","0","2","","","","N","","","","","","","","","",""
"2013008844","","1","0","0","0","0","0","0","0","0","8","0","","02","1","2013","4","40.454298","-79.891634","1608","11","0","0","0","0","0","0","0","0","","0","0","0","","","1","","0","","40 27:15.472","","0","79 53:29.882","8","0","0","0","2301","1","0","0","N","1","0","0","2","02301","0","","1.0","","1","N","N","","0","","0","0","0","","0","","","2","1","0","0","0","1","0","2","0","1","","","","N","","","","","","","","","",""
"2013006008","","1","0","0","0","0","0","0","0","0","4","0","","02","1","2013","4","40.437847","-79.930741","0938","11","0","0","0","0","0","2","0","0","1","0","0","0","","","2","","1","","40 26:16.249","4","0","79 55:50.667","3","0","0","0","2301","0","0","0","N","0","0","0","2","02301","1","","1.0","","9","N","N","","0","","1","0","1","","3","N","","2","2","0","0","0","0","0","2","0","2","","","","N","","","","","","","","","",""
"2013007439","","3","0","0","0","0","0","0","0","0","1","0","","02","1","2013","5","40.662276","-80.094274","1715","11","0","0","0","0","0","2","0","0","2","0","0","0","","","1","","3","","40 39:44.192","1","2","80 05:39.386","4","0","0","0","2212","0","0","0","N","0","0","0","4","02505","1","","1.0","","1","N","N","","1","","0","0","0","","4","N","","4","1","1","0","0","0","0","2","0","4","","","","N","","","","","","","","","",""
"2013007440","","1","0","0","0","0","0","0","0","0","7","0","","02","1","2013","1","40.528499","-79.850278","0345","11","0","0","0","0","0","0","0","0","2","0","0","0","","","0","","2","","40 31:42.598","2","0","79 51:01.000","0","0","0","0","2208","0","0","0","Y","0","0","0","2","02208","0","","5.0","","9","N","N","","0","","0","0","0","","2","Y","","1","0","0","0","0","0","0","2","0","1","","","","N","","","","","","","","","",""
"2013007428","","1","0","0","0","0","0","0","0","0","1","0","","02","1","2013","5","40.34837","-79.944808","1742","11","0","1","0","0","0","1","0","0","1","0","0","0","","","0","","1","","40 20:54.133","3","0","79 56:41.310","0","0","0","0","2473","0","0","0","N","0","0","0","2","02473","0","","1.0","","1","N","N","","1","","0","0","0","","2","N","","2","0","0","0","0","0","0","2","0","2","","","","N","","","","","","","","","",""
"2013006012","","2","0","0","0","0","0","0","0","0","2","0","","02","1","2013","4","40.390881","-79.799278","0935","11","0","0","0","0","0","1","0","0","1","0","0","0","","","2","","0","","40 23:27.170","2","0","79 47:57.400","8","0","0","0","2111","0","0","0","Y","0","0","0","2","02111","0","","4.0","","2","N","N","","0","","0","0","0","","0","N","","2","2","1","0","0","2","0","2","0","2","","","","N","","","","","","","","","",""
"2013007580","","0","0","0","0","0","0","0","0","0","1","0","","02","1","2013","7","40.356586","-79.980388","1106","11","0","0","0","0","0","1","0","0","2","0","0","0","","","1","","2","","40 21:23.711","2","0","79 58:49.397","8","0","0","0","2476","0","0","0","N","0","0","0","3","02476","0","","1.0","","1","N","N","","1","","0","0","1","","2","N","","2","1","0","0","0","1","0","2","0","2","","","","N","","","","","","","","","",""
"2013008168","","0","0","0","0","0","0","0","0","0","7","0","","02","1","2013","2","40.45826","-79.885514","1836","11","0","0","0","0","0","1","0","0","","0","0","0","","","1","","3","","40 27:29.736","","0","79 53:07.850","8","0","0","0","2301","0","0","0","N","0","0","0","1","02301","0","","5.0","","2","N","N","","0","","0","0","1","","0","","","1","1","0","0","0","1","0","2","0","1","","","","N","","","","","","","","","",""
"2013008460","","2","0","0","0","0","0","0","0","0","4","0","","02","1","2013","3","40.488001","-79.938306","1722","11","0","0","0","0","0","0","0","0","","0","0","0","","","0","","0","","40 29:16.802","","0","79 56:17.900","0","0","0","0","2301","0","0","0","N","0","0","0","2","02301","0","","1.0","","1","N","N","","0","","0","0","0","","0","","","2","0","0","0","0","0","0","2","0","2","","","","N","","","","","","","","","",""
"2013007443","","2","0","0","0","0","0","0","0","0","1","0","","02","1","2013","6","40.47786","-80.102842","1905","11","0","0","1","0","0","0","1","0","2","0","0","0","","","0","","2","","40 28:40.296","3","0","80 06:10.231","0","0","0","0","2126","0","0","0","N","0","0","0","3","02126","0","","1.0","","1","N","","","0","","0","0","0","","0","N","","2","0","1","0","0","0","0","2","0","2","","","","N","","","","","","","","","",""
"2013007505","","1","0","0","0","0","0","0","0","0","1","1","","02","1","2013","6","40.496613","-79.916739","1600","11","0","0","0","0","0","1","0","0","3","0","0","0","","","0","","0","","40 29:47.805","1","0","79 55:00.260","0","0","0","0","2112","0","0","0","N","0","0","0","3","68D02","0","","1.0","","1","N","N","","0","","0","0","0","","0","N","","3","0","0","0","0","0","0","2","2","3","","","","N","","","","","","","","","",""
"2013008910","","1","0","0","0","0","0","0","0","0","4","1","","02","1","2013","2","40.641386","-80.097621","1501","11","0","0","0","0","0","1","0","0","","0","1","0","","","0","","0","","40 38:28.991","","0","80 05:51.435","0","0","0","0","2212","0","0","0","N","0","0","0","4","68B03","0","","1.0","","9","N","N","","1","","0","0","0","","0","","","3","0","0","0","0","0","0","2","0","3","","","","N","","","","","","","","","",""
"2013007367","","2","0","0","0","0","0","0","0","0","1","0","","02","1","2013","5","40.494329","-79.904106","1722","11","0","0","0","0","1","0","0","0","","0","0","0","","","0","","0","","40 29:39.586","","0","79 54:14.783","0","0","0","0","2401","0","0","0","N","0","0","0","3","68D02","0","","1.0","","1","N","N","","0","","0","0","1","","0","","","3","0","0","0","0","0","0","2","0","3","","","","N","","","","","","","","","",""
"2013008186","","0","0","0","0","0","0","0","0","0","7","0","","02","1","2013","2","40.539086","-79.830594","1832","11","0","0","0","0","0","0","0","0","1","0","0","0","","","1","","0","","40 32:20.710","2","0","79 49:50.138","4","0","0","0","2112","0","0","0","N","0","0","0","1","02112","1","","2.0","","1","N","N","","1","","0","0","0","","0","N","","1","1","0","0","0","0","0","2","0","1","","","","N","","","","","","","","","",""
"2013008462","","2","0","0","0","0","0","0","0","0","1","0","","02","1","2013","3","40.468672","-79.962301","1719","11","0","0","0","0","0","1","0","0","1","0","0","0","","","0","","10","","40 28:07.220","1","3","79 57:44.282","0","0","0","0","2301","0","0","0","N","0","0","0","3","02301","0","","1.0","","1","N","N","","0","","0","0","1","","0","N","","3","0","0","0","0","0","0","2","0","3","","","","N","","","","","","","","","",""
"2013008852","","0","0","0","0","0","0","0","0","0","7","0","","02","1","2013","3","40.356229","-79.936603","1636","11","0","0","0","0","0","0","0","0","","0","0","0","","","0","","0","","40 21:22.423","","0","79 56:11.770","0","0","0","0","2473","0","0","0","N","0","0","0","1","02501","0","","5.0","","1","N","N","","0","","0","0","1","","0","","","1","0","0","0","0","0","0","2","0","1","","","","N","","","","","","","","","",""
"2013008251","","2","0","0","0","0","0","0","0","0","7","0","","02","1","2013","2","40.467901","-79.907179","0113","11","0","0","0","0","0","0","0","0","2","0","0","0","","","0","","2","","40 28:04.443","6","0","79 54:25.844","9","0","0","0","2301","0","0","0","N","0","0","0","3","02301","0","","5.0","","9","N","N","","0","","0","0","0","","0","Y","","2","0","0","0","0","0","2","2","0","2","","","","N","","","","","","","","","",""
"2013008252","","2","0","0","0","0","0","0","0","0","4","0","","02","1","2013","2","40.441145","-79.961472","0635","11","0","0","0","0","0","0","0","0","","0","0","0","","","1","","0","","40 26:28.123","","0","79 57:41.300","8","0","0","0","2301","0","0","0","N","0","0","0","2","02301","0","","1.0","","1","N","N","","0","","0","0","0","","0","","","2","1","0","0","0","1","0","2","0","2","","","","N","","","","","","","","","",""
"2013008326","","2","0","0","0","0","0","0","0","0","6","0","","02","1","2013","2","40.546677","-80.218914","1345","11","0","0","0","0","0","0","1","0","1","0","0","0","","","0","","0","","40 32:48.038","1","0","80 13:08.092","0","0","0","0","2103","0","0","0","N","0","0","0","2","02103","0","","1.0","","7","N","N","","0","","0","0","0","","0","N","","2","0","0","0","0","0","0","2","0","2","","","","N","","","","","","","","","",""
"2013007589","","0","0","0","0","0","0","0","0","0","7","0","","02","1","2013","7","40.419643","-79.927184","1150","11","0","0","0","0","0","0","0","0","2","0","0","0","","","1","","5","","40 25:10.714","1","0","79 55:37.862","3","0","0","0","2301","0","0","0","N","0","0","0","1","02301","0","","5.0","","1","N","N","","0","","1","0","0","","2","N","","1","1","1","0","0","0","0","2","1","1","","","","N","","","","","","","","","",""
"2013008177","","1","0","0","0","0","0","0","0","0","7","0","","02","1","2013","2","40.354154","-79.97865","1539","11","0","0","0","0","0","0","0","0","","0","0","0","","","0","","0","","40 21:14.955","","0","79 58:43.139","0","0","0","0","2476","0","0","0","N","0","0","0","1","02476","0","","1.0","","9","N","N","","0","","0","0","0","","0","","","1","0","0","0","0","0","0","2","0","1","","","","N","","","","","","","","","",""
"2013007449","","0","0","0","0","0","0","0","0","0","7","0","","02","1","2013","6","40.51694","-79.864176","1940","11","1","0","0","0","0","0","0","0","","0","0","0","","","0","","0","","40 31:00.984","","0","79 51:51.033","9","0","0","0","2112","0","0","0","N","0","0","0","1","02112","0","","5.0","","1","N","N","","1","","0","0","0","","0","","","1","0","0","0","0","0","1","2","0","1","","","","N","","","","","","","","","",""
"2013008467","","0","0","0","0","0","0","0","0","0","8","0","","02","1","2013","3","40.455115","-79.874432","1732","11","0","0","0","0","0","0","0","0","1","0","0","0","","","2","","0","","40 27:18.414","5","0","79 52:27.955","8","0","0","0","2301","2","0","0","N","2","0","0","6","02301","0","","1.0","","1","Y","N","","0","","0","0","0","","0","N","","3","2","0","0","0","2","0","2","1","1","","","","N","","","","","","","","","",""
"2013008856","","1","0","0","0","0","0","0","0","0","4","0","","02","1","2013","2","40.57468","-79.990473","1334","11","0","0","0","0","0","1","0","0","1","0","0","0","","","0","","2","","40 34:28.849","3","0","79 59:25.703","0","0","0","0","2108","0","0","0","N","0","0","0","5","02108","0","","1.0","","7","N","N","","0","","0","0","0","","3","N","","2","0","0","0","0","0","0","2","1","2","","","","N","","","","","","","","","",""
"2013008330","","0","0","0","0","0","0","0","0","0","7","0","","02","1","2013","6","40.247681","-79.910036","1253","11","0","0","0","0","0","0","1","0","","0","0","0","","","1","","0","","40 14:51.653","","0","79 54:36.129","8","0","0","0","2204","0","0","0","N","0","0","0","1","02204","0","","2.0","","1","N","N","","1","","0","0","0","","0","","","1","1","0","0","0","1","0","1","0","1","","","","N","","","","","","","","","",""
"2013008399","","1","0","0","0","0","0","0","0","0","1","0","","02","1","2013","3","40.461766","-79.931792","1129","11","0","0","0","0","0","2","0","0","","0","0","0","","","1","","0","","40 27:42.357","","0","79 55:54.451","8","0","0","0","2301","0","0","0","N","0","0","0","2","02301","0","","1.0","","1","N","N","","0","","0","0","1","","0","","","2","1","0","0","0","1","0","2","0","2","","","","N","","","","","","","","","",""
"2013007313","","1","0","0","0","0","0","0","0","0","4","0","","02","1","2013","6","40.493407","-79.861913","1620","11","0","0","0","0","0","0","1","1","","0","0","0","","","0","","2","","40 29:36.266","","0","79 51:42.885","0","0","0","0","2408","0","0","0","N","0","0","0","3","02408","0","","1.0","","1","N","N","","0","","0","0","1","","0","","","2","0","0","0","0","0","0","2","0","2","","","","N","","","","","","","","","",""
"2013006644","","1","0","0","0","0","0","0","0","0","7","0","","02","1","2013","4","40.458338","-79.999318","2221","11","0","0","0","0","0","0","0","0","1","0","0","0","","","0","","2","","40 27:30.018","4","0","79 59:57.543","0","0","0","0","2301","0","0","0","N","0","0","0","3","02301","0","","2.0","","9","N","N","","0","","0","0","0","","0","N","","1","0","0","0","0","0","0","2","0","1","","","","N","","","","","","","","","",""
"2013008857","","0","0","0","0","0","0","0","0","0","7","0","","02","1","2013","4","40.560501","-80.013841","0156","11","0","0","0","0","0","0","0","0","","0","0","0","","","0","","0","","40 33:37.804","","0","80 00:49.826","0","0","0","0","2108","0","0","0","N","0","0","0","2","02108","0","","4.0","","7","N","N","","1","","0","0","0","","0","","","1","0","0","0","0","0","0","2","0","1","","","","N","","","","","","","","","",""
"2013007592","","1","0","0","0","0","0","0","0","0","4","0","","02","1","2013","7","40.353955","-79.823236","1305","11","0","0","0","0","1","0","1","0","","0","0","0","","","0","","1","","40 21:14.238","","0","79 49:23.651","0","0","0","0","2477","0","0","0","N","0","0","0","4","02477","0","","1.0","","1","N","N","","0","","0","0","1","","3","","","2","0","2","0","0","0","0","2","0","2","","","","N","","","","","","","","","",""
"2013006645","","2","0","0","0","0","0","0","0","0","4","0","","02","1","2013","5","40.603049","-79.928946","1503","11","0","0","0","1","0","1","1","0","2","0","0","0","","","0","","2","","40 36:10.976","5","0","79 55:44.205","0","0","0","0","2207","0","0","0","N","0","0","0","4","02207","0","","1.0","","1","N","N","","2","","0","0","0","","0","Y","","4","0","1","0","0","0","0","2","0","4","","","","N","","","","","","","","","",""
"2013008858","","1","0","0","0","0","0","0","0","0","7","0","","02","1","2013","2","40.506439","-80.237914","1432","11","0","0","0","1","0","0","0","0","2","0","0","0","","","0","","0","","40 30:23.182","4","1","80 14:16.491","0","0","0","0","2213","0","0","0","N","0","0","0","2","02213","0","","1.0","","2","N","N","","0","","0","0","0","","0","Y","","1","0","0","0","0","0","0","2","0","1","","","","N","","","","","","","","","",""
"2013006023","","1","0","0","0","0","0","0","0","0","7","0","","02","1","2013","4","40.436665","-79.995322","1110","11","0","0","0","0","0","0","0","0","","0","0","0","","","0","","0","","40 26:11.994","","0","79 59:43.160","0","0","0","0","2301","0","0","0","N","0","0","0","1","02301","0","","2.0","","2","N","N","","0","","0","0","0","","0","","","1","0","0","0","0","0","0","2","0","1","","","","N","","","","","","","","","",""
"2013006633","","1","0","0","0","0","0","0","0","0","4","0","","02","1","2013","4","40.459997","-79.945927","2244","11","0","0","1","0","0","0","0","0","2","0","0","0","","","0","","1","","40 27:35.989","1","0","79 56:45.337","0","0","0","0","2301","0","0","0","N","0","0","0","3","02301","0","","1.0","","1","N","N","","0","","0","0","1","","2","N","","2","0","0","0","0","0","0","2","0","2","","","","N","","","","","","","","","",""
"2013008859","","2","0","0","0","0","0","0","0","0","4","0","","02","1","2013","6","40.340815","-80.022758","1848","11","0","0","0","0","1","0","1","0","","0","0","0","","","0","","0","","40 20:26.935","","0","80 01:21.929","0","0","0","0","2407","0","0","0","N","0","0","0","2","02407","0","","1.0","","1","N","N","","0","","0","0","0","","0","","","2","0","0","0","0","0","0","2","0","2","","","","N","","","","","","","","","",""
"2013006024","","2","0","0","0","0","0","0","0","0","1","0","","02","1","2013","1","40.44139","-80.020764","1430","11","0","0","0","0","0","0","0","0","","0","0","0","","","0","","0","","40 26:29.004","","0","80 01:14.751","0","0","0","0","2301","0","0","0","N","0","0","0","5","02301","0","","1.0","","1","N","N","","0","","0","0","0","","0","","","2","0","0","0","0","0","0","2","0","2","","","","N","","","","","","","","","",""