"CRN","ARRIVAL_TM","AUTOMOBILE_COUNT","BELTED_DEATH_COUNT","BELTED_SUSP_SERIOUS_INJ_COUNT","BICYCLE_COUNT","BICYCLE_DEATH_COUNT","BICYCLE_SUSP_SERIOUS_INJ_COUNT","BUS_COUNT","CHLDPAS_DEATH_COUNT","CHLDPAS_SUSP_SERIOUS_INJ_COUNT","COLLISION_TYPE","COMM_VEH_COUNT","CONS_ZONE_SPD_LIM","COUNTY","CRASH_MONTH","CRASH_YEAR","DAY_OF_WEEK","DEC_LATITUDE","DEC_LONGITUDE","DISPATCH_TM","DISTRICT","DRIVER_COUNT_16YR","DRIVER_COUNT_17YR","DRIVER_COUNT_18YR","DRIVER_COUNT_19YR","DRIVER_COUNT_20YR","DRIVER_COUNT_50_64YR","DRIVER_COUNT_65_74YR","DRIVER_COUNT_75PLUS","EST_HRS_CLOSED","FATAL_COUNT","HEAVY_TRUCK_COUNT","HORSE_BUGGY_COUNT","HOUR_OF_DAY","ILLUMINATION","INJURY_COUNT","INTERSECTION_RELATED","INTERSECT_TYPE","LANE_CLOSED","LATITUDE","LN_CLOSE_DIR","LOCATION_TYPE","LONGITUDE","MAX_SEVERITY_LEVEL","MCYCLE_DEATH_COUNT","MCYCLE_SUSP_SERIOUS_INJ_COUNT","MOTORCYCLE_COUNT","MUNICIPALITY","NONMOTR_COUNT","NONMOTR_DEATH_COUNT","NONMOTR_SUSP_SERIOUS_INJ_COUNT","NTFY_HIWY_MAINT","PED_COUNT","PED_DEATH_COUNT","PED_SUSP_SERIOUS_INJ_COUNT","PERSON_COUNT","POLICE_AGCY","POSSIBLE_INJ_COUNT","RDWY_SURF_TYPE_CD","RELATION_TO_ROAD","ROADWAY_CLEARED","ROAD_CONDITION","SCH_BUS_IND","SCH_ZONE_IND","SECONDARY_CRASH","SMALL_TRUCK_COUNT","SPEC_JURIS_CD","SUSP_MINOR_INJ_COUNT","SUSP_SERIOUS_INJ_COUNT","SUV_COUNT","TCD_FUNC_CD","TCD_TYPE","TFC_DETOUR_IND","TIME_OF_DAY","TOTAL_UNITS","TOT_INJ_COUNT","UNBELTED_OCC_COUNT","UNB_DEATH_COUNT","UNB_SUSP_SERIOUS_INJ_COUNT","UNK_INJ_DEG_COUNT","UNK_INJ_PER_COUNT","URBAN_RURAL","VAN_COUNT","VEHICLE_COUNT","WEATHER1","WEATHER2","WORKERS_PRES","WORK_ZONE_IND","WORK_ZONE_LOC","WORK_ZONE_TYPE","WZ_CLOSE_DETOUR","WZ_FLAGGER","WZ_LAW_OFFCR_IND","WZ_LN_CLOSURE","WZ_MOVING","WZ_OTHER","WZ_SHLDER_MDN","WZ_WORKERS_INJ_KILLED"
"2013007454","","3","0","0","0","0","0","0","0","0","4","0","","02","1","2013","6","40.456795","-80.006071","2052","11","0","0","0","0","2","0","0","0","1","0","0","0","","","0","","1","","40 27:24.462","3","0","80 00:21.855","0","0","0","0","2301","0","0","0","N","0","0","0","3","02301","0","","1.0","","1","N","N","","0","","0","0","0","","3","Y","","3","0","0","0","0","0","0","2","0","3","","","","N","","","","","","","","","",""
"2013006039","","1","0","0","0","0","0","0","0","0","7","0","","02","1","2013","4","40.480678","-80.119939","1303","11","0","0","0","0","0","0","1","0","1","0","0","0","","","0","","0","","40 28:50.441","4","3","80 07:11.781","0","0","0","0","2126","0","0","0","Y","0","0","0","2","02126","0","","1.0","","2","N","N","","0","","0","0","0","","0","N","","1","0","0","0","0","0","0","2","0","1","","","","N","","","","","","","","","",""
"2013008405","","0","0","0","0","0","0","0","0","0","7","0","","02","1","2013","2","40.543153","-79.972325","1509","11","0","0","0","0","0","0","0","0","1","0","0","0","","","0","","0","","40 32:35.352","1","0","79 58:20.369","0","0","0","0","2118","0","0","0","N","0","0","0","1","02118","0","","5.0","","7","N","N","","0","","0","0","1","","0","N","","1","0","0","0","0","0","0","2","0","1","","","","N","","","","","","","","","",""
"2013007456","","1","0","0","0","0","0","0","0","0","4","0","","02","1","2013","6","40.460802","-79.915719","1802","11","0","0","0","0","0","0","0","0","2","0","0","0","","","2","","1","","40 27:38.887","3","0","79 54:56.588","8","0","0","0","2301","0","0","0","N","0","0","0","2","02301","0","","1.0","","1","N","N","","0","","0","0","1","","2","N","","2","2","0","0","0","2","0","2","0","2","","","","N","","","","","","","","","",""
"2013006040","","0","0","0","0","0","0","0","0","0","1","0","","02","1","2013","3","40.325827","-80.137651","1745","11","0","0","0","0","0","1","0","0","1","0","0","0","","","0","","2","","40 19:32.978","5","0","80 08:15.542","0","0","0","0","2119","0","0","0","N","0","0","0","6","02119","0","","1.0","","1","N","N","","1","","0","0","1","","0","N","","2","0","0","0","0","0","0","2","0","2","","","","N","","","","","","","","","",""
"2013007597","","1","0","0","0","0","0","0","0","0","1","0","","02","1","2013","7","40.527151","-79.950282","1326","11","0","0","0","0","0","1","0","0","1","0","0","0","","","0","","0","","40 31:37.743","1","0","79 57:01.015","0","0","0","0","2118","0","0","0","N","0","0","0","2","02118","0","","1.0","","1","N","N","","1","","0","0","0","","0","N","","2","0","0","0","0","0","0","2","0","2","","","","N","","","","","","","","","",""
"2013007598","","1","0","0","0","0","0","0","0","0","1","0","","02","1","2013","6","40.520923","-80.014443","1222","11","0","0","0","0","0","1","0","0","1","0","0","0","","","1","","2","","40 31:15.322","2","0","80 00:51.994","4","0","0","0","2116","0","0","0","N","0","0","0","4","02116","1","","1.0","","1","N","N","","0","","0","0","1","","0","N","","2","1","0","0","0","0","0","2","0","2","","","","N","","","","","","","","","",""
"2013007050","","2","0","0","0","0","0","0","0","0","1","0","","02","1","2013","5","40.55944","-79.959161","1844","11","0","0","0","0","0","1","0","0","1","0","0","0","","","1","","2","","40 33:33.985","1","0","79 57:32.980","8","0","0","0","2207","0","0","0","N","0","0","0","2","02207","0","","1.0","","1","N","N","","0","","0","0","0","","2","N","","2","1","0","0","0","1","0","2","0","2","","","","N","","","","","","","","","",""
"2013014068","","0","0","0","0","0","0","0","0","0","7","0","","02","2","2013","1","40.338856","-79.964008","1630","11","0","0","0","0","0","0","0","0","1","0","0","0","","","1","","0","","40 20:19.882","1","0","79 57:50.430","8","0","0","0","2454","0","0","0","N","0","0","0","1","02454","0","","5.0","","9","N","N","","0","","0","0","1","","0","N","","1","1","1","0","0","1","0","2","0","1","","","","N","","","","","","","","","",""
"2013013850","","1","0","0","0","0","0","0","0","0","7","0","","02","2","2013","1","40.450377","-80.004472","0115","11","0","0","0","0","0","0","0","0","3","0","0","0","","","0","","3","","40 27:01.358","2","0","80 00:16.099","0","0","0","0","2301","0","0","0","N","0","0","0","2","02301","0","","2.0","","7","N","N","","0","","0","0","0","","0","N","","1","0","0","0","0","0","0","2","0","1","","","","N","","","","","","","","","",""
"2013013114","","2","0","0","0","0","0","0","0","0","4","0","","02","2","2013","6","40.453945","-79.979862","1015","11","0","0","0","0","0","0","0","0","","0","0","0","","","1","","1","","40 27:14.202","","0","79 58:47.503","8","0","0","0","2301","0","0","0","N","0","0","0","2","02301","0","","1.0","","1","N","N","","0","","0","0","0","","3","","","2","1","0","0","0","1","0","2","0","2","","","","N","","","","","","","","","",""
"2013013115","","1","0","0","0","0","0","0","0","0","1","0","","02","2","2013","6","40.456804","-79.991121","1010","11","0","0","0","0","0","0","0","0","","0","0","0","","","1","","0","","40 27:24.494","","0","79 59:28.035","8","0","0","0","2301","0","0","0","N","0","0","0","3","02301","0","","1.0","","1","N","N","","0","","0","0","1","","0","","","2","1","0","0","0","1","0","2","0","2","","","","N","","","","","","","","","",""
"2013006930","","2","0","0","0","0","0","0","0","0","4","0","","02","1","2013","4","40.335841","-80.031319","1146","11","0","0","1","0","0","1","0","0","2","0","0","0","","","1","","2","","40 20:09.027","7","0","80 01:52.748","4","0","0","0","2407","0","0","0","N","0","0","0","2","02407","1","","1.0","","9","N","N","","0","","0","0","0","","3","Y","","2","1","2","0","0","0","0","2","0","2","","","","N","","","","","","","","","",""
"2013007758","","1","0","0","0","0","0","0","0","0","1","0","","02","1","2013","4","40.467634","-79.908741","1303","11","0","0","0","0","0","1","0","0","","0","0","0","","","0","","0","","40 28:03.483","","0","79 54:31.466","0","0","0","0","2301","0","0","0","N","0","0","0","2","02301","0","","1.0","","9","N","N","","0","","0","0","1","","0","","","2","0","0","0","0","0","0","2","0","2","","","","N","","","","","","","","","",""
"2013013116","","2","0","0","0","0","0","0","0","0","2","0","","02","2","2013","6","40.447036","-79.911374","0845","11","0","0","0","0","0","0","1","0","1","0","0","0","","","1","","1","","40 26:49.330","5","0","79 54:40.946","4","0","0","0","2301","0","0","0","N","0","0","0","4","02301","1","","1.0","","2","N","N","","0","","0","0","0","","3","N","","2","1","0","0","0","0","1","2","0","2","","","","N","","","","","","","","","",""
"2013006931","","1","0","0","0","0","0","0","0","0","1","0","","02","1","2013","7","40.336071","-80.019846","1836","11","0","0","0","0","0","0","0","0","","0","0","0","","","1","","1","","40 20:09.854","","0","80 01:11.446","4","0","0","0","2407","0","0","0","N","0","0","0","4","02407","1","","1.0","","1","N","N","","1","","0","0","1","","2","","","3","1","0","0","0","0","0","2","0","3","","","","N","","","","","","","","","",""
"2013007759","","1","0","0","0","0","0","0","0","0","7","0","","02","1","2013","1","40.471393","-79.810411","0920","11","0","0","0","0","0","0","0","0","","0","0","0","","","1","","0","","40 28:17.016","","0","79 48:37.480","4","0","0","0","2113","0","0","0","N","0","0","0","1","02113","1","","5.0","","1","N","N","","0","","0","0","0","","0","","","1","1","0","0","0","0","0","2","0","1","","","","N","","","","","","","","","",""
"2013013854","","1","0","0","0","0","0","0","0","0","1","0","","02","2","2013","1","40.452998","-79.979703","0254","11","0","0","0","0","0","0","0","0","","0","0","0","","","0","","0","","40 27:10.792","","0","79 58:46.930","0","0","0","0","2301","0","0","0","N","0","0","0","0","02301","0","","1.0","","9","N","N","","0","","0","0","0","","0","","","2","0","0","0","0","0","0","2","0","2","","","","N","","","","","","","","","",""
"2013013133","","2","0","0","0","0","0","0","0","0","4","0","","02","2","2013","6","40.404876","-79.825858","1016","11","0","0","0","0","0","1","0","0","","0","0","0","","","0","","0","","40 24:17.554","","0","79 49:33.089","9","0","0","0","2467","0","0","0","N","0","0","0","2","02467","0","","1.0","","9","N","N","","0","","0","0","0","","0","","","2","0","0","0","0","0","2","2","0","2","","","","N","","","","","","","","","",""
"2013006932","","1","0","0","1","0","0","0","0","0","8","0","","02","1","2013","1","40.342985","-80.035207","1822","11","0","0","0","0","0","0","0","0","","0","0","0","","","1","","2","","40 20:34.746","","0","80 02:06.745","8","0","0","0","2407","1","0","0","N","0","0","0","2","02407","0","","1.0","","1","N","N","","0","","0","0","0","","2","","","2","1","0","0","0","1","0","2","0","1","","","","N","","","","","","","","","",""
"2013007685","","1","0","0","0","0","0","0","0","0","4","0","","02","1","2013","7","40.454076","-79.996814","2010","11","0","0","0","0","1","0","0","0","2","0","0","0","","","1","","1","","40 27:14.672","1","0","79 59:48.532","8","0","0","0","2301","0","0","0","N","0","0","0","4","02301","0","","1.0","","1","N","N","","0","","0","0","0","","2","Y","","2","1","0","0","0","1","0","2","1","2","","","","N","","","","","","","","","",""
"2013007760","","1","0","0","0","0","0","1","0","0","4","1","","02","1","2013","7","40.437838","-79.964029","1321","11","0","0","0","0","0","1","1","0","1","0","0","0","","","1","","2","","40 26:16.216","4","0","79 57:50.504","4","0","0","0","2301","0","0","0","N","0","0","0","3","02503","1","","1.0","","1","N","N","","0","","0","0","0","","2","Y","","2","1","0","0","0","0","0","2","0","2","","","","N","","","","","","","","","",""
"2013006933","","2","0","0","0","0","0","0","0","0","1","0","25","02","1","2013","3","40.327838","-80.032524","1241","11","0","1","0","0","0","1","0","1","","0","0","0","","","1","","0","","40 19:40.215","","0","80 01:57.088","4","0","0","0","2407","0","0","0","N","0","0","0","3","02407","1","","1.0","","1","N","N","","0","","0","0","0","","7","","","3","1","0","0","0","0","0","2","1","3","","","Y","Y","2","3","N","Y","N","Y","N","N","N",""
"2013013119","","1","0","0","0","0","0","0","0","0","7","0","","02","2","2013","6","40.406565","-79.99236","1109","11","0","0","0","0","0","0","0","0","1","0","0","0","","","1","","0","","40 24:23.634","2","0","79 59:32.496","8","0","0","0","2301","0","0","0","N","0","0","0","1","02301","0","","2.0","","7","N","N","","0","","0","0","0","","0","N","","1","1","0","0","0","1","0","2","0","1","","","","N","","","","","","","","","",""
"2013013931","","1","0","0","0","0","0","0","0","0","1","0","","02","2","2013","7","40.37144","-79.801935","1101","11","0","0","0","0","0","0","1","0","","0","0","0","","","0","","0","","40 22:17.183","","0","79 48:06.967","0","0","0","0","2111","0","0","0","Y","0","0","0","1","02111","0","","6.0","","2","N","N","","1","","0","0","0","","0","","","2","0","0","0","0","0","0","2","0","2","","","","N","","","","","","","","","",""
"2013007687","","2","0","0","0","0","0","0","0","0","5","0","","02","1","2013","4","40.470271","-79.931789","0254","11","0","0","0","0","0","0","0","0","2","0","0","0","","","1","","2","","40 28:12.975","4","0","79 55:54.440","4","0","0","0","2301","0","0","0","N","0","0","0","3","02301","1","","2.0","","2","N","N","","0","","0","0","1","","0","Y","","3","1","0","0","0","0","1","2","0","3","","","","N","","","","","","","","","",""
"2013007749","","0","0","0","0","0","0","1","0","0","4","1","","02","1","2013","1","40.389708","-79.933338","0856","11","0","0","0","0","0","1","0","0","1","0","0","0","","","0","","2","","40 23:22.947","1","0","79 56:00.018","0","0","0","0","2301","0","0","0","N","0","0","0","2","02503","0","","1.0","","1","N","N","","1","","0","0","0","","2","Y","","2","0","0","0","0","0","0","2","0","2","","","","N","","","","","","","","","",""
"2013007072","","2","0","0","0","0","0","0","0","0","4","0","","02","1","2013","5","40.512097","-80.267596","2312","11","0","0","0","0","0","0","0","0","","0","0","0","","","1","","0","","40 30:43.548","","0","80 16:03.344","8","0","0","0","2203","0","0","0","N","0","0","0","2","02203","0","","1.0","","7","N","N","","0","","0","0","0","","0","","","2","1","0","0","0","1","0","2","0","2","","","","N","","","","","","","","","",""
"2013012370","","1","0","0","0","0","0","0","0","0","8","0","","02","1","2013","4","40.453297","-79.947387","2227","11","0","0","0","0","0","1","0","0","","0","0","0","","","1","","1","","40 27:11.869","","0","79 56:50.593","8","0","0","0","2301","1","0","0","N","1","0","0","2","02301","0","","1.0","","9","N","N","","0","","0","0","0","","2","","","2","1","0","0","0","1","0","2","0","1","","","","N","","","","","","","","","",""
"2013013120","","0","0","0","0","0","0","0","0","0","1","0","","02","2","2013","6","40.438745","-79.747766","1049","11","0","0","0","0","0","1","0","0","","0","0","0","","","1","","0","","40 26:19.481","","0","79 44:51.959","4","0","0","0","2446","0","0","0","N","0","0","0","4","02446","1","","1.0","","1","N","N","","1","","0","0","1","","0","","","2","1","0","0","0","0","0","2","0","2","","","","N","","","","","","","","","",""
"2013013919","","2","0","0","0","0","0","0","0","0","7","0","","02","2","2013","7","40.449473","-80.02601","1036","11","0","0","0","0","0","0","0","0","1","0","0","0","","","0","","0","","40 26:58.103","2","0","80 01:33.637","0","0","0","0","2301","0","0","0","N","0","0","0","3","02301","0","","2.0","","2","N","N","","0","","0","0","0","","0","N","","2","0","0","0","0","0","0","2","0","2","","","","N","","","","","","","","","",""
"2013013136","","0","0","0","0","0","0","0","0","0","4","0","","02","2","2013","6","40.476873","-80.066015","1030","11","0","0","0","0","0","1","0","0","","0","0","0","","","0","","2","","40 28:36.744","","0","80 03:57.655","0","0","0","0","2122","0","0","0","N","0","0","0","2","02122","0","","1.0","","1","N","N","","2","","0","0","0","","0","","","2","0","0","0","0","0","0","2","0","2","","","","N","","","","","","","","","",""
"2013007763","","1","0","0","0","0","0","0","0","0","4","0","","02","1","2013","6","40.390691","-80.074117","1800","11","0","0","0","0","0","0","0","0","2","0","0","0","","","2","","0","","40 23:26.487","5","0","80 04:26.822","4","0","0","0","2117","0","0","0","N","0","0","0","4","02117","2","","1.0","","1","N","N","","0","","0","0","1","","0","Y","","2","2","0","0","0","0","0","2","0","2","","","","N","","","","","","","","","",""
"2013007073","","1","0","0","0","0","0","0","0","0","7","0","","02","1","2013","4","40.468886","-79.862748","0219","11","0","0","0","0","0","0","0","0","","0","0","0","","","0","","0","","40 28:07.991","","0","79 51:45.894","0","0","0","0","2113","0","0","0","N","0","0","0","1","02113","0","","5.0","","7","N","N","","0","","0","0","0","","0","","","1","0","0","0","0","0","0","2","0","1","","","","N","","","","","","","","","",""
"2013013138","","2","0","0","0","0","0","0","0","0","4","0","","02","2","2013","6","40.47466","-80.095869","1213","11","0","0","0","0","0","2","0","0","1","0","0","0","","","0","","0","","40 28:28.775","4","7","80 05:45.129","0","0","0","0","2126","0","0","0","N","0","0","0","2","02126","0","","1.0","","1","N","N","","0","","0","0","0","","3","N","","2","0","0","0","0","0","0","2","0","2","","","","N","","","","","","","","","",""
"2013006196","","0","0","0","0","0","0","0","0","0","0","0","","02","1","2013","7","40.583058","-80.195337","1236","11","0","0","0","0","0","0","0","1","1","0","0","0","","","0","","2","","40 34:59.008","6","0","80 11:43.213","0","0","0","0","2480","0","0","0","N","0","0","0","2","02480","0","","4.0","","1","N","N","","0","","0","0","1","","3","Y","","1","0","0","0","0","0","0","1","0","1","","","","N","","","","","","","","","",""
"2013013125","","0","0","0","0","0","0","0","0","0","7","0","","02","2","2013","6","40.411584","-79.944873","1041","11","0","0","0","0","0","0","0","0","","0","0","0","","","0","","0","","40 24:41.704","","0","79 56:41.544","0","0","0","0","2301","0","0","0","N","0","0","0","1","02301","0","","4.0","","2","N","N","","0","","0","0","1","","0","","","1","0","0","0","0","0","0","2","0","1","","","","N","","","","","","","","","",""
"2013007753","","1","0","0","0","0","0","0","0","0","7","0","","02","1","2013","1","40.558324","-80.171185","0835","11","0","0","0","0","0","0","0","0","","0","0","0","","","0","","2","","40 33:29.966","","0","80 10:16.266","0","0","0","0","2459","0","0","0","N","0","0","0","1","02459","0","","2.0","","1","N","N","","0","","0","0","0","","0","","","1","0","0","0","0","0","0","1","0","1","","","","N","","","","","","","","","",""
"2013007692","","2","0","0","0","0","0","0","0","0","6","0","","02","1","2013","1","40.432576","-80.030035","0045","11","0","0","0","1","0","0","0","0","","0","0","0","","","0","","2","","40 25:57.273","","0","80 01:48.126","0","0","0","0","2301","0","0","0","N","0","0","0","2","02301","0","","1.0","","1","N","N","","0","","0","0","0","","0","","","2","0","0","0","0","0","0","2","0","2","","","","N","","","","","","","","","",""
"2013007754","","2","0","0","0","0","0","0","0","0","4","0","","02","1","2013","7","40.453529","-80.05402","1345","11","0","0","0","0","0","1","1","0","","0","0","0","","","0","","0","","40 27:12.704","","0","80 03:14.472","0","0","0","0","2301","0","0","0","N","0","0","0","3","02301","0","","1.0","","1","N","N","","0","","0","0","0","","0","","","2","0","0","0","0","0","0","2","0","2","","","","N","","","","","","","","","",""
"2013013862","","1","0","0","0","0","0","0","0","0","7","0","","02","1","2013","5","40.497992","-80.110753","0633","11","0","0","0","0","0","0","0","0","5","0","0","0","","","0","","0","","40 29:52.770","5","0","80 06:38.711","9","0","0","0","2126","0","0","0","Y","0","0","0","2","02126","0","","5.0","","7","N","N","","0","","0","0","0","","0","N","","1","0","0","0","0","0","1","2","0","1","","","","N","","","","","","","","","",""
"2013012375","","1","0","0","0","0","0","0","0","0","7","0","","02","1","2013","2","40.304836","-79.839406","1015","11","0","0","0","0","0","1","0","0","1","0","0","0","","","0","","0","","40 18:17.409","2","0","79 50:21.863","0","0","0","0","2443","0","0","0","N","0","0","0","1","02443","0","","5.0","","6","N","N","","0","","0","0","0","","0","N","","1","0","0","0","0","0","0","1","0","1","","","","N","","","","","","","","","",""
"2013007835","","0","0","0","0","0","0","0","0","0","7","0","","02","1","2013","4","40.496781","-79.91651","1045","11","0","0","0","0","0","1","0","0","","0","0","0","","","1","","0","","40 29:48.412","","0","79 54:59.437","4","0","0","0","2112","0","0","0","N","0","0","0","1","68D02","1","","2.0","","1","Y","Y","","0","","0","0","1","","0","","","1","1","0","0","0","0","0","2","0","1","","","","N","","","","","","","","","",""
"2013012519","","1","0","0","0","0","0","0","0","0","7","0","","02","1","2013","5","40.515393","-79.791613","0854","11","0","0","0","0","0","1","0","0","","0","0","0","","","0","","0","","40 30:55.413","","0","79 47:29.808","0","0","0","0","2466","0","0","0","N","0","0","0","1","02466","0","","4.0","","6","N","N","","0","","0","0","0","","0","","","1","0","0","0","0","0","0","2","0","1","","","","N","","","","","","","","","",""
"2013014876","","1","0","0","0","0","0","0","0","0","7","0","","02","2","2013","7","40.491829","-80.079878","1647","11","0","0","0","0","0","1","0","0","2","0","0","0","","","0","","10","","40 29:30.584","2","3","80 04:47.560","0","0","0","0","2110","0","0","0","N","0","0","0","1","02215","0","","3.0","","7","N","N","","0","","0","0","0","","0","N","","1","0","0","0","0","0","0","2","0","1","","","","N","","","","","","","","","",""
"2013012378","","1","0","0","0","0","0","0","0","0","4","0","","02","1","2013","2","40.2684","-79.902394","0608","11","0","0","0","0","0","0","1","0","","0","0","0","","","1","","0","","40 16:06.241","","0","79 54:08.617","4","0","0","0","2440","0","0","0","N","0","0","0","2","02440","1","","1.0","","9","N","N","","0","","0","0","1","","0","","","2","1","0","0","0","0","0","2","0","2","","","","N","","","","","","","","","",""
"2013013943","","1","0","0","0","0","0","0","0","0","7","0","","02","2","2013","1","40.393733","-79.930613","0740","11","0","0","0","0","0","0","0","0","2","0","0","0","","","0","","0","","40 23:37.439","1","0","79 55:50.205","0","0","0","0","2301","0","0","0","N","0","0","0","1","02403","0","","2.0","","2","N","N","","0","","0","0","0","","0","N","","1","0","0","0","0","0","0","2","0","1","","","","N","","","","","","","","","",""
"2013013209","","2","0","0","0","0","0","0","0","0","1","0","","02","2","2013","6","40.490272","-79.869964","1540","11","0","0","0","0","0","1","1","0","","0","0","0","","","2","","1","","40 29:24.980","","0","79 52:11.872","8","0","0","0","2112","0","0","0","N","0","0","0","2","02112","0","","1.0","","1","N","N","","0","","0","0","0","","2","","","2","2","0","0","0","2","0","2","0","2","","","","N","","","","","","","","","",""
"2013014010","","2","0","0","0","0","0","0","0","0","2","0","","02","2","2013","7","40.50232","-79.844645","1442","11","0","0","0","0","0","0","0","0","1","0","0","0","","","0","","0","","40 30:08.352","1","0","79 50:40.722","9","0","0","0","2468","0","0","0","N","0","0","0","1","02468","0","","6.0","","9","N","N","","0","","0","0","0","","0","N","","2","0","0","0","0","0","1","2","0","2","","","","N","","","","","","","","","",""
"2013014758","","1","0","0","0","0","0","0","0","0","7","0","","02","2","2013","2","40.491246","-80.010878","1701","11","0","0","0","0","0","0","0","0","2","0","0","0","","","0","","0","","40 29:28.484","1","0","80 00:39.162","0","0","0","0","2301","0","0","0","N","0","0","0","3","02301","0","","2.0","","7","N","N","","0","","0","0","0","","0","N","","1","0","2","0","0","0","0","2","0","1","","","","N","","","","","","","","","",""
"2013013879","","1","0","0","0","0","0","0","0","0","7","0","","02","1","2013","7","40.439119","-79.820892","0201","11","0","0","0","0","0","0","0","0","","0","0","0","","","0","","0","","40 26:20.828","","0","79 49:15.211","0","0","0","0","2124","0","0","0","N","0","0","0","1","02124","0","","4.0","","2","N","N","","0","","0","0","0","","0","","","1","0","0","0","0","0","0","2","0","1","","","","N","","","","","","","","","",""
"2013013880","","2","0","0","0","0","0","0","0","0","1","0","","02","1","2013","7","","","1533","11","0","0","0","0","0","1","0","0","","0","0","0","","","2","","0","","","","3","","8","0","0","0","2124","0","0","0","N","0","0","0","11","02124","0","","1.0","","1","N","N","","1","","0","0","1","","0","","","4","2","0","0","0","2","0","1","0","4","","","","N","","","","","","","","","",""
"2013013149","","1","0","0","0","0","0","0","0","0","7","0","","02","1","2013","2","40.284537","-79.911165","0808","11","0","0","2","0","0","0","0","0","1","0","0","0","","","1","","0","","40 17:04.332","2","0","79 54:40.194","8","0","0","0","2440","0","0","0","N","0","0","0","2","02440","0","","5.0","","2","N","N","","0","","0","0","0","","0","Y","","2","1","0","0","0","1","0","2","1","2","","","","N","","","","","","","","","",""
"2013014030","","0","0","0","0","0","0","0","0","0","7","0","","02","1","2013","1","40.368601","-79.781419","1555","11","0","0","0","0","0","1","0","0","4","0","0","0","","","1","","0","","40 22:06.965","3","0","79 46:53.110","8","0","0","0","2111","0","0","0","N","0","0","0","1","02111","0","","2.0","","1","N","N","","1","","0","0","0","","0","N","","1","1","0","0","0","1","0","2","0","1","","","","N","","","","","","","","","",""
"2013013869","","0","0","0","0","0","0","0","0","0","4","0","","02","1","2013","4","40.426039","-79.834842","1752","11","0","0","0","0","0","1","0","0","","0","0","0","","","2","","1","","40 25:33.739","","0","79 50:05.430","4","0","0","0","2124","0","0","0","Y","0","0","0","2","02124","2","","1.0","","1","N","N","","0","","0","0","2","","2","","","2","2","0","0","0","0","0","2","0","2","","","","N","","","","","","","","","",""
"2013013882","","1","0","0","0","0","0","0","0","0","7","0","","02","1","2013","7","40.420666","-79.817291","1253","11","0","0","0","0","0","0","0","0","2","0","0","0","","","1","","0","","40 25:14.397","6","0","79 49:02.249","2","0","0","0","2124","0","0","0","N","0","0","0","1","02124","0","","5.0","","9","N","N","","0","","0","1","0","","0","Y","","1","1","1","0","1","0","0","2","0","1","","","","N","","","","","","","","","",""
"2013013946","","0","0","0","0","0","0","0","0","0","99","0","","02","2","2013","7","40.596767","-80.111608","1704","11","0","1","0","0","0","0","0","0","","0","0","0","","","0","","0","","40 35:48.360","","0","80 06:41.790","0","0","0","0","2481","0","0","0","N","0","0","0","1","02481","0","","5.0","","7","N","N","","0","","0","0","1","","0","","","1","0","0","0","0","0","0","2","0","1","","","","N","","","","","","","","","",""
"2013013213","","0","0","0","0","0","0","0","0","0","1","0","","02","1","2013","5","40.576121","-80.014779","0759","11","0","0","1","0","0","1","0","0","","0","0","0","","","1","","2","","40 34:34.036","","0","80 00:53.204","4","0","0","0","2108","0","0","0","N","0","0","0","2","02108","1","","1.0","","2","N","N","","0","","0","0","2","","0","","","2","1","0","0","0","0","0","2","0","2","","","","N","","","","","","","","","",""
"2013012524","","1","0","0","0","0","0","0","0","0","1","0","","02","1","2013","6","40.432757","-79.799831","1219","11","0","0","0","0","0","0","1","0","","0","0","0","","","1","","0","","40 25:57.925","","0","79 47:59.391","8","0","0","0","2446","0","0","0","N","0","0","0","3","02446","0","","2.0","","7","N","N","","1","","0","0","1","","2","","","3","1","0","0","0","1","0","2","0","3","","","","N","","","","","","","","","",""
"2013006207","","1","0","0","0","0","0","0","0","0","4","0","","02","1","2013","2","40.303531","-80.03047","1520","11","0","0","0","0","0","0","0","1","2","0","0","0","","","0","","0","","40 18:12.711","1","0","80 01:49.692","0","0","0","0","2407","0","0","0","N","0","0","0","3","02407","0","","1.0","","1","N","N","","0","","0","0","1","","0","N","","2","0","0","0","0","0","0","2","0","2","","","","N","","","","","","","","","",""
"2013013883","","1","0","0","0","0","0","0","0","0","7","0","","02","1","2013","5","40.429763","-79.816378","9999","11","0","0","0","0","0","0","0","0","","0","0","0","","","0","","0","","40 25:47.145","","0","79 48:58.962","0","0","0","0","2124","0","0","0","N","0","0","0","4","02124","0","","4.0","","6","N","N","","0","","0","0","0","","0","","","1","0","0","0","0","0","0","2","0","1","","","","N","","","","","","","","","",""
"2013013214","","0","0","0","0","0","0","0","0","0","7","0","","02","1","2013","5","40.561246","-79.996739","0815","11","0","0","0","0","0","0","0","0","","0","0","0","","","0","","0","","40 33:40.485","","0","79 59:48.260","0","0","0","0","2108","0","0","0","N","0","0","0","1","02108","0","","5.0","","7","N","N","","0","","0","0","1","","0","","","1","0","0","0","0","0","0","2","0","1","","","","N","","","","","","","","","",""
"2013014015","","1","0","0","0","0","0","0","0","0","1","1","","02","2","2013","7","40.659857","-80.047773","1340","11","0","0","0","0","0","0","0","0","2","0","1","0","","","0","","0","","40 39:35.485","4","0","80 02:51.981","0","0","0","0","2216","0","0","0","N","0","0","0","3","02505","0","","1.0","","6","N","N","","0","","0","0","0","","0","N","","2","0","0","0","0","0","0","2","0","2","","","","N","","","","","","","","","",""