"CRN","ARRIVAL_TM","AUTOMOBILE_COUNT","BELTED_DEATH_COUNT","BELTED_SUSP_SERIOUS_INJ_COUNT","BICYCLE_COUNT","BICYCLE_DEATH_COUNT","BICYCLE_SUSP_SERIOUS_INJ_COUNT","BUS_COUNT","CHLDPAS_DEATH_COUNT","CHLDPAS_SUSP_SERIOUS_INJ_COUNT","COLLISION_TYPE","COMM_VEH_COUNT","CONS_ZONE_SPD_LIM","COUNTY","CRASH_MONTH","CRASH_YEAR","DAY_OF_WEEK","DEC_LATITUDE","DEC_LONGITUDE","DISPATCH_TM","DISTRICT","DRIVER_COUNT_16YR","DRIVER_COUNT_17YR","DRIVER_COUNT_18YR","DRIVER_COUNT_19YR","DRIVER_COUNT_20YR","DRIVER_COUNT_50_64YR","DRIVER_COUNT_65_74YR","DRIVER_COUNT_75PLUS","EST_HRS_CLOSED","FATAL_COUNT","HEAVY_TRUCK_COUNT","HORSE_BUGGY_COUNT","HOUR_OF_DAY","ILLUMINATION","INJURY_COUNT","INTERSECTION_RELATED","INTERSECT_TYPE","LANE_CLOSED","LATITUDE","LN_CLOSE_DIR","LOCATION_TYPE","LONGITUDE","MAX_SEVERITY_LEVEL","MCYCLE_DEATH_COUNT","MCYCLE_SUSP_SERIOUS_INJ_COUNT","MOTORCYCLE_COUNT","MUNICIPALITY","NONMOTR_COUNT","NONMOTR_DEATH_COUNT","NONMOTR_SUSP_SERIOUS_INJ_COUNT","NTFY_HIWY_MAINT","PED_COUNT","PED_DEATH_COUNT","PED_SUSP_SERIOUS_INJ_COUNT","PERSON_COUNT","POLICE_AGCY","POSSIBLE_INJ_COUNT","RDWY_SURF_TYPE_CD","RELATION_TO_ROAD","ROADWAY_CLEARED","ROAD_CONDITION","SCH_BUS_IND","SCH_ZONE_IND","SECONDARY_CRASH","SMALL_TRUCK_COUNT","SPEC_JURIS_CD","SUSP_MINOR_INJ_COUNT","SUSP_SERIOUS_INJ_COUNT","SUV_COUNT","TCD_FUNC_CD","TCD_TYPE","TFC_DETOUR_IND","TIME_OF_DAY","TOTAL_UNITS","TOT_INJ_COUNT","UNBELTED_OCC_COUNT","UNB_DEATH_COUNT","UNB_SUSP_SERIOUS_INJ_COUNT","UNK_INJ_DEG_COUNT","UNK_INJ_PER_COUNT","URBAN_RURAL","VAN_COUNT","VEHICLE_COUNT","WEATHER1","WEATHER2","WORKERS_PRES","WORK_ZONE_IND","WORK_ZONE_LOC","WORK_ZONE_TYPE","WZ_CLOSE_DETOUR","WZ_FLAGGER","WZ_LAW_OFFCR_IND","WZ_LN_CLOSURE","WZ_MOVING","WZ_OTHER","WZ_SHLDER_MDN","WZ_WORKERS_INJ_KILLED"
"2013006208","","2","0","0","0","0","0","0","0","0","4","0","","02","1","2013","2","40.535919","-80.183038","1341","11","0","0","0","1","0","0","0","0","2","0","0","0","","","1","","1","","40 32:09.307","2","0","80 10:58.935","8","0","0","0","2458","0","0","0","N","0","0","0","2","02458","0","","1.0","","1","N","N","","0","","0","0","0","","2","N","","2","1","1","0","0","1","0","2","0","2","","","","N","","","","","","","","","",""
"2013013215","","0","0","0","0","0","0","0","0","0","7","0","","02","1","2013","7","40.504907","-80.187988","0131","11","0","0","0","0","0","0","0","0","2","0","0","0","","","1","","0","","40 30:17.664","3","0","80 11:16.756","4","0","0","0","2213","0","0","0","N","0","0","0","1","02213","1","","4.0","","1","N","N","","0","","0","0","1","","0","N","","1","1","0","0","0","0","0","2","0","1","","","","N","","","","","","","","","",""
"2013013216","","1","0","0","0","0","0","0","0","0","7","0","","02","1","2013","6","40.490454","-80.204964","1121","11","0","0","0","0","0","0","0","0","2","0","0","0","","","1","","0","","40 29:25.635","3","0","80 12:17.869","4","0","0","0","2213","0","0","0","N","0","0","0","1","02213","1","","1.0","","7","N","N","","0","","0","0","0","","0","N","","1","1","0","0","0","0","0","2","0","1","","","","N","","","","","","","","","",""
"2013013886","","1","0","0","0","0","0","0","0","0","7","0","","02","2","2013","7","40.36159","-80.019818","1751","11","0","0","0","0","0","0","0","0","1","0","0","0","","","0","","2","","40 21:41.724","6","0","80 01:11.344","0","0","0","0","2416","0","0","0","N","0","0","0","1","02416","0","","4.0","","7","N","N","","0","","0","0","0","","0","Y","","1","0","0","0","0","0","0","2","0","1","","","","N","","","","","","","","","",""
"2013013217","","2","0","0","0","0","0","0","0","0","4","0","","02","1","2013","5","40.498626","-80.207815","1450","11","0","0","0","1","0","0","0","0","1","0","0","0","","","1","","1","","40 29:55.053","1","0","80 12:28.134","4","0","0","0","2213","0","0","0","N","0","0","0","3","02213","1","","1.0","","9","N","N","","0","","0","0","1","","3","Y","","3","1","0","0","0","0","0","2","0","3","","","","N","","","","","","","","","",""
"2013012332","","2","0","0","0","0","0","0","0","0","4","0","","02","1","2013","4","40.625112","-80.054172","1633","11","0","0","0","0","0","1","0","1","2","0","0","0","","","3","","1","","40 37:30.403","4","0","80 03:15.019","3","0","0","0","2216","0","0","0","N","0","0","0","3","02505","0","","1.0","","9","N","N","","0","","3","0","0","","0","N","","2","3","0","0","0","0","0","2","0","2","","","","N","","","","","","","","","",""
"2013013887","","1","0","0","0","0","0","0","0","0","7","0","","02","2","2013","7","40.369711","-80.030955","2000","11","0","0","0","0","0","0","0","0","1","0","0","0","","","0","","0","","40 22:10.961","3","0","80 01:51.439","0","0","0","0","2416","0","0","0","N","0","0","0","2","02416","0","","5.0","","7","N","N","","0","","0","0","0","","0","N","","1","0","0","0","0","0","0","2","0","1","","","","N","","","","","","","","","",""
"2013014024","","1","0","0","0","0","0","0","0","0","99","0","","02","1","2013","3","40.378279","-79.813304","1904","11","0","0","0","0","0","0","0","0","","0","0","0","","","0","","0","","40 22:41.806","","0","79 48:47.893","0","0","0","0","2111","0","0","0","N","0","0","0","1","02111","0","","1.0","","9","N","N","","0","","0","0","0","","0","","","1","0","0","0","0","0","0","2","0","1","","","","N","","","","","","","","","",""
"2013007705","","1","0","0","0","0","0","1","0","0","7","1","","02","1","2013","6","40.362366","-79.931995","0502","11","0","0","0","0","0","2","0","0","1","0","0","0","","","0","","1","","40 21:44.516","1","0","79 55:55.181","0","0","0","0","2472","0","0","0","Y","0","0","0","2","02503","0","","4.0","","7","N","N","","0","","0","0","0","","2","N","","2","0","0","0","0","0","0","2","0","2","","","","N","","","","","","","","","",""
"2013007093","","1","0","0","0","0","0","0","0","0","7","0","","02","1","2013","6","40.451292","-79.826635","0332","11","0","0","0","0","0","0","0","0","1","0","0","0","","","0","","0","","40 27:04.651","2","0","79 49:35.885","0","0","0","0","2113","0","0","0","N","0","0","0","1","02113","0","","4.0","","2","N","N","","0","","0","0","0","","0","N","","1","0","0","0","0","0","0","2","0","1","","","","N","","","","","","","","","",""
"2013014025","","1","0","0","0","0","0","0","0","0","4","0","","02","2","2013","7","40.548721","-79.838129","1803","11","0","0","0","0","0","0","0","0","","0","0","0","","","0","","2","","40 32:55.396","","0","79 50:17.265","0","0","0","0","2208","0","0","0","N","0","0","0","2","02208","0","","1.0","","7","N","N","","0","","0","0","1","","3","","","2","0","0","0","0","0","0","2","0","2","","","","N","","","","","","","","","",""
"2013007719","","1","0","0","0","0","0","0","0","0","1","0","","02","1","2013","7","40.434144","-79.732452","1413","11","0","0","0","0","0","0","0","0","","0","0","0","","","1","","2","","40 26:02.918","","0","79 43:56.828","4","0","0","1","2446","0","0","0","N","0","0","0","2","02446","1","","1.0","","1","N","N","","0","","0","0","0","","2","","","2","1","0","0","0","0","0","2","0","2","","","","N","","","","","","","","","",""
"2013014026","","0","0","0","0","0","0","0","0","0","7","0","","02","2","2013","7","40.391846","-80.004917","2219","11","0","0","0","0","0","0","0","0","1","0","0","0","","","1","","0","","40 23:30.645","2","0","80 00:17.701","8","0","0","0","2301","0","0","0","N","0","0","0","2","02301","0","","2.0","","7","N","N","","0","","0","0","1","","3","N","","1","1","2","0","0","1","0","2","0","1","","","","N","","","","","","","","","",""
"2013013089","","3","0","0","0","0","0","0","0","0","4","0","","02","2","2013","6","40.442439","-79.995878","0713","11","0","0","0","0","0","0","1","0","","0","0","0","","","1","","1","","40 26:32.780","","0","79 59:45.160","4","0","0","0","2301","0","0","0","","0","0","0","5","02301","1","","1.0","","9","N","N","","0","","0","0","0","","1","","","3","1","0","0","0","0","0","2","0","3","","","","N","","","","","","","","","",""
"2013013954","","2","0","0","0","0","0","0","0","0","1","0","","02","2","2013","1","40.478565","-79.94307","0914","11","0","0","0","0","0","0","0","0","1","0","0","0","","","0","","0","","40 28:42.834","5","0","79 56:35.052","0","0","0","0","2301","0","0","0","N","0","0","0","1","02301","0","","4.0","","6","N","N","","1","","0","0","1","","0","Y","","4","0","0","0","0","0","0","2","0","4","","","","N","","","","","","","","","",""
"2013013090","","1","0","0","0","0","0","0","0","0","1","0","","02","2","2013","6","40.429267","-79.999168","0820","11","0","0","0","0","0","0","0","0","1","0","0","0","","","1","","10","","40 25:45.362","1","3","79 59:57.003","4","0","0","0","2301","0","0","0","N","0","0","0","3","02301","1","","1.0","","9","N","N","","0","","0","0","2","","0","N","","4","1","0","0","0","0","0","2","0","3","","","","N","","","","","","","","","",""
"2013007709","","1","0","0","0","0","0","0","0","0","7","0","","02","1","2013","7","40.425013","-79.953068","0144","11","0","0","0","0","0","0","0","0","","0","0","0","","","0","","0","","40 25:30.046","","0","79 57:11.045","0","0","0","0","2301","0","0","0","N","0","0","0","1","02301","0","","4.0","","1","N","N","","0","","0","0","0","","0","","","1","0","0","0","0","0","0","2","0","1","","","","N","","","","","","","","","",""
"2013012338","","1","0","0","0","0","0","0","0","0","4","0","","02","1","2013","4","40.465814","-79.838695","1955","11","0","0","0","0","0","1","0","0","","0","0","0","","","1","","0","","40 27:56.929","","0","79 50:19.301","4","0","0","0","2113","0","0","0","N","0","0","0","3","02113","1","","1.0","","9","N","N","","0","","0","0","1","","0","","","2","1","0","0","0","0","0","2","0","2","","","","N","","","","","","","","","",""
"2013007031","","1","0","0","0","0","0","0","0","0","5","0","","02","1","2013","5","40.478211","-79.945256","1616","11","0","1","0","0","0","0","0","0","","0","0","0","","","1","","0","","40 28:41.559","","0","79 56:42.921","4","0","0","0","2301","0","0","0","N","0","0","0","3","02301","1","","1.0","","1","N","N","","0","","0","0","0","","0","","","2","1","0","0","0","0","0","2","1","2","","","","N","","","","","","","","","",""
"2013007098","","1","0","0","0","0","0","0","0","0","7","0","","02","1","2013","6","40.648937","-79.934802","0310","11","0","0","1","0","0","0","0","0","","0","0","0","","","0","","0","","40 38:56.173","","0","79 56:05.287","0","0","0","0","2217","0","0","0","N","0","0","0","4","02505","0","","5.0","","7","N","N","","0","","0","0","0","","0","","","1","0","0","0","0","0","0","2","0","1","","","","N","","","","","","","","","",""
"2013007032","","0","0","0","0","0","0","0","0","0","8","0","","02","1","2013","5","40.449819","-79.929656","1834","11","0","0","0","0","0","1","0","0","","0","0","0","","","1","","1","","40 26:59.348","","0","79 55:46.761","4","0","0","0","2301","1","0","0","N","1","0","0","2","02301","1","","1.0","","1","N","N","","0","","0","0","1","","2","","","2","1","0","0","0","0","0","2","0","1","","","","N","","","","","","","","","",""
"2013013833","","2","0","0","0","0","0","0","0","0","4","0","","02","2","2013","7","40.440258","-79.977221","0630","11","0","0","0","0","0","0","0","0","","0","0","0","","","0","","0","","40 26:24.928","","0","79 58:37.995","0","0","0","0","2301","0","0","0","N","0","0","0","0","02301","0","","6.0","","1","N","N","","0","","0","0","1","","0","","","3","0","0","0","0","0","0","2","0","3","","","","N","","","","","","","","","",""
"2013012342","","1","0","0","0","0","0","0","0","0","4","0","","02","1","2013","3","40.288109","-80.026","1959","11","0","0","0","0","0","1","0","0","1","0","0","0","","","1","","0","","40 17:17.192","1","0","80 01:33.599","4","0","0","0","2219","0","0","0","N","0","0","0","3","02219","1","","1.0","","1","N","N","","0","","0","0","0","","0","N","","2","1","0","0","0","0","0","2","1","2","","","","N","","","","","","","","","",""
"2013013975","","0","0","0","0","0","0","0","0","0","4","0","","02","2","2013","1","40.426227","-79.96752","1051","11","0","0","0","0","0","0","0","0","","0","0","0","","","0","","1","","40 25:34.417","","0","79 58:03.072","0","0","0","0","2301","0","0","0","N","0","0","0","2","02301","0","","1.0","","9","N","N","","0","","0","0","2","","3","","","2","0","0","0","0","0","0","2","0","2","","","","N","","","","","","","","","",""
"2013012484","","2","0","0","0","0","0","0","0","0","1","0","","02","1","2013","4","40.612102","-79.953594","0812","11","0","0","0","0","0","0","0","0","","0","0","0","","","0","","0","","40 36:43.566","","0","79 57:12.939","0","0","0","0","2207","0","0","0","N","0","0","0","4","68T02","0","","1.0","","9","N","N","","0","","0","0","0","","0","","","2","0","1","0","0","0","0","2","0","2","","","","N","","","","","","","","","",""
"2013014046","","2","0","0","0","0","0","0","0","0","1","0","","02","2","2013","6","40.633181","-79.954523","1912","11","0","0","1","0","0","1","0","0","1","0","0","0","","","0","","2","","40 37:59.453","3","0","79 57:16.283","0","0","0","0","2217","0","0","0","N","0","0","0","4","02505","0","","1.0","","9","N","N","","1","","0","0","0","","2","N","","3","0","0","0","0","0","0","2","0","3","","","","N","","","","","","","","","",""
"2013006974","","1","0","0","0","0","0","0","0","0","7","0","","02","1","2013","3","40.422637","-80.102906","1844","11","0","0","0","0","0","0","0","0","1","0","0","0","","","0","","0","","40 25:21.493","3","2","80 06:10.460","0","0","0","0","2115","0","0","0","N","0","0","0","1","68B03","0","","4.0","","2","N","N","","0","","0","0","0","","0","N","","1","0","0","0","0","0","0","2","0","1","","","","N","","","","","","","","","",""
"2013007789","","2","0","0","0","0","0","0","0","0","4","0","","02","1","2013","5","40.40886","-79.895737","1528","11","0","0","0","0","0","1","0","0","","0","0","0","","","1","","2","","40 24:31.896","","0","79 53:44.652","4","0","0","0","2448","0","0","0","N","0","0","0","2","02448","1","","1.0","","1","N","N","","0","","0","0","0","","0","","","2","1","0","0","0","0","0","2","0","2","","","","N","","","","","","","","","",""
"2013013976","","2","0","0","0","0","0","0","0","0","4","0","","02","2","2013","1","40.441003","-80.006197","1000","11","0","0","0","0","1","1","0","0","1","0","0","0","","","0","","0","","40 26:27.610","3","0","80 00:22.310","0","0","0","0","2301","0","0","0","N","0","0","0","2","02301","0","","1.0","","9","N","N","","0","","0","0","0","","0","N","","2","0","0","0","0","0","0","2","0","2","","","","N","","","","","","","","","",""
"2013012485","","0","0","0","0","0","0","0","0","0","7","0","","02","1","2013","6","40.494153","-79.782977","1543","11","0","0","0","0","0","0","0","0","2","0","0","0","","","0","","0","","40 29:38.950","4","3","79 46:58.716","0","0","0","0","2466","0","0","0","N","0","0","0","1","68T02","0","","3.0","","7","N","N","","1","","0","0","0","","0","N","","1","0","0","0","0","0","0","2","0","1","","","","N","","","","","","","","","",""
"2013008476","","0","0","0","0","0","0","0","0","0","7","0","","02","1","2013","2","40.593259","-80.061072","1449","11","0","0","0","0","0","0","0","0","1","0","0","0","","","0","","2","","40 35:35.732","4","0","80 03:39.858","0","0","0","0","2108","0","0","0","N","0","0","0","1","02108","0","","4.0","","7","N","N","","0","","0","0","1","","3","N","","1","0","0","0","0","0","0","2","0","1","","","","N","","","","","","","","","",""
"2013013098","","2","0","0","0","0","0","0","0","0","2","0","","02","2","2013","6","40.427211","-79.989774","0833","11","0","0","0","0","0","0","0","0","","0","0","0","","","0","","2","","40 25:37.959","","0","79 59:23.186","0","0","0","0","2301","0","0","0","N","0","0","0","2","02301","0","","1.0","","9","N","N","","0","","0","0","0","","3","","","2","0","0","0","0","0","0","2","0","2","","","","N","","","","","","","","","",""
"2013012414","","1","0","0","0","0","0","0","0","0","7","0","","02","1","2013","2","40.450469","-79.994285","1036","11","0","0","0","0","0","0","0","0","1","0","0","0","","","0","","0","","40 27:01.690","2","3","79 59:39.426","0","0","0","0","2301","0","0","0","N","0","0","0","2","68B03","0","","2.0","","1","N","N","","0","","0","0","0","","0","N","","1","0","0","0","0","0","0","2","0","1","","","","N","","","","","","","","","",""
"2013014049","","1","0","0","0","0","0","0","0","0","0","0","","02","2","2013","7","40.364794","-79.869659","1244","11","0","0","0","0","0","0","0","0","","0","0","0","","","0","","0","","40 21:53.257","","0","79 52:10.773","0","0","0","0","2473","0","0","0","N","0","0","0","1","02473","0","","1.0","","7","N","N","","0","","0","0","0","","0","","","1","0","0","0","0","0","0","2","0","1","","","","N","","","","","","","","","",""
"2013008477","","1","0","0","0","0","0","0","0","0","7","0","","02","1","2013","2","40.58488","-80.04308","1500","11","0","0","0","0","0","0","0","0","2","0","0","0","","","1","","0","","40 35:05.567","1","0","80 02:35.089","8","0","0","0","2108","0","0","0","N","0","0","0","1","02108","0","","4.0","","7","N","N","","0","","0","0","0","","0","N","","1","1","0","0","0","1","0","2","0","1","","","","N","","","","","","","","","",""
"2013012415","","1","0","0","0","0","0","0","0","0","7","0","","02","1","2013","2","40.442896","-80.008887","2056","11","0","0","0","0","0","1","0","0","2","0","0","0","","","0","","0","","40 26:34.427","2","3","80 00:31.993","0","0","0","0","2301","0","0","0","Y","0","0","0","2","68B03","0","","4.0","","9","N","N","","0","","0","0","0","","0","N","","1","0","0","0","0","0","0","2","0","1","","","","N","","","","","","","","","",""
"2013013168","","0","0","0","0","0","0","0","0","0","7","0","","02","1","2013","7","40.512687","-80.056439","1713","11","0","0","0","0","0","0","0","0","","0","0","0","","","0","","0","","40 30:45.672","","0","80 03:23.180","0","0","0","0","2116","0","0","0","","0","0","0","1","02116","0","","4.0","","2","","","","0","","0","0","1","","0","","","1","0","0","0","0","0","0","2","0","1","","","","N","","","","","","","","","",""
"2013008478","","2","0","0","0","0","0","0","0","0","1","0","","02","1","2013","2","40.558141","-80.023489","1808","11","0","0","0","0","1","1","0","0","","0","0","0","","","0","","2","","40 33:29.308","","0","80 01:24.560","0","0","0","0","2108","0","0","0","N","0","0","0","2","02108","0","","1.0","","9","N","N","","0","","0","0","0","","3","","","2","0","0","0","0","0","0","2","0","2","","","","N","","","","","","","","","",""
"2013012416","","0","0","0","0","0","0","0","0","0","1","0","","02","1","2013","4","40.425133","-80.118359","0721","11","0","0","1","0","0","0","0","0","1","0","0","0","","","1","","0","","40 25:30.477","4","0","80 07:06.094","4","0","0","0","2102","0","0","0","N","0","0","0","3","68B03","1","","1.0","","1","N","N","","1","","0","0","2","","0","N","","3","1","0","0","0","0","0","2","0","3","","","","N","","","","","","","","","",""
"2013007040","","2","0","0","0","0","0","0","0","0","2","0","","02","1","2013","5","40.628078","-80.023909","1728","11","0","0","1","0","0","0","0","0","","0","0","0","","","0","","1","","40 37:41.080","","0","80 01:26.073","0","0","0","0","2216","0","0","0","N","0","0","0","2","02505","0","","1.0","","1","N","N","","0","","0","0","0","","2","","","2","0","0","0","0","0","0","1","0","2","","","","N","","","","","","","","","",""
"2013013101","","3","0","0","0","0","0","0","0","0","4","0","","02","2","2013","6","40.453376","-79.980689","0902","11","0","0","0","1","0","0","0","0","1","0","0","0","","","2","","1","","40 27:12.153","4","0","79 58:50.480","8","0","0","0","2301","0","0","0","N","0","0","0","4","02301","0","","1.0","","1","N","N","","0","","0","0","0","","3","Y","","3","2","2","0","0","2","0","2","0","3","","","","N","","","","","","","","","",""
"2013012490","","0","0","0","0","0","0","0","0","0","1","0","","02","1","2013","1","40.34889","-79.939012","1644","11","0","0","0","0","0","0","0","0","1","0","0","0","","","1","","2","","40 20:56.003","4","2","79 56:20.443","8","0","0","0","2473","0","0","0","N","0","0","0","2","02473","0","","7.0","","1","N","N","","0","","0","0","2","","2","N","","2","1","0","0","0","1","0","2","0","2","","","","N","","","","","","","","","",""
"2013006979","","1","0","0","0","0","0","0","0","0","7","0","","02","1","2013","5","40.541646","-79.761294","1527","11","0","0","0","0","0","0","0","0","","0","0","0","","","0","","0","","40 32:29.926","","0","79 45:40.660","0","0","0","0","2466","0","0","0","N","0","0","0","1","02466","0","","2.0","","1","N","N","","0","","0","0","0","","0","","","1","0","0","0","0","0","0","1","0","1","","","","N","","","","","","","","","",""
"2013014058","","1","0","0","0","0","0","0","0","0","1","0","","02","2","2013","7","40.425324","-79.754431","1410","11","0","1","0","0","1","0","0","0","","0","0","0","","","0","","2","","40 25:31.168","","0","79 45:15.951","0","0","0","0","2446","0","0","0","N","0","0","0","3","02446","0","","1.0","","9","N","N","","1","","0","0","0","","2","","","2","0","0","0","0","0","0","2","0","2","","","","N","","","","","","","","","",""
"2013007055","","2","0","0","0","0","0","0","0","0","4","0","","02","1","2013","5","40.449819","-79.929656","2134","11","0","0","0","0","0","1","0","0","","0","0","0","","","0","","1","","40 26:59.348","","0","79 55:46.761","0","0","0","0","2301","0","0","0","N","0","0","0","2","02301","0","","1.0","","1","N","N","","0","","0","0","0","","2","","","2","0","0","0","0","0","0","2","0","2","","","","N","","","","","","","","","",""
"2013013970","","1","0","0","0","0","0","0","0","0","7","0","","02","2","2013","1","40.305888","-79.955334","0805","11","0","0","0","0","0","0","0","0","2","0","0","0","","","0","","0","","40 18:21.195","3","0","79 57:19.203","0","0","0","0","2440","0","0","0","N","0","0","0","2","02440","0","","5.0","","2","N","N","","0","","0","0","0","","0","N","","1","0","0","0","0","0","0","2","0","1","","","","N","","","","","","","","","",""
"2013013982","","2","0","0","0","0","0","0","0","0","4","0","","02","2","2013","7","40.395883","-79.881925","1935","11","0","0","0","0","0","0","0","0","","0","0","0","","","0","","0","","40 23:45.177","","0","79 52:54.930","0","0","0","0","2473","0","0","0","N","0","0","0","1","02473","0","","4.0","","7","N","N","","1","","0","0","0","","0","","","3","0","0","0","0","0","0","2","0","3","","","","N","","","","","","","","","",""
"2013013246","","1","0","0","0","0","0","0","0","0","4","0","","02","1","2013","3","40.604289","-80.094231","0709","11","0","0","0","0","1","0","0","0","2","0","0","0","","","0","","0","","40 36:15.439","2","0","80 05:39.232","0","0","0","0","2481","0","0","0","N","0","0","0","2","68B03","0","","1.0","","1","N","N","","1","","0","0","0","","0","N","","2","0","0","0","0","0","0","2","0","2","","","","N","","","","","","","","","",""
"2013007798","","2","0","0","0","0","0","0","0","0","4","0","","02","1","2013","2","40.377335","-79.801335","1247","11","0","0","0","0","0","0","0","1","2","0","0","0","","","1","","2","","40 22:38.407","4","0","79 48:04.805","4","0","0","0","2111","0","0","0","N","0","0","0","3","02111","1","","1.0","","1","N","N","","0","","0","0","0","","3","Y","","2","1","0","0","0","0","0","2","0","2","","","","N","","","","","","","","","",""
"2013012353","","0","0","0","0","0","0","0","0","0","2","0","","02","1","2013","4","40.442181","-79.994981","2023","11","0","0","0","0","0","0","1","0","","0","0","0","","","0","","1","","40 26:31.851","","0","79 59:41.931","0","0","0","0","2301","0","0","0","N","0","0","0","2","02301","0","","1.0","","9","N","N","","0","","0","0","1","","2","","","2","0","1","0","0","0","0","2","1","2","","","","N","","","","","","","","","",""
"2013013105","","1","0","0","0","0","0","0","0","0","4","0","","02","1","2013","5","40.451208","-79.930454","1409","11","0","0","0","0","0","1","0","0","","0","0","0","","","1","","1","","40 27:04.348","","0","79 55:49.634","3","0","0","0","2301","0","0","0","N","0","0","0","4","02301","0","","1.0","","1","N","N","","0","","1","0","1","","3","","","2","1","0","0","0","0","0","2","0","2","","","","N","","","","","","","","","",""
"2013013972","","0","0","0","0","0","0","0","0","0","7","0","","02","2","2013","1","40.436478","-79.946618","0727","11","0","0","0","0","0","0","0","0","","0","0","0","","","0","","0","","40 26:11.320","","0","79 56:47.824","0","0","0","0","2301","0","0","0","N","0","0","0","1","02301","0","","4.0","","7","N","N","","0","","0","0","1","","0","","","1","0","0","0","0","0","0","2","0","1","","","","N","","","","","","","","","",""
"2013013247","","3","0","0","0","0","0","0","0","0","1","0","","02","1","2013","4","40.412884","-80.079426","0839","11","0","0","0","0","0","0","0","0","1","0","0","0","","","0","","0","","40 24:46.382","4","0","80 04:45.934","0","0","0","0","2117","0","0","0","N","0","0","0","3","68B03","0","","1.0","","1","N","N","","0","","0","0","0","","0","N","","3","0","0","0","0","0","0","2","0","3","","","","N","","","","","","","","","",""
"2013007736","","1","0","0","0","0","0","0","0","0","7","0","","02","1","2013","1","40.448809","-79.987534","0740","11","0","0","0","0","0","0","0","0","","0","0","0","","","0","","1","","40 26:55.712","","3","79 59:15.122","0","0","0","0","2301","0","0","0","N","0","0","0","1","02301","0","","1.0","","1","N","N","","0","","0","0","0","","2","","","1","0","0","0","0","0","0","2","0","1","","","","N","","","","","","","","","",""
"2013013248","","1","0","0","0","0","0","0","0","0","1","0","","02","1","2013","4","40.412884","-80.079426","0839","11","0","0","0","0","0","0","0","0","1","0","0","0","","","0","","0","","40 24:46.382","4","0","80 04:45.934","0","0","0","0","2117","0","0","0","N","0","0","0","2","68B03","0","","1.0","","1","N","N","","0","","0","0","1","","0","N","","2","0","0","0","0","0","0","2","0","2","","","","N","","","","","","","","","",""
"2013007675","","0","0","0","0","0","0","0","0","0","8","0","","02","1","2013","7","40.427846","-79.966266","2109","11","0","0","0","0","0","0","0","0","","0","0","0","","","1","","1","","40 25:40.245","","0","79 57:58.557","8","0","0","0","2301","1","0","0","N","1","0","0","2","02301","0","","1.0","","1","N","N","","0","","0","0","1","","3","","","2","1","0","0","0","1","0","2","0","1","","","","N","","","","","","","","","",""
"2013013107","","1","0","0","0","0","0","0","0","0","7","0","","02","2","2013","6","40.434701","-80.036135","0957","11","0","0","0","1","0","0","0","0","1","0","0","0","","","0","","2","","40 26:04.922","4","0","80 02:10.085","0","0","0","0","2301","0","0","0","N","0","0","0","1","02301","0","","4.0","","2","N","N","","0","","0","0","0","","0","N","","1","0","0","0","0","0","0","2","0","1","","","","N","","","","","","","","","",""
"2013013906","","1","0","0","0","0","0","0","0","0","7","0","","02","1","2013","2","40.433194","-79.770139","0956","11","0","0","0","0","0","0","0","1","","0","0","0","","","1","","0","","40 25:59.500","","0","79 46:12.500","8","0","0","0","2446","0","0","0","N","0","0","0","1","02446","0","","5.0","","2","N","N","","0","","0","0","0","","0","","","1","1","0","0","0","1","0","2","0","1","","","","N","","","","","","","","","",""
"2013012497","","0","0","0","0","0","0","0","0","0","0","0","","02","1","2013","5","40.667915","-79.933397","0702","11","0","0","0","0","0","1","0","0","2","0","0","0","","","0","","0","","40 40:04.493","2","0","79 56:00.230","0","0","0","0","2217","0","0","0","N","0","0","0","1","02505","0","","1.0","","9","N","N","","0","","0","0","1","","0","N","","1","0","0","0","0","0","0","1","0","1","","","","N","","","","","","","","","",""
"2013007677","","1","0","0","0","0","0","0","0","0","2","0","","02","1","2013","7","40.310553","-79.826666","2023","11","0","0","0","0","1","0","0","0","","0","0","0","","","1","","5","","40 18:37.992","","0","79 49:35.996","8","0","0","0","2105","0","0","0","N","0","0","0","2","02105","0","","1.0","","1","N","N","","1","","0","0","0","","2","","","2","1","0","0","0","1","0","2","0","2","","","","N","","","","","","","","","",""
"2013007803","","1","0","0","0","0","0","0","0","0","4","0","","02","1","2013","1","40.492768","-80.11174","1556","11","0","1","0","0","0","0","0","0","2","0","0","0","","","0","","3","","40 29:33.965","7","0","80 06:42.265","0","0","0","0","2126","0","0","0","N","0","0","0","3","02126","0","","1.0","","1","N","N","","0","","0","0","0","","3","Y","","2","0","0","0","0","0","0","2","1","2","","","","N","","","","","","","","","",""
"2013007049","","0","0","1","0","0","0","1","0","0","1","1","","02","1","2013","4","40.569099","-79.787441","1610","11","0","0","0","0","0","1","0","0","4","0","0","0","","","5","","0","","40 34:08.758","6","0","79 47:14.786","2","0","0","0","2206","0","0","0","N","0","0","0","6","02206","3","","1.0","","1","Y","N","","0","","0","1","0","","0","Y","","2","5","0","0","0","1","0","1","1","2","","","","N","","","","","","","","","",""