"CRN","ARRIVAL_TM","AUTOMOBILE_COUNT","BELTED_DEATH_COUNT","BELTED_SUSP_SERIOUS_INJ_COUNT","BICYCLE_COUNT","BICYCLE_DEATH_COUNT","BICYCLE_SUSP_SERIOUS_INJ_COUNT","BUS_COUNT","CHLDPAS_DEATH_COUNT","CHLDPAS_SUSP_SERIOUS_INJ_COUNT","COLLISION_TYPE","COMM_VEH_COUNT","CONS_ZONE_SPD_LIM","COUNTY","CRASH_MONTH","CRASH_YEAR","DAY_OF_WEEK","DEC_LATITUDE","DEC_LONGITUDE","DISPATCH_TM","DISTRICT","DRIVER_COUNT_16YR","DRIVER_COUNT_17YR","DRIVER_COUNT_18YR","DRIVER_COUNT_19YR","DRIVER_COUNT_20YR","DRIVER_COUNT_50_64YR","DRIVER_COUNT_65_74YR","DRIVER_COUNT_75PLUS","EST_HRS_CLOSED","FATAL_COUNT","HEAVY_TRUCK_COUNT","HORSE_BUGGY_COUNT","HOUR_OF_DAY","ILLUMINATION","INJURY_COUNT","INTERSECTION_RELATED","INTERSECT_TYPE","LANE_CLOSED","LATITUDE","LN_CLOSE_DIR","LOCATION_TYPE","LONGITUDE","MAX_SEVERITY_LEVEL","MCYCLE_DEATH_COUNT","MCYCLE_SUSP_SERIOUS_INJ_COUNT","MOTORCYCLE_COUNT","MUNICIPALITY","NONMOTR_COUNT","NONMOTR_DEATH_COUNT","NONMOTR_SUSP_SERIOUS_INJ_COUNT","NTFY_HIWY_MAINT","PED_COUNT","PED_DEATH_COUNT","PED_SUSP_SERIOUS_INJ_COUNT","PERSON_COUNT","POLICE_AGCY","POSSIBLE_INJ_COUNT","RDWY_SURF_TYPE_CD","RELATION_TO_ROAD","ROADWAY_CLEARED","ROAD_CONDITION","SCH_BUS_IND","SCH_ZONE_IND","SECONDARY_CRASH","SMALL_TRUCK_COUNT","SPEC_JURIS_CD","SUSP_MINOR_INJ_COUNT","SUSP_SERIOUS_INJ_COUNT","SUV_COUNT","TCD_FUNC_CD","TCD_TYPE","TFC_DETOUR_IND","TIME_OF_DAY","TOTAL_UNITS","TOT_INJ_COUNT","UNBELTED_OCC_COUNT","UNB_DEATH_COUNT","UNB_SUSP_SERIOUS_INJ_COUNT","UNK_INJ_DEG_COUNT","UNK_INJ_PER_COUNT","URBAN_RURAL","VAN_COUNT","VEHICLE_COUNT","WEATHER1","WEATHER2","WORKERS_PRES","WORK_ZONE_IND","WORK_ZONE_LOC","WORK_ZONE_TYPE","WZ_CLOSE_DETOUR","WZ_FLAGGER","WZ_LAW_OFFCR_IND","WZ_LN_CLOSURE","WZ_MOVING","WZ_OTHER","WZ_SHLDER_MDN","WZ_WORKERS_INJ_KILLED"
"2013012143","","1","0","0","0","0","0","0","0","0","4","0","","02","1","2013","4","40.470881","-79.927312","1646","11","0","0","0","0","0","1","0","0","","0","0","0","","","2","","1","","40 28:15.171","","0","79 55:38.323","8","0","0","0","2301","0","0","0","N","0","0","0","2","02301","0","","1.0","","9","N","N","","0","","0","0","1","","3","","","2","2","1","0","0","2","0","2","0","2","","","","N","","","","","","","","","",""
"2013014264","","1","0","0","0","0","0","0","0","0","7","0","","02","2","2013","2","40.457019","-79.955124","0240","11","0","0","0","0","0","0","0","0","2","0","0","0","","","0","","0","","40 27:25.267","2","0","79 57:18.446","0","0","0","0","2301","0","0","0","N","0","0","0","1","02301","0","","1.0","","6","N","N","","0","","0","0","0","","0","N","","1","0","0","0","0","0","0","2","0","1","","","","N","","","","","","","","","",""
"2013013513","","1","0","0","0","0","0","0","0","0","7","0","","02","2","2013","6","40.530549","-79.923295","2320","11","0","1","0","0","0","0","0","0","2","0","0","0","","","0","","0","","40 31:49.977","5","0","79 55:23.862","0","0","0","0","2112","0","0","0","N","0","0","0","1","02112","0","","1.0","","1","N","N","","0","","0","0","0","","0","Y","","1","0","0","0","0","0","0","2","0","1","","","","N","","","","","","","","","",""
"2013012144","","1","0","0","0","0","0","0","0","0","7","0","","02","1","2013","1","40.589929","-80.046849","1846","11","0","0","0","0","0","0","0","0","4","1","0","0","","","0","","0","","40 35:23.746","2","0","80 02:48.658","1","0","0","0","2108","0","0","0","N","0","0","0","1","02108","0","2","5.0","","98","N","N","","0","0","0","0","0","","0","Y","","1","0","1","1","0","0","0","2","0","1","","","","N","","","","","","","","","",""
"2013014898","","2","0","0","0","0","0","0","0","0","4","0","","02","2","2013","2","40.447642","-80.021014","0630","11","0","0","0","0","0","0","0","0","","0","0","0","","","1","","3","","40 26:51.511","","0","80 01:15.649","4","0","0","0","2301","0","0","0","N","0","0","0","2","02301","1","","1.0","","1","N","N","","0","","0","0","0","","2","","","2","1","2","0","0","0","0","2","0","2","","","","N","","","","","","","","","",""
"2013014833","","2","0","0","0","0","0","0","0","0","4","0","","02","2","2013","2","40.349352","-80.054227","1718","11","0","0","0","0","0","1","0","0","2","0","0","0","","","0","","0","","40 20:57.667","5","0","80 03:15.217","0","0","0","0","2123","0","0","0","N","0","0","0","1","02123","0","","4.0","","6","N","N","","0","","0","0","0","","0","Y","","2","0","0","0","0","0","0","2","0","2","","","","N","","","","","","","","","",""
"2013014899","","1","0","0","0","0","0","0","0","0","5","0","","02","2","2013","3","40.488732","-79.923944","0305","11","0","0","0","0","0","0","0","0","","0","0","0","","","0","","0","","40 29:19.434","","0","79 55:26.200","0","0","0","0","2301","0","0","0","N","0","0","0","5","02301","0","","1.0","","9","N","N","","0","","0","0","0","","0","","","2","0","0","0","0","0","0","2","1","2","","","","N","","","","","","","","","",""
"2013014911","","1","0","0","0","0","0","0","0","0","2","0","","02","2","2013","3","40.45192","-79.95192","0545","11","0","0","0","0","0","1","0","0","1","0","0","0","","","1","","0","","40 27:06.912","6","0","79 57:06.912","4","0","0","0","2301","0","0","0","N","0","0","0","2","02301","1","","6.0","","2","N","N","","0","","0","0","1","","2","N","","2","1","0","0","0","0","0","2","0","2","","","","N","","","","","","","","","",""
"2013014900","","1","0","0","0","0","0","0","0","0","7","0","","02","2","2013","1","40.611967","-80.103123","0126","11","0","0","0","0","0","0","0","0","3","0","0","0","","","0","","0","","40 36:43.082","3","7","80 06:11.242","0","0","0","0","2481","0","0","0","N","0","0","0","1","02481","0","","5.0","","2","N","N","","0","","0","0","0","","0","N","","1","0","1","0","0","0","0","1","0","1","","","","N","","","","","","","","","",""
"2013014268","","2","0","0","0","0","0","0","0","0","1","0","","02","2","2013","2","40.432665","-79.893913","0109","11","0","0","0","0","0","0","0","0","","0","0","0","","","0","","0","","40 25:57.594","","0","79 53:38.086","0","0","0","0","2463","0","0","0","N","0","0","0","1","02463","0","","6.0","","9","","N","","0","","0","0","0","","0","","","2","0","0","0","0","0","0","2","0","2","","","","N","","","","","","","","","",""
"2013013518","","2","0","0","0","0","0","0","0","0","1","0","","02","2","2013","7","40.379972","-79.906997","0230","11","0","0","0","0","0","0","0","0","","0","0","0","","","1","","0","","40 22:47.900","","0","79 54:25.190","3","0","0","0","2448","0","0","0","N","0","0","0","7","02448","0","","1.0","","1","N","N","","0","","1","0","1","","0","","","3","1","0","0","0","0","0","2","0","3","","","","N","","","","","","","","","",""
"2013013592","","0","0","0","0","0","0","0","0","0","7","0","","02","1","2013","4","40.655814","-80.074006","0516","11","0","0","0","0","0","0","0","0","3","0","0","0","","","1","","0","","40 39:20.930","4","5","80 04:26.420","2","0","0","0","2212","0","0","0","N","0","0","0","2","68T02","0","","5.0","","9","N","N","","1","","0","1","0","","8","N","","1","1","1","0","1","0","0","2","0","1","","","","N","","","","","","","","","",""
"2013014837","","1","0","0","0","0","0","0","0","0","7","0","","02","2","2013","2","40.560267","-79.842265","1812","11","0","0","0","0","0","0","0","0","2","0","0","0","","","0","","0","","40 33:36.962","6","0","79 50:32.154","0","0","0","0","2208","0","0","0","N","0","0","0","1","02208","0","","5.0","","2","N","N","","0","","0","0","0","","0","N","","1","0","0","0","0","0","0","1","0","1","","","","N","","","","","","","","","",""
"2013013519","","1","0","0","0","0","0","1","0","0","4","1","","02","2","2013","6","40.449661","-80.017371","2333","11","0","0","0","0","0","1","0","0","1","0","0","0","","","0","","2","","40 26:58.778","3","0","80 01:02.537","0","0","0","0","2301","0","0","0","N","0","0","0","2","02301","0","","1.0","","1","N","N","","0","","0","0","0","","0","N","","2","0","0","0","0","0","0","2","0","2","","","","N","","","","","","","","","",""
"2013014915","","2","0","0","0","0","0","0","0","0","4","0","","02","1","2013","1","40.450121","-80.110165","2125","11","0","0","0","0","0","1","0","0","2","0","0","0","","","0","","1","","40 27:00.436","4","0","80 06:36.594","0","0","0","0","2115","0","0","0","N","0","0","0","2","02115","0","","1.0","","1","N","N","","0","","0","0","0","","2","N","","2","0","0","0","0","0","0","2","0","2","","","","N","","","","","","","","","",""
"2013014195","","0","0","0","0","0","0","0","0","0","7","0","","02","2","2013","1","40.329166","-79.890928","2031","11","0","0","0","0","0","0","0","0","2","0","0","0","","","0","","1","","40 19:44.997","6","0","79 53:27.340","9","0","0","0","2433","0","0","0","N","0","0","0","1","02433","0","","5.0","","7","N","N","","0","","0","0","0","","0","Y","","1","0","0","0","0","0","1","2","1","1","","","","N","","","","","","","","","",""
"2013014838","","0","0","0","0","0","0","0","0","0","7","0","","02","2","2013","2","40.530739","-80.079464","1720","11","0","0","0","0","0","0","0","0","","0","0","0","","","0","","0","","40 31:50.660","","0","80 04:46.070","9","0","0","0","2215","0","0","0","N","0","0","0","1","02215","0","","2.0","","7","N","N","","0","","0","0","1","","0","","","1","0","0","0","0","0","1","2","0","1","","","","N","","","","","","","","","",""
"2013014258","","0","0","0","0","0","0","0","0","0","7","0","","02","2","2013","2","40.420342","-80.007044","0259","11","0","0","0","0","0","0","0","0","","0","0","0","","","0","","0","","40 25:13.230","","0","80 00:25.360","9","0","0","0","2301","0","0","0","N","0","0","0","1","02301","0","","5.0","","9","N","N","","1","","0","0","0","","0","","","1","0","0","0","0","0","1","2","0","1","","","","N","","","","","","","","","",""
"2013014196","","0","0","0","0","0","0","0","0","0","7","0","","02","1","2013","7","40.552848","-80.115683","0355","11","0","0","0","0","0","0","0","0","","0","0","0","","","0","","10","","40 33:10.254","","0","80 06:56.459","0","0","0","0","2215","0","0","0","N","0","0","0","1","02215","0","","2.0","","2","N","N","","0","","0","0","1","","0","","","1","0","0","0","0","0","0","2","0","1","","","","N","","","","","","","","","",""
"2013014393","","2","0","0","0","0","0","0","0","0","2","0","","02","2","2013","1","40.382085","-79.976527","1147","11","0","0","0","0","0","0","0","0","","0","0","0","","","0","","0","","40 22:55.506","","0","79 58:35.497","0","0","0","0","2413","0","0","0","N","0","0","0","2","02413","0","","1.0","","9","N","N","","0","","0","0","1","","0","","","3","0","0","0","0","0","0","2","0","3","","","","N","","","","","","","","","",""
"2013014841","","1","0","0","0","0","0","0","0","0","7","0","","02","2","2013","2","40.402442","-79.978741","1940","11","0","0","0","0","0","1","0","0","1","0","0","0","","","1","","0","","40 24:08.792","1","0","79 58:43.466","4","0","0","0","2301","0","0","0","N","0","0","0","1","02301","1","","5.0","","7","N","N","","0","","0","0","0","","0","N","","1","1","0","0","0","0","0","2","0","1","","","","N","","","","","","","","","",""
"2013014843","","1","0","0","0","0","0","0","0","0","7","0","","02","2","2013","2","40.529329","-80.08284","1720","11","0","0","0","0","0","0","0","0","","0","0","0","","","0","","0","","40 31:45.584","","0","80 04:58.224","0","0","0","0","2215","0","0","0","N","0","0","0","1","02215","0","","2.0","","7","N","N","","0","","0","0","0","","0","","","1","0","0","0","0","0","0","2","0","1","","","","N","","","","","","","","","",""
"2013014261","","1","0","0","0","0","0","0","0","0","7","0","","02","1","2013","2","40.473364","-79.90305","0630","11","0","0","0","0","0","0","0","0","2","0","0","0","","","0","","0","","40 28:24.110","1","0","79 54:10.980","0","0","0","0","2301","0","0","0","N","0","0","0","0","02301","0","","5.0","","2","N","N","","0","","0","0","0","","0","Y","","1","0","0","0","0","0","0","2","0","1","","","","N","","","","","","","","","",""
"2013014857","","1","0","0","0","0","0","0","0","0","7","0","","02","2","2013","2","40.449478","-80.025147","2038","11","0","0","0","0","0","0","0","0","1","0","0","0","","","0","","1","","40 26:58.121","3","3","80 01:30.530","0","0","0","0","2301","0","0","0","N","0","0","0","1","02301","0","","2.0","","7","N","N","","0","","0","0","0","","0","N","","1","0","0","0","0","0","0","2","0","1","","","","N","","","","","","","","","",""
"2013014398","","2","0","0","0","0","0","0","0","0","1","0","","02","1","2013","6","40.493164","-79.862389","0726","11","0","0","0","0","0","0","0","0","","0","0","0","","","1","","2","","40 29:35.392","","0","79 51:44.602","8","0","0","0","2408","0","0","0","N","0","0","0","2","02408","0","","1.0","","1","N","N","","0","","0","0","0","","0","","","2","1","0","0","0","1","1","2","0","2","","","","N","","","","","","","","","",""
"2013014200","","1","0","0","0","0","0","0","0","0","7","0","","02","2","2013","1","40.374883","-80.036166","1941","11","0","1","0","0","0","0","0","0","2","0","0","0","","","0","","0","","40 22:29.579","4","0","80 02:10.196","0","0","0","0","2109","0","0","0","N","0","0","0","1","02109","0","","4.0","","2","N","N","","0","","0","0","0","","0","N","","1","0","0","0","0","0","0","2","0","1","","","","N","","","","","","","","","",""
"2013014275","","3","0","0","0","0","0","0","0","0","1","0","","02","1","2013","5","40.413316","-80.064773","1702","11","0","0","0","1","0","0","1","0","","0","0","0","","","0","","0","","40 24:47.937","","0","80 03:53.184","0","0","0","0","2435","0","0","0","N","0","0","0","6","68B03","0","","1.0","","1","N","N","","0","","0","0","2","","0","","","5","0","0","0","0","0","0","2","0","5","","","","N","","","","","","","","","",""
"2013012842","","1","0","0","0","0","0","0","0","0","1","0","","02","1","2013","5","40.509557","-80.279911","2258","11","0","0","0","0","0","0","0","0","2","0","0","0","","","1","","0","","40 30:34.404","4","0","80 16:47.679","4","0","0","0","2203","0","0","0","N","0","0","0","2","68B03","1","","1.0","","2","N","N","","0","","0","0","1","","0","N","","2","1","0","0","0","0","0","2","0","2","","","","N","","","","","","","","","",""
"2013014846","","2","0","0","0","0","0","0","0","0","4","0","","02","2","2013","2","40.451499","-79.953396","2004","11","0","0","0","0","0","0","0","0","","0","0","0","","","0","","1","","40 27:05.396","","0","79 57:12.225","0","0","0","0","2301","0","0","0","N","0","0","0","2","02301","0","","1.0","","6","N","N","","0","","0","0","0","","3","","","2","0","0","0","0","0","0","2","0","2","","","","N","","","","","","","","","",""
"2013014276","","2","0","0","0","0","0","0","0","0","1","0","","02","1","2013","5","40.43986","-80.154775","1830","11","0","0","0","0","0","0","0","0","1","0","0","0","","","0","","0","","40 26:23.496","3","0","80 09:17.189","0","0","0","0","2115","0","0","0","N","0","0","0","3","68B03","0","","1.0","","1","N","N","","0","","0","0","0","","0","N","","2","0","0","0","0","0","0","2","0","2","","","","N","","","","","","","","","",""
"2013012917","","1","0","0","0","0","0","1","0","0","4","1","","02","1","2013","5","40.509734","-80.028349","1637","11","0","0","0","0","1","1","0","0","2","0","0","0","","","0","","2","","40 30:35.042","5","0","80 01:42.056","0","0","0","0","2116","0","0","0","N","0","0","0","4","02503","0","","1.0","","1","N","N","","0","","0","0","0","","3","N","","3","0","2","0","0","0","0","2","1","3","","","","N","","","","","","","","","",""
"2013012982","","1","0","0","0","0","0","0","0","0","7","0","","02","1","2013","5","40.495071","-79.907523","0539","11","0","0","0","0","0","0","0","0","","0","0","0","","","0","","7","","40 29:42.257","","2","79 54:27.083","0","0","0","0","2401","0","0","0","N","0","0","0","1","02401","0","","3.0","","7","N","N","","0","","0","0","0","","0","","","1","0","0","0","0","0","0","2","0","1","","","","N","","","","","","","","","",""
"2013013814","","2","0","0","0","0","0","0","0","0","5","0","","02","1","2013","5","40.651907","-79.936246","1823","11","0","0","0","0","1","0","0","0","2","0","0","0","","","2","","3","","40 39:06.866","2","2","79 56:10.486","8","0","0","0","2217","0","0","0","N","0","0","0","3","02505","0","","1.0","","9","N","N","","0","","0","0","0","","3","N","","2","2","0","0","0","2","0","2","0","2","","","","N","","","","","","","","","",""
"2013009408","","1","0","0","0","0","0","0","0","0","1","0","","02","1","2013","3","40.274253","-79.837961","0642","11","0","0","0","0","0","1","0","0","3","0","0","0","","","1","","0","","40 16:27.310","1","0","79 50:16.661","8","0","0","0","2105","0","0","0","N","0","0","0","2","02105","0","","1.0","","2","N","N","","1","","0","0","0","","0","Y","","2","1","0","0","0","1","0","2","0","2","","","","N","","","","","","","","","",""
"2013013673","","1","0","0","0","0","0","0","0","0","99","0","","02","2","2013","6","40.423758","-79.986706","1949","11","0","0","0","0","0","0","0","0","","0","0","0","","","1","","2","","40 25:25.528","","0","79 59:12.141","8","0","0","0","2301","0","0","0","N","0","0","0","2","02301","0","","1.0","","1","N","N","","0","","0","0","0","","0","","","1","1","0","0","0","1","0","2","0","1","","","","N","","","","","","","","","",""
"2013013749","","0","0","0","0","0","0","0","0","0","7","0","","02","2","2013","7","40.376459","-79.798976","1707","11","0","1","0","0","0","0","0","0","1","0","0","0","","","0","","0","","40 22:35.253","6","0","79 47:56.313","0","0","0","0","2111","0","0","0","N","0","0","0","3","02111","0","","5.0","","7","N","N","","0","","0","0","1","","0","Y","","1","0","0","0","0","0","0","2","0","1","","","","N","","","","","","","","","",""
"2013013605","","1","0","0","0","0","0","0","0","0","7","0","","02","2","2013","7","40.496808","-79.790437","0720","11","0","0","0","0","0","1","0","0","","0","0","0","","","1","","0","","40 29:48.508","","0","79 47:25.573","4","0","0","0","2113","0","0","0","N","0","0","0","1","02113","1","","5.0","","7","N","N","","0","","0","0","0","","0","","","1","1","0","0","0","0","0","2","0","1","","","","N","","","","","","","","","",""
"2013013675","","1","0","0","0","0","0","0","0","0","7","0","","02","2","2013","7","40.396657","-80.08822","1200","11","0","0","0","0","0","0","0","0","1","0","0","0","","","0","","1","","40 23:47.965","2","0","80 05:17.592","0","0","0","0","2117","0","0","0","N","0","0","0","1","02117","0","","5.0","","9","N","N","","0","","0","0","0","","0","N","","1","0","0","0","0","0","0","2","0","1","","","","N","","","","","","","","","",""
"2013009477","","2","0","0","0","0","0","0","0","0","1","0","","02","1","2013","7","40.435854","-80.146626","1312","11","0","0","0","0","2","0","0","0","1","0","0","0","","","0","","0","","40 26:09.076","4","0","80 08:47.852","0","0","0","0","2115","0","0","0","N","0","0","0","2","68B03","0","","1.0","","1","N","N","","0","","0","0","0","","0","Y","","2","0","0","0","0","0","0","2","0","2","","","","N","","","","","","","","","",""
"2013012922","","0","0","0","0","0","0","0","0","0","7","0","","02","1","2013","6","40.550229","-80.185818","1120","11","0","0","0","0","0","0","0","0","","0","0","0","","","0","","0","","40 33:00.824","","0","80 11:08.944","9","0","0","0","2427","0","0","0","N","0","0","0","1","02427","0","","5.0","","7","N","N","","0","","0","0","0","","0","","","1","0","0","0","0","0","1","2","1","1","","","","N","","","","","","","","","",""
"2013013819","","2","0","0","0","0","0","0","0","0","1","0","","02","2","2013","6","40.499449","-79.846351","2246","11","0","0","0","0","0","0","0","0","","0","0","0","","","0","","0","","40 29:58.016","","0","79 50:46.863","0","0","0","0","2468","0","0","0","N","0","0","0","1","02468","0","","6.0","","1","N","N","","1","","0","0","0","","3","","","3","0","0","0","0","0","0","2","0","3","","","","N","","","","","","","","","",""
"2013011639","","2","0","0","0","0","0","0","0","0","4","0","","02","1","2013","6","40.43454","-79.965542","1236","11","0","0","0","0","0","1","0","0","2","0","0","0","","","1","","0","","40 26:04.344","3","0","79 57:55.950","8","0","0","0","2301","0","0","0","N","0","0","0","3","68B03","0","","1.0","","7","N","N","","1","","0","0","0","","0","N","","3","1","0","0","0","1","0","2","0","3","","","","N","","","","","","","","","",""
"2013009478","","1","0","0","0","0","0","0","0","0","1","0","","02","1","2013","3","40.428884","-79.939049","1529","11","0","0","0","0","0","0","0","0","","0","0","0","","","1","","0","","40 25:43.983","","2","79 56:20.575","4","0","0","0","2301","0","0","0","N","0","0","0","2","68B03","1","","1.0","","1","N","N","","0","","0","0","0","","0","","","2","1","0","0","0","0","1","2","0","2","","","","N","","","","","","","","","",""
"2013012923","","1","0","0","0","0","0","0","0","0","7","0","","02","1","2013","5","40.501826","-79.963918","1718","11","0","1","0","0","0","0","0","0","1","0","0","0","","","1","","2","","40 30:06.573","2","0","79 57:50.103","8","0","0","0","2118","0","0","0","N","0","0","0","3","02118","0","","5.0","","2","N","N","","0","","0","0","0","","0","N","","1","1","0","0","0","1","0","2","0","1","","","","N","","","","","","","","","",""
"2013014490","","0","0","0","0","0","0","0","0","0","7","0","","02","2","2013","1","40.267609","-79.862338","2242","11","0","0","0","0","1","0","0","0","3","0","0","0","","","0","","0","","40 16:03.392","5","0","79 51:44.416","0","0","0","0","2105","0","0","0","N","0","0","0","1","02105","0","","5.0","","7","N","N","","0","","0","0","1","","0","Y","","1","0","0","0","0","0","0","2","0","1","","","","N","","","","","","","","","",""
"2013011640","","0","0","0","0","0","0","0","0","0","4","1","","02","1","2013","1","40.417581","-80.056066","2133","11","0","0","0","0","0","0","0","0","","0","1","0","","","1","","0","","40 25:03.291","","0","80 03:21.836","8","0","0","0","2435","0","0","0","N","0","0","0","2","68B03","0","","1.0","","1","N","N","","1","","0","0","0","","0","","","2","1","0","0","0","1","0","2","0","2","","","","N","","","","","","","","","",""
"2013009479","","1","0","0","0","0","0","0","0","0","1","0","","02","1","2013","5","40.433732","-80.021121","0746","11","1","0","0","0","0","0","0","0","","0","0","0","","","0","","0","","40 26:01.435","","4","80 01:16.036","0","0","0","0","2301","0","0","0","N","0","0","0","2","68B03","0","","1.0","","9","N","N","","0","","0","0","1","","0","","","2","0","0","0","0","0","0","2","0","2","","","","N","","","","","","","","","",""
"2013013608","","0","0","0","0","0","0","0","0","0","4","0","","02","2","2013","6","40.542033","-80.013164","1117","11","0","0","0","0","0","2","0","0","1","0","0","0","","","0","","1","","40 32:31.320","2","0","80 00:47.389","0","0","0","0","2116","0","0","0","N","0","0","0","3","02116","0","","1.0","","1","N","N","","0","","0","0","2","","0","N","","2","0","0","0","0","0","0","2","0","2","","","","N","","","","","","","","","",""
"2013011641","","1","0","0","0","0","0","0","0","0","7","1","","02","1","2013","3","40.429804","-79.875083","1811","11","0","0","0","0","0","1","0","0","","0","1","0","","","1","","0","","40 25:47.295","","0","79 52:30.297","8","0","0","0","2426","0","0","0","Y","0","0","0","4","68B03","0","","3.0","","1","N","N","","0","","0","0","0","","0","","","2","1","0","0","0","1","0","2","0","2","","","","N","","","","","","","","","",""
"2013010240","","0","0","0","0","0","0","0","0","0","7","0","","02","1","2013","7","40.438714","-79.946437","2055","11","0","0","0","0","0","1","0","0","3","0","0","0","","","1","","3","","40 26:19.370","4","0","79 56:47.173","2","0","0","0","2301","0","0","0","N","0","0","0","1","02301","0","","5.0","","6","N","N","","1","","0","1","0","","0","Y","","1","1","1","0","1","0","0","2","0","1","","","","N","","","","","","","","","",""
"2013014565","","0","0","0","0","0","0","0","0","0","7","0","","02","2","2013","2","40.418675","-79.925997","1800","11","0","0","0","0","0","0","0","0","","0","0","0","","","0","","0","","40 25:07.230","","0","79 55:33.590","0","0","0","0","2301","0","0","0","N","0","0","0","1","02301","0","","5.0","","7","N","N","","0","","0","0","1","","0","","","1","0","0","0","0","0","0","2","0","1","","","","N","","","","","","","","","",""
"2013013694","","0","0","0","0","0","0","0","0","0","7","0","","02","2","2013","7","40.439902","-80.032317","1730","11","0","0","0","0","0","0","0","0","","0","0","0","","","1","","0","","40 26:23.646","","0","80 01:56.340","3","0","0","0","2301","0","0","0","N","0","0","0","2","02301","0","","2.0","","7","N","N","","0","","1","0","1","","0","","","1","1","0","0","0","0","0","2","0","1","","","","N","","","","","","","","","",""
"2013013612","","1","0","0","0","0","0","0","0","0","1","0","","02","1","2013","4","40.510576","-79.946329","1939","11","0","0","0","0","0","1","0","0","1","0","0","0","","","0","","0","","40 30:38.072","1","0","79 56:46.784","0","0","0","0","2118","0","0","0","N","0","0","0","3","02118","0","","1.0","","9","N","N","","0","","0","0","1","","0","N","","2","0","0","0","0","0","0","2","0","2","","","","N","","","","","","","","","",""
"2013012929","","2","0","0","0","0","0","0","0","0","4","0","","02","1","2013","5","40.526384","-79.983285","1547","11","0","0","0","0","0","1","0","0","1","0","0","0","","","0","","2","","40 31:34.982","2","0","79 58:59.826","0","0","0","0","2118","0","0","0","N","0","0","0","2","02118","0","","1.0","","1","N","N","","0","","0","0","0","","3","N","","2","0","0","0","0","0","0","2","0","2","","","","N","","","","","","","","","",""
"2013013697","","2","0","0","0","0","0","0","0","0","1","0","","02","2","2013","7","40.369444","-80.033455","1135","11","0","0","0","0","0","0","1","0","","0","0","0","","","1","","1","","40 22:09.999","","0","80 02:00.439","8","0","0","0","2416","0","0","0","N","0","0","0","2","02416","0","","1.0","","1","N","N","","0","","0","0","0","","0","","","2","1","0","0","0","1","0","2","0","2","","","","N","","","","","","","","","",""
"2013010121","","1","0","0","0","0","0","0","0","0","1","0","","02","1","2013","3","40.428843","-79.939442","1835","11","0","0","0","0","0","2","0","0","","0","0","0","","","1","","0","","40 25:43.836","","0","79 56:21.991","4","0","0","0","2301","0","0","0","N","0","0","0","4","68B03","1","","1.0","","1","N","N","","1","","0","0","2","","0","","","4","1","0","0","0","0","0","2","0","4","","","","N","","","","","","","","","",""
"2013011039","","1","0","0","0","0","0","0","0","0","7","0","","02","1","2013","6","40.550649","-80.056546","1638","11","0","0","0","0","0","0","0","0","","0","0","0","","","0","","2","","40 33:02.336","","0","80 03:23.565","0","0","0","0","2116","0","0","0","N","0","0","0","1","02116","0","","4.0","","2","N","N","","0","","0","0","0","","0","","","1","0","0","0","0","0","0","2","0","1","","","","N","","","","","","","","","",""
"2013013826","","5","0","0","0","0","0","0","0","0","5","0","","02","2","2013","7","40.428751","-79.921681","2313","11","0","0","0","0","0","0","0","0","","0","0","0","","","0","","2","","40 25:43.503","","0","79 55:18.051","0","0","0","0","2301","0","0","0","N","0","0","0","5","02301","0","","1.0","","6","N","N","","0","","0","0","0","","0","","","5","0","0","0","0","0","0","2","0","5","","","","N","","","","","","","","","",""
"2013010122","","1","0","0","0","0","0","0","0","0","1","0","","02","1","2013","6","40.431557","-79.958944","0655","11","0","0","0","0","0","0","0","0","2","0","0","0","","","0","","0","","40 25:53.606","3","3","79 57:32.199","0","0","0","0","2301","0","0","0","N","0","0","0","2","68B03","0","","1.0","","1","N","N","","0","","0","0","1","","0","N","","2","0","0","0","0","0","0","2","0","2","","","","N","","","","","","","","","",""
"2013009422","","2","0","0","0","0","0","0","0","0","5","0","","02","1","2013","4","40.552754","-80.116223","1456","11","0","0","0","0","0","0","1","0","","0","0","0","","","0","","0","","40 33:09.916","","0","80 06:58.404","0","0","0","0","2215","0","0","0","N","0","0","0","2","02215","0","","1.0","","1","N","N","","0","","0","0","0","","3","","","2","0","0","0","0","0","0","2","0","2","","","","N","","","","","","","","","",""
"2013011041","","1","0","0","0","0","0","0","0","0","7","0","","02","1","2013","2","40.593039","-79.796196","1537","11","0","0","0","0","0","0","0","0","","0","0","0","","","0","","10","","40 35:34.940","","0","79 47:46.305","0","0","0","0","2206","0","0","0","N","0","0","0","1","02206","0","","5.0","","9","N","N","","0","","0","0","0","","0","","","1","0","0","0","0","0","0","1","0","1","","","","N","","","","","","","","","",""
"2013012931","","1","0","0","0","0","0","0","0","0","8","0","","02","1","2013","5","40.467622","-79.92818","1934","11","0","0","0","0","0","1","0","0","","0","0","0","","","1","","2","","40 28:03.439","","0","79 55:41.448","4","0","0","0","2301","1","0","0","N","1","0","0","2","02301","1","","1.0","","1","N","N","","0","","0","0","0","","1","","","2","1","0","0","0","0","0","2","0","1","","","","N","","","","","","","","","",""
"2013010260","","1","0","0","0","0","0","0","0","0","4","0","","02","1","2013","1","40.345026","-79.811339","0213","11","0","0","0","0","0","1","0","0","","0","0","0","","","0","","0","","40 20:42.093","","0","79 48:40.820","0","0","0","0","2477","0","0","0","N","0","0","0","1","02477","0","","1.0","","6","N","N","","0","","0","0","1","","0","","","2","0","0","0","0","0","0","2","0","2","","","","N","","","","","","","","","",""