"CRN","ARRIVAL_TM","AUTOMOBILE_COUNT","BELTED_DEATH_COUNT","BELTED_SUSP_SERIOUS_INJ_COUNT","BICYCLE_COUNT","BICYCLE_DEATH_COUNT","BICYCLE_SUSP_SERIOUS_INJ_COUNT","BUS_COUNT","CHLDPAS_DEATH_COUNT","CHLDPAS_SUSP_SERIOUS_INJ_COUNT","COLLISION_TYPE","COMM_VEH_COUNT","CONS_ZONE_SPD_LIM","COUNTY","CRASH_MONTH","CRASH_YEAR","DAY_OF_WEEK","DEC_LATITUDE","DEC_LONGITUDE","DISPATCH_TM","DISTRICT","DRIVER_COUNT_16YR","DRIVER_COUNT_17YR","DRIVER_COUNT_18YR","DRIVER_COUNT_19YR","DRIVER_COUNT_20YR","DRIVER_COUNT_50_64YR","DRIVER_COUNT_65_74YR","DRIVER_COUNT_75PLUS","EST_HRS_CLOSED","FATAL_COUNT","HEAVY_TRUCK_COUNT","HORSE_BUGGY_COUNT","HOUR_OF_DAY","ILLUMINATION","INJURY_COUNT","INTERSECTION_RELATED","INTERSECT_TYPE","LANE_CLOSED","LATITUDE","LN_CLOSE_DIR","LOCATION_TYPE","LONGITUDE","MAX_SEVERITY_LEVEL","MCYCLE_DEATH_COUNT","MCYCLE_SUSP_SERIOUS_INJ_COUNT","MOTORCYCLE_COUNT","MUNICIPALITY","NONMOTR_COUNT","NONMOTR_DEATH_COUNT","NONMOTR_SUSP_SERIOUS_INJ_COUNT","NTFY_HIWY_MAINT","PED_COUNT","PED_DEATH_COUNT","PED_SUSP_SERIOUS_INJ_COUNT","PERSON_COUNT","POLICE_AGCY","POSSIBLE_INJ_COUNT","RDWY_SURF_TYPE_CD","RELATION_TO_ROAD","ROADWAY_CLEARED","ROAD_CONDITION","SCH_BUS_IND","SCH_ZONE_IND","SECONDARY_CRASH","SMALL_TRUCK_COUNT","SPEC_JURIS_CD","SUSP_MINOR_INJ_COUNT","SUSP_SERIOUS_INJ_COUNT","SUV_COUNT","TCD_FUNC_CD","TCD_TYPE","TFC_DETOUR_IND","TIME_OF_DAY","TOTAL_UNITS","TOT_INJ_COUNT","UNBELTED_OCC_COUNT","UNB_DEATH_COUNT","UNB_SUSP_SERIOUS_INJ_COUNT","UNK_INJ_DEG_COUNT","UNK_INJ_PER_COUNT","URBAN_RURAL","VAN_COUNT","VEHICLE_COUNT","WEATHER1","WEATHER2","WORKERS_PRES","WORK_ZONE_IND","WORK_ZONE_LOC","WORK_ZONE_TYPE","WZ_CLOSE_DETOUR","WZ_FLAGGER","WZ_LAW_OFFCR_IND","WZ_LN_CLOSURE","WZ_MOVING","WZ_OTHER","WZ_SHLDER_MDN","WZ_WORKERS_INJ_KILLED"
"2013011932","","2","0","0","0","0","0","0","0","0","4","0","","02","1","2013","2","40.50627","-80.045229","","11","0","0","0","0","0","0","0","1","","0","0","0","07","","1","","2","","40 30:22.572","","0","80 02:42.824","8","0","0","0","2116","0","0","0","N","0","0","0","2","02116","0","","1.0","","2","N","N","","0","","0","0","0","0","0","","0704","2","1","0","0","0","1","0","2","0","2","","","","N","","","","","","","","","",""
"2013010412","","1","0","0","0","0","0","0","0","0","4","0","","02","1","2013","1","40.403605","-80.099716","","11","0","0","0","0","0","1","0","0","2","0","0","0","14","","1","","1","","40 24:12.979","7","0","80 05:58.979","4","0","0","0","2102","0","0","0","N","0","0","0","4","02102","1","","1.0","","9","N","N","","0","","0","0","1","3","3","Y","1406","2","1","0","0","0","0","0","2","0","2","","","","N","","","","","","","","","",""
"2013011850","","1","0","0","0","0","0","0","0","0","7","0","","02","1","2013","6","40.591407","-79.889888","","11","0","0","0","0","0","0","0","0","","0","0","0","13","","0","","0","","40 35:29.065","","0","79 53:23.596","0","0","0","0","2209","0","0","0","N","0","0","0","1","68T02","0","","2.0","","7","N","N","","0","","0","0","0","0","0","","1315","1","0","0","0","0","0","0","1","0","1","","","","N","","","","","","","","","",""
"2013009023","","3","0","0","0","0","0","0","0","0","1","0","","02","1","2013","4","40.415444","-79.924874","","11","0","0","1","0","0","2","0","0","2","0","0","0","19","","4","","1","","40 24:55.598","2","0","79 55:29.546","4","0","0","0","2301","0","0","0","N","0","0","0","6","02301","4","","1.0","","1","N","N","","0","","0","0","0","3","2","Y","1935","3","4","1","0","0","0","0","2","0","3","","","","N","","","","","","","","","",""
"2013009574","","2","0","0","0","0","0","0","0","0","4","0","","02","1","2013","5","40.438552","-80.005748","","11","0","0","0","0","0","0","0","0","","0","0","0","14","","0","","5","","40 26:18.786","","0","80 00:20.693","0","0","0","0","2301","0","0","0","N","0","0","0","2","02301","0","","1.0","","1","N","N","","0","","0","0","0","3","2","","1420","2","0","0","0","0","0","0","2","0","2","","","","N","","","","","","","","","",""
"2013011130","","1","0","0","0","0","0","0","0","0","1","0","","02","1","2013","6","40.428701","-80.106497","","11","0","0","0","0","0","0","0","0","","0","0","0","15","","0","","0","","40 25:43.323","","0","80 06:23.388","0","0","0","0","2115","0","0","0","N","0","0","0","2","68B03","0","","1.0","","7","N","N","","1","","0","0","0","0","0","","1500","2","0","0","0","0","0","0","2","0","2","","","","N","","","","","","","","","",""
"2013010485","","1","0","0","0","0","0","0","0","0","7","0","","02","1","2013","6","40.369191","-79.946243","","11","0","0","0","0","1","0","0","0","2","0","0","0","16","","0","","2","","40 22:09.087","1","0","79 56:46.473","0","0","0","0","2473","0","0","0","N","0","0","0","1","02473","0","","4.0","","7","N","N","","0","","0","0","0","0","0","Y","1623","1","0","0","0","0","0","0","2","0","1","","","","N","","","","","","","","","",""
"2013009799","","2","0","0","0","0","0","0","0","0","4","0","","02","1","2013","6","40.342491","-79.964666","","11","0","0","0","0","0","1","0","0","1","0","0","0","19","","0","","1","","40 20:32.966","3","0","79 57:52.797","0","0","0","0","2454","0","0","0","N","0","0","0","4","02454","0","","1.0","","6","N","N","","0","","0","0","0","3","3","N","1927","2","0","0","0","0","0","0","2","0","2","","","","N","","","","","","","","","",""
"2013010271","","2","0","0","0","0","0","0","0","0","4","0","","02","1","2013","1","40.407318","-80.033545","","11","0","0","0","0","0","0","0","0","1","0","0","0","02","","0","","1","","40 24:26.343","1","0","80 02:00.761","0","0","0","0","2301","0","0","0","N","0","0","0","2","02301","0","","1.0","","9","N","N","","0","","0","0","0","3","2","N","0232","2","0","0","0","0","0","0","2","0","2","","","","N","","","","","","","","","",""
"2013011068","","2","0","0","0","0","0","0","0","0","4","0","","02","1","2013","1","40.479475","-80.109932","","11","0","0","0","0","0","0","0","0","","0","0","0","03","","0","","2","","40 28:46.110","","0","80 06:35.755","0","0","0","0","2126","0","0","0","N","0","0","0","1","02126","0","","1.0","","1","N","N","","0","","0","0","0","3","3","","0354","2","0","0","0","0","0","0","2","0","2","","","","N","","","","","","","","","",""
"2013009575","","1","0","0","0","0","0","0","0","0","1","1","","02","1","2013","5","40.369219","-80.030096","","11","0","0","0","0","0","0","0","0","","0","1","0","09","","1","","0","","40 22:09.188","","0","80 01:48.344","4","0","0","0","2416","0","0","0","N","0","0","0","1","02503","1","","1.0","","1","N","N","","0","","0","0","0","0","0","","0905","2","1","1","0","0","0","0","2","0","2","","","","N","","","","","","","","","",""
"2013011131","","2","0","0","0","0","0","0","0","0","1","0","","02","1","2013","1","40.429361","-79.956688","","11","0","0","0","1","0","0","0","0","","0","0","0","13","","0","","0","","40 25:45.699","","0","79 57:24.077","0","0","0","0","2301","0","0","0","N","0","0","0","2","68B03","0","","1.0","","1","N","N","","0","","0","0","0","0","0","","1313","2","0","0","0","0","0","0","2","0","2","","","","N","","","","","","","","","",""
"2013010551","","1","0","0","0","0","0","0","0","0","7","0","","02","1","2013","2","40.430479","-80.000182","","11","0","0","0","0","0","0","0","0","","0","0","0","03","","0","","0","","40 25:49.723","","0","80 00:00.655","0","0","0","0","2301","0","0","0","N","0","0","0","1","02301","0","","2.0","","2","N","N","","0","","0","0","0","0","0","","0300","1","0","0","0","0","0","0","2","0","1","","","","N","","","","","","","","","",""
"2013010487","","2","0","0","0","0","0","0","0","0","4","0","","02","1","2013","1","40.397872","-79.988392","","11","0","0","0","0","1","0","0","1","","0","0","0","18","","0","","0","","40 23:52.339","","0","79 59:18.211","0","0","0","0","2301","0","0","0","N","0","0","0","3","02301","0","","1.0","","1","N","N","","0","","0","0","0","0","0","","1821","2","0","0","0","0","0","0","2","0","2","","","","N","","","","","","","","","",""
"2013010552","","2","0","0","0","0","0","0","0","0","2","0","","02","1","2013","2","40.41051","-80.01529","","11","0","0","0","0","0","0","0","0","1","0","0","0","02","","3","","0","","40 24:37.837","5","0","80 00:55.045","3","0","0","0","2301","0","0","0","N","0","0","0","3","02301","0","","1.0","","2","N","N","","0","","1","0","0","0","0","N","0225","2","3","0","0","0","2","0","2","0","2","","","","N","","","","","","","","","",""
"2013009041","","1","0","0","0","0","0","0","0","0","1","0","","02","1","2013","4","40.349304","-79.935937","","11","0","0","0","0","0","0","0","0","","0","0","0","00","","0","","0","","40 20:57.495","","0","79 56:09.374","0","0","0","0","2473","0","0","0","N","0","0","0","2","02473","0","","1.0","","1","N","N","","1","","0","0","0","0","0","","0009","2","0","0","0","0","0","0","2","0","2","","","","N","","","","","","","","","",""
"2013010554","","1","0","0","0","0","0","0","0","0","7","0","","02","1","2013","1","40.436544","-79.974173","","11","0","0","0","0","0","0","0","0","2","0","0","0","02","","0","","3","","40 26:11.560","3","2","79 58:27.023","0","0","0","0","2301","0","0","0","N","0","0","0","1","02301","0","","4.0","","6","N","N","","0","","0","0","0","0","0","N","0250","1","0","0","0","0","0","0","2","0","1","","","","N","","","","","","","","","",""
"2013010339","","1","0","0","0","0","0","0","0","0","7","0","","02","1","2013","6","40.48608","-79.815594","","11","0","0","0","0","0","0","0","0","","0","0","0","12","","0","","0","","40 29:09.889","","0","79 48:56.137","0","0","0","0","2113","0","0","0","N","0","0","0","2","02113","0","","5.0","","7","N","N","","0","","0","0","0","0","0","","1208","1","0","0","0","0","0","0","2","0","1","","","","N","","","","","","","","","",""
"2013009595","","1","0","0","0","0","0","0","0","0","1","0","","02","1","2013","6","40.435497","-79.9841","","11","0","0","0","0","0","0","0","0","1","0","0","0","07","","1","","0","","40 26:07.790","3","0","79 59:02.759","8","0","0","0","2301","0","0","0","N","0","0","0","2","02301","0","","1.0","","1","N","N","","0","","0","0","1","0","0","N","0737","2","1","0","0","0","1","0","2","0","2","","","","N","","","","","","","","","",""
"2013009804","","0","0","0","0","0","0","0","0","0","3","1","","02","1","2013","6","40.460904","-79.875631","","11","0","0","0","0","0","0","0","0","","0","1","0","19","","1","","2","","40 27:39.253","","0","79 52:32.272","4","0","0","0","2113","0","0","0","N","0","0","0","1","02113","1","","2.0","","7","N","N","","1","","0","0","0","0","0","","1930","2","1","0","0","0","0","0","2","0","2","","","","N","","","","","","","","","",""
"2013011346","","0","0","0","0","0","0","0","0","0","2","0","","02","1","2013","2","40.654441","-79.905019","","11","0","0","0","0","0","0","0","0","2","0","0","0","07","","1","","2","","40 39:15.987","4","0","79 54:18.067","8","0","0","0","2220","0","0","0","N","0","0","0","2","02220","0","","1.0","","2","N","N","","2","","0","0","0","0","0","N","0745","2","1","0","0","0","1","0","1","0","2","","","","N","","","","","","","","","",""
"2013009867","","1","0","0","0","0","0","0","0","0","7","0","","02","1","2013","7","40.455584","-79.966241","","11","0","0","0","0","0","1","0","0","1","0","0","0","01","","0","","2","","40 27:20.104","1","0","79 57:58.469","0","0","0","0","2301","0","0","0","N","0","0","0","1","02301","0","","5.0","","2","N","N","","0","","0","0","0","3","2","N","0158","1","0","0","0","0","0","0","2","0","1","","","","N","","","","","","","","","",""
"2013010276","","1","0","0","0","0","0","0","0","0","4","0","","02","1","2013","7","","","","11","0","0","0","0","0","1","1","0","1","0","0","0","14","","0","","2","","","1","0","","0","0","0","0","2109","0","0","0","N","0","0","0","2","02109","0","","1.0","","9","N","N","","0","","0","0","1","0","0","N","1432","2","0","0","0","0","0","0","1","0","2","","","","N","","","","","","","","","",""
"2013009596","","1","0","0","0","0","0","0","0","0","1","0","","02","1","2013","6","40.425799","-80.019809","","11","0","0","0","0","0","0","0","0","","0","0","0","11","","1","","1","","40 25:32.876","","1","80 01:11.311","8","0","0","0","2301","0","0","0","N","0","0","0","2","02301","0","","1.0","","7","N","N","","1","","0","0","0","3","2","","1135","2","1","0","0","0","1","0","2","0","2","","","","N","","","","","","","","","",""
"2013011347","","0","0","0","0","0","0","0","0","0","4","0","","02","1","2013","3","40.448316","-80.010457","","11","0","0","0","0","0","0","0","0","2","0","0","0","10","","0","","1","","40 26:53.937","4","0","80 00:37.645","0","0","0","0","2301","0","0","0","N","0","0","0","3","02301","0","","1.0","","1","N","N","","1","","0","0","0","3","2","N","1047","2","0","0","0","0","0","0","2","1","2","","","","N","","","","","","","","","",""
"2013010341","","1","0","0","0","0","0","0","0","0","7","0","","02","1","2013","6","40.449615","-79.829474","","11","0","0","0","0","0","0","0","1","2","0","0","0","12","","1","","3","","40 26:58.614","3","0","79 49:46.106","4","0","0","0","2113","0","0","0","N","0","0","0","2","02113","1","","5.0","","7","N","N","","0","","0","0","0","0","0","N","1250","1","1","0","0","0","0","0","2","0","1","","","","N","","","","","","","","","",""
"2013009670","","0","0","0","0","0","0","0","0","0","7","0","","02","1","2013","6","40.336928","-79.839858","","11","0","0","0","0","0","0","0","0","1","0","0","0","14","","0","","0","","40 20:12.940","5","0","79 50:23.490","0","0","0","0","2304","0","0","0","N","0","0","0","1","02304","0","","4.0","","7","N","N","","0","","0","0","1","0","0","Y","1416","1","0","0","0","0","0","0","2","0","1","","","","N","","","","","","","","","",""
"2013009598","","1","0","0","0","0","0","0","0","0","7","0","","02","1","2013","6","40.451135","-80.027943","","11","0","0","0","0","0","0","0","0","1","0","0","0","10","","0","","0","","40 27:04.085","2","0","80 01:40.593","0","0","0","0","2301","0","0","0","N","0","0","0","1","02301","0","","3.0","","7","Y","N","","0","","0","0","0","0","0","N","1034","1","0","0","0","0","0","0","2","0","1","","","","N","","","","","","","","","",""
"2013010356","","2","0","0","0","0","0","0","0","0","4","0","","02","1","2013","1","40.35122","-79.863185","","11","0","0","0","0","1","0","0","0","","0","0","0","09","","0","","1","","40 21:04.392","","0","79 51:47.466","0","0","0","0","2304","0","0","0","N","0","0","0","3","02304","0","","1.0","","6","N","N","","0","","0","0","0","3","3","","0900","2","0","0","0","0","0","0","2","0","2","","","","N","","","","","","","","","",""
"2013010421","","1","0","0","0","0","0","0","0","0","4","0","","02","1","2013","7","40.410464","-80.071973","","11","0","0","0","0","0","0","0","0","1","0","0","0","07","","1","","0","","40 24:37.671","3","0","80 04:19.104","4","0","0","0","2117","0","0","0","N","0","0","0","2","68B03","1","","1.0","","9","N","N","","0","","0","0","1","0","0","N","0715","2","1","0","0","0","0","0","2","0","2","","","","N","","","","","","","","","",""
"2013009045","","1","0","0","0","0","0","0","0","0","7","0","","02","1","2013","3","40.329744","-79.931812","","11","0","0","0","0","0","0","0","0","2","0","0","0","22","","1","","0","","40 19:47.079","5","0","79 55:54.523","8","0","0","0","2473","0","0","0","N","0","0","0","1","02473","0","","5.0","","1","N","N","","0","","0","0","0","0","0","Y","2233","1","1","0","0","0","1","0","2","0","1","","","","N","","","","","","","","","",""
"2013011350","","2","0","0","0","0","0","0","0","0","4","0","","02","1","2013","6","40.341039","-79.960907","","11","0","0","0","0","0","1","0","0","","0","0","0","07","","0","","2","","40 20:27.740","","0","79 57:39.265","0","0","0","0","2454","0","0","0","N","0","0","0","2","02454","0","","1.0","","1","N","N","","0","","0","0","0","3","3","","0751","2","0","0","0","0","0","0","2","0","2","","","","N","","","","","","","","","",""
"2013011942","","2","0","0","0","0","0","0","0","0","1","0","","02","1","2013","4","40.345747","-79.83109","","11","0","0","1","0","0","1","0","0","","0","0","0","13","","0","","2","","40 20:44.689","","0","79 49:51.924","0","0","0","0","2304","0","0","0","N","0","0","0","2","02304","0","","1.0","","9","N","N","","0","","0","0","0","0","0","","1344","2","0","0","0","0","0","0","2","0","2","","","","N","","","","","","","","","",""
"2013009672","","0","0","0","0","0","0","0","0","0","7","0","99","02","1","2013","3","40.333183","-79.984472","","11","0","0","0","0","0","0","0","0","","0","0","0","19","","0","","0","","40 19:59.460","","0","79 59:04.099","0","0","0","0","2454","0","0","0","N","0","0","0","1","02454","0","","3.0","","1","N","N","","0","","0","0","0","3","8","","1915","1","0","0","0","0","0","0","2","1","1","","","N","Y","3","1","","","N","","","","",""
"2013010422","","1","0","0","0","0","0","0","0","0","7","0","","02","1","2013","7","40.440273","-79.757977","","11","0","0","0","0","0","0","0","0","","0","0","0","23","","0","","0","","40 26:24.981","","0","79 45:28.717","0","0","0","0","2446","0","0","0","N","0","0","0","1","68B03","0","","3.0","","1","N","N","","0","","0","0","0","0","0","","2327","1","0","0","0","0","0","0","2","0","1","","","","N","","","","","","","","","",""
"2013010560","","0","0","0","0","0","0","0","0","0","7","0","","02","1","2013","4","40.518021","-80.131011","","11","0","0","0","0","1","0","0","0","1","0","0","0","02","","0","","3","","40 31:04.875","1","0","80 07:51.640","0","0","0","0","2434","0","0","0","N","0","0","0","1","68B03","0","","2.0","","6","N","N","","0","","0","0","1","0","0","N","0240","1","0","0","0","0","0","0","2","0","1","","","","N","","","","","","","","","",""
"2013009586","","0","0","0","0","0","0","0","0","0","7","0","","02","1","2013","6","40.368874","-79.859151","","11","0","0","0","0","0","1","0","0","2","0","0","0","08","","1","","0","","40 22:07.946","1","0","79 51:32.943","3","0","0","0","2473","0","0","0","N","0","0","0","1","02473","0","","4.0","","1","N","N","","1","","1","0","0","0","0","Y","0852","1","1","0","0","0","0","0","2","0","1","","","","N","","","","","","","","","",""
"2013010358","","0","0","0","0","0","0","0","0","0","7","0","","02","1","2013","1","40.44888","-79.964502","","11","0","0","0","0","0","0","0","0","","0","0","0","13","","0","","2","","40 26:55.968","","0","79 57:52.207","0","0","0","0","2301","0","0","0","N","0","0","0","0","02301","0","","4.0","","9","N","N","","0","","0","0","1","3","3","","1311","1","0","0","0","0","0","0","2","0","1","","","","N","","","","","","","","","",""
"2013010561","","1","0","0","0","0","0","0","0","0","7","0","","02","1","2013","6","40.591824","-80.097036","","11","0","0","0","0","0","0","0","0","","0","0","0","10","","1","","3","","40 35:30.566","","0","80 05:49.330","8","0","0","0","2481","0","0","0","N","0","0","0","1","68B03","0","","4.0","","7","N","N","","0","","0","0","0","0","0","","1043","1","1","0","0","0","1","0","2","0","1","","","","N","","","","","","","","","",""
"2013010281","","2","0","0","0","0","0","0","0","0","1","0","","02","1","2013","6","40.509042","-80.091238","","11","0","0","0","0","0","0","0","0","2","0","0","0","16","","0","","2","","40 30:32.552","2","0","80 05:28.457","0","0","0","0","2429","0","0","0","N","0","0","0","2","02215","0","","1.0","","6","N","N","","0","","0","0","0","0","0","N","1615","2","0","0","0","0","0","0","2","0","2","","","","N","","","","","","","","","",""
"2013011862","","0","0","0","0","0","0","0","0","0","4","0","","02","1","2013","3","40.389708","-79.933338","","11","0","0","1","0","0","1","0","0","2","0","0","0","12","","0","","1","","40 23:22.947","4","0","79 56:00.018","0","0","0","0","2301","0","0","0","N","0","0","0","2","02301","0","","1.0","","1","N","N","","1","","0","0","1","3","2","Y","1230","2","0","0","0","0","0","0","2","0","2","","","","N","","","","","","","","","",""
"2013010497","","2","0","0","0","0","0","0","0","0","4","0","","02","1","2013","1","40.45637","-79.998628","","11","0","0","0","0","0","0","0","0","1","0","0","0","18","","0","","1","","40 27:22.932","3","0","79 59:55.061","0","0","0","0","2301","0","0","0","N","0","0","0","2","02301","0","","1.0","","1","N","N","","0","","0","0","0","3","2","Y","1837","2","0","0","0","0","0","0","2","0","2","","","","N","","","","","","","","","",""
"2013010562","","2","0","0","0","0","0","0","0","0","1","0","","02","1","2013","6","40.438991","-80.011022","","11","0","0","0","0","1","0","0","0","1","0","0","0","12","","0","","0","","40 26:20.366","3","3","80 00:39.680","0","0","0","0","2301","0","0","0","N","0","0","0","3","68B03","0","","1.0","","7","N","N","","0","","0","0","0","0","0","N","1255","3","0","0","0","0","0","0","2","1","3","","","","N","","","","","","","","","",""
"2013011876","","0","0","0","0","0","0","0","0","0","1","0","","02","1","2013","4","40.4976","-80.012792","","11","0","0","0","0","0","0","0","0","","0","0","0","07","","1","","3","","40 29:51.360","","0","80 00:46.052","8","0","0","0","2301","0","0","0","N","0","0","0","3","02301","0","","1.0","","9","N","N","","0","","0","0","2","0","0","","0740","2","1","0","0","0","1","0","2","0","2","","","","N","","","","","","","","","",""
"2013009675","","1","0","0","0","0","0","0","0","0","1","0","","02","1","2013","6","40.455237","-79.966063","","11","0","0","0","0","0","0","0","0","","0","0","0","15","","0","","1","","40 27:18.853","","0","79 57:57.826","0","0","0","0","2301","0","0","0","N","0","0","0","2","02301","0","","1.0","","7","N","N","","1","","0","0","0","0","0","","1529","2","0","0","0","0","0","0","2","0","2","","","","N","","","","","","","","","",""
"2013011863","","1","0","0","0","0","0","0","0","0","7","0","","02","1","2013","6","40.363809","-79.927287","","11","0","0","0","0","0","0","0","0","","0","0","0","22","","0","","0","","40 21:49.712","","0","79 55:38.233","0","0","0","0","2473","0","0","0","N","0","0","0","1","02473","0","","5.0","","6","N","N","","0","","0","0","0","0","0","","2208","1","0","0","0","0","0","0","2","0","1","","","","N","","","","","","","","","",""
"2013010563","","0","0","0","0","0","0","0","0","0","7","0","","02","1","2013","6","40.647908","-80.09558","","11","0","0","0","0","0","0","0","0","","0","0","0","13","","1","","0","","40 38:52.470","","3","80 05:44.089","8","0","0","0","2212","0","0","0","N","0","0","0","1","68B03","0","","2.0","","7","N","N","","1","","0","0","0","0","0","","1340","1","1","0","0","0","1","0","2","0","1","","","","N","","","","","","","","","",""
"2013009874","","1","0","0","0","0","0","0","0","0","7","0","","02","1","2013","7","40.435138","-79.912548","","11","0","0","0","0","0","0","0","0","","0","0","0","02","","0","","2","","40 26:06.496","","0","79 54:45.172","0","0","0","0","2301","0","0","0","N","0","0","0","1","02301","0","","5.0","","7","N","N","","0","","0","0","0","3","3","","0235","1","0","0","0","0","0","0","2","0","1","","","","N","","","","","","","","","",""
"2013011367","","1","0","0","0","0","0","0","0","0","7","0","","02","1","2013","3","40.457676","-80.044744","","11","0","0","0","0","0","0","0","0","","0","0","0","12","","1","","0","","40 27:27.635","","0","80 02:41.077","8","0","0","0","2301","0","0","0","N","0","0","0","2","02301","0","","4.0","","9","N","N","","0","","0","0","0","0","0","","1220","1","1","0","0","0","1","0","2","0","1","","","","N","","","","","","","","","",""
"2013009603","","1","0","0","0","0","0","0","0","0","7","0","","02","1","2013","6","40.523333","-79.989733","","11","0","0","0","0","0","0","0","0","1","0","0","0","12","","0","","0","","40 31:24.000","5","0","79 59:23.040","0","0","0","0","2116","0","0","0","N","0","0","0","2","02116","0","","2.0","","7","N","N","","0","","0","0","0","0","0","Y","1202","1","0","0","0","0","0","0","2","0","1","","","","N","","","","","","","","","",""
"2013009604","","1","0","0","0","0","0","0","0","0","7","0","","02","1","2013","6","40.418262","-79.966002","","11","0","0","0","0","0","0","0","0","","0","0","0","11","","0","","0","","40 25:05.743","","0","79 57:57.607","0","0","0","0","2301","0","0","0","N","0","0","0","0","02301","0","","4.0","","2","N","N","","0","","0","0","0","0","0","","1100","1","0","0","0","0","0","0","2","0","1","","","","N","","","","","","","","","",""
"2013009813","","1","0","0","0","0","0","0","0","0","7","1","","02","1","2013","6","40.472207","-80.224708","","11","0","0","0","0","0","0","0","0","1","0","0","0","19","","0","","0","","40 28:19.945","4","2","80 13:28.948","0","0","0","0","2203","0","0","0","N","0","0","0","1","02501","0","","5.0","","6","N","N","","0","","0","0","0","0","0","Y","1900","1","0","0","0","0","0","0","2","0","1","","","","N","","","","","","","","","",""
"2013010285","","1","0","0","0","0","0","0","0","0","7","0","","02","1","2013","6","40.508362","-79.958674","","11","0","0","0","0","0","0","0","0","2","0","0","0","99","","0","","0","","40 30:30.102","1","0","79 57:31.227","0","0","0","0","2118","0","0","0","N","0","0","0","1","02118","0","","2.0","","7","N","N","","0","","0","0","0","0","0","N","9999","1","0","0","0","0","0","0","2","0","1","","","","N","","","","","","","","","",""
"2013009678","","1","0","0","0","0","0","0","0","0","1","0","","02","1","2013","6","40.443241","-80.002456","","11","0","0","0","0","0","0","0","0","","0","0","0","13","","0","","1","","40 26:35.667","","0","80 00:08.841","0","0","0","0","2301","0","0","0","N","0","0","0","2","02301","0","","1.0","","7","N","N","","1","","0","0","0","0","0","","1345","2","0","0","0","0","0","0","2","0","2","","","","N","","","","","","","","","",""
"2013011866","","0","0","0","0","0","0","0","0","0","7","0","","02","1","2013","6","40.445933","-79.848432","","11","0","0","0","0","0","1","0","0","","0","0","0","12","","0","","1","","40 26:45.357","","0","79 50:54.354","0","0","0","0","2419","0","0","0","Y","0","0","0","1","02419","0","","2.0","","7","N","N","","0","","0","0","1","3","2","","1230","1","0","0","0","0","0","0","2","0","1","","","","N","","","","","","","","","",""
"2013010299","","1","0","0","0","0","0","0","0","0","8","0","","02","1","2013","2","40.411252","-80.046382","","11","0","0","0","0","0","1","0","0","","0","0","0","06","","1","","2","","40 24:40.506","","0","80 02:46.974","4","0","0","0","2435","1","0","0","N","1","0","0","2","02435","1","","1.0","","1","N","N","","0","","0","0","0","3","3","","0659","2","1","0","0","0","0","0","2","0","1","","","","N","","","","","","","","","",""
"2013010429","","0","0","0","0","0","0","0","0","0","7","0","","02","1","2013","6","40.536973","-79.843802","","11","0","0","0","0","0","0","0","0","1","0","0","0","11","","0","","0","","40 32:13.103","2","0","79 50:37.688","0","0","0","0","2208","0","0","0","Y","0","0","0","1","68D02","0","","2.0","","7","N","N","","0","","0","0","1","0","0","N","1146","1","0","0","0","0","0","0","2","0","1","","","","N","","","","","","","","","",""
"2013009607","","1","0","0","0","0","0","0","0","0","4","0","","02","1","2013","6","40.405418","-79.911442","","11","0","0","0","0","0","0","1","0","","0","0","0","07","","1","","1","","40 24:19.504","","0","79 54:41.191","4","0","0","0","2438","0","0","0","N","0","0","0","8","02438","1","","1.0","","1","Y","N","","0","","0","0","0","3","3","","0756","2","1","0","0","0","0","0","2","1","2","","","","N","","","","","","","","","",""
"2013010503","","0","0","0","0","0","0","0","0","0","4","0","","02","1","2013","1","40.46212","-79.940382","","11","0","0","0","0","0","1","0","0","","0","0","0","19","","0","","1","","40 27:43.632","","0","79 56:25.375","0","0","0","0","2301","0","0","0","N","0","0","0","2","02301","0","","1.0","","9","N","N","","0","","0","0","2","0","0","","1925","2","0","0","0","0","0","0","2","0","2","","","","N","","","","","","","","","",""
"2013011870","","0","0","0","0","0","0","0","0","0","4","0","","02","1","2013","4","40.468738","-79.959461","","11","0","0","0","0","0","2","0","0","1","0","0","0","07","","0","","1","","40 28:07.456","6","0","79 57:34.059","0","0","0","0","2301","0","0","0","N","0","0","0","2","02301","0","","1.0","","1","N","N","","0","","0","0","2","3","3","Y","0740","2","0","0","0","0","0","0","2","0","2","","","","N","","","","","","","","","",""
"2013010504","","1","0","0","0","0","0","0","0","0","1","0","","02","1","2013","1","40.442698","-80.070691","","11","0","0","0","0","0","0","0","0","","0","0","0","15","","1","","0","","40 26:33.712","","0","80 04:14.487","8","0","0","0","2439","0","0","0","N","0","0","0","2","02439","0","","1.0","","1","N","N","","1","","0","0","0","0","0","","1537","2","1","1","0","0","1","0","2","0","2","","","","N","","","","","","","","","",""
"2013011296","","0","0","0","0","0","0","0","0","0","7","0","","02","1","2013","2","40.260942","-79.864386","","11","0","0","0","1","0","0","0","0","","0","0","0","08","","1","","0","","40 15:39.391","","0","79 51:51.789","4","0","0","0","2105","0","0","0","N","0","0","0","1","02105","1","","5.0","","6","N","N","","1","","0","0","0","0","0","","0841","1","1","0","0","0","0","0","1","0","1","","","","N","","","","","","","","","",""