"CRN","ARRIVAL_TM","AUTOMOBILE_COUNT","BELTED_DEATH_COUNT","BELTED_SUSP_SERIOUS_INJ_COUNT","BICYCLE_COUNT","BICYCLE_DEATH_COUNT","BICYCLE_SUSP_SERIOUS_INJ_COUNT","BUS_COUNT","CHLDPAS_DEATH_COUNT","CHLDPAS_SUSP_SERIOUS_INJ_COUNT","COLLISION_TYPE","COMM_VEH_COUNT","CONS_ZONE_SPD_LIM","COUNTY","CRASH_MONTH","CRASH_YEAR","DAY_OF_WEEK","DEC_LATITUDE","DEC_LONGITUDE","DISPATCH_TM","DISTRICT","DRIVER_COUNT_16YR","DRIVER_COUNT_17YR","DRIVER_COUNT_18YR","DRIVER_COUNT_19YR","DRIVER_COUNT_20YR","DRIVER_COUNT_50_64YR","DRIVER_COUNT_65_74YR","DRIVER_COUNT_75PLUS","EST_HRS_CLOSED","FATAL_COUNT","HEAVY_TRUCK_COUNT","HORSE_BUGGY_COUNT","HOUR_OF_DAY","ILLUMINATION","INJURY_COUNT","INTERSECTION_RELATED","INTERSECT_TYPE","LANE_CLOSED","LATITUDE","LN_CLOSE_DIR","LOCATION_TYPE","LONGITUDE","MAX_SEVERITY_LEVEL","MCYCLE_DEATH_COUNT","MCYCLE_SUSP_SERIOUS_INJ_COUNT","MOTORCYCLE_COUNT","MUNICIPALITY","NONMOTR_COUNT","NONMOTR_DEATH_COUNT","NONMOTR_SUSP_SERIOUS_INJ_COUNT","NTFY_HIWY_MAINT","PED_COUNT","PED_DEATH_COUNT","PED_SUSP_SERIOUS_INJ_COUNT","PERSON_COUNT","POLICE_AGCY","POSSIBLE_INJ_COUNT","RDWY_SURF_TYPE_CD","RELATION_TO_ROAD","ROADWAY_CLEARED","ROAD_CONDITION","SCH_BUS_IND","SCH_ZONE_IND","SECONDARY_CRASH","SMALL_TRUCK_COUNT","SPEC_JURIS_CD","SUSP_MINOR_INJ_COUNT","SUSP_SERIOUS_INJ_COUNT","SUV_COUNT","TCD_FUNC_CD","TCD_TYPE","TFC_DETOUR_IND","TIME_OF_DAY","TOTAL_UNITS","TOT_INJ_COUNT","UNBELTED_OCC_COUNT","UNB_DEATH_COUNT","UNB_SUSP_SERIOUS_INJ_COUNT","UNK_INJ_DEG_COUNT","UNK_INJ_PER_COUNT","URBAN_RURAL","VAN_COUNT","VEHICLE_COUNT","WEATHER1","WEATHER2","WORKERS_PRES","WORK_ZONE_IND","WORK_ZONE_LOC","WORK_ZONE_TYPE","WZ_CLOSE_DETOUR","WZ_FLAGGER","WZ_LAW_OFFCR_IND","WZ_LN_CLOSURE","WZ_MOVING","WZ_OTHER","WZ_SHLDER_MDN","WZ_WORKERS_INJ_KILLED"
"2013016111","","1","0","0","0","0","0","0","0","0","1","1","","02","2","2013","4","40.35451","-80.050114","","11","0","0","0","0","0","0","0","0","","0","1","0","09","","0","","0","","40 21:16.236","","0","80 03:00.410","0","0","0","0","2109","0","0","0","N","0","0","0","3","02109","0","","1.0","","9","N","N","","0","","0","0","0","0","0","","0900","2","0","0","0","0","0","0","2","0","2","","","","N","","","","","","","","","",""
"2013010700","","0","0","0","0","0","0","0","0","0","7","0","","02","1","2013","2","40.333252","-79.782999","","11","0","0","0","0","1","0","0","0","2","0","0","0","08","","0","","0","","40 19:59.706","5","0","79 46:58.796","0","0","0","0","2477","0","0","0","N","0","0","0","1","02477","0","","2.0","","2","N","N","","1","","0","0","0","0","0","Y","0800","1","0","0","0","0","0","0","2","0","1","","","","N","","","","","","","","","",""
"2013010013","","0","0","0","0","0","0","0","0","0","7","0","","02","1","2013","3","40.623727","-80.038576","","11","0","0","0","0","0","1","0","0","","0","0","0","21","","0","","3","","40 37:25.417","","0","80 02:18.873","0","0","0","0","2216","0","0","0","N","0","0","0","2","02505","0","","2.0","","7","N","N","","0","","0","0","1","0","0","","2130","1","0","0","0","0","0","0","1","0","1","","","","N","","","","","","","","","",""
"2013009264","","1","0","0","0","0","0","0","0","0","1","0","","02","1","2013","5","40.486201","-80.053799","","11","0","0","0","0","0","0","0","1","2","0","0","0","08","","1","","0","","40 29:10.323","1","0","80 03:13.676","8","0","0","0","2404","0","0","0","N","0","0","0","3","02404","0","","1.0","","9","N","N","","0","","0","0","1","0","0","N","0859","3","1","2","0","0","1","0","2","0","2","","","","N","","","","","","","","","",""
"2013016820","","1","0","0","0","0","0","0","0","0","1","0","","02","1","2013","5","40.42798","-79.89","","11","0","0","0","0","0","0","0","0","1","0","0","0","16","","0","","0","","40 25:40.728","3","0","79 53:24.001","0","0","0","0","2426","0","0","0","N","0","0","0","4","68B03","0","","1.0","","98","N","N","","0","","0","0","2","0","0","N","1611","3","0","0","0","0","0","0","2","0","3","","","","N","","","","","","","","","",""
"2013016882","","2","0","0","0","0","0","0","0","0","7","0","","02","2","2013","4","40.427589","-79.768058","","11","0","0","0","0","0","2","0","0","","0","0","0","07","","1","","0","","40 25:39.320","","0","79 46:05.010","8","0","0","0","2446","0","0","0","N","0","0","0","2","02446","0","","2.0","","7","N","N","","0","","0","0","0","0","0","","0718","2","1","0","0","0","1","0","2","0","2","","","","N","","","","","","","","","",""
"2013010782","","1","0","0","0","0","0","0","0","0","1","0","","02","1","2013","3","40.51708","-79.943888","","11","0","0","0","0","0","0","0","0","1","0","0","0","99","","0","","0","","40 31:01.487","1","0","79 56:37.995","0","0","0","0","2118","0","0","0","N","0","0","0","2","02118","0","","1.0","","1","N","N","","0","","0","0","1","0","0","N","9999","2","0","0","0","0","0","0","2","0","2","","","","N","","","","","","","","","",""
"2013017568","","1","0","0","0","0","0","0","0","0","1","0","","02","2","2013","6","40.446289","-80.027049","","11","0","0","0","0","0","0","0","0","","0","0","0","14","","0","","0","","40 26:46.641","","3","80 01:37.376","0","0","0","0","2301","0","0","0","N","0","0","0","2","02301","0","","1.0","","2","N","N","","0","","0","0","0","0","0","","1400","2","0","0","0","0","0","0","2","1","2","","","","N","","","","","","","","","",""
"2013010097","","1","0","0","0","0","0","0","0","0","1","0","","02","1","2013","7","40.437151","-79.998411","","11","0","0","0","0","0","0","0","0","","0","0","0","16","","0","","2","","40 26:13.743","","0","79 59:54.279","0","0","0","0","2301","0","0","0","N","0","0","0","2","02301","0","","1.0","","9","N","N","","0","","0","0","0","3","2","","1640","2","0","0","0","0","0","0","2","1","2","","","","N","","","","","","","","","",""
"2013009191","","1","0","0","0","0","0","0","0","0","7","0","","02","1","2013","3","40.617614","-79.958395","","11","0","0","0","0","0","0","0","0","1","0","0","0","13","","0","","0","","40 37:03.410","2","0","79 57:30.222","0","0","0","0","2217","0","0","0","N","0","0","0","1","02505","0","","5.0","","6","N","N","","0","","0","0","0","0","0","N","1320","1","0","0","0","0","0","0","2","0","1","","","","N","","","","","","","","","",""
"2013010031","","2","0","0","0","0","0","0","0","0","4","0","","02","1","2013","7","40.46586","-79.922782","","11","0","0","0","0","0","0","0","0","1","0","0","0","11","","2","","1","","40 27:57.096","3","0","79 55:22.015","4","0","0","0","2301","0","0","0","N","0","0","0","2","02301","2","","1.0","","9","N","N","","0","","0","0","0","3","1","N","1100","2","2","0","0","0","0","0","2","0","2","","","","N","","","","","","","","","",""
"2013009892","","0","0","0","0","0","0","0","0","0","7","0","","02","1","2013","6","40.398133","-80.045313","","11","0","0","0","0","0","0","1","0","","0","0","0","16","","1","","0","","40 23:53.279","","0","80 02:43.127","8","0","0","0","2422","0","0","0","N","0","0","0","1","02422","0","","2.0","","7","N","N","","0","","0","0","1","0","0","","1656","1","1","0","0","0","1","0","2","0","1","","","","N","","","","","","","","","",""
"2013010705","","2","0","0","0","0","0","0","0","0","1","0","","02","1","2013","6","40.438202","-79.830514","","11","0","0","0","0","0","1","0","0","","0","0","0","10","","1","","1","","40 26:17.528","","0","79 49:49.850","8","0","0","0","2419","0","0","0","N","0","0","0","5","02419","0","","1.0","","7","N","N","","0","","0","0","0","3","2","","1045","2","1","0","0","0","1","0","2","0","2","","","","N","","","","","","","","","",""
"2013010719","","2","0","0","0","0","0","0","0","0","4","0","","02","1","2013","6","40.463154","-80.100956","","11","0","0","0","0","0","0","0","0","2","0","0","0","13","","0","","0","","40 27:47.354","5","0","80 06:03.441","0","0","0","0","2126","0","0","0","N","0","0","0","3","02126","0","","1.0","","2","N","N","","0","","0","0","0","0","0","N","1323","2","0","0","0","0","0","0","2","0","2","","","","N","","","","","","","","","",""
"2013011575","","1","0","0","0","0","0","0","0","0","7","0","","02","1","2013","2","40.450116","-80.005843","","11","0","0","0","0","0","0","0","0","1","0","0","0","21","","1","","0","","40 27:00.417","3","0","80 00:21.033","4","0","0","0","2301","0","0","0","N","0","0","0","2","02301","1","","5.0","","9","N","N","","0","","0","0","0","3","2","N","2140","1","1","2","0","0","0","0","2","0","1","","","","N","","","","","","","","","",""
"2013010721","","1","0","0","0","0","0","0","0","0","4","0","","02","1","2013","1","40.352978","-79.91732","","11","0","0","0","0","0","0","0","0","1","0","0","0","13","","2","","2","","40 21:10.719","3","0","79 55:02.352","4","0","0","0","2473","0","0","0","N","0","0","0","3","02473","2","","1.0","","1","N","N","","0","","0","0","1","3","2","N","1342","2","2","0","0","0","0","0","2","0","2","","","","N","","","","","","","","","",""
"2013016120","","1","0","0","0","0","0","0","0","0","1","0","","02","2","2013","4","40.449242","-80.02527","","11","0","0","0","0","0","0","0","0","","0","0","0","11","","0","","1","","40 26:57.272","","3","80 01:30.973","0","0","0","0","2301","0","0","0","N","0","0","0","2","02301","0","","1.0","","1","N","N","","0","","0","0","1","3","4","","1108","2","0","0","0","0","0","0","2","0","2","","","","N","","","","","","","","","",""
"2013010722","","1","0","0","0","0","0","0","0","0","7","0","","02","1","2013","2","40.423379","-79.946822","","11","0","0","0","0","0","0","0","0","","0","0","0","09","","0","","2","","40 25:24.164","","0","79 56:48.559","0","0","0","0","2301","0","0","0","N","0","0","0","2","02301","0","","5.0","","2","N","N","","0","","0","0","0","3","3","","0945","1","0","0","0","0","0","0","2","0","1","","05","","N","","","","","","","","","",""
"2013009340","","1","0","0","0","0","0","1","0","0","5","1","","02","1","2013","5","40.461622","-79.948973","","11","0","0","0","0","0","2","0","0","","0","0","0","16","","1","","2","","40 27:41.839","","0","79 56:56.302","3","0","0","0","2301","0","0","0","N","0","0","0","3","02503","0","","1.0","","1","N","N","","0","","1","0","0","3","2","","1601","2","1","1","0","0","0","0","2","0","2","","","","N","","","","","","","","","",""
"2013010105","","1","0","0","0","0","0","0","0","0","7","0","","02","1","2013","7","40.377706","-80.030152","","11","0","0","0","0","0","1","0","0","4","0","0","0","15","","1","","0","","40 22:39.741","7","0","80 01:48.547","4","0","0","0","2109","0","0","0","N","0","0","0","1","02109","1","","5.0","","9","N","N","","0","","0","0","0","0","0","Y","1542","1","1","0","0","0","0","0","2","0","1","","","","N","","","","","","","","","",""
"2013011442","","0","0","0","0","0","0","0","0","0","4","0","","02","1","2013","3","40.592141","-80.074993","","11","0","0","0","0","0","1","0","0","","0","0","0","16","","1","","3","","40 35:31.706","","0","80 04:29.976","8","0","0","0","2481","0","0","0","N","0","0","0","2","02481","0","","1.0","","9","N","N","","0","","0","0","2","3","3","","1651","2","1","0","0","0","1","1","2","0","2","","","","N","","","","","","","","","",""
"2013017578","","2","0","0","0","0","0","0","0","0","4","0","","02","2","2013","5","40.474092","-80.057307","","11","0","0","0","0","0","0","0","0","","0","0","0","20","","0","","0","","40 28:26.731","","0","80 03:26.305","0","0","0","0","2444","0","0","0","N","0","0","0","1","02444","0","","6.0","","1","N","N","","0","","0","0","0","0","0","","2039","2","0","0","0","0","0","0","2","0","2","","","","N","","","","","","","","","",""
"2013016122","","1","0","0","0","0","0","0","0","0","4","0","","02","2","2013","3","40.445988","-79.852428","","11","0","0","0","0","0","1","0","0","2","0","0","0","08","","2","","2","","40 26:45.555","6","0","79 51:08.742","8","0","0","0","2419","0","0","0","N","0","0","0","2","02419","0","","1.0","","6","N","N","","0","","0","0","1","0","0","N","0805","2","2","1","0","0","2","0","2","0","2","","","","N","","","","","","","","","",""
"2013016893","","1","0","0","0","0","0","0","0","0","4","0","","02","2","2013","4","40.431959","-80.144927","","11","0","0","1","0","1","0","0","0","1","0","0","0","09","","1","","1","","40 25:55.053","1","0","80 08:41.737","4","0","0","0","2102","0","0","0","N","0","0","0","3","02102","1","","1.0","","1","N","N","","1","","0","0","0","3","3","N","0950","2","1","0","0","0","0","2","2","0","2","","","","N","","","","","","","","","",""
"2013011443","","0","0","0","0","0","0","0","0","0","7","0","","02","1","2013","1","40.576121","-80.014779","","11","0","0","0","0","0","0","0","0","","0","0","0","10","","0","","2","","40 34:34.036","","0","80 00:53.204","0","0","0","0","2108","0","0","0","N","0","0","0","2","02108","0","","4.0","","1","N","N","","0","","0","0","1","3","3","","1037","1","0","0","0","0","0","0","2","0","1","","","","N","","","","","","","","","",""
"2013009972","","1","0","0","0","0","0","0","0","0","2","0","","02","1","2013","6","40.410314","-80.015634","","11","0","0","0","0","0","0","0","0","","0","0","0","12","","2","","0","","40 24:37.131","","0","80 00:56.282","3","0","0","0","2301","0","0","0","N","0","0","0","3","02301","1","","1.0","","7","N","N","","0","","1","0","1","0","0","","1235","2","2","0","0","0","0","0","2","0","2","","","","N","","","","","","","","","",""
"2013016818","","1","0","0","0","0","0","0","0","0","1","0","","02","1","2013","7","40.429065","-80.028994","","11","0","1","0","0","0","1","0","0","","0","0","0","13","","0","","0","","40 25:44.633","","0","80 01:44.379","0","0","0","0","2301","0","0","0","N","0","0","0","2","68B03","0","","1.0","","1","N","N","","0","","0","0","1","0","0","","1314","2","0","0","0","0","0","0","2","0","2","","","","N","","","","","","","","","",""
"2013011444","","0","0","0","0","0","0","0","0","0","7","0","","02","1","2013","2","40.572743","-80.054653","","11","0","0","0","0","0","0","0","0","2","0","0","0","14","","1","","0","","40 34:21.876","6","0","80 03:16.750","3","0","0","0","2108","0","0","0","N","0","0","0","1","02108","0","","4.0","","9","N","N","","0","","1","0","1","0","0","N","1440","1","1","1","0","0","0","0","2","0","1","","","","N","","","","","","","","","",""
"2013010725","","0","0","0","0","0","0","0","0","0","1","0","","02","1","2013","2","40.382515","-79.995922","","11","0","0","0","0","0","0","0","0","","0","0","0","10","","1","","5","","40 22:57.053","","0","79 59:45.319","4","0","0","0","2301","0","0","0","N","0","0","0","3","02301","1","","1.0","","9","N","N","","0","","0","0","0","3","2","","1025","2","1","0","0","0","0","0","2","2","2","","","","N","","","","","","","","","",""
"2013011580","","1","0","0","0","0","0","0","0","0","7","0","","02","1","2013","3","40.385578","-79.903171","","11","0","0","0","0","0","0","0","0","3","0","0","0","20","","0","","0","","40 23:08.080","5","0","79 54:11.415","0","0","0","0","2448","0","0","0","N","0","0","0","1","02448","0","","5.0","","1","N","N","","0","","0","0","0","0","0","Y","2011","1","0","0","0","0","0","0","2","0","1","","","","N","","","","","","","","","",""
"2013010858","","1","0","0","0","0","0","0","0","0","1","0","","02","1","2013","5","40.429634","-79.875766","","11","0","0","0","0","0","2","0","0","1","0","0","0","10","","0","","0","","40 25:46.682","4","0","79 52:32.757","0","0","0","0","2426","0","0","0","N","0","0","0","4","68B03","0","","1.0","","1","N","N","","0","","0","0","2","0","0","N","1045","3","0","0","0","0","0","0","2","0","3","","","","N","","","","","","","","","",""
"2013016124","","1","0","0","0","0","0","0","0","0","7","0","","02","2","2013","4","40.345461","-80.166005","","11","0","0","0","0","0","1","0","0","","0","0","0","04","","0","","0","","40 20:43.660","","0","80 09:57.617","0","0","0","0","2119","0","0","0","Y","0","0","0","1","02119","0","","2.0","","1","N","N","","0","","0","0","0","0","0","","0400","1","0","0","0","0","0","0","2","0","1","","","","N","","","","","","","","","",""
"2013017721","","0","0","0","0","0","0","0","0","0","7","0","","02","2","2013","5","40.664824","-80.048122","","11","0","0","0","0","0","0","0","0","1","0","0","0","19","","0","","0","","40 39:53.366","4","0","80 02:53.239","0","0","0","0","2216","0","0","0","N","0","0","0","1","02505","0","","5.0","","1","N","N","","0","","0","0","1","0","0","Y","1923","1","0","0","0","0","0","0","2","0","1","","","","N","","","","","","","","","",""
"2013015592","","1","0","0","0","0","0","0","0","0","1","0","","02","2","2013","3","40.427524","-79.752717","","11","0","0","0","0","0","1","0","0","1","0","0","0","17","","1","","0","","40 25:39.087","1","0","79 45:09.780","8","0","0","0","2446","0","0","0","N","0","0","0","3","02446","0","","1.0","","1","N","N","","1","","0","0","1","0","0","N","1731","3","1","0","0","0","1","0","2","0","3","","","","N","","","","","","","","","",""
"2013017767","","0","0","0","0","0","0","0","0","0","7","0","","02","2","2013","3","40.456529","-79.821836","","11","0","0","0","0","0","0","0","0","1","0","0","0","07","","0","","0","","40 27:23.504","1","0","79 49:18.609","0","0","0","0","2113","0","0","0","N","0","0","0","1","02113","0","","4.0","","2","N","N","","0","","0","0","1","0","0","Y","0701","1","0","0","0","0","0","0","2","0","1","","","","N","","","","","","","","","",""
"2013016979","","1","0","0","0","0","0","0","0","0","4","0","","02","2","2013","5","40.453729","-79.993335","","11","0","0","0","0","0","0","0","0","","0","0","0","16","","0","","1","","40 27:13.424","","0","79 59:36.006","0","0","0","0","2301","0","0","0","N","0","0","0","4","02301","0","","1.0","","1","N","N","","0","","0","0","1","0","0","","1620","2","0","0","0","0","0","0","2","0","2","","","","N","","","","","","","","","",""
"2013017771","","1","0","0","0","0","0","0","0","0","7","0","","02","2","2013","6","40.538606","-80.020847","","11","0","0","0","0","0","0","0","0","","0","0","0","22","","0","","0","","40 32:18.980","","0","80 01:15.050","0","0","0","0","2116","0","0","0","N","0","0","0","2","02116","0","","5.0","","6","N","N","","0","","0","0","0","0","0","","2236","1","0","1","0","0","0","0","2","0","1","","","","N","","","","","","","","","",""
"2013017772","","1","0","0","0","0","0","0","0","0","99","0","","02","1","2013","3","","","","11","0","0","0","0","0","0","0","0","","0","0","0","07","","1","","0","","","","0","","4","0","0","0","2102","0","0","0","N","0","0","0","1","02102","1","","1.0","","9","N","N","","0","","0","0","0","0","0","","0700","1","1","0","0","0","0","0","1","0","1","","","","N","","","","","","","","","",""
"2013016983","","1","0","0","0","0","0","0","0","0","7","0","","02","2","2013","2","40.513539","-79.992636","","11","0","0","0","0","0","0","0","0","1","0","0","0","18","","0","","0","","40 30:48.739","2","0","79 59:33.491","0","0","0","0","2116","0","0","0","N","0","0","0","1","02116","0","","2.0","","3","N","N","","0","","0","0","0","0","0","N","1804","1","0","0","0","0","0","0","2","0","1","","","","N","","","","","","","","","",""
"2013017835","","0","0","0","0","0","0","0","0","0","7","0","","02","2","2013","4","40.208528","-79.904333","","11","0","0","0","0","0","0","0","0","2","0","0","0","20","","1","","0","","40 12:30.700","5","0","79 54:15.600","2","0","0","0","2204","0","0","0","N","0","0","0","1","02204","0","","5.0","","1","N","N","","1","","0","1","0","0","0","Y","2050","1","1","0","0","0","0","0","1","0","1","","","","N","","","","","","","","","",""
"2013016920","","0","0","0","0","0","0","0","0","0","7","0","","02","2","2013","5","40.401598","-80.042395","","11","0","0","0","0","0","0","0","0","","0","0","0","09","","0","","0","","40 24:05.752","","7","80 02:32.622","0","0","0","0","2301","0","0","0","N","0","0","0","1","02301","0","","5.0","","1","N","N","","0","","0","0","1","0","0","","0930","1","0","0","0","0","0","0","2","0","1","","","","N","","","","","","","","","",""
"2013016984","","1","0","0","0","0","0","0","0","0","4","0","","02","2","2013","5","40.41007","-80.031583","","11","0","0","0","0","0","0","0","0","","0","0","0","17","","2","","2","","40 24:36.252","","0","80 01:53.698","4","0","0","0","2301","0","0","0","N","0","0","0","2","02301","2","","1.0","","1","N","N","","0","","0","0","1","3","3","","1700","2","2","0","0","0","0","0","2","0","2","","","","N","","","","","","","","","",""
"2013016921","","1","0","0","0","0","0","0","0","0","7","0","","02","2","2013","5","40.540807","-80.078774","","11","0","0","0","0","0","0","0","0","","0","0","0","07","","1","","0","","40 32:26.905","","0","80 04:43.586","8","0","0","0","2215","0","0","0","N","0","0","0","1","02215","0","","2.0","","2","N","N","","0","","0","0","0","0","0","","0750","1","1","0","0","0","1","0","2","0","1","","","","N","","","","","","","","","",""
"2013016985","","1","0","0","0","0","0","0","0","0","4","0","","02","2","2013","5","40.584967","-79.950722","","11","0","0","0","0","0","1","0","0","1","0","0","0","16","","1","","0","","40 35:05.880","2","0","79 57:02.598","8","0","0","0","2207","0","0","0","N","0","0","0","2","02207","0","","1.0","","1","N","N","","1","","0","0","0","3","2","N","1644","2","1","0","0","0","1","0","2","0","2","","","","N","","","","","","","","","",""
"2013017837","","2","0","0","0","0","0","0","0","0","6","0","","02","2","2013","4","40.465853","-79.992744","","11","0","0","0","0","0","0","0","0","1","0","0","0","14","","0","","2","","40 27:57.070","1","0","79 59:33.878","0","0","0","0","2301","0","0","0","N","0","0","0","3","02301","0","","1.0","","1","N","N","","0","","0","0","0","0","0","N","1400","2","0","0","0","0","0","0","2","0","2","","","","N","","","","","","","","","",""
"2013016340","","2","0","0","0","0","0","0","0","0","1","0","","02","1","2013","2","40.417343","-80.056318","","11","0","0","0","0","0","0","0","0","2","0","0","0","07","","0","","0","","40 25:02.434","3","0","80 03:22.746","0","0","0","0","2435","0","0","0","N","0","0","0","3","68B03","0","","1.0","","1","N","N","","0","","0","0","0","0","0","N","0726","3","0","0","0","0","0","0","2","1","3","","","","N","","","","","","","","","",""
"2013016341","","2","0","0","0","0","0","0","0","0","1","0","","02","1","2013","5","40.499298","-80.28188","","11","0","0","0","0","0","0","0","0","2","0","0","0","23","","0","","0","","40 29:57.471","4","0","80 16:54.769","0","0","0","0","2203","0","0","0","N","0","0","0","3","68B03","0","","1.0","","2","N","N","","0","","0","0","0","0","0","N","2300","2","0","0","0","0","0","0","1","0","2","","","","N","","","","","","","","","",""
"2013016923","","1","0","0","0","0","0","0","0","0","7","0","","02","2","2013","1","40.2759","-79.937557","","11","0","0","0","0","0","0","0","0","2","0","0","0","17","","0","","0","","40 16:33.240","4","0","79 56:15.205","0","0","0","0","2440","0","0","0","N","0","0","0","1","02440","0","","5.0","","1","N","N","","0","","0","0","0","0","0","N","1735","1","0","0","0","0","0","0","2","0","1","","","","N","","","","","","","","","",""
"2013016342","","1","0","0","0","0","0","0","0","0","7","0","","02","1","2013","4","40.569152","-80.090307","","11","0","0","0","0","1","0","0","0","","0","0","0","03","","0","","0","","40 34:08.948","","0","80 05:25.106","0","0","0","0","2481","0","0","0","Y","0","0","0","1","68B03","0","","3.0","","7","N","N","","0","","0","0","0","0","0","","0300","1","0","1","0","0","0","0","2","0","1","","","","N","","","","","","","","","",""
"2013017777","","5","0","0","0","0","0","0","0","0","4","0","","02","1","2013","2","40.218874","-79.844766","","11","0","0","0","0","1","0","0","0","3","0","0","0","08","","0","","0","","40 13:07.946","1","7","79 50:41.158","0","0","0","0","2204","0","0","0","Y","0","0","0","1","02204","0","","5.0","","2","N","N","","0","","0","0","0","3","3","N","0808","5","0","0","0","0","0","0","2","0","5","","","","N","","","","","","","","","",""
"2013017858","","3","0","0","0","0","0","0","0","0","1","0","","02","2","2013","5","40.526451","-79.963379","","11","0","0","0","0","0","1","1","0","1","0","0","0","99","","2","","0","","40 31:35.222","2","0","79 57:48.166","8","0","0","0","2118","0","0","0","N","0","0","0","4","02118","0","","1.0","","1","N","N","","0","","0","0","0","0","0","N","9999","3","2","0","0","0","2","0","2","0","3","","","","N","","","","","","","","","",""
"2013016344","","1","0","0","0","0","0","0","0","0","7","0","","02","1","2013","4","40.423484","-80.106707","","11","0","0","1","0","0","0","0","0","1","0","0","0","23","","1","","0","","40 25:24.541","3","0","80 06:24.145","8","0","0","0","2115","0","0","0","N","0","0","0","1","68B03","0","","3.0","","9","N","N","","0","","0","0","0","0","0","N","2327","1","1","0","0","0","1","0","2","0","1","","","","N","","","","","","","","","",""
"2013016345","","1","0","0","0","0","0","0","0","0","7","0","","02","1","2013","5","40.520849","-80.274478","","11","0","0","0","1","0","0","0","0","","0","0","0","05","","0","","0","","40 31:15.055","","0","80 16:28.121","0","0","0","0","2203","0","0","0","N","0","0","0","1","68B03","0","","4.0","","9","N","N","","0","","0","0","0","0","0","","0531","1","0","0","0","0","0","0","1","0","1","","","","N","","","","","","","","","",""
"2013015886","","0","0","0","0","0","0","0","0","0","7","0","","02","2","2013","2","40.444458","-80.06214","","11","0","0","0","0","0","1","0","0","","0","0","0","16","","1","","0","","40 26:40.048","","0","80 03:43.704","4","0","0","0","2439","0","0","0","N","0","0","0","1","02439","1","","5.0","","7","N","N","","0","","0","0","1","0","0","","1654","1","1","0","0","0","0","0","2","0","1","","","","N","","","","","","","","","",""
"2013015947","","1","0","0","0","0","0","0","0","0","4","0","","02","2","2013","3","40.481743","-80.033948","","11","0","0","0","0","1","0","0","0","2","0","0","0","07","","0","","2","","40 28:54.274","1","0","80 02:02.212","0","0","0","0","2301","0","0","0","N","0","0","0","4","02301","0","","1.0","","9","N","N","","0","","0","0","0","3","2","N","0700","2","0","0","0","0","0","0","2","1","2","","","","N","","","","","","","","","",""
"2013016346","","1","0","0","0","0","0","0","0","0","1","0","","02","2","2013","6","40.429741","-79.95705","","11","0","0","0","0","0","0","0","0","","0","0","0","00","","0","","0","","40 25:47.068","","0","79 57:25.380","0","0","0","0","2301","0","0","0","N","0","0","0","2","68B03","0","","1.0","","9","Y","N","","0","","0","0","1","0","0","","0012","2","0","0","0","0","0","0","2","0","2","","","","N","","","","","","","","","",""
"2013016347","","2","0","0","0","0","0","0","0","0","1","0","","02","2","2013","6","40.412058","-80.067435","","11","0","0","0","0","0","2","0","0","","0","0","0","16","","0","","0","","40 24:43.410","","0","80 04:02.767","0","0","0","0","2435","0","0","0","N","0","0","0","2","68B03","0","","1.0","","1","N","N","","0","","0","0","0","0","0","","1625","2","0","0","0","0","0","0","2","0","2","","","","N","","","","","","","","","",""
"2013017739","","1","0","0","0","0","0","0","0","0","7","0","","02","2","2013","6","40.458182","-79.999264","","11","0","0","0","1","0","0","0","0","1","0","0","0","21","","0","","2","","40 27:29.455","2","2","79 59:57.349","0","0","0","0","2301","0","0","0","N","0","0","0","1","02301","0","","1.0","","9","N","N","","0","","0","0","0","0","0","N","2100","1","0","0","0","0","0","0","2","0","1","","","","N","","","","","","","","","",""
"2013016348","","1","0","1","0","0","0","0","0","0","1","0","","02","2","2013","7","40.432873","-79.870439","","11","0","0","0","0","0","1","0","0","2","0","0","0","12","","3","","0","","40 25:58.343","3","0","79 52:13.580","2","0","0","0","2478","0","0","0","N","0","0","0","4","68B03","1","","1.0","","9","N","N","","1","","1","1","0","0","0","N","1206","2","3","0","0","0","0","0","2","0","2","","","","N","","","","","","","","","",""
"2013014950","","1","0","0","0","0","0","0","0","0","7","0","","02","1","2013","4","40.440596","-79.83112","","11","0","0","0","0","0","0","0","0","1","0","0","0","01","","1","","0","","40 26:26.144","3","0","79 49:52.033","4","0","0","0","2419","0","0","0","N","0","0","0","1","68B03","1","","3.0","","1","N","N","","0","","0","0","0","0","0","N","0137","1","1","1","0","0","0","0","2","0","1","","","","N","","","","","","","","","",""
"2013016349","1318","2","0","0","0","0","0","0","0","0","1","0","","02","2","2013","7","40.426419","-79.916082","1306","11","0","0","0","0","0","1","0","0","","0","0","0","13","","1","","0","","40 25:35.110","","4","79 54:57.894","4","0","0","0","2301","0","0","0","N","0","0","0","2","68B03","1","","1.0","","1","N","N","","0","","0","0","0","","0","","1306","2","1","0","0","0","0","0","2","0","2","","","","N","","","","","","","","","",""
"2013014951","2320","0","0","0","0","0","0","0","0","0","7","1","","02","1","2013","6","40.537693","-80.078791","2249","11","0","0","0","0","0","0","0","0","","0","1","0","22","","1","","0","","40 32:15.696","","0","80 04:43.649","3","0","0","0","2215","0","0","0","N","0","0","0","1","68B03","0","","2.0","","7","N","N","","0","","1","0","0","","0","","2248","1","1","0","0","0","0","0","2","0","1","","","","N","","","","","","","","","",""