"CRN","ARRIVAL_TM","AUTOMOBILE_COUNT","BELTED_DEATH_COUNT","BELTED_SUSP_SERIOUS_INJ_COUNT","BICYCLE_COUNT","BICYCLE_DEATH_COUNT","BICYCLE_SUSP_SERIOUS_INJ_COUNT","BUS_COUNT","CHLDPAS_DEATH_COUNT","CHLDPAS_SUSP_SERIOUS_INJ_COUNT","COLLISION_TYPE","COMM_VEH_COUNT","CONS_ZONE_SPD_LIM","COUNTY","CRASH_MONTH","CRASH_YEAR","DAY_OF_WEEK","DEC_LATITUDE","DEC_LONGITUDE","DISPATCH_TM","DISTRICT","DRIVER_COUNT_16YR","DRIVER_COUNT_17YR","DRIVER_COUNT_18YR","DRIVER_COUNT_19YR","DRIVER_COUNT_20YR","DRIVER_COUNT_50_64YR","DRIVER_COUNT_65_74YR","DRIVER_COUNT_75PLUS","EST_HRS_CLOSED","FATAL_COUNT","HEAVY_TRUCK_COUNT","HORSE_BUGGY_COUNT","HOUR_OF_DAY","ILLUMINATION","INJURY_COUNT","INTERSECTION_RELATED","INTERSECT_TYPE","LANE_CLOSED","LATITUDE","LN_CLOSE_DIR","LOCATION_TYPE","LONGITUDE","MAX_SEVERITY_LEVEL","MCYCLE_DEATH_COUNT","MCYCLE_SUSP_SERIOUS_INJ_COUNT","MOTORCYCLE_COUNT","MUNICIPALITY","NONMOTR_COUNT","NONMOTR_DEATH_COUNT","NONMOTR_SUSP_SERIOUS_INJ_COUNT","NTFY_HIWY_MAINT","PED_COUNT","PED_DEATH_COUNT","PED_SUSP_SERIOUS_INJ_COUNT","PERSON_COUNT","POLICE_AGCY","POSSIBLE_INJ_COUNT","RDWY_SURF_TYPE_CD","RELATION_TO_ROAD","ROADWAY_CLEARED","ROAD_CONDITION","SCH_BUS_IND","SCH_ZONE_IND","SECONDARY_CRASH","SMALL_TRUCK_COUNT","SPEC_JURIS_CD","SUSP_MINOR_INJ_COUNT","SUSP_SERIOUS_INJ_COUNT","SUV_COUNT","TCD_FUNC_CD","TCD_TYPE","TFC_DETOUR_IND","TIME_OF_DAY","TOTAL_UNITS","TOT_INJ_COUNT","UNBELTED_OCC_COUNT","UNB_DEATH_COUNT","UNB_SUSP_SERIOUS_INJ_COUNT","UNK_INJ_DEG_COUNT","UNK_INJ_PER_COUNT","URBAN_RURAL","VAN_COUNT","VEHICLE_COUNT","WEATHER1","WEATHER2","WORKERS_PRES","WORK_ZONE_IND","WORK_ZONE_LOC","WORK_ZONE_TYPE","WZ_CLOSE_DETOUR","WZ_FLAGGER","WZ_LAW_OFFCR_IND","WZ_LN_CLOSURE","WZ_MOVING","WZ_OTHER","WZ_SHLDER_MDN","WZ_WORKERS_INJ_KILLED"
"2013016932","0905","1","0","0","0","0","0","0","0","0","7","0","","02","2","2013","6","40.508509","-80.01773","0857","11","0","0","0","0","0","0","0","0","","0","0","0","08","","0","","2","","40 30:30.632","","0","80 01:03.828","0","0","0","0","2116","0","0","0","N","0","0","0","1","02116","0","","5.0","","2","N","N","","0","","0","0","0","","0","","0857","1","0","0","0","0","0","0","2","0","1","","","","N","","","","","","","","","",""
"2013017741","1757","1","0","0","0","0","0","0","0","0","1","0","","02","2","2013","6","40.507653","-79.838724","1754","11","0","0","0","0","0","0","0","0","","0","0","0","17","","1","","0","","40 30:27.550","","0","79 50:19.406","8","0","0","0","2468","0","0","0","N","0","0","0","1","02468","0","","6.0","","1","N","N","","0","","0","0","1","","3","","1750","2","1","1","0","0","1","0","2","0","2","","","","N","","","","","","","","","",""
"2013016350","0205","1","0","0","0","0","0","0","0","0","7","0","","02","2","2013","1","40.444686","-79.843168","0147","11","0","0","0","0","0","1","0","0","","0","0","0","01","","0","","7","","40 26:40.868","","2","79 50:35.404","0","0","0","0","2419","0","0","0","N","0","0","0","1","68B03","0","","3.0","","9","N","N","","0","","0","0","0","","0","","0147","1","0","0","0","0","0","0","2","0","1","","","","N","","","","","","","","","",""
"2013017785","0205","0","0","0","0","0","0","0","0","0","7","0","","02","2","2013","7","40.453032","-80.003615","0156","11","0","0","0","0","0","0","0","0","2","0","0","0","01","","1","","2","","40 27:10.916","1","0","80 00:13.015","4","0","0","0","2301","0","0","0","N","0","0","0","2","02301","1","","3.0","","1","N","N","","0","","0","0","1","","1","N","0150","1","1","0","0","0","0","0","2","0","1","","","","N","","","","","","","","","",""
"2013014952","1115","1","0","0","0","0","0","0","0","0","1","1","","02","1","2013","2","40.425741","-79.903768","1115","11","0","0","0","0","0","0","0","0","","0","1","0","10","","0","","0","","40 25:32.666","","0","79 54:13.563","0","0","0","0","2301","0","0","0","N","0","0","0","2","68B03","0","","1.0","","9","N","N","","0","","0","0","0","","0","","1027","2","0","0","0","0","0","0","2","0","2","","","","N","","","","","","","","","",""
"2013016351","2359","1","0","0","0","0","0","0","0","0","7","0","","02","2","2013","3","40.540867","-80.122338","2333","11","0","0","0","0","0","0","0","0","","0","0","0","23","","0","","0","","40 32:27.122","","0","80 07:20.415","0","0","0","0","2215","0","0","0","Y","0","0","0","2","68B03","0","","2.0","","7","N","N","","0","","0","0","0","","0","","2330","1","0","0","0","0","0","0","1","0","1","","","","N","","","","","","","","","",""
"2013017787","0123","1","0","0","0","0","0","0","0","0","7","0","","02","2","2013","7","40.493951","-80.024187","0112","11","0","0","0","0","0","0","0","0","","0","0","0","01","","1","","0","","40 29:38.223","","0","80 01:27.073","3","0","0","0","2301","0","0","0","N","0","0","0","1","02301","0","","5.0","","1","N","N","","1","","1","0","0","","0","","0105","2","1","0","0","0","0","0","2","0","2","","","","N","","","","","","","","","",""
"2013016935","1349","1","0","0","0","0","0","0","0","0","1","0","","02","2","2013","4","40.422861","-80.03055","1346","11","0","0","0","0","0","1","0","0","","0","0","0","13","","0","","6","","40 25:22.301","","0","80 01:49.980","0","0","0","0","2301","0","0","0","N","0","0","0","4","02301","0","","7.0","","1","N","N","","0","","0","0","1","","4","","1340","2","0","0","0","0","0","0","2","0","2","","","","N","","","","","","","","","",""
"2013016936","1008","0","0","0","0","0","0","0","0","0","8","0","","02","2","2013","5","40.457404","-79.896284","1005","11","0","0","0","0","0","0","0","0","","0","0","0","10","","1","","1","","40 27:26.654","","0","79 53:46.622","2","0","0","0","2301","1","0","1","","1","0","1","2","02301","0","","9.0","","1","N","N","","0","","0","1","0","","2","","1005","2","1","0","0","0","0","0","2","1","1","","","","N","","","","","","","","","",""
"2013016937","1031","0","0","0","0","0","0","0","0","0","1","0","","02","2","2013","4","40.550471","-80.019388","1028","11","0","0","0","0","0","1","1","0","","0","0","0","10","","1","","1","","40 33:01.696","","0","80 01:09.795","8","0","0","0","2116","0","0","0","N","0","0","0","2","02116","0","","1.0","","1","N","N","","0","","0","0","2","","2","","1028","2","1","0","0","0","1","0","2","0","2","","","","N","","","","","","","","","",""
"2013017790","0700","2","0","0","0","0","0","0","0","0","1","0","","02","2","2013","4","40.405559","-79.942832","0659","11","0","0","0","0","0","0","0","0","2","0","0","0","06","","0","","0","","40 24:20.014","1","0","79 56:34.196","0","0","0","0","2301","0","0","0","N","0","0","0","3","02301","0","","1.0","","9","N","N","","0","","0","0","0","","0","N","0659","2","0","0","0","0","0","0","2","0","2","","","","N","","","","","","","","","",""
"2013016938","1801","2","0","0","0","0","0","0","0","0","1","0","","02","1","2013","4","40.385158","-79.825072","1759","11","0","0","0","0","0","1","0","0","2","0","0","0","17","","2","","0","","40 23:06.567","3","0","79 49:30.259","4","0","0","0","2111","0","0","0","N","0","0","0","5","02111","2","","1.0","","9","N","N","","1","","0","0","0","","0","N","1757","3","2","0","0","0","0","0","2","0","3","","","","N","","","","","","","","","",""
"2013016297","1658","1","0","0","0","0","0","0","0","0","1","0","","02","2","2013","3","40.40591","-80.083725","1655","11","0","0","0","0","0","0","0","0","","0","0","0","16","","4","","1","","40 24:21.276","","0","80 05:01.410","8","0","0","0","2415","0","0","0","N","0","0","0","5","02415","0","","1.0","","9","N","N","","1","","0","0","0","","0","","1655","2","4","1","0","0","4","0","2","0","2","","","","N","","","","","","","","","",""
"2013017873","1132","0","0","0","0","0","0","0","0","0","8","0","","02","2","2013","7","40.441826","-79.919885","1130","11","0","0","0","0","0","0","0","0","","0","0","0","11","","1","","1","","40 26:30.573","","0","79 55:11.586","4","0","0","0","2301","1","0","0","N","1","0","0","2","02301","1","","1.0","","1","N","N","","0","","0","0","0","","2","","1125","2","1","0","0","0","0","0","2","1","1","","","","N","","","","","","","","","",""
"2013016359","0745","2","0","0","0","0","0","0","0","0","4","0","","02","1","2013","2","40.491033","-79.875062","0705","11","0","0","0","0","0","0","0","0","","0","0","0","07","","0","","0","","40 29:27.717","","0","79 52:30.222","0","0","0","0","2112","0","0","0","N","0","0","0","2","68D02","0","","4.0","","9","N","N","","0","","0","0","0","","0","","0703","2","0","0","0","0","0","0","2","0","2","","","","N","","","","","","","","","",""
"2013017808","1800","1","0","0","0","0","0","0","0","0","7","0","","02","1","2013","6","40.442081","-79.798347","1749","11","0","0","0","0","0","0","1","0","1","0","0","0","17","","0","","0","","40 26:31.491","4","0","79 47:54.049","0","0","0","0","2446","0","0","0","N","0","0","0","2","68B03","0","","3.0","","6","N","N","","0","","0","0","1","","0","N","1745","2","0","0","0","0","0","0","2","0","2","","","","N","","","","","","","","","",""
"2013014962","0700","1","0","0","0","0","0","0","0","0","7","0","","02","1","2013","2","40.556734","-79.807637","0628","11","0","0","0","0","0","0","0","0","","0","0","0","06","","1","","0","","40 33:24.243","","0","79 48:27.493","3","0","0","0","2121","0","0","0","N","0","0","0","1","68D02","0","","2.0","","9","N","N","","0","","1","0","0","","0","","0627","1","1","1","0","0","0","0","2","0","1","","","","N","","","","","","","","","",""
"2013016493","1652","1","0","0","0","0","0","0","0","0","4","0","","02","2","2013","7","40.442351","-79.760175","1646","11","0","0","0","0","1","0","1","0","2","0","0","0","16","","1","","2","","40 26:32.463","5","0","79 45:36.630","8","0","0","0","2446","0","0","0","N","0","0","0","4","02446","0","","1.0","","9","N","N","","0","","0","0","2","","0","N","1645","3","1","0","0","0","1","0","2","0","3","","","","N","","","","","","","","","",""
"2013014964","1755","2","0","0","0","0","0","0","0","0","1","0","","02","1","2013","4","40.494185","-79.903604","1725","11","0","0","0","0","0","1","0","0","","0","0","0","17","","1","","0","","40 29:39.067","","0","79 54:12.976","4","0","0","0","2401","0","0","0","N","0","0","0","3","68D02","1","","1.0","","9","N","N","","0","","0","0","0","","0","","1724","2","1","0","0","0","0","0","2","0","2","","","","N","","","","","","","","","",""
"2013016945","1127","2","0","0","0","0","0","0","0","0","4","0","","02","2","2013","5","40.426799","-80.057738","1122","11","0","0","0","0","0","0","0","1","","0","0","0","11","","0","","0","","40 25:36.476","","7","80 03:27.856","0","0","0","0","2301","0","0","0","N","0","0","0","5","02301","0","","1.0","","1","N","N","","0","","0","0","0","","3","","1120","2","0","0","0","0","0","0","2","0","2","","","","N","","","","","","","","","",""
"2013014965","0833","1","0","0","0","0","0","0","0","0","7","0","","02","2","2013","2","40.494259","-79.909143","0759","11","0","0","0","0","0","0","0","0","","0","0","0","07","","1","","6","","40 29:39.331","","2","79 54:32.913","4","0","0","0","2401","0","0","0","N","0","0","0","1","68D02","1","","5.0","","9","N","N","","0","","0","0","0","","0","","0759","1","1","0","0","0","0","0","2","0","1","","","","N","","","","","","","","","",""
"2013015027","1431","1","0","0","0","0","0","0","0","0","7","0","","02","1","2013","6","40.643613","-80.030225","1420","11","0","0","0","0","1","0","0","0","2","0","0","0","14","","0","","0","","40 38:37.006","3","0","80 01:48.811","0","0","0","0","2216","0","0","0","N","0","0","0","1","68T02","0","","2.0","","7","N","N","","0","","0","0","0","","0","N","1419","1","0","0","0","0","0","0","2","0","1","","","","N","","","","","","","","","",""
"2013014966","1746","1","0","0","0","0","0","0","0","0","7","0","","02","2","2013","2","40.609268","-79.761819","1720","11","0","0","0","0","0","1","0","0","","0","0","0","17","","0","","0","","40 36:33.364","","0","79 45:42.550","0","0","0","0","2464","0","0","0","Y","0","0","0","1","68D02","0","","4.0","","7","N","N","","0","","0","0","0","","0","","1718","1","0","0","0","0","0","0","2","0","1","","","","N","","","","","","","","","",""
"2013016304","1720","2","0","0","0","0","0","0","0","0","4","0","","02","2","2013","4","40.489479","-79.819853","1715","11","0","1","0","0","0","0","0","0","","0","0","0","17","","0","","5","","40 29:22.124","","0","79 49:11.470","9","0","0","0","2113","0","0","0","N","0","0","0","2","02113","0","","1.0","","1","N","N","","0","","0","0","0","","3","","1713","2","0","0","0","0","0","1","2","0","2","","","","N","","","","","","","","","",""
"2013015042","0721","2","0","0","0","0","0","0","0","0","4","0","","02","2","2013","3","40.420471","-79.850909","0720","11","0","0","0","0","1","0","0","0","2","0","0","0","07","","0","","2","","40 25:13.696","4","0","79 51:03.274","0","0","0","0","2431","0","0","0","N","0","0","0","4","02431","0","","1.0","","9","N","N","","0","","0","0","0","","3","N","0720","2","0","0","0","0","0","0","2","0","2","","","","N","","","","","","","","","",""
"2013017883","1240","1","0","0","0","0","0","0","0","0","1","0","35","02","2","2013","7","40.464236","-79.980179","1237","11","0","0","0","0","0","0","0","0","","0","0","0","12","","0","","0","","40 27:51.248","","0","79 58:48.644","0","0","0","0","2301","0","0","0","N","0","0","0","3","02301","0","","1.0","","1","N","N","","0","","0","0","1","","0","","1237","2","0","0","0","0","0","0","2","0","2","","","N","Y","4","1","","","N","Y","","","",""
"2013015032","1229","1","0","0","0","0","0","0","0","0","7","0","","02","1","2013","6","40.615519","-79.757665","1220","11","0","0","0","0","0","0","0","0","","0","0","0","12","","0","","0","","40 36:55.869","","0","79 45:27.593","0","0","0","0","2202","0","0","0","N","0","0","0","4","02202","0","","5.0","","7","N","N","","0","","0","0","0","","0","","1220","1","0","0","0","0","0","0","2","0","1","","","","N","","","","","","","","","",""
"2013016307","1720","4","0","0","0","0","0","0","0","0","6","0","","02","2","2013","4","40.458529","-79.962737","1712","11","0","0","0","0","0","1","0","0","","0","0","0","17","","0","","0","","40 27:30.704","","0","79 57:45.853","9","0","0","0","2301","0","0","0","N","0","0","0","2","02301","0","","1.0","","1","N","N","","0","","0","0","0","","0","","1705","4","0","0","0","0","0","1","2","0","4","","","","N","","","","","","","","","",""
"2013016964","1435","1","0","0","0","0","0","0","0","0","8","0","","02","2","2013","5","40.448652","-80.002304","1425","11","0","0","0","0","0","0","1","0","1","0","0","0","14","","1","","1","","40 26:55.147","3","0","80 00:08.294","3","0","0","0","2301","1","0","0","N","1","0","0","2","02301","0","","1.0","","1","N","N","","0","","1","0","0","","2","N","1425","2","1","0","0","0","0","0","2","0","1","","","","N","","","","","","","","","",""
"2013016308","1727","2","0","0","0","0","0","0","0","0","1","0","","02","2","2013","4","40.340235","-79.96737","1727","11","0","0","0","0","0","1","0","0","1","0","0","0","17","","0","","2","","40 20:24.847","4","0","79 58:02.531","0","0","0","0","2454","0","0","0","N","0","0","0","2","02454","0","","1.0","","1","N","N","","0","","0","0","0","","2","N","1727","2","0","0","0","0","0","0","2","0","2","","","","N","","","","","","","","","",""
"2013016954","1305","1","0","0","0","0","0","0","0","0","6","1","","02","2","2013","5","40.487017","-79.894247","1300","11","0","0","0","0","0","1","1","0","","0","0","0","12","","0","","2","","40 29:13.260","","0","79 53:39.289","0","0","0","0","2301","0","0","0","N","0","0","0","2","02301","0","","1.0","","1","N","N","","0","","0","0","0","","3","","1245","2","0","0","0","0","0","0","2","0","2","","","","N","","","","","","","","","",""
"2013016955","0852","0","0","0","0","0","0","0","0","0","7","0","","02","2","2013","5","40.294403","-79.918863","0848","11","0","0","0","0","0","0","0","0","1","0","0","0","08","","1","","0","","40 17:39.851","2","0","79 55:07.908","4","0","0","0","2440","0","0","0","N","0","0","0","1","02440","1","","5.0","","2","N","N","","0","","0","0","1","","0","Y","0846","1","1","0","0","0","0","0","2","0","1","","","","N","","","","","","","","","",""
"2013015049","1459","1","0","0","0","0","0","0","0","0","7","0","","02","2","2013","2","40.505677","-79.969401","1454","11","0","0","0","0","0","0","0","0","1","0","0","0","99","","1","","0","","40 30:20.437","1","0","79 58:09.843","8","0","0","0","2118","0","0","0","N","0","0","0","1","02118","0","","4.0","","9","N","N","","0","","0","0","0","","0","N","9999","1","1","0","0","0","1","0","2","0","1","","","","N","","","","","","","","","",""
"2013016312","0007","0","0","0","0","0","0","0","0","0","7","0","","02","1","2013","4","40.447925","-80.162443","0005","11","0","0","0","0","0","1","0","0","","0","0","0","00","","0","","1","","40 26:52.531","","0","80 09:44.794","0","0","0","0","2115","0","0","0","N","0","0","0","1","02115","0","","2.0","","1","N","N","","0","","0","0","0","","2","","0005","1","0","1","0","0","0","0","2","1","1","","","","N","","","","","","","","","",""
"2013015038","1445","1","0","0","0","0","0","0","0","0","4","0","","02","2","2013","2","40.488654","-79.87367","1440","11","0","0","0","0","0","1","0","0","","0","0","0","14","","0","","2","","40 29:19.154","","0","79 52:25.212","9","0","0","0","2112","0","0","0","N","0","0","0","2","02112","0","","1.0","","9","N","N","","0","","0","0","0","","0","","1440","2","0","0","0","0","0","1","2","0","2","","","","N","","","","","","","","","",""
"2013016313","1955","2","0","0","0","0","0","0","0","0","4","0","","02","1","2013","5","40.44776","-80.163967","1952","11","0","0","0","0","0","0","0","0","2","0","0","0","19","","0","","2","","40 26:51.935","4","0","80 09:50.282","0","0","0","0","2115","0","0","0","N","0","0","0","3","02115","0","","1.0","","1","N","N","","0","","0","0","0","","2","N","1952","2","0","0","0","0","0","0","2","0","2","","","","N","","","","","","","","","",""
"2013017891","1245","0","0","0","0","0","0","0","0","0","7","0","","02","2","2013","7","40.446952","-79.978866","1236","11","0","0","0","0","0","0","0","0","","0","0","0","12","","1","","3","","40 26:49.027","","0","79 58:43.917","4","0","0","0","2301","0","0","0","","0","0","0","2","02301","1","","5.0","","9","N","N","","0","","0","0","1","","0","","1236","2","1","0","0","0","0","0","2","0","1","","","","N","","","","","","","","","",""
"2013016970","1402","1","0","0","0","0","0","0","0","0","4","0","","02","2","2013","5","40.453422","-80.21306","1359","11","0","0","0","0","0","0","0","0","1","0","0","0","13","","1","","0","","40 27:12.319","6","7","80 12:47.016","4","0","0","0","2214","0","0","0","N","0","0","0","2","02214","1","","1.0","","1","N","N","","0","","0","0","1","","0","N","1359","2","1","0","0","0","0","0","2","0","2","","","","N","","","","","","","","","",""
"2013016314","1918","0","0","0","0","0","0","0","0","0","7","0","","02","2","2013","2","40.524981","-80.260044","1908","11","0","0","0","0","0","0","0","0","","0","0","0","19","","1","","0","","40 31:29.933","","0","80 15:36.158","4","0","0","0","2213","0","0","0","N","0","0","0","1","02213","1","","4.0","","7","N","N","","0","","0","0","1","","0","","1908","1","1","0","0","0","0","0","2","0","1","","","","N","","","","","","","","","",""
"2013016315","1410","2","0","0","0","0","0","0","0","0","2","0","","02","2","2013","4","40.368541","-80.037006","1405","11","0","0","0","0","0","0","0","0","","0","0","0","14","","0","","2","","40 22:06.746","","0","80 02:13.223","0","0","0","0","2416","0","0","0","N","0","0","0","3","02416","0","","1.0","","1","N","N","","0","","0","0","0","","3","","1405","2","0","0","0","0","0","0","2","0","2","","","","N","","","","","","","","","",""
"2013016960","1332","3","0","0","0","0","0","0","0","0","2","0","","02","2","2013","4","40.503247","-80.072409","1330","11","0","0","0","0","0","0","0","0","","0","0","0","13","","0","","0","","40 30:11.689","","0","80 04:20.672","0","0","0","0","2402","0","0","0","N","0","0","0","1","02402","0","","4.0","","1","N","N","","0","","0","0","1","","0","","1325","4","0","0","0","0","0","0","2","0","4","","","","N","","","","","","","","","",""
"2013016973","2250","0","0","0","0","0","0","0","0","0","7","0","","02","2","2013","1","40.463694","-79.824118","2248","11","0","0","0","0","0","0","0","0","2","0","0","0","22","","0","","0","","40 27:49.299","1","0","79 49:26.824","0","0","0","0","2113","0","0","0","N","0","0","0","3","02113","0","","5.0","","7","N","N","","1","","0","0","0","","0","N","2246","1","0","0","0","0","0","0","2","0","1","","","","N","","","","","","","","","",""
"2013015058","1822","1","0","0","0","0","0","0","0","0","7","0","","02","2","2013","7","40.546161","-79.972381","1819","11","0","0","0","0","0","0","0","0","2","0","0","0","99","","1","","2","","40 32:46.178","1","0","79 58:20.573","8","0","0","0","2118","0","0","0","N","0","0","0","1","02118","0","","2.0","","6","N","N","","0","","0","0","0","","0","N","9999","1","1","0","0","0","1","0","2","0","1","","","","N","","","","","","","","","",""
"2013015060","1026","1","0","0","0","0","0","0","0","0","4","0","","02","1","2013","6","40.201214","-79.914328","1010","11","0","0","0","0","0","0","0","0","","0","0","0","10","","1","","1","","40 12:04.371","","3","79 54:51.579","8","0","0","0","2204","0","0","0","N","0","0","0","2","02204","0","","1.0","","7","N","N","","0","","0","0","1","","3","","1005","2","1","0","0","0","1","0","2","0","2","","","","N","","","","","","","","","",""
"2013015136","1409","1","0","0","0","0","0","0","0","0","7","0","","02","2","2013","3","40.470904","-79.926606","1408","11","0","0","0","0","0","0","1","0","1","0","0","0","14","","1","","0","","40 28:15.254","2","0","79 55:35.781","3","0","0","0","2301","0","0","0","N","0","0","0","1","02301","0","","2.0","","9","N","N","","0","","1","0","0","","0","N","1405","1","1","1","0","0","0","0","2","0","1","","","","N","","","","","","","","","",""
"2013015934","0021","0","0","0","0","0","0","0","0","0","7","0","","02","2","2013","4","40.421192","-79.99893","0017","11","0","0","0","0","0","0","0","0","2","0","0","0","00","","1","","2","","40 25:16.291","2","0","79 59:56.148","8","0","0","0","2301","0","0","0","N","0","0","0","1","02301","0","","2.0","","7","N","N","","0","","0","0","1","","0","N","0015","1","1","0","0","0","1","0","2","0","1","","","","N","","","","","","","","","",""
"2013015126","1026","1","0","0","0","0","0","0","0","0","4","1","","02","1","2013","6","40.201214","-79.914328","1010","11","0","0","0","1","0","0","0","0","","0","1","0","10","","1","","1","","40 12:04.371","","3","79 54:51.579","8","0","0","0","2204","0","0","0","N","0","0","0","2","02204","0","","2.0","","7","N","N","","0","","0","0","0","","3","","1008","2","1","0","0","0","1","0","2","0","2","","","","N","","","","","","","","","",""
"2013017465","2150","0","0","0","0","0","0","0","0","0","4","1","","02","2","2013","4","40.367719","-80.119127","2138","11","0","0","0","0","0","0","0","0","1","0","1","0","21","","1","","0","","40 22:03.787","2","0","80 07:08.856","8","0","0","0","2102","0","0","0","Y","0","0","0","2","68B03","0","","1.0","","1","N","N","","0","","0","0","1","","0","N","2130","2","1","0","0","0","1","0","2","0","2","","","","N","","","","","","","","","",""
"2013020531","0018","1","0","0","0","0","0","0","0","0","0","0","","02","2","2013","1","40.387318","-80.082597","0017","11","0","0","0","0","0","0","0","0","2","0","0","0","00","","0","","0","","40 23:14.346","1","0","80 04:57.348","0","0","0","0","2117","0","0","0","N","0","0","0","1","02117","0","","5.0","","7","N","N","","0","","0","0","0","","0","N","0015","1","0","0","0","0","0","0","2","0","1","","","","N","","","","","","","","","",""
"2013019836","0240","0","0","0","0","0","0","0","0","0","2","0","","02","2","2013","7","40.466188","-79.826144","0239","11","0","0","0","0","0","0","0","0","","0","0","0","02","","1","","2","","40 27:58.276","","0","79 49:34.119","8","0","0","0","2113","0","0","0","N","0","0","0","2","02113","0","","1.0","","1","N","N","","0","","0","0","2","","9","","0238","2","1","0","0","0","1","1","2","0","2","","","","N","","","","","","","","","",""
"2013020592","0540","1","0","0","0","0","0","0","0","0","7","0","","02","2","2013","1","40.395783","-79.997723","0534","11","0","0","0","0","0","0","0","0","1","0","0","0","05","","3","","0","","40 23:44.817","1","0","79 59:51.804","4","0","0","0","2301","0","0","0","N","0","0","0","3","02301","3","","5.0","","7","N","N","","0","","0","0","0","","0","N","0530","1","3","0","0","0","0","0","2","0","1","","","","N","","","","","","","","","",""
"2013017452","1159","2","0","0","0","0","0","0","0","0","1","0","","02","2","2013","5","40.523547","-80.072405","1152","11","0","0","0","0","0","1","0","0","","0","0","0","11","","0","","0","","40 31:24.770","","0","80 04:20.659","0","0","0","0","2215","0","0","0","N","0","0","0","3","02215","0","","1.0","","1","N","N","","0","","0","0","0","","0","","1152","2","0","1","0","0","0","0","2","0","2","","","","N","","","","","","","","","",""
"2013020532","0021","1","0","0","0","0","0","0","0","0","7","0","","02","2","2013","1","40.394718","-79.902188","0018","11","0","0","0","0","0","0","0","0","","0","0","0","00","","0","","0","","40 23:40.983","","0","79 54:07.875","0","0","0","0","2448","0","0","0","","0","0","0","1","02448","0","","5.0","","7","","","","0","","0","0","0","","0","","0018","1","0","0","0","0","0","0","2","0","1","","","","N","","","","","","","","","",""
"2013015140","2143","1","0","0","0","0","0","0","0","0","7","0","","02","2","2013","2","40.430556","-79.761671","2138","11","0","0","1","0","0","0","0","0","","0","0","0","21","","0","","0","","40 25:50.001","","0","79 45:42.015","0","0","0","0","2446","0","0","0","N","0","0","0","2","02446","0","","2.0","","2","N","N","","0","","0","0","0","","0","","2138","1","0","0","0","0","0","0","2","0","1","","","","N","","","","","","","","","",""
"2013015129","0527","0","0","0","0","0","0","0","0","0","7","0","","02","2","2013","1","40.353219","-79.837331","0526","11","0","0","0","0","0","0","0","0","","0","0","0","05","","1","","10","","40 21:11.587","","0","79 50:14.390","3","0","0","0","2304","0","0","0","N","0","0","0","1","02304","0","","2.0","","9","N","N","","0","","1","0","1","","0","","0526","1","1","0","0","0","0","0","2","0","1","","","","N","","","","","","","","","",""
"2013016742","1748","1","0","0","0","0","0","0","0","0","2","0","","02","2","2013","4","40.5553","-79.862411","1743","11","0","0","0","0","0","0","0","0","3","0","0","0","17","","0","","2","","40 33:19.079","6","0","79 51:44.681","0","0","0","0","2208","0","0","0","N","0","0","0","3","02208","0","","1.0","","1","N","N","","1","","0","0","0","","3","N","1742","3","0","0","0","0","0","0","2","1","3","","","","N","","","","","","","","","",""
"2013020534","0023","0","0","0","0","0","0","0","0","0","6","0","","02","2","2013","6","40.536939","-79.83918","0023","11","0","0","0","0","0","0","0","0","1","0","0","0","00","","0","","1","","40 32:12.979","1","0","79 50:21.047","9","0","0","0","2208","0","0","0","N","0","0","0","2","02208","0","","1.0","","1","N","N","","0","","0","0","0","","2","N","0023","2","0","0","0","0","0","1","2","1","2","","","","N","","","","","","","","","",""
"2013015067","0800","1","0","0","0","0","0","0","0","0","4","0","","02","2","2013","3","40.361591","-80.063771","0750","11","0","0","0","0","0","1","0","0","2","0","0","0","07","","2","","2","","40 21:41.729","4","0","80 03:49.575","4","0","0","0","2109","0","0","0","N","0","0","0","2","02109","1","","1.0","","9","N","N","","0","","0","0","0","","2","N","0750","2","2","0","0","0","1","0","2","1","2","","","","N","","","","","","","","","",""
"2013020535","0354","2","0","0","0","0","0","0","0","0","4","0","","02","2","2013","7","40.460658","-79.922717","0353","11","0","0","0","0","1","0","0","0","2","0","0","0","03","","0","","2","","40 27:38.370","1","0","79 55:21.780","0","0","0","0","2301","0","0","0","N","0","0","0","3","02301","0","","1.0","","1","N","N","","0","","0","0","0","","1","Y","0353","2","0","0","0","0","0","0","2","0","2","","","","N","","","","","","","","","",""
"2013015940","0218","1","0","0","0","0","0","0","0","0","7","0","","02","2","2013","4","40.429267","-79.999168","0214","11","0","0","0","0","0","0","0","0","1","0","0","0","02","","0","","1","","40 25:45.362","4","3","79 59:57.003","0","0","0","0","2301","0","0","0","N","0","0","0","1","02301","0","","3.0","","6","N","N","","0","","0","0","0","","2","N","0212","1","0","0","0","0","0","0","2","0","1","","","","N","","","","","","","","","",""
"2013017471","1238","2","0","0","0","0","0","0","0","0","7","0","","02","1","2013","6","40.541098","-79.840316","1146","11","0","0","0","0","0","0","0","0","3","0","0","0","11","","0","","0","","40 32:27.953","2","0","79 50:25.139","0","0","0","0","2208","0","0","0","Y","0","0","0","2","68D02","0","","4.0","","7","N","N","","0","","0","0","0","","0","N","1146","2","0","0","0","0","0","0","2","0","2","","","","N","","","","","","","","","",""