"CRN","ARRIVAL_TM","AUTOMOBILE_COUNT","BELTED_DEATH_COUNT","BELTED_SUSP_SERIOUS_INJ_COUNT","BICYCLE_COUNT","BICYCLE_DEATH_COUNT","BICYCLE_SUSP_SERIOUS_INJ_COUNT","BUS_COUNT","CHLDPAS_DEATH_COUNT","CHLDPAS_SUSP_SERIOUS_INJ_COUNT","COLLISION_TYPE","COMM_VEH_COUNT","CONS_ZONE_SPD_LIM","COUNTY","CRASH_MONTH","CRASH_YEAR","DAY_OF_WEEK","DEC_LATITUDE","DEC_LONGITUDE","DISPATCH_TM","DISTRICT","DRIVER_COUNT_16YR","DRIVER_COUNT_17YR","DRIVER_COUNT_18YR","DRIVER_COUNT_19YR","DRIVER_COUNT_20YR","DRIVER_COUNT_50_64YR","DRIVER_COUNT_65_74YR","DRIVER_COUNT_75PLUS","EST_HRS_CLOSED","FATAL_COUNT","HEAVY_TRUCK_COUNT","HORSE_BUGGY_COUNT","HOUR_OF_DAY","ILLUMINATION","INJURY_COUNT","INTERSECTION_RELATED","INTERSECT_TYPE","LANE_CLOSED","LATITUDE","LN_CLOSE_DIR","LOCATION_TYPE","LONGITUDE","MAX_SEVERITY_LEVEL","MCYCLE_DEATH_COUNT","MCYCLE_SUSP_SERIOUS_INJ_COUNT","MOTORCYCLE_COUNT","MUNICIPALITY","NONMOTR_COUNT","NONMOTR_DEATH_COUNT","NONMOTR_SUSP_SERIOUS_INJ_COUNT","NTFY_HIWY_MAINT","PED_COUNT","PED_DEATH_COUNT","PED_SUSP_SERIOUS_INJ_COUNT","PERSON_COUNT","POLICE_AGCY","POSSIBLE_INJ_COUNT","RDWY_SURF_TYPE_CD","RELATION_TO_ROAD","ROADWAY_CLEARED","ROAD_CONDITION","SCH_BUS_IND","SCH_ZONE_IND","SECONDARY_CRASH","SMALL_TRUCK_COUNT","SPEC_JURIS_CD","SUSP_MINOR_INJ_COUNT","SUSP_SERIOUS_INJ_COUNT","SUV_COUNT","TCD_FUNC_CD","TCD_TYPE","TFC_DETOUR_IND","TIME_OF_DAY","TOTAL_UNITS","TOT_INJ_COUNT","UNBELTED_OCC_COUNT","UNB_DEATH_COUNT","UNB_SUSP_SERIOUS_INJ_COUNT","UNK_INJ_DEG_COUNT","UNK_INJ_PER_COUNT","URBAN_RURAL","VAN_COUNT","VEHICLE_COUNT","WEATHER1","WEATHER2","WORKERS_PRES","WORK_ZONE_IND","WORK_ZONE_LOC","WORK_ZONE_TYPE","WZ_CLOSE_DETOUR","WZ_FLAGGER","WZ_LAW_OFFCR_IND","WZ_LN_CLOSURE","WZ_MOVING","WZ_OTHER","WZ_SHLDER_MDN","WZ_WORKERS_INJ_KILLED"
"2013015106","1245","0","0","0","0","0","0","0","0","0","7","0","","02","2","2013","7","40.618173","-79.975942","1240","11","0","0","1","0","0","0","0","0","","0","0","0","12","","0","","2","","40 37:05.423","","0","79 58:33.391","0","0","0","0","2217","0","0","0","N","0","0","0","2","02505","0","","5.0","","6","N","N","","0","","0","0","1","","0","","1238","1","0","0","0","0","0","0","2","0","1","","","","N","","","","","","","","","",""
"2013015982","1633","1","0","0","0","0","0","0","0","0","4","0","","02","2","2013","2","40.439221","-80.241499","1609","11","0","0","0","0","0","0","0","0","1","0","0","0","16","","1","","0","","40 26:21.197","4","0","80 14:29.395","4","0","0","0","2214","0","0","0","N","0","0","0","2","68B03","1","","1.0","","7","N","N","","1","","0","0","0","","0","N","1602","2","1","0","0","0","0","0","2","0","2","","","","N","","","","","","","","","",""
"2013017497","0702","1","0","0","0","0","0","0","0","0","2","0","","02","2","2013","6","40.482877","-79.809638","0654","11","0","0","0","0","0","0","0","0","","0","0","0","06","","0","","0","","40 28:58.356","","0","79 48:34.697","0","0","0","0","2113","0","0","0","N","0","0","0","2","02113","0","","1.0","","1","N","N","","0","","0","0","1","","0","","0650","2","0","0","0","0","0","0","2","0","2","","","","N","","","","","","","","","",""
"2013020510","1141","0","0","0","0","0","0","0","0","0","4","0","","02","2","2013","3","40.34379","-79.938533","1136","11","0","0","0","1","0","0","0","0","2","0","0","0","11","","1","","1","","40 20:37.645","1","0","79 56:18.718","4","0","0","0","2473","0","0","0","N","0","0","0","2","02473","1","","1.0","","1","N","N","","1","","0","0","1","","2","N","1136","2","1","0","0","0","0","0","2","0","2","","","","N","","","","","","","","","",""
"2013018333","1701","0","0","0","0","0","0","0","0","0","1","0","","02","2","2013","2","40.38123","-80.059886","1658","11","0","0","0","0","0","0","1","0","","0","0","0","16","","1","","0","","40 22:52.428","","0","80 03:35.589","4","0","0","0","2109","0","0","0","N","0","0","0","2","02109","1","","1.0","","1","N","N","","0","","0","0","2","","2","","1658","2","1","1","0","0","0","0","2","0","2","","","","N","","","","","","","","","",""
"2013019067","2209","1","0","0","0","0","0","0","0","0","4","0","","02","2","2013","3","40.461057","-79.866331","2206","11","0","0","0","0","0","0","0","0","","0","0","0","22","","0","","1","","40 27:39.806","","0","79 51:58.790","0","0","0","0","2113","0","0","0","N","0","0","0","4","02113","0","","1.0","","1","N","N","","1","","0","0","0","","2","","2206","2","0","0","0","0","0","0","2","0","2","","","","N","","","","","","","","","",""
"2013015172","1459","1","0","0","0","0","0","0","0","0","6","0","","02","2","2013","3","40.39667","-79.987697","1455","11","0","0","0","0","0","1","1","0","","0","0","0","14","","0","","2","","40 23:48.012","","0","79 59:15.709","0","0","0","0","2301","0","0","0","N","0","0","0","3","02301","0","","1.0","","1","N","N","","1","","0","0","0","","2","","1455","2","0","1","0","0","0","0","2","0","2","","","","N","","","","","","","","","",""
"2013015917","2335","2","0","0","0","0","0","0","0","0","1","0","","02","2","2013","1","40.431331","-79.848841","2333","11","0","0","0","0","0","0","0","0","3","0","0","0","23","","1","","0","","40 25:52.791","6","0","79 50:55.827","8","0","0","0","2431","0","0","0","N","0","0","0","1","02431","0","","1.0","","7","N","N","","0","","0","0","0","","0","Y","2330","2","1","0","0","0","1","0","2","0","2","","","","N","","","","","","","","","",""
"2013017433","0643","2","0","0","0","0","0","0","0","0","2","0","","02","2","2013","5","40.408326","-80.017903","0646","11","0","0","0","0","0","1","0","0","","0","0","0","06","","0","","0","","40 24:29.974","","0","80 01:04.451","0","0","0","0","2301","0","0","0","N","0","0","0","3","02301","0","","1.0","","1","Y","N","","0","","0","0","0","","0","","0640","3","0","0","0","0","0","0","2","1","3","","","","N","","","","","","","","","",""
"2013015174","0654","1","0","0","0","0","0","0","0","0","7","0","","02","1","2013","5","40.461064","-80.198967","0647","11","0","0","0","1","0","0","0","0","2","0","0","0","06","","1","","0","","40 27:39.830","3","0","80 11:56.280","4","0","0","0","2203","0","0","0","N","0","0","0","1","02203","1","","2.0","","6","N","N","","0","","0","0","0","","0","N","0645","1","1","0","0","0","0","0","2","0","1","","","","N","","","","","","","","","",""
"2013018339","1258","1","0","0","0","0","0","0","0","0","1","0","","02","2","2013","2","40.447623","-80.154675","1256","11","0","0","0","0","0","0","0","0","1","0","0","0","12","","1","","1","","40 26:51.442","4","0","80 09:16.829","3","0","0","0","2115","0","0","0","N","0","0","0","5","02115","0","","1.0","","9","N","N","","0","","1","0","2","","2","N","1255","3","1","0","0","0","0","0","2","0","3","","","","N","","","","","","","","","",""
"2013019070","0433","1","0","0","0","0","0","0","0","0","4","0","","02","2","2013","1","40.336526","-79.979061","0429","11","0","0","0","0","0","0","0","0","2","0","0","0","04","","2","","2","","40 20:11.495","4","0","79 58:44.621","4","0","0","0","2403","0","0","0","N","0","0","0","3","02454","2","","1.0","","1","N","N","","0","","0","0","1","","2","Y","0410","2","2","1","0","0","0","0","2","0","2","","","","N","","","","","","","","","",""
"2013015175","1730","1","0","0","0","0","0","0","0","0","0","0","","02","2","2013","3","40.464418","-80.020567","1720","11","0","0","0","0","0","0","0","0","2","0","0","0","17","","0","","0","","40 27:51.904","1","0","80 01:14.041","0","0","0","0","2301","0","0","0","N","0","0","0","2","02301","0","","1.0","","9","N","N","","0","","0","0","0","","0","N","1715","1","0","0","0","0","0","0","2","0","1","","","","N","","","","","","","","","",""
"2013015907","2250","1","0","0","0","0","0","0","0","0","7","0","","02","2","2013","3","40.368468","-80.062174","2249","11","0","0","0","0","0","0","0","0","1","0","0","0","22","","0","","2","","40 22:06.484","5","0","80 03:43.826","0","0","0","0","2109","0","0","0","N","0","0","0","2","02109","0","","2.0","","2","N","N","","0","","0","0","0","","3","Y","2249","1","0","0","0","0","0","0","2","0","1","","","","N","","","","","","","","","",""
"2013018340","1635","0","0","0","0","0","0","0","0","0","7","0","","02","2","2013","2","40.497368","-80.173167","1630","11","0","0","0","1","0","0","0","0","1","0","0","0","16","","1","","0","","40 29:50.524","4","0","80 10:23.402","4","0","0","0","2213","0","0","0","N","0","0","0","3","02213","1","","4.0","","7","N","N","","0","","0","0","1","","0","Y","1629","1","1","0","0","0","0","0","2","0","1","","","","N","","","","","","","","","",""
"2013019071","0637","1","0","0","0","0","0","0","0","0","1","0","","02","2","2013","5","40.437157","-79.963045","0630","11","0","0","0","0","0","0","0","0","","0","0","0","06","","2","","1","","40 26:13.765","","0","79 57:46.962","4","0","0","0","2301","0","0","0","N","0","0","0","3","02301","2","","1.0","","1","N","N","","0","","0","0","1","","2","","0630","2","2","0","0","0","0","0","2","0","2","","","","N","","","","","","","","","",""
"2013015111","1406","2","0","0","0","0","0","0","0","0","4","0","","02","2","2013","2","40.475357","-80.064925","1404","11","0","0","0","0","0","0","1","0","","0","0","0","14","","0","","0","","40 28:31.285","","0","80 03:53.731","0","0","0","0","2444","0","0","0","N","0","0","0","1","02444","0","","1.0","","9","N","N","","1","","0","0","0","","0","","1400","3","0","0","0","0","0","0","2","0","3","","","","N","","","","","","","","","",""
"2013017437","0023","0","0","0","0","0","0","0","0","0","8","0","","02","2","2013","6","40.44025","-79.958761","0018","11","0","0","0","0","0","0","0","0","3","0","0","0","00","","1","","2","","40 26:24.901","3","0","79 57:31.539","2","0","0","0","2301","1","0","1","N","1","0","1","2","02301","0","","1.0","","1","N","N","","1","","0","1","0","","0","Y","0018","2","1","0","0","0","0","0","2","0","1","","","","N","","","","","","","","","",""
"2013018341","1237","1","0","0","0","0","0","0","0","0","4","0","","02","1","2013","2","40.346258","-80.054261","1233","11","0","0","0","0","0","0","0","0","","0","0","0","12","","0","","0","","40 20:46.530","","0","80 03:15.340","0","0","0","0","2407","0","0","0","N","0","0","0","4","02407","0","","1.0","","9","N","N","","0","","0","0","1","","3","","1232","2","0","0","0","0","0","0","2","0","2","","","","N","","","","","","","","","",""
"2013019883","1445","1","0","0","0","0","0","0","0","0","7","0","","02","1","2013","6","40.592517","-79.772127","1445","11","0","0","0","0","0","0","0","0","","0","0","0","14","","0","","0","","40 35:33.062","","0","79 46:19.657","0","0","0","0","2202","0","0","0","N","0","0","0","1","68D01","0","","2.0","","7","N","N","","0","","0","0","0","","0","","1445","1","0","0","0","0","0","0","2","0","1","","","","N","","","","","","","","","",""
"2013015177","1625","0","0","0","0","0","0","0","0","0","4","0","","02","2","2013","7","40.571884","-79.993644","1619","11","0","0","0","0","0","0","0","0","","0","0","0","16","","0","","2","","40 34:18.782","","0","79 59:37.118","0","0","0","0","2108","0","0","0","N","0","0","0","8","02108","0","","1.0","","6","N","N","","0","","0","0","1","","0","","1617","2","0","0","0","0","0","0","2","1","2","","","","N","","","","","","","","","",""
"2013017438","0324","1","0","0","0","0","0","0","0","0","7","0","","02","2","2013","5","40.438999","-79.995643","0324","11","0","0","0","0","0","0","0","0","","0","0","0","03","","0","","1","","40 26:20.396","","0","79 59:44.314","0","0","0","0","2301","0","0","0","N","0","0","0","1","02506","0","","1.0","","1","N","N","","0","","0","0","0","","2","","0324","1","0","0","0","0","0","0","2","0","1","","","","N","","","","","","","","","",""
"2013018342","2120","2","0","0","0","0","0","0","0","0","4","0","","02","2","2013","3","40.348995","-80.023593","2115","11","0","0","0","0","0","1","0","0","2","0","0","0","21","","0","","0","","40 20:56.382","2","0","80 01:24.934","0","0","0","0","2407","0","0","0","N","0","0","0","4","02407","0","","1.0","","7","N","N","","0","","0","0","0","","0","N","2114","2","0","1","0","0","0","0","2","0","2","","","","N","","","","","","","","","",""
"2013015178","1754","2","0","0","0","0","0","0","0","0","4","0","","02","2","2013","2","40.58826","-80.048719","1749","11","0","1","0","0","0","1","0","0","","0","0","0","17","","0","","2","","40 35:17.736","","0","80 02:55.387","0","0","0","0","2108","0","0","0","N","0","0","0","6","02108","0","","1.0","","7","N","N","","0","","0","0","1","","3","","1748","3","0","0","0","0","0","0","2","0","3","","","","N","","","","","","","","","",""
"2013018343","0718","2","0","0","0","0","0","0","0","0","4","0","","02","2","2013","5","40.338248","-80.030948","0716","11","0","1","0","0","0","1","0","0","2","0","0","0","07","","0","","0","","40 20:17.694","4","0","80 01:51.412","0","0","0","0","2407","0","0","0","N","0","0","0","3","02407","0","","1.0","","1","N","N","","0","","0","0","0","","0","N","0715","2","0","0","0","0","0","0","2","0","2","","","","N","","","","","","","","","",""
"2013015179","0934","2","0","0","0","0","0","0","0","0","4","0","","02","2","2013","2","40.563859","-80.041433","0930","11","0","0","0","0","0","1","0","0","","0","0","0","09","","1","","2","","40 33:49.892","","0","80 02:29.158","4","0","0","0","2108","0","0","0","N","0","0","0","2","02108","1","","1.0","","9","N","N","","0","","0","0","0","","0","","0928","2","1","0","0","0","0","0","2","0","2","","","","N","","","","","","","","","",""
"2013015924","0550","1","0","0","0","0","0","0","0","0","4","0","","02","2","2013","3","40.456848","-79.975654","0545","11","0","0","0","0","0","0","0","0","","0","0","0","05","","0","","1","","40 27:24.652","","0","79 58:32.354","0","0","0","0","2301","0","0","0","N","0","0","0","2","02301","0","","1.0","","9","N","N","","0","","0","0","1","","1","","0540","2","0","0","0","0","0","0","2","0","2","","","","N","","","","","","","","","",""
"2013017440","0133","3","0","0","0","0","0","0","0","0","1","0","","02","2","2013","6","40.515333","-80.158637","0131","11","0","0","0","0","0","0","0","0","","0","0","0","01","","0","","0","","40 30:55.197","","0","80 09:31.094","0","0","0","0","2420","0","0","0","N","0","0","0","1","02420","0","","2.0","","1","N","N","","2","","0","0","0","","0","","0129","5","0","1","0","0","0","0","2","0","5","","","","N","","","","","","","","","",""
"2013015180","2034","1","0","0","0","0","0","0","0","0","7","0","","02","1","2013","6","40.473371","-80.199492","2034","11","0","0","0","0","0","1","0","0","1","0","0","0","20","","1","","0","","40 28:24.136","3","0","80 11:58.171","4","0","0","0","2213","0","0","0","Y","0","0","0","2","02213","1","","4.0","","6","N","N","","0","","0","0","0","","0","N","2034","1","1","0","0","0","0","0","2","0","1","","","","N","","","","","","","","","",""
"2013018277","1239","2","0","0","0","0","0","0","0","0","4","0","","02","2","2013","2","40.336074","-79.810464","1237","11","0","0","0","0","0","2","0","0","","0","0","0","12","","0","","0","","40 20:09.867","","0","79 48:37.670","0","0","0","0","2477","0","0","0","N","0","0","0","2","02477","0","","1.0","","1","N","N","","0","","0","0","0","","0","","1237","2","0","0","0","0","0","0","2","0","2","","","","N","","","","","","","","","",""
"2013017363","1758","1","0","0","0","0","0","0","0","0","4","0","","02","2","2013","5","40.434678","-79.913814","1755","11","0","0","0","0","0","1","1","0","","0","0","0","17","","1","","0","","40 26:04.840","","0","79 54:49.730","8","0","0","0","2301","0","0","0","N","0","0","0","2","02301","0","","1.0","","1","N","N","","0","","0","0","0","","0","","1750","2","1","0","0","0","1","0","2","1","2","","","","N","","","","","","","","","",""
"2013015181","0706","1","0","0","0","0","0","0","0","0","7","0","","02","1","2013","2","40.539109","-80.200845","0704","11","0","0","0","0","0","0","0","0","","0","0","0","07","","0","","0","","40 32:20.791","","0","80 12:03.042","0","0","0","0","2213","0","0","0","N","0","0","0","1","02213","0","","1.0","","2","N","N","","0","","0","0","0","","0","","0703","1","0","0","0","0","0","0","2","0","1","","","","N","","","","","","","","","",""
"2013015926","2241","1","0","0","0","0","0","0","0","0","7","0","","02","2","2013","3","40.279961","-79.955865","2232","11","0","0","0","0","0","0","0","1","1","0","0","0","22","","1","","0","","40 16:47.858","5","0","79 57:21.114","8","0","0","0","2440","0","0","0","Y","0","0","0","1","02440","0","","4.0","","7","N","N","","0","","0","0","0","","0","N","2228","1","1","0","0","0","1","0","2","0","1","","","","N","","","","","","","","","",""
"2013018278","1150","1","0","0","0","0","0","0","0","0","4","0","","02","2","2013","2","40.369693","-80.030924","1144","11","0","0","0","0","0","0","0","0","2","0","0","0","11","","0","","0","","40 22:10.893","1","0","80 01:51.328","0","0","0","0","2109","0","0","0","N","0","0","0","2","02109","0","","1.0","","1","N","N","","0","","0","0","0","","0","N","1144","2","0","0","0","0","0","0","2","1","2","","","","N","","","","","","","","","",""
"2013015182","2159","1","0","0","0","0","0","0","0","0","8","0","","02","1","2013","4","40.347661","-80.056678","2156","11","0","0","0","0","0","0","1","0","","0","0","0","21","","1","","0","","40 20:51.578","","0","80 03:24.041","4","0","0","0","2407","1","0","0","N","1","0","0","2","02407","1","","1.0","","9","N","N","","0","","0","0","0","","0","","2156","2","1","0","0","0","0","0","2","0","1","","","","N","","","","","","","","","",""
"2013017509","0812","1","0","0","0","0","0","0","0","0","1","0","","02","2","2013","5","40.625336","-80.058359","0808","11","0","0","0","0","0","0","0","0","","0","0","0","08","","0","","0","","40 37:31.209","","0","80 03:30.091","0","0","0","0","2216","0","0","0","N","0","0","0","2","02505","0","","1.0","","1","N","N","","0","","0","0","1","","0","","0808","2","0","0","0","0","0","0","2","0","2","","","","N","","","","","","","","","",""
"2013018281","1312","0","0","0","0","0","0","0","0","0","4","0","","02","2","2013","2","40.446961","-79.948995","1305","11","0","0","1","0","0","0","0","0","2","0","0","0","13","","1","","1","","40 26:49.059","6","0","79 56:56.382","8","0","0","0","2301","0","0","0","N","0","0","0","4","02301","0","","1.0","","1","N","N","","0","","0","0","3","","2","Y","1303","3","1","0","0","0","1","0","2","0","3","","","","N","","","","","","","","","",""
"2013019830","0219","1","0","0","0","0","0","0","0","0","7","0","","02","2","2013","7","40.42885","-79.935323","0214","11","0","0","0","0","0","0","0","0","","0","0","0","02","","0","","0","","40 25:43.860","","0","79 56:07.161","0","0","0","0","2301","0","0","0","Y","0","0","0","1","02301","0","","2.0","","2","N","N","","0","","0","0","0","","0","","0210","1","0","0","0","0","0","0","2","0","1","","","","N","","","","","","","","","",""
"2013015996","0819","3","0","0","0","0","0","0","0","0","1","0","","02","1","2013","6","40.494688","-79.905367","0651","11","0","0","0","0","0","1","0","0","","0","0","0","06","","3","","0","","40 29:40.877","","0","79 54:19.322","4","0","0","0","2401","0","0","0","N","0","0","0","6","68D02","3","","1.0","","1","N","N","","0","","0","0","1","","0","","0650","4","3","0","0","0","0","0","2","0","4","","","","N","","","","","","","","","",""
"2013016733","1748","1","0","0","0","0","0","0","0","0","7","0","","02","2","2013","4","40.447586","-79.896628","1748","11","0","0","0","0","0","1","0","0","","0","0","0","17","","0","","2","","40 26:51.309","","0","79 53:47.859","0","0","0","0","2301","0","0","0","N","0","0","0","2","02301","0","","5.0","","1","N","N","","0","","0","0","1","","0","","1745","2","0","0","0","0","0","0","2","0","2","","","","N","","","","","","","","","",""
"2013015123","1905","1","0","0","0","0","0","0","0","0","7","0","","02","2","2013","2","40.345534","-80.164764","1900","11","0","0","0","0","0","0","0","0","","0","0","0","19","","0","","0","","40 20:43.922","","0","80 09:53.149","0","0","0","0","2119","0","0","0","N","0","0","0","1","02119","0","","2.0","","7","N","N","","0","","0","0","0","","0","","1900","1","0","0","0","0","0","0","2","0","1","","","","N","","","","","","","","","",""
"2013016000","0801","1","0","0","0","0","0","0","0","0","4","0","","02","2","2013","3","40.49739","-79.926511","0723","11","0","1","0","0","0","0","1","0","2","0","0","0","07","","1","","0","","40 29:50.603","1","0","79 55:35.441","4","0","0","0","2461","0","0","0","Y","0","0","0","4","68D02","1","","1.0","","9","N","N","","0","","0","0","1","","0","N","0720","2","1","0","0","0","0","0","2","0","2","","","","N","","","","","","","","","",""
"2013015273","0650","1","0","0","0","0","0","0","0","0","0","0","","02","1","2013","5","40.505706","-79.858374","0614","11","0","0","0","0","0","0","0","0","","0","0","0","06","","0","","0","","40 30:20.542","","0","79 51:30.148","0","0","0","0","2112","0","0","0","N","0","0","0","2","68D02","0","","3.0","","6","N","N","","1","","0","0","0","","0","","0614","2","0","0","0","0","0","0","2","0","2","","","","N","","","","","","","","","",""
"2013020528","0026","1","0","0","0","0","0","0","0","0","7","0","","02","2","2013","1","40.449478","-80.025147","0020","11","0","0","0","0","0","0","0","0","1","0","0","0","00","","0","","1","","40 26:58.121","1","0","80 01:30.530","0","0","0","0","2301","0","0","0","N","0","0","0","1","02301","0","","3.0","","7","N","N","","0","","0","0","0","","0","N","0015","1","0","0","0","0","0","0","2","0","1","","","","N","","","","","","","","","",""
"2013019310","2031","1","0","0","0","0","0","0","0","0","1","0","","02","2","2013","1","40.305134","-80.037172","2026","11","0","0","0","0","0","0","0","0","1","0","0","0","20","","1","","0","","40 18:18.482","3","0","80 02:13.819","4","0","0","0","2407","0","0","0","N","0","0","0","1","02407","1","","1.0","","1","N","N","","0","","0","0","1","","0","N","2025","2","1","0","0","0","0","0","2","0","2","","","","N","","","","","","","","","",""
"2013020604","0801","1","0","0","0","0","0","0","0","0","2","0","","02","2","2013","1","40.48914","-79.933156","0754","11","0","0","0","0","0","0","0","0","1","0","0","0","07","","0","","0","","40 29:20.904","4","0","79 55:59.362","0","0","0","0","2301","0","0","0","N","0","0","0","2","02301","0","","1.0","","7","N","N","","0","","0","0","1","","0","N","0754","2","0","0","0","0","0","0","2","0","2","","","","N","","","","","","","","","",""
"2013020741","1745","1","0","0","0","0","0","0","0","0","1","0","","02","2","2013","2","40.493575","-79.915334","1741","11","0","0","0","0","0","0","0","0","","0","0","0","17","","0","","2","","40 29:36.869","","0","79 54:55.202","9","0","0","0","2461","0","0","0","N","0","0","0","2","02461","0","","1.0","","6","N","N","","0","","0","0","0","","0","","1741","2","0","0","0","0","0","2","2","0","2","","","","N","","","","","","","","","",""
"2013017897","1425","1","0","0","0","0","0","0","0","0","1","0","","02","2","2013","7","40.441045","-79.996808","1420","11","0","0","0","0","0","1","0","0","","0","0","0","14","","0","","1","","40 26:27.762","","0","79 59:48.508","9","0","0","0","2301","0","0","0","N","0","0","0","3","02301","0","","1.0","","1","N","N","","0","","0","0","1","","0","","1410","2","0","0","0","0","0","1","2","0","2","","","","N","","","","","","","","","",""
"2013020606","0840","1","0","0","0","0","0","0","0","0","1","0","","02","2","2013","1","40.447403","-79.973374","0830","11","0","0","0","0","0","1","0","0","","0","0","0","08","","2","","1","","40 26:50.650","","0","79 58:24.146","8","0","0","0","2301","0","0","0","N","0","0","0","5","02301","0","","1.0","","7","N","N","","0","","0","0","0","","3","","0830","2","2","0","0","0","2","0","2","1","2","","","","N","","","","","","","","","",""
"2013020742","2050","1","0","0","0","0","0","0","0","0","0","0","","02","2","2013","1","40.41792","-79.966868","2038","11","0","0","0","0","0","0","0","0","","0","0","0","20","","0","","0","","40 25:04.512","","0","79 58:00.723","0","0","0","0","2301","0","0","0","N","0","0","0","1","02301","0","","5.0","","2","N","N","","0","","0","0","0","","0","","2038","1","0","0","0","0","0","0","2","0","1","","","","N","","","","","","","","","",""
"2013020802","0846","1","0","0","0","0","0","0","0","0","7","0","","02","2","2013","1","40.350583","-79.950429","0845","11","0","0","0","0","0","0","0","0","","0","0","0","08","","0","","0","","40 21:02.097","","0","79 57:01.544","0","0","0","0","2473","0","0","0","N","0","0","0","1","02473","0","","2.0","","7","N","N","","0","","0","0","0","","0","","0843","1","0","0","0","0","0","0","2","0","1","","","","N","","","","","","","","","",""
"2013020868","1327","0","0","0","0","0","0","0","0","0","1","0","","02","2","2013","2","40.299095","-79.875853","1323","11","0","0","0","0","1","0","0","0","1","0","0","0","13","","0","","0","","40 17:56.742","5","0","79 52:33.070","0","0","0","0","2302","0","0","0","N","0","0","0","3","02302","0","","1.0","","1","N","N","","0","","0","0","2","","2","N","1323","2","0","0","0","0","0","0","2","0","2","","","","N","","","","","","","","","",""
"2013019107","0433","2","0","0","0","0","0","0","0","0","7","0","","02","1","2013","6","40.551041","-80.086523","0420","11","0","0","0","0","0","1","0","0","","0","0","0","04","","1","","0","","40 33:03.747","","3","80 05:11.481","3","0","0","0","2215","0","0","0","N","0","0","0","2","68B03","0","","2.0","","1","N","N","","0","","1","0","0","","0","","0419","2","1","0","0","0","0","0","2","0","2","","","","N","","","","","","","","","",""
"2013020058","1535","2","0","0","0","0","0","0","0","0","2","0","","02","2","2013","6","40.33429","-79.985193","1507","11","0","0","0","0","1","1","0","0","2","0","0","0","15","","0","","2","","40 20:03.444","5","0","79 59:06.694","0","0","0","0","2403","0","0","0","N","0","0","0","4","02403","0","","1.0","","1","N","N","","1","","0","0","0","","3","N","1500","3","0","0","0","0","0","0","2","0","3","","","","N","","","","","","","","","",""
"2013020791","0420","2","0","0","0","0","0","0","0","0","1","0","","02","2","2013","2","40.446475","-79.946998","0417","11","0","0","0","0","0","0","0","0","","0","0","0","04","","0","","0","","40 26:47.310","","0","79 56:49.192","0","0","0","0","2301","0","0","0","N","0","0","0","1","02301","0","","6.0","","1","N","N","","1","","0","0","0","","0","","0416","3","0","0","0","0","0","0","2","0","3","","","","N","","","","","","","","","",""
"2013019247","1154","0","0","0","0","0","0","0","0","0","1","0","","02","2","2013","4","40.537692","-80.011206","1146","11","0","0","0","0","0","1","0","0","","0","0","0","11","","0","","0","","40 32:15.692","","0","80 00:40.340","0","0","0","0","2116","0","0","0","N","0","0","0","2","02116","0","","1.0","","1","N","N","","1","","0","0","0","","0","","1146","2","0","0","0","0","0","0","2","1","2","","","","N","","","","","","","","","",""
"2013017901","1808","1","0","0","0","0","0","0","0","0","4","0","","02","2","2013","6","40.347758","-79.951848","1804","11","0","0","0","0","0","1","1","0","1","0","0","0","18","","1","","1","","40 20:51.930","4","0","79 57:06.652","8","0","0","0","2473","0","0","0","N","0","0","0","2","02473","0","","1.0","","1","N","N","","0","","0","0","1","","2","N","1804","2","1","0","0","0","1","0","2","0","2","","","","N","","","","","","","","","",""
"2013020747","2105","0","0","0","1","0","0","0","0","0","8","0","","02","2","2013","1","40.457237","-79.934066","2102","11","0","0","0","0","0","0","0","0","","0","0","0","21","","1","","1","","40 27:26.053","","0","79 56:02.637","4","0","0","0","2301","1","0","0","N","0","0","0","2","02301","1","","1.0","","1","N","N","","1","","0","0","0","","2","","2100","2","1","0","0","0","0","0","2","0","1","","","","N","","","","","","","","","",""
"2013019982","0317","1","0","0","0","0","0","0","0","0","7","0","","02","2","2013","6","40.428567","-80.129332","0306","11","0","0","0","0","0","0","0","0","1","0","0","0","03","","0","","0","","40 25:42.841","3","0","80 07:45.595","0","0","0","0","2102","0","0","0","N","0","0","0","2","02102","0","","2.0","","1","N","N","","0","","0","0","0","","0","N","0302","1","0","1","0","0","0","0","2","0","1","","","","N","","","","","","","","","",""
"2013020748","2110","1","0","0","0","0","0","0","0","0","0","0","","02","2","2013","1","40.456234","-80.054493","2104","11","0","0","0","0","0","0","0","0","2","0","0","0","21","","0","","0","","40 27:22.442","1","0","80 03:16.174","0","0","0","0","2301","0","0","0","N","0","0","0","5","02301","0","","1.0","","2","N","N","","0","","0","0","0","","0","Y","2104","1","0","2","0","0","0","0","2","0","1","","","","N","","","","","","","","","",""
"2013020614","0757","0","0","0","0","0","0","0","0","0","7","0","","02","2","2013","1","40.626507","-80.040128","0749","11","0","0","0","0","0","0","0","0","1","0","0","0","07","","0","","0","","40 37:35.425","4","0","80 02:24.460","0","0","0","0","2216","0","0","0","Y","0","0","0","1","02505","0","","2.0","","7","N","N","","0","","0","0","1","","0","N","0749","1","0","0","0","0","0","0","2","0","1","","","","N","","","","","","","","","",""