"CRN","ARRIVAL_TM","AUTOMOBILE_COUNT","BELTED_DEATH_COUNT","BELTED_SUSP_SERIOUS_INJ_COUNT","BICYCLE_COUNT","BICYCLE_DEATH_COUNT","BICYCLE_SUSP_SERIOUS_INJ_COUNT","BUS_COUNT","CHLDPAS_DEATH_COUNT","CHLDPAS_SUSP_SERIOUS_INJ_COUNT","COLLISION_TYPE","COMM_VEH_COUNT","CONS_ZONE_SPD_LIM","COUNTY","CRASH_MONTH","CRASH_YEAR","DAY_OF_WEEK","DEC_LATITUDE","DEC_LONGITUDE","DISPATCH_TM","DISTRICT","DRIVER_COUNT_16YR","DRIVER_COUNT_17YR","DRIVER_COUNT_18YR","DRIVER_COUNT_19YR","DRIVER_COUNT_20YR","DRIVER_COUNT_50_64YR","DRIVER_COUNT_65_74YR","DRIVER_COUNT_75PLUS","EST_HRS_CLOSED","FATAL_COUNT","HEAVY_TRUCK_COUNT","HORSE_BUGGY_COUNT","HOUR_OF_DAY","ILLUMINATION","INJURY_COUNT","INTERSECTION_RELATED","INTERSECT_TYPE","LANE_CLOSED","LATITUDE","LN_CLOSE_DIR","LOCATION_TYPE","LONGITUDE","MAX_SEVERITY_LEVEL","MCYCLE_DEATH_COUNT","MCYCLE_SUSP_SERIOUS_INJ_COUNT","MOTORCYCLE_COUNT","MUNICIPALITY","NONMOTR_COUNT","NONMOTR_DEATH_COUNT","NONMOTR_SUSP_SERIOUS_INJ_COUNT","NTFY_HIWY_MAINT","PED_COUNT","PED_DEATH_COUNT","PED_SUSP_SERIOUS_INJ_COUNT","PERSON_COUNT","POLICE_AGCY","POSSIBLE_INJ_COUNT","RDWY_SURF_TYPE_CD","RELATION_TO_ROAD","ROADWAY_CLEARED","ROAD_CONDITION","SCH_BUS_IND","SCH_ZONE_IND","SECONDARY_CRASH","SMALL_TRUCK_COUNT","SPEC_JURIS_CD","SUSP_MINOR_INJ_COUNT","SUSP_SERIOUS_INJ_COUNT","SUV_COUNT","TCD_FUNC_CD","TCD_TYPE","TFC_DETOUR_IND","TIME_OF_DAY","TOTAL_UNITS","TOT_INJ_COUNT","UNBELTED_OCC_COUNT","UNB_DEATH_COUNT","UNB_SUSP_SERIOUS_INJ_COUNT","UNK_INJ_DEG_COUNT","UNK_INJ_PER_COUNT","URBAN_RURAL","VAN_COUNT","VEHICLE_COUNT","WEATHER1","WEATHER2","WORKERS_PRES","WORK_ZONE_IND","WORK_ZONE_LOC","WORK_ZONE_TYPE","WZ_CLOSE_DETOUR","WZ_FLAGGER","WZ_LAW_OFFCR_IND","WZ_LN_CLOSURE","WZ_MOVING","WZ_OTHER","WZ_SHLDER_MDN","WZ_WORKERS_INJ_KILLED"
"2013004925","1507","2","0","0","0","0","0","0","0","0","4","0","","02","1","2013","7","40.628078","-80.023909","1504","11","0","0","0","0","0","1","1","0","","0","0","0","15","","1","","1","","40 37:41.080","","0","80 01:26.073","4","0","0","0","2216","0","0","0","N","0","0","0","2","02505","1","","1.0","","1","N","N","","0","","0","0","0","","2","","1504","2","1","0","0","0","0","0","1","0","2","","","","N","","","","","","","","","",""
"2013020280","1900","0","0","0","0","0","0","0","0","0","6","0","","02","2","2013","1","40.510709","-79.93657","1850","11","0","0","0","0","0","1","0","0","4","1","0","0","18","","0","","0","","40 30:38.553","5","0","79 56:11.653","1","1","0","1","2112","0","0","0","N","0","0","0","2","02112","0","2","1.0","","1","N","N","","0","0","0","0","0","","0","Y","1850","2","0","0","0","0","0","0","2","1","2","","","","N","","","","","","","","","",""
"2013018838","1335","1","0","0","0","0","0","0","0","0","4","0","","02","2","2013","1","40.407297","-79.991828","1333","11","0","0","0","0","0","0","0","0","","0","0","0","13","","1","","0","","40 24:26.270","","0","79 59:30.580","4","0","0","0","2447","0","0","0","N","0","0","0","2","02447","1","","6.0","","1","N","N","","0","","0","0","1","","0","","1333","2","1","0","0","0","0","0","2","0","2","","","","N","","","","","","","","","",""
"2013019599","0900","1","0","0","0","0","0","0","0","0","4","0","","02","2","2013","2","40.401649","-80.040004","0850","11","0","0","1","0","0","0","0","0","","0","0","0","08","","0","","1","","40 24:05.936","","0","80 02:24.014","0","0","0","0","2301","0","0","0","N","0","0","0","2","02301","0","","1.0","","1","N","N","","0","","0","0","1","","0","","0850","2","0","0","0","0","0","0","2","0","2","","","","N","","","","","","","","","",""
"2013004914","1808","0","0","0","0","0","0","0","0","0","7","0","","02","1","2013","7","40.50955","-80.028411","1806","11","0","0","1","0","0","0","0","0","","0","0","0","18","","1","","0","","40 30:34.380","","0","80 01:42.280","4","0","0","0","2116","0","0","0","N","0","0","0","2","02116","1","","5.0","","1","N","N","","1","","0","0","0","","0","","1806","1","1","2","0","0","0","0","2","0","1","","","","N","","","","","","","","","",""
"2013020281","0517","1","0","0","0","0","0","0","0","0","7","0","","02","2","2013","7","40.405178","-80.033519","0513","11","0","0","0","0","0","0","0","0","1","0","0","0","05","","0","","0","","40 24:18.640","4","0","80 02:00.668","0","0","0","0","2301","0","0","0","N","0","0","0","1","02301","0","","2.0","","7","N","N","","0","","0","0","0","","0","N","0510","1","0","0","0","0","0","0","2","0","1","","","","N","","","","","","","","","",""
"2013019681","1522","3","0","0","0","0","0","0","0","0","4","0","","02","2","2013","2","40.429084","-79.970771","1519","11","0","0","0","0","0","1","0","0","","0","0","0","15","","0","","0","","40 25:44.701","","0","79 58:14.774","0","0","0","0","2301","0","0","0","N","0","0","0","2","02301","0","","1.0","","1","N","N","","0","","0","0","2","","0","","1519","5","0","0","0","0","0","0","2","0","5","","","","N","","","","","","","","","",""
"2013018715","1150","1","0","0","0","0","0","0","0","0","99","0","","02","2","2013","2","40.356573","-80.119192","1150","11","0","0","0","0","0","0","0","0","","0","0","0","11","","0","","2","","40 21:23.664","","2","80 07:09.091","0","0","0","0","2119","0","0","0","N","0","0","0","2","02119","0","","1.0","","1","N","N","","1","","0","0","0","","2","","1150","2","0","0","0","0","0","0","2","0","2","","","","N","","","","","","","","","",""
"2013018042","0128","0","0","0","0","0","0","0","0","0","7","0","","02","2","2013","1","40.421536","-80.051576","0126","11","0","0","0","0","0","0","0","0","","0","0","0","01","","1","","0","","40 25:17.528","","0","80 03:05.674","4","0","0","0","2435","0","0","0","N","0","0","0","1","02435","1","","5.0","","1","N","N","","1","","0","0","0","","0","","0126","1","1","0","0","0","0","0","2","0","1","","","","N","","","","","","","","","",""
"2013020271","0226","2","0","0","0","0","0","0","0","0","1","0","","02","2","2013","7","40.457842","-79.974246","0224","11","0","0","0","0","0","0","0","0","","0","0","0","02","","1","","1","","40 27:28.231","","0","79 58:27.285","8","0","0","0","2301","0","0","0","N","0","0","0","1","02301","0","","2.0","","1","N","N","","0","","0","0","0","","0","","0220","2","1","1","0","0","1","0","2","0","2","","","","N","","","","","","","","","",""
"2013003373","1608","0","0","0","0","0","0","0","0","0","7","0","","02","1","2013","1","40.546243","-80.054751","1607","11","1","0","0","0","0","0","0","0","1","0","0","0","16","","1","","0","","40 32:46.475","2","0","80 03:17.103","8","0","0","0","2116","0","0","0","N","0","0","0","1","02116","0","","5.0","","98","N","N","","1","","0","0","0","","0","N","1607","1","1","1","0","0","1","0","2","0","1","","","","N","","","","","","","","","",""
"2013020272","0223","1","0","0","0","0","0","0","0","0","5","0","","02","2","2013","7","40.439811","-79.959355","0219","11","0","0","0","0","0","0","0","0","2","0","0","0","02","","0","","1","","40 26:23.319","1","0","79 57:33.678","0","0","0","0","2301","0","0","0","N","0","0","0","3","02301","0","","1.0","","1","N","N","","0","","0","0","0","","2","Y","0219","2","0","0","0","0","0","0","2","0","2","","","","N","","","","","","","","","",""
"2013019536","2254","2","0","0","0","0","0","0","0","0","4","0","","02","2","2013","4","40.475449","-79.707354","2242","11","1","0","1","0","0","0","0","0","2","0","0","0","22","","3","","1","","40 28:31.616","2","0","79 42:26.476","8","0","0","0","2466","0","0","0","N","0","0","0","3","02466","0","","1.0","","2","N","N","","0","","0","0","0","","2","N","2239","2","3","0","0","0","3","0","2","0","2","","","","N","","","","","","","","","",""
"2013019618","1436","1","0","0","0","0","0","0","0","0","5","0","","02","2","2013","4","40.382008","-80.044179","1435","11","0","0","0","0","0","0","0","0","2","0","0","0","14","","0","","0","","40 22:55.228","2","0","80 02:39.045","0","0","0","0","2109","0","0","0","N","0","0","0","3","02109","0","","1.0","","1","N","N","","1","","0","0","0","","0","N","1435","2","0","0","0","0","0","0","2","0","2","","","","N","","","","","","","","","",""
"2013019620","0852","1","0","0","0","0","0","0","0","0","4","0","","02","2","2013","5","40.458229","-79.942549","0847","11","0","0","0","0","0","1","0","0","","0","0","0","08","","0","","0","","40 27:29.624","","0","79 56:33.176","0","0","0","0","2301","0","0","0","N","0","0","0","2","02301","0","","1.0","","9","N","N","","0","","0","0","1","","0","","0835","2","0","0","0","0","0","0","2","0","2","","","","N","","","","","","","","","",""
"2013004932","1751","2","0","0","0","0","0","0","0","0","2","0","","02","1","2013","5","40.564116","-79.774565","1741","11","0","0","0","0","0","0","0","0","","0","0","0","17","","1","","0","","40 33:50.819","","0","79 46:28.434","4","0","0","0","2104","0","0","0","N","0","0","0","2","02104","1","","1.0","","1","N","N","","0","","0","0","0","","0","","1741","2","1","0","0","0","0","0","2","0","2","","","","N","","","","","","","","","",""
"2013019607","1455","1","0","0","0","0","0","0","0","0","1","0","","02","2","2013","2","40.44118","-80.019925","1445","11","0","0","0","0","0","0","0","0","","0","0","0","14","","0","","0","","40 26:28.248","","0","80 01:11.731","0","0","0","0","2301","0","0","0","N","0","0","0","3","02301","0","","1.0","","1","N","N","","0","","0","0","0","","2","","1430","2","0","0","0","0","0","0","2","1","2","","","","N","","","","","","","","","",""
"2013019691","2102","1","0","0","0","0","0","0","0","0","7","0","","02","2","2013","4","40.556939","-80.059457","2056","11","0","1","0","0","0","0","0","0","","0","0","0","20","","0","","0","","40 33:24.981","","0","80 03:34.046","0","0","0","0","2108","0","0","0","N","0","0","0","1","02108","0","","4.0","","2","N","N","","0","","0","0","0","","0","","2053","1","0","0","0","0","0","0","2","0","1","","","","N","","","","","","","","","",""
"2013004190","2222","1","0","0","0","0","0","0","0","0","7","0","","02","1","2013","4","40.311774","-79.877282","2216","11","0","0","0","0","0","1","0","0","1","0","0","0","22","","1","","0","","40 18:42.386","5","0","79 52:38.214","8","0","0","0","2443","0","0","0","Y","0","0","0","2","02443","0","","1.0","","1","N","N","","0","","0","0","0","","0","Y","2216","1","1","0","0","0","1","0","1","0","1","","","","N","","","","","","","","","",""
"2013019542","0316","2","0","0","0","0","0","0","0","0","4","0","","02","2","2013","3","40.475567","-79.866522","0312","11","0","0","0","0","0","0","0","0","2","0","0","0","03","","0","","0","","40 28:32.040","6","0","79 51:59.480","0","0","0","0","2113","0","0","0","N","0","0","0","1","02113","0","","4.0","","9","N","N","","0","","0","0","1","","0","Y","0310","3","0","0","0","0","0","0","2","0","3","","","","N","","","","","","","","","",""
"2013018847","1822","1","0","0","0","0","0","0","0","0","4","0","","02","2","2013","2","40.349886","-79.856166","1820","11","0","0","0","0","0","1","0","0","","0","0","0","18","","0","","0","","40 20:59.589","","0","79 51:22.196","0","0","0","0","2304","0","0","0","N","0","0","0","2","02304","0","","1.0","","2","N","N","","1","","0","0","0","","0","","1820","2","0","0","0","0","0","0","2","0","2","","","","N","","","","","","","","","",""
"2013019623","0830","2","0","0","0","0","0","1","0","0","99","1","","02","2","2013","5","40.443125","-79.967047","0816","11","0","0","0","0","0","0","0","0","","0","0","0","08","","0","","0","","40 26:35.250","","0","79 58:01.370","0","0","0","0","2301","0","0","0","N","0","0","0","2","02301","0","","1.0","","2","Y","N","","0","","0","0","1","","0","","0800","4","0","0","0","0","0","0","2","0","4","","","","N","","","","","","","","","",""
"2013019692","2141","2","0","0","0","0","0","0","0","0","1","0","","02","2","2013","4","40.568469","-80.023825","2136","11","1","0","0","0","0","0","0","0","","0","0","0","21","","0","","1","","40 34:06.488","","0","80 01:25.769","0","0","0","0","2108","0","0","0","N","0","0","0","2","02108","0","","1.0","","2","N","N","","0","","0","0","0","","2","","2133","2","0","0","0","0","0","0","2","0","2","","","","N","","","","","","","","","",""
"2013018246","0802","1","0","0","0","0","0","0","0","0","4","0","","02","2","2013","2","40.512129","-79.936617","0757","11","0","0","0","0","0","0","0","0","","0","0","0","07","","0","","2","","40 30:43.663","","0","79 56:11.821","0","0","0","0","2112","0","0","0","N","0","0","0","2","02112","0","","1.0","","1","N","N","","0","","0","0","1","","3","","0757","2","0","0","0","0","0","0","2","0","2","","","","N","","","","","","","","","",""
"2013004998","1801","1","0","0","0","0","0","0","0","0","1","0","","02","1","2013","1","40.496131","-79.976872","1756","11","0","0","1","0","0","1","0","0","","0","0","0","99","","0","","2","","40 29:46.072","","0","79 58:36.740","0","0","0","0","2118","0","0","0","N","0","0","0","2","02118","0","","1.0","","1","N","N","","0","","0","0","1","","0","","9999","2","0","0","0","0","0","0","2","0","2","","","","N","","","","","","","","","",""
"2013020352","1330","1","0","0","0","0","0","0","0","0","4","0","","02","2","2013","6","40.427056","-79.723357","1313","11","0","0","0","0","0","0","0","1","","0","0","0","13","","1","","2","","40 25:37.401","","0","79 43:24.085","8","0","0","0","2446","0","0","0","N","0","0","0","3","02446","0","","1.0","","1","N","N","","1","","0","0","0","","2","","1313","3","1","0","0","0","1","0","2","0","3","","","","N","","","","","","","","","",""
"2013018724","1914","2","0","0","0","0","0","0","0","0","1","0","","02","2","2013","6","40.429378","-79.956524","1901","11","0","0","0","0","0","0","0","1","1","0","0","0","19","","0","","6","","40 25:45.760","3","2","79 57:23.485","0","0","0","0","2301","0","0","0","N","0","0","0","2","68B03","0","","1.0","","1","N","N","","0","","0","0","0","","0","N","1900","2","0","0","0","0","0","0","2","0","2","","","","N","","","","","","","","","",""
"2013018053","","2","0","0","0","0","0","0","0","0","1","0","","02","2","2013","7","40.451853","-80.204419","","11","0","0","0","0","0","1","0","0","","0","0","0","","","0","","0","","40 27:06.670","","3","80 12:15.910","0","0","0","0","2203","0","0","0","N","0","0","0","3","02203","0","","1.0","","1","N","N","","0","","0","0","0","","1","","","2","0","0","0","0","0","0","2","0","2","","","","N","","","","","","","","","",""
"2013020367","","0","0","0","0","0","0","0","0","0","8","0","","02","2","2013","7","40.426716","-79.976435","","11","0","0","0","0","1","0","0","0","1","0","0","0","","","1","","1","","40 25:36.177","1","0","79 58:35.166","8","0","0","0","2301","1","0","0","N","1","0","0","2","02301","0","","1.0","","1","N","N","","0","","0","0","1","","3","N","","2","1","0","0","0","1","0","2","0","1","","","","N","","","","","","","","","",""
"2013018248","","1","0","0","0","0","0","0","0","0","1","0","","02","2","2013","2","40.416923","-80.014421","","11","0","0","0","0","0","0","0","0","1","0","0","0","","","0","","2","","40 25:00.921","1","0","80 00:51.917","0","0","0","0","2301","0","0","0","N","0","0","0","2","02301","0","","1.0","","9","N","N","","1","","0","0","0","","2","N","","2","0","0","0","0","0","0","2","0","2","","","","N","","","","","","","","","",""
"2013004875","","1","0","0","0","0","0","0","0","0","7","0","","02","1","2013","7","40.511415","-79.903453","","11","0","1","0","0","0","0","0","0","","0","0","0","","","0","","0","","40 30:41.094","","0","79 54:12.430","0","0","0","0","2432","0","0","0","N","0","0","0","1","02432","0","","5.0","","9","N","N","","0","","0","0","0","","0","","","1","0","0","0","0","0","0","2","0","1","","","","N","","","","","","","","","",""
"2013018725","","0","0","0","0","0","0","0","0","0","1","0","","02","2","2013","7","40.411597","-80.075894","","11","0","0","0","0","0","0","0","0","","0","0","0","","","0","","0","","40 24:41.749","","0","80 04:33.218","0","0","0","0","2117","0","0","0","N","0","0","0","2","68B03","0","","1.0","","1","N","N","","0","","0","0","2","","0","","","2","0","0","0","0","0","0","2","0","2","","","","N","","","","","","","","","",""
"2013019481","","1","0","0","0","0","0","0","0","0","1","0","","02","2","2013","4","40.423682","-80.062263","","11","0","0","0","0","0","0","0","0","2","0","0","0","","","1","","0","","40 25:25.255","4","0","80 03:44.146","4","0","0","0","2435","0","0","0","N","0","0","0","2","02435","1","","1.0","","7","N","N","","1","","0","0","0","","0","N","","2","1","0","0","0","0","0","2","0","2","","","","N","","","","","","","","","",""
"2013004876","","2","0","0","0","0","0","0","0","0","5","0","","02","1","2013","1","40.428346","-80.056594","","11","0","0","0","0","0","0","0","0","2","0","0","0","","","0","","2","","40 25:42.045","1","0","80 03:23.738","0","0","0","0","2301","0","0","0","N","0","0","0","2","02301","0","","1.0","","1","N","N","","0","","0","0","1","","3","N","","4","0","0","0","0","0","0","2","1","4","","","","N","","","","","","","","","",""
"2013020232","","0","0","0","0","0","0","0","0","0","8","0","","02","2","2013","6","40.446873","-79.954817","","11","0","0","0","0","0","1","0","0","1","0","0","0","","","1","","1","","40 26:48.742","4","0","79 57:17.341","3","0","0","0","2301","1","0","0","N","1","0","0","3","02301","0","","1.0","","1","N","N","","0","","1","0","0","","3","N","","2","1","0","0","0","0","0","2","1","1","","","","N","","","","","","","","","",""
"2013018726","","1","0","0","0","0","0","0","0","0","1","0","","02","2","2013","7","40.414286","-80.062731","","11","0","0","0","0","0","1","0","0","","0","0","0","","","0","","0","","40 24:51.431","","0","80 03:45.830","0","0","0","0","2435","0","0","0","N","0","0","0","2","68B03","0","","1.0","","1","N","N","","0","","0","0","1","","0","","","2","0","0","0","0","0","0","2","0","2","","","","N","","","","","","","","","",""
"2013018251","","2","0","0","0","0","0","0","0","0","1","0","","02","2","2013","2","40.371986","-79.981927","","11","0","0","0","0","0","0","0","1","","0","0","0","","","1","","0","","40 22:19.148","","0","79 58:54.938","8","0","0","0","2413","0","0","0","N","0","0","0","2","02413","0","","1.0","","1","N","N","","0","","0","0","0","","0","","","2","1","0","0","0","1","0","2","0","2","","","","N","","","","","","","","","",""
"2013004877","","1","0","0","0","0","0","0","0","0","99","0","","02","1","2013","4","40.512527","-80.003877","","11","0","0","0","0","0","0","0","0","","0","0","0","","","0","","0","","40 30:45.096","","0","80 00:13.956","0","0","0","0","2116","0","0","0","","0","0","0","1","02116","0","","1.0","","1","","","","0","","0","0","0","","0","","","1","0","0","0","0","0","0","2","0","1","","","","N","","","","","","","","","",""
"2013019547","","1","0","0","0","0","0","0","0","0","7","0","","02","2","2013","4","40.286813","-79.879716","","11","0","0","0","0","0","0","0","0","3","0","0","0","","","0","","10","","40 17:12.526","7","0","79 52:46.977","0","0","0","0","2302","0","0","0","N","0","0","0","1","02302","0","","5.0","","2","N","N","","0","","0","0","0","","0","N","","1","0","0","0","0","0","0","2","0","1","","","","N","","","","","","","","","",""
"2013020357","","2","0","0","0","0","0","0","0","0","4","0","","02","2","2013","6","40.510867","-79.956966","","11","0","0","0","0","0","0","0","0","1","0","0","0","","","0","","2","","40 30:39.120","2","0","79 57:25.078","0","0","0","0","2118","0","0","0","N","0","0","0","3","02118","0","","1.0","","1","N","N","","0","","0","0","0","","3","N","","2","0","0","0","0","0","0","2","0","2","","","","N","","","","","","","","","",""
"2013019628","","1","0","0","0","0","0","0","0","0","4","0","","02","2","2013","5","40.487854","-80.056458","","11","0","0","0","0","1","0","1","0","","0","0","0","","","0","","10","","40 29:16.276","","7","80 03:23.249","0","0","0","0","2404","0","0","0","N","0","0","0","2","02404","0","","4.0","","9","N","N","","1","","0","0","0","","0","","","2","0","0","0","0","0","0","2","0","2","","","","N","","","","","","","","","",""
"2013020436","","3","0","0","0","0","0","0","0","0","4","0","","02","2","2013","7","40.465165","-79.957999","","11","0","0","0","0","0","0","2","0","1","0","0","0","","","0","","1","","40 27:54.594","3","0","79 57:28.796","0","0","0","0","2301","0","0","0","N","0","0","0","2","02301","0","","1.0","","1","N","N","","0","","0","0","0","","2","N","","3","0","0","0","0","0","0","2","0","3","","","","N","","","","","","","","","",""
"2013004878","","1","0","0","0","0","0","0","0","0","7","0","","02","1","2013","4","40.512527","-80.003877","","11","0","0","0","0","0","0","0","0","1","0","0","0","","","0","","0","","40 30:45.096","2","0","80 00:13.956","0","0","0","0","2116","0","0","0","","0","0","0","1","02116","0","","1.0","","9","","","","0","","0","0","0","","0","N","","1","0","1","0","0","0","0","2","0","1","","","","N","","","","","","","","","",""
"2013019485","","2","0","0","0","0","0","0","0","0","2","0","","02","2","2013","4","40.445175","-80.188622","","11","0","0","1","0","0","0","0","0","2","0","0","0","","","2","","0","","40 26:42.630","5","0","80 11:19.039","3","0","0","0","2214","0","0","0","N","0","0","0","2","02214","1","","1.0","","6","N","N","","0","","1","0","0","","0","N","","2","2","0","0","0","0","0","2","0","2","","","","N","","","","","","","","","",""
"2013020438","","1","0","0","0","0","0","0","0","0","7","0","","02","2","2013","7","40.411652","-80.00956","","11","0","0","0","0","0","0","0","0","1","0","0","0","","","0","","2","","40 24:41.947","1","0","80 00:34.416","0","0","0","0","2301","0","0","0","N","0","0","0","1","02301","0","","5.0","","1","N","N","","0","","0","0","0","","0","N","","1","0","0","0","0","0","0","2","0","1","","","","N","","","","","","","","","",""
"2013003385","","2","0","0","0","0","0","0","0","0","4","0","","02","1","2013","4","40.453451","-79.931781","","11","0","0","0","0","0","0","0","0","2","0","0","0","","","0","","1","","40 27:12.423","1","0","79 55:54.411","0","0","0","0","2301","0","0","0","N","0","0","0","3","02301","0","","1.0","","1","N","N","","0","","0","0","0","","3","Y","","2","0","0","0","0","0","0","2","0","2","","","","N","","","","","","","","","",""
"2013020296","","1","0","0","0","0","0","0","0","0","7","0","","02","2","2013","7","40.360319","-79.845355","","11","0","0","0","0","0","0","0","0","1","0","0","0","","","0","","3","","40 21:37.148","4","3","79 50:43.278","0","0","0","0","2303","0","0","0","N","0","0","0","0","02303","0","","2.0","","9","N","N","","0","","0","0","0","","0","N","","1","0","0","0","0","0","0","2","0","1","","","","N","","","","","","","","","",""
"2013018866","","1","0","0","0","0","0","0","0","0","1","0","","02","2","2013","3","40.438939","-79.758773","","11","0","0","0","0","0","1","0","0","","0","0","0","","","0","","0","","40 26:20.181","","0","79 45:31.582","0","0","0","0","2446","0","0","0","N","0","0","0","2","02446","0","","1.0","","1","N","N","","0","","0","0","1","","4","","","2","0","1","0","0","0","0","2","0","2","","","","N","","","","","","","","","",""
"2013020236","","1","0","0","0","0","0","0","0","0","4","0","","02","2","2013","6","40.555071","-79.809846","","11","0","0","0","0","0","1","1","0","","0","0","0","","","0","","2","","40 33:18.257","","2","79 48:35.445","0","0","0","0","2121","0","0","0","N","0","0","0","3","02121","0","","1.0","","1","N","N","","0","","0","0","1","","3","","","2","0","0","0","0","0","0","2","0","2","","","","N","","","","","","","","","",""
"2013017994","","0","0","0","0","0","0","0","0","0","7","0","","02","2","2013","6","40.511921","-80.131284","","11","0","0","0","0","0","0","0","1","","0","0","0","","","1","","10","","40 30:42.915","","7","80 07:52.622","3","0","0","0","2110","0","0","0","N","0","0","0","1","02215","0","","4.0","","9","N","N","","0","","1","0","1","","0","","","1","1","1","0","0","0","0","2","0","1","","","","N","","","","","","","","","",""
"2013020297","","2","0","0","0","0","0","0","0","0","4","0","","02","2","2013","6","40.526027","-79.842776","","11","0","0","0","0","0","0","0","0","","0","0","0","","","0","","2","","40 31:33.698","","0","79 50:33.994","0","0","0","0","2451","0","0","0","N","0","0","0","4","02451","0","","1.0","","1","N","N","","0","","0","0","0","","3","","","2","0","0","0","0","0","0","2","0","2","","","","N","","","","","","","","","",""
"2013018059","","1","0","0","0","0","0","0","0","0","7","0","","02","2","2013","1","40.430013","-80.039565","","11","0","0","0","0","0","1","0","0","","0","0","0","","","0","","2","","40 25:48.045","","0","80 02:22.434","0","0","0","0","2301","0","0","0","N","0","0","0","1","02301","0","","4.0","","2","N","N","","0","","0","0","0","","0","","","1","0","0","0","0","0","0","2","0","1","","","","N","","","","","","","","","",""
"2013018792","","1","0","0","0","0","0","0","0","0","7","0","","02","2","2013","1","40.530088","-79.939795","","11","0","0","0","0","0","0","0","0","2","0","0","0","","","1","","0","","40 31:48.316","1","0","79 56:23.262","4","0","0","0","2118","0","0","0","N","0","0","0","1","02118","1","","4.0","","1","N","N","","0","","0","0","0","","0","N","","1","1","0","0","0","0","0","2","0","1","","","","N","","","","","","","","","",""
"2013004881","","1","0","0","0","0","0","0","0","0","1","0","","02","1","2013","7","40.431131","-80.010602","","11","0","0","0","0","0","0","1","0","","0","0","0","","","2","","1","","40 25:52.071","","0","80 00:38.167","4","0","0","0","2301","0","0","0","N","0","0","0","3","02301","2","","1.0","","1","N","N","","1","","0","0","0","","3","","","2","2","0","0","0","0","0","2","0","2","","","","N","","","","","","","","","",""
"2013017995","","0","0","0","0","0","0","0","0","0","1","0","","02","2","2013","7","40.470219","-79.908537","","11","0","0","0","0","0","0","0","0","1","0","0","0","","","1","","2","","40 28:12.788","3","0","79 54:30.734","4","0","0","0","2301","0","0","0","N","0","0","0","3","02301","1","","1.0","","1","N","N","","0","","0","0","2","","2","N","","2","1","0","0","0","0","0","2","0","2","","","","N","","","","","","","","","",""
"2013018793","","1","0","0","0","0","0","0","0","0","7","0","","02","2","2013","1","40.410747","-79.990261","","11","0","0","0","0","0","0","0","0","","0","0","0","","","0","","2","","40 24:38.689","","0","79 59:24.939","0","0","0","0","2447","0","0","0","","0","0","0","3","02447","0","","5.0","","1","N","","","0","","0","0","0","","0","","","1","0","0","0","0","0","0","2","0","1","","","","N","","","","","","","","","",""
"2013018868","","0","0","0","0","0","0","0","0","0","7","0","","02","2","2013","3","40.45369","-79.833537","","11","0","0","0","0","0","0","0","0","2","0","0","0","","","1","","2","","40 27:13.284","7","0","79 50:00.733","4","0","0","0","2113","0","0","0","N","0","0","0","1","02113","1","","5.0","","1","N","N","","1","","0","0","0","","3","N","","1","1","1","0","0","0","0","2","0","1","","","","N","","","","","","","","","",""
"2013004882","","1","0","0","0","0","0","0","0","0","7","0","","02","1","2013","1","40.471454","-79.831291","","11","0","0","0","0","0","0","1","0","1","0","0","0","","","1","","0","","40 28:17.235","1","0","79 49:52.646","4","0","0","0","2113","0","0","0","N","0","0","0","1","02113","1","","4.0","","1","N","N","","0","","0","0","0","","0","N","","1","1","0","0","0","0","0","2","0","1","","","","N","","","","","","","","","",""
"2013005636","","2","0","0","0","0","0","0","0","0","1","0","","02","1","2013","3","40.602434","-80.081517","","11","0","1","0","0","0","0","0","0","2","0","0","0","","","2","","1","","40 36:08.762","1","0","80 04:53.461","4","0","0","0","2481","0","0","0","N","0","0","0","3","02481","2","","1.0","","1","N","N","","0","","0","0","0","","0","N","","2","2","0","0","0","0","0","2","0","2","","","","N","","","","","","","","","",""
"2013019553","","1","0","0","0","0","0","0","0","0","1","0","","02","2","2013","3","40.658552","-80.091436","","11","0","0","0","0","0","1","0","0","2","0","0","0","","","0","","0","","40 39:30.787","1","0","80 05:29.168","0","0","0","0","2212","0","0","0","N","0","0","0","3","68B03","0","","1.0","","1","N","N","","1","","0","0","1","","0","N","","3","0","0","0","0","0","0","2","0","3","","","","N","","","","","","","","","",""
"2013020362","","2","0","0","0","0","0","0","0","0","1","0","","02","2","2013","7","40.440708","-79.95813","","11","0","0","0","0","0","0","0","0","","0","0","0","","","0","","0","","40 26:26.548","","0","79 57:29.268","0","0","0","0","2301","0","0","0","N","0","0","0","2","02301","0","","1.0","","1","N","N","","0","","0","0","0","","0","","","2","0","0","0","0","0","0","2","0","2","","","","N","","","","","","","","","",""
"2013019554","","0","0","0","0","0","0","0","0","0","7","0","","02","2","2013","4","40.437187","-80.205676","","11","0","0","0","0","0","0","0","0","","0","0","0","","","0","","0","","40 26:13.873","","0","80 12:20.434","0","0","0","0","2214","0","0","0","N","0","0","0","1","68B03","0","","3.0","","2","N","N","","1","","0","0","0","","0","","","1","0","0","0","0","0","0","2","0","1","","","","N","","","","","","","","","",""