"CRN","ARRIVAL_TM","AUTOMOBILE_COUNT","BELTED_DEATH_COUNT","BELTED_SUSP_SERIOUS_INJ_COUNT","BICYCLE_COUNT","BICYCLE_DEATH_COUNT","BICYCLE_SUSP_SERIOUS_INJ_COUNT","BUS_COUNT","CHLDPAS_DEATH_COUNT","CHLDPAS_SUSP_SERIOUS_INJ_COUNT","COLLISION_TYPE","COMM_VEH_COUNT","CONS_ZONE_SPD_LIM","COUNTY","CRASH_MONTH","CRASH_YEAR","DAY_OF_WEEK","DEC_LATITUDE","DEC_LONGITUDE","DISPATCH_TM","DISTRICT","DRIVER_COUNT_16YR","DRIVER_COUNT_17YR","DRIVER_COUNT_18YR","DRIVER_COUNT_19YR","DRIVER_COUNT_20YR","DRIVER_COUNT_50_64YR","DRIVER_COUNT_65_74YR","DRIVER_COUNT_75PLUS","EST_HRS_CLOSED","FATAL_COUNT","HEAVY_TRUCK_COUNT","HORSE_BUGGY_COUNT","HOUR_OF_DAY","ILLUMINATION","INJURY_COUNT","INTERSECTION_RELATED","INTERSECT_TYPE","LANE_CLOSED","LATITUDE","LN_CLOSE_DIR","LOCATION_TYPE","LONGITUDE","MAX_SEVERITY_LEVEL","MCYCLE_DEATH_COUNT","MCYCLE_SUSP_SERIOUS_INJ_COUNT","MOTORCYCLE_COUNT","MUNICIPALITY","NONMOTR_COUNT","NONMOTR_DEATH_COUNT","NONMOTR_SUSP_SERIOUS_INJ_COUNT","NTFY_HIWY_MAINT","PED_COUNT","PED_DEATH_COUNT","PED_SUSP_SERIOUS_INJ_COUNT","PERSON_COUNT","POLICE_AGCY","POSSIBLE_INJ_COUNT","RDWY_SURF_TYPE_CD","RELATION_TO_ROAD","ROADWAY_CLEARED","ROAD_CONDITION","SCH_BUS_IND","SCH_ZONE_IND","SECONDARY_CRASH","SMALL_TRUCK_COUNT","SPEC_JURIS_CD","SUSP_MINOR_INJ_COUNT","SUSP_SERIOUS_INJ_COUNT","SUV_COUNT","TCD_FUNC_CD","TCD_TYPE","TFC_DETOUR_IND","TIME_OF_DAY","TOTAL_UNITS","TOT_INJ_COUNT","UNBELTED_OCC_COUNT","UNB_DEATH_COUNT","UNB_SUSP_SERIOUS_INJ_COUNT","UNK_INJ_DEG_COUNT","UNK_INJ_PER_COUNT","URBAN_RURAL","VAN_COUNT","VEHICLE_COUNT","WEATHER1","WEATHER2","WORKERS_PRES","WORK_ZONE_IND","WORK_ZONE_LOC","WORK_ZONE_TYPE","WZ_CLOSE_DETOUR","WZ_FLAGGER","WZ_LAW_OFFCR_IND","WZ_LN_CLOSURE","WZ_MOVING","WZ_OTHER","WZ_SHLDER_MDN","WZ_WORKERS_INJ_KILLED"
"2013005877","","0","0","0","0","0","0","0","0","0","7","0","","02","1","2013","3","40.474036","-80.061219","","11","0","0","0","0","0","0","0","0","","0","0","0","","","1","","0","","40 28:26.531","","3","80 03:40.390","4","0","0","0","2444","0","0","0","Y","0","0","0","2","02444","1","","4.0","","7","N","N","","0","","0","0","1","","0","","","1","1","0","0","0","0","0","2","0","1","","","","N","","","","","","","","","",""
"2013003434","","1","0","0","0","0","0","0","0","0","6","0","","02","1","2013","7","40.516463","-80.028887","","11","0","0","0","0","0","0","0","0","1","0","0","0","","","0","","0","","40 30:59.266","2","0","80 01:43.993","0","0","0","0","2474","0","0","0","N","0","0","0","2","02474","0","","1.0","","1","N","N","","0","","0","0","0","","0","Y","","2","0","0","0","0","0","0","2","1","2","","","","N","","","","","","","","","",""
"2013004174","","1","0","0","0","0","0","0","0","0","4","0","","02","1","2013","5","40.296565","-79.994442","","11","0","1","0","0","0","0","0","0","2","0","0","0","","","1","","2","","40 17:47.635","5","0","79 59:39.990","2","0","0","0","2219","0","0","0","N","0","0","0","3","02219","0","","1.0","","1","N","N","","0","","0","1","1","","3","Y","","2","1","0","0","0","0","0","2","0","2","","","","N","","","","","","","","","",""
"2013005192","","0","0","0","0","0","0","0","0","0","7","0","","02","1","2013","4","40.390034","-79.904109","","11","0","1","0","0","0","0","0","0","3","0","0","0","","","0","","0","","40 23:24.122","5","0","79 54:14.792","0","0","0","0","2448","0","0","0","N","0","0","0","1","02448","0","","4.0","","9","N","N","","0","","0","0","1","","0","Y","","1","0","1","0","0","0","0","2","0","1","","","","N","","","","","","","","","",""
"2013005677","","0","0","0","0","0","0","0","0","0","4","0","","02","1","2013","3","40.441733","-80.035258","","11","0","0","0","0","0","0","1","0","2","0","0","0","","","1","","2","","40 26:30.238","3","0","80 02:06.928","8","0","0","0","2301","0","0","0","N","0","0","0","2","02301","0","","1.0","","1","N","N","","1","","0","0","1","","3","Y","","2","1","0","0","0","1","0","2","0","2","","","","N","","","","","","","","","",""
"2013004987","","2","0","0","0","0","0","0","0","0","4","0","","02","1","2013","1","40.532594","-79.958414","","11","0","0","0","0","0","0","0","0","1","0","0","0","","","0","","1","","40 31:57.337","6","0","79 57:30.290","0","0","0","0","2118","0","0","0","N","0","0","0","2","02118","0","","1.0","","1","N","N","","0","","0","0","0","","2","N","","2","0","0","0","0","0","0","2","0","2","","","","N","","","","","","","","","",""
"2013005125","","1","0","0","0","0","0","0","0","0","5","0","","02","1","2013","2","40.419818","-79.93052","","11","0","0","0","0","0","0","0","0","","0","0","0","","","0","","0","","40 25:11.344","","0","79 55:49.872","9","0","0","0","2301","0","0","0","N","0","0","0","1","02301","0","","6.0","","1","N","N","","0","","0","0","0","","0","","","2","0","0","0","0","0","1","2","0","2","","","","N","","","","","","","","","",""
"2013005879","","1","0","0","0","0","0","0","0","0","7","0","","02","1","2013","3","40.455606","-79.870885","","11","0","0","0","0","0","0","0","0","2","0","0","0","","","0","","0","","40 27:20.181","3","0","79 52:15.186","0","0","0","0","2301","0","0","0","N","0","0","0","0","02301","0","","5.0","","7","N","N","","0","","0","0","0","","0","Y","","1","0","0","0","0","0","0","2","0","1","","","","N","","","","","","","","","",""
"2013004176","","1","0","0","0","0","0","0","0","0","8","0","","02","1","2013","7","40.321032","-79.836431","","11","0","0","0","0","0","0","0","1","","0","0","0","","","1","","0","","40 19:15.715","","0","79 50:11.152","3","0","0","0","2469","1","0","0","N","1","0","0","2","02469","0","","1.0","","1","N","N","","0","","1","0","0","","0","","","2","1","0","0","0","0","0","2","0","1","","","","N","","","","","","","","","",""
"2013005054","","2","0","0","0","0","0","0","0","0","4","0","","02","1","2013","1","40.460658","-79.922717","","11","0","0","1","0","0","0","0","0","1","0","0","0","","","2","","1","","40 27:38.370","5","0","79 55:21.780","4","0","0","0","2301","0","0","0","N","0","0","0","2","02301","1","","1.0","","9","N","N","","0","","0","0","0","","1","Y","","2","2","0","0","0","1","0","2","0","2","","","","N","","","","","","","","","",""
"2013003570","","2","0","0","0","0","0","0","0","0","2","0","","02","1","2013","5","40.449207","-79.901303","","11","0","0","0","0","0","0","0","0","","0","0","0","","","1","","1","","40 26:57.146","","0","79 54:04.692","3","0","0","0","2301","0","0","0","N","0","0","0","2","02301","0","","1.0","","1","N","N","","0","","1","0","0","","2","","","2","1","0","0","0","0","0","2","0","2","","","","N","","","","","","","","","",""
"2013005127","","1","0","0","0","0","0","0","0","0","7","0","","02","1","2013","4","40.618771","-79.908062","","11","0","0","0","0","0","0","1","0","2","0","0","0","","","1","","2","","40 37:07.575","4","0","79 54:29.024","8","0","0","0","2220","0","0","0","N","0","0","0","1","02220","0","","2.0","","2","N","N","","0","","0","0","0","","0","N","","1","1","0","0","0","1","0","2","0","1","","","","N","","","","","","","","","",""
"2013005881","","1","0","0","0","0","0","0","0","0","2","0","","02","1","2013","3","40.418593","-79.757253","","11","0","0","0","1","0","1","0","0","","0","0","0","","","2","","0","","40 25:06.934","","0","79 45:26.110","4","0","0","0","2446","0","0","0","N","0","0","0","2","02446","2","","1.0","","2","N","N","","0","","0","0","1","","0","","","2","2","0","0","0","0","0","2","0","2","","","","N","","","","","","","","","",""
"2013003639","","1","0","0","0","0","0","0","0","0","1","0","","02","1","2013","5","40.423257","-79.927543","","11","0","0","0","0","0","1","0","0","","0","0","0","","","2","","0","","40 25:23.725","","0","79 55:39.154","3","0","0","0","2301","0","0","0","N","0","0","0","2","02301","1","","1.0","","1","N","N","","0","","1","0","1","","0","","","2","2","0","0","0","0","0","2","0","2","","","","N","","","","","","","","","",""
"2013003439","","0","0","0","0","0","0","0","0","0","7","0","","02","1","2013","4","40.613579","-79.757543","","11","0","0","0","0","0","1","0","0","","0","0","0","","","0","","0","","40 36:48.884","","0","79 45:27.153","0","0","0","0","2202","0","0","0","Y","0","0","0","1","02202","0","","4.0","","2","N","N","","0","","0","0","1","","0","","","1","0","0","0","0","0","0","2","0","1","","","","N","","","","","","","","","",""
"2013005069","","1","0","0","0","0","0","0","0","0","1","0","","02","1","2013","7","40.432182","-80.023771","","11","0","0","0","0","0","0","0","0","1","0","0","0","","","1","","0","","40 25:55.855","3","0","80 01:25.575","8","0","0","0","2301","0","0","0","N","0","0","0","2","68B03","0","","1.0","","1","N","N","","1","","0","0","0","","0","N","","2","1","0","0","0","1","0","2","0","2","","","","N","","","","","","","","","",""
"2013004324","","1","0","0","0","0","0","0","0","0","5","1","","02","1","2013","5","40.455253","-79.993125","","11","0","0","0","0","0","0","0","0","","0","1","0","","","0","","3","","40 27:18.909","","2","79 59:35.249","0","0","0","0","2301","0","0","0","N","0","0","0","2","02301","0","","1.0","","9","N","N","","0","","0","0","0","","4","","","2","0","0","0","0","0","0","2","0","2","","","","N","","","","","","","","","",""
"2013004250","","1","0","0","0","0","0","0","0","0","7","0","","02","1","2013","4","40.655079","-79.724399","","11","0","0","0","0","0","1","0","0","","0","0","0","","","1","","0","","40 39:18.283","","0","79 43:27.836","4","0","0","0","2106","0","0","0","N","0","0","0","1","68D02","1","","4.0","","2","N","N","","0","","0","0","0","","0","","","1","1","0","0","0","0","0","2","0","1","","","","N","","","","","","","","","",""
"2013004184","","1","0","0","0","0","0","0","0","0","7","0","","02","1","2013","5","40.488685","-79.954388","","11","0","0","0","0","0","0","0","0","1","0","0","0","","","0","","0","","40 29:19.266","1","0","79 57:15.797","0","0","0","0","2118","0","0","0","Y","0","0","0","1","02118","0","","2.0","","1","N","N","","0","","0","0","0","","0","N","","1","0","0","0","0","0","0","2","0","1","","","","N","","","","","","","","","",""
"2013004251","","0","0","0","0","0","0","0","0","0","7","0","","02","1","2013","4","40.655079","-79.724399","","11","0","0","0","0","0","0","0","0","1","0","1","0","","","0","","0","","40 39:18.283","1","0","79 43:27.836","0","0","0","0","2106","0","0","0","N","0","0","0","1","68D02","0","","4.0","","2","N","N","","0","","0","0","0","","0","N","","1","0","1","0","0","0","0","2","0","1","","","","N","","","","","","","","","",""
"2013004534","","2","0","0","0","0","0","0","0","0","1","0","","02","1","2013","2","40.511393","-80.101022","","11","0","0","0","0","0","1","0","0","","0","0","0","","","0","","1","","40 30:41.015","","0","80 06:03.678","0","0","0","0","2429","0","0","0","N","0","0","0","2","02215","0","","1.0","","1","N","N","","0","","0","0","0","","2","","","3","0","0","0","0","0","0","2","0","2","","","","N","","","","","","","","","",""
"2013004994","","2","0","0","0","0","0","0","0","0","4","0","","02","1","2013","1","40.501311","-79.923204","","11","0","0","0","0","0","0","0","0","2","0","0","0","","","0","","0","","40 30:04.720","6","0","79 55:23.533","0","0","0","0","2112","0","0","0","N","0","0","0","1","02112","0","","2.0","","1","N","N","","0","","0","0","0","","0","Y","","2","0","0","0","0","0","0","2","0","2","","","","N","","","","","","","","","",""
"2013004252","","0","0","0","0","0","0","0","0","0","7","0","","02","1","2013","4","40.615651","-79.753676","","11","0","0","0","0","0","0","1","0","1","0","0","0","","","1","","6","","40 36:56.345","2","2","79 45:13.235","4","0","0","0","2202","0","0","0","Y","0","0","0","2","68D02","1","","4.0","","2","N","N","","0","","0","0","1","","4","N","","1","1","1","0","0","0","0","2","0","1","","","","N","","","","","","","","","",""
"2013003578","","1","0","0","0","0","0","0","0","0","1","0","","02","1","2013","5","40.321805","-80.075359","","11","0","0","0","0","0","0","0","0","","0","0","0","","","0","","0","","40 19:18.498","","0","80 04:31.292","0","0","0","0","2123","0","0","0","N","0","0","0","1","02123","0","","1.0","","1","N","N","","1","","0","0","0","","0","","","2","0","0","0","0","0","0","2","0","2","","","","N","","","","","","","","","",""
"2013004331","","2","0","0","0","0","0","0","0","0","4","0","","02","1","2013","5","40.422923","-79.891031","","11","0","0","0","0","0","0","0","1","","0","0","0","","","0","","1","","40 25:22.522","","0","79 53:27.711","0","0","0","0","2463","0","0","0","N","0","0","0","2","02463","0","","1.0","","1","N","N","","0","","0","0","0","","0","","","2","0","2","0","0","0","0","2","0","2","","","","N","","","","","","","","","",""
"2013005826","","1","0","0","0","0","0","0","0","0","4","0","","02","1","2013","3","40.338931","-79.960406","","11","0","0","0","0","0","0","1","0","","0","0","0","","","0","","1","","40 20:20.150","","0","79 57:37.463","0","0","0","0","2454","0","0","0","N","0","0","0","2","02454","0","","1.0","","1","N","N","","1","","0","0","0","","2","","","2","0","0","0","0","0","0","2","0","2","","","","N","","","","","","","","","",""
"2013004332","","1","0","0","0","0","0","0","0","0","4","1","","02","1","2013","4","40.386134","-79.821206","","11","0","0","0","0","0","0","1","0","2","0","1","0","","","1","","1","","40 23:10.082","3","0","79 49:16.341","4","0","0","0","2111","0","0","0","N","0","0","0","2","02111","1","","1.0","","1","N","N","","0","","0","0","0","","2","Y","","2","1","0","0","0","0","0","2","0","2","","","","N","","","","","","","","","",""
"2013003582","","1","0","0","0","0","0","0","0","0","7","0","","02","1","2013","5","40.449737","-80.026902","","11","0","0","0","0","0","0","0","0","","0","0","0","","","0","","0","","40 26:59.054","","8","80 01:36.846","0","0","0","0","2301","0","0","0","N","0","0","0","1","02301","0","","1.0","","2","N","N","","0","","0","0","0","","0","","","1","0","0","0","0","0","0","2","0","1","","","","N","","","","","","","","","",""
"2013005154","","0","0","0","0","0","0","0","0","0","8","0","","02","1","2013","5","40.400545","-80.088178","","11","0","0","0","0","0","0","0","0","2","0","0","0","","","1","","0","","40 24:01.962","5","0","80 05:17.440","2","0","0","0","2117","1","0","1","N","1","0","1","2","02117","0","","1.0","","1","N","N","","0","","0","1","0","","0","Y","","2","1","0","0","0","0","0","2","1","1","","","","N","","","","","","","","","",""
"2013005893","","0","0","0","0","0","0","0","0","0","7","0","","02","1","2013","4","40.435566","-79.994787","","11","0","0","0","0","0","0","0","0","1","0","0","0","","","0","","0","","40 26:08.037","1","3","79 59:41.233","0","0","0","0","2301","0","0","0","N","0","0","0","2","02301","0","","4.0","","6","N","N","","0","","0","0","1","","0","N","","1","0","0","0","0","0","0","2","0","1","","","","N","","","","","","","","","",""
"2013005894","","1","0","0","0","0","0","0","0","0","7","0","","02","1","2013","3","40.440899","-79.99292","","11","0","0","0","0","0","0","0","0","","0","0","0","","","0","","0","","40 26:27.235","","0","79 59:34.512","0","0","0","0","2301","0","0","0","N","0","0","0","1","02301","0","","1.0","","2","N","N","","0","","0","0","0","","0","","","1","0","1","0","0","0","0","2","0","1","","","","N","","","","","","","","","",""
"2013003586","","1","0","0","0","0","0","0","0","0","7","0","","02","1","2013","5","40.619275","-79.87908","","11","0","1","0","0","0","0","0","0","","0","0","0","","","0","","0","","40 37:09.391","","0","79 52:44.687","0","0","0","0","2220","0","0","0","N","0","0","0","1","02220","0","","4.0","","2","N","N","","0","","0","0","0","","0","","","1","0","0","0","0","0","0","1","0","1","","","","N","","","","","","","","","",""
"2013005968","","0","0","0","0","0","0","0","0","0","8","0","","02","1","2013","4","40.352016","-79.859482","","11","0","0","0","0","0","1","0","0","1","1","0","0","","","0","","0","","40 21:07.257","3","0","79 51:34.134","1","0","0","0","2304","1","1","0","N","1","1","0","2","02304","0","2","1.0","","6","N","N","","0","0","0","0","1","","0","N","","2","0","0","0","0","0","0","2","0","1","","","","N","","","","","","","","","",""
"2013004197","","1","0","0","0","0","0","0","0","0","1","0","","02","1","2013","3","40.43453","-79.733091","","11","0","0","0","0","0","0","0","0","2","0","0","0","","","2","","1","","40 26:04.309","3","0","79 43:59.129","3","0","0","0","2446","0","0","0","N","0","0","0","2","02446","0","","1.0","","1","N","N","","1","","2","0","0","","2","N","","2","2","0","0","0","0","0","2","0","2","","","","N","","","","","","","","","",""
"2013004214","","1","0","0","0","0","0","0","0","0","7","0","","02","1","2013","6","40.489145","-79.933469","","11","0","0","0","0","0","0","0","0","4","0","0","0","","","1","","0","","40 29:20.923","3","0","79 56:00.488","8","0","0","0","2301","0","0","0","N","0","0","0","1","02301","0","","5.0","","1","N","N","","0","","0","0","0","","0","Y","","1","1","0","0","0","1","0","2","0","1","","","","N","","","","","","","","","",""
"2013005896","","1","0","0","0","0","0","0","0","0","7","0","","02","1","2013","4","40.47211","-80.015501","","11","0","0","0","0","0","0","0","0","1","0","0","0","","","0","","2","","40 28:19.595","1","0","80 00:55.805","0","0","0","0","2301","0","0","0","N","0","0","0","1","02301","0","","2.0","","2","N","N","","0","","0","0","0","","3","N","","1","0","0","0","0","0","0","2","0","1","","","","N","","","","","","","","","",""
"2013004352","","2","0","0","0","0","0","0","0","0","4","0","","02","1","2013","6","40.532533","-79.968021","","11","0","0","0","0","0","1","0","0","","0","0","0","","","0","","2","","40 31:57.117","","0","79 58:04.877","0","0","0","0","2118","0","0","0","N","0","0","0","3","02118","0","","1.0","","9","N","N","","0","","0","0","0","","3","","","2","0","0","0","0","0","0","2","0","2","","","","N","","","","","","","","","",""
"2013004199","","1","0","0","0","0","0","0","0","0","7","0","","02","1","2013","3","40.349758","-79.8234","","11","0","0","0","1","0","0","0","0","1","0","0","0","","","0","","0","","40 20:59.130","2","0","79 49:24.240","0","0","0","0","2477","0","0","0","N","0","0","0","1","02477","0","","5.0","","9","N","N","","0","","0","0","0","","0","Y","","1","0","0","0","0","0","0","2","0","1","","","","N","","","","","","","","","",""
"2013005835","","1","0","0","0","0","0","0","0","0","1","0","","02","1","2013","3","40.438905","-79.993713","","11","0","0","1","0","0","0","0","0","","0","0","0","","","0","","3","","40 26:20.058","","2","79 59:37.366","0","0","0","0","2301","0","0","0","N","0","0","0","4","02301","0","","1.0","","1","N","N","","1","","0","0","0","","0","","","2","0","0","0","0","0","0","2","0","2","","","","N","","","","","","","","","",""
"2013003589","","2","0","0","0","0","0","0","0","0","4","1","","02","1","2013","5","40.486954","-80.055029","","11","0","0","0","1","0","0","1","0","","0","0","0","","","1","","2","","40 29:13.036","","0","80 03:18.105","8","0","0","0","2404","0","0","0","Y","0","0","0","7","02404","0","","1.0","","9","N","N","","1","","0","0","0","","0","","","3","1","0","0","0","1","0","2","0","3","","","","N","","","","","","","","","",""
"2013004342","","2","0","0","0","0","0","0","0","0","4","0","","02","1","2013","6","40.442247","-79.760233","","11","0","0","0","0","0","1","0","0","","0","0","0","","","1","","0","","40 26:32.090","","0","79 45:36.840","8","0","0","0","2446","0","0","0","N","0","0","0","2","02446","0","","1.0","","9","N","N","","0","","0","0","0","","0","","","2","1","0","0","0","1","0","2","0","2","","","","N","","","","","","","","","",""
"2013005160","","0","0","0","0","0","0","0","0","0","0","0","","02","1","2013","2","40.413826","-80.009779","","11","0","0","0","0","0","1","0","0","1","0","0","0","","","0","","6","","40 24:49.772","2","1","80 00:35.203","9","0","0","0","2301","0","0","0","N","0","0","0","1","02301","0","","1.0","","1","N","N","","0","","0","0","1","","2","Y","","1","0","0","0","0","0","1","2","0","1","","","","N","","","","","","","","","",""
"2013004203","","0","0","0","0","0","0","0","0","0","7","0","","02","1","2013","5","40.491109","-79.814192","","11","0","0","0","0","0","0","0","0","","0","0","0","","","0","","0","","40 29:27.991","","0","79 48:51.090","0","0","0","0","2113","0","0","0","Y","0","0","0","1","02113","0","","4.0","","2","N","N","","0","","0","0","1","","0","","","1","0","0","0","0","0","0","2","0","1","","","","N","","","","","","","","","",""
"2013004484","","1","0","0","0","0","0","0","0","0","7","0","","02","1","2013","3","40.629961","-80.097176","","11","0","0","0","0","0","0","0","0","","0","0","0","","","0","","0","","40 37:47.860","","0","80 05:49.834","0","0","0","0","2212","0","0","0","Y","0","0","0","1","68B03","0","","2.0","","9","N","N","","0","","0","0","0","","0","","","1","0","0","0","0","0","0","2","0","1","","","","N","","","","","","","","","",""
"2013004218","","0","0","0","0","0","0","0","0","0","7","0","","02","1","2013","6","40.443827","-79.993911","","11","0","0","0","1","0","0","0","0","","0","0","0","","","1","","1","","40 26:37.777","","0","79 59:38.079","4","0","0","0","2301","0","0","0","N","0","0","0","3","02301","1","","1.0","","1","N","N","","0","","0","0","1","","2","","","1","1","3","0","0","0","0","2","0","1","","","","N","","","","","","","","","",""
"2013005837","","1","0","0","0","0","0","0","0","0","4","0","","02","1","2013","3","40.438023","-79.913084","","11","0","0","0","0","0","1","0","0","","0","0","0","","","1","","1","","40 26:16.882","","0","79 54:47.102","4","0","0","0","2301","0","0","0","N","0","0","0","2","02301","1","","1.0","","1","N","N","","0","","0","0","0","","2","","","2","1","0","0","0","0","0","2","1","2","","","","N","","","","","","","","","",""
"2013004360","","2","0","0","0","0","0","0","0","0","4","0","","02","1","2013","1","40.520823","-80.025258","","11","0","0","0","0","0","2","0","0","","0","0","0","","","1","","1","","40 31:14.962","","0","80 01:30.930","3","0","0","0","2474","0","0","0","N","0","0","0","2","02474","0","","1.0","","1","N","N","","0","","1","0","0","","2","","","2","1","1","0","0","0","0","2","0","2","","","","N","","","","","","","","","",""
"2013005163","","0","0","0","0","0","0","0","0","0","7","0","","02","1","2013","4","40.275805","-79.837334","","11","0","0","0","0","0","0","0","0","3","0","0","0","","","1","","0","","40 16:32.898","6","0","79 50:14.402","3","0","0","0","2105","0","0","0","N","0","0","0","1","02105","0","","5.0","","2","N","N","","0","","1","0","1","","0","Y","","1","1","0","0","0","0","0","2","0","1","","","","N","","","","","","","","","",""
"2013005839","","4","0","0","0","0","0","0","0","0","1","0","","02","1","2013","3","40.437366","-79.759006","","11","0","0","0","0","0","0","1","0","1","0","0","0","","","0","","0","","40 26:14.516","1","0","79 45:32.422","0","0","0","0","2446","0","0","0","N","0","0","0","5","02446","0","","1.0","","1","N","N","","0","","0","0","1","","0","N","","5","0","0","0","0","0","0","2","0","5","","","","N","","","","","","","","","",""
"2013005840","","1","0","0","0","0","0","0","0","0","99","0","","02","1","2013","3","40.486249","-79.814722","","11","0","0","0","0","0","0","0","0","","0","0","0","","","1","","10","","40 29:10.495","","0","79 48:52.998","8","0","0","0","2113","0","0","0","N","0","0","0","1","02113","0","","5.0","","1","N","N","","0","","0","0","0","","0","","","1","1","0","0","0","1","0","2","0","1","","","","N","","","","","","","","","",""
"2013005854","","0","0","0","0","0","0","0","0","0","7","0","","02","1","2013","3","40.453552","-79.885311","","11","0","0","0","0","0","0","0","0","3","0","0","0","","","1","","0","","40 27:12.787","3","0","79 53:07.119","3","0","0","0","2301","0","0","0","N","0","0","0","1","02301","0","","2.0","","1","N","Y","","1","","1","0","0","","0","Y","","1","1","0","0","0","0","0","2","0","1","","","","N","","","","","","","","","",""
"2013005842","","2","0","0","0","0","0","0","0","0","4","0","","02","1","2013","1","40.373883","-79.845029","","11","0","0","0","0","0","0","1","0","","0","0","0","","","2","","1","","40 22:25.980","","0","79 50:42.106","4","0","0","0","2303","0","0","0","N","0","0","0","2","02303","2","","1.0","","1","N","N","","0","","0","0","0","","2","","","2","2","0","0","0","0","0","2","0","2","","","","N","","","","","","","","","",""
"2013005980","","1","0","0","0","0","0","0","0","0","7","0","","02","1","2013","4","40.489144","-79.930278","","11","0","0","0","0","0","0","0","0","","0","0","0","","","0","","0","","40 29:20.920","","0","79 55:49.000","0","0","0","0","2301","0","0","0","N","0","0","0","1","02301","0","","7.0","","2","N","N","","0","","0","0","0","","0","","","1","0","0","0","0","0","0","2","0","1","","","","N","","","","","","","","","",""
"2013003072","","2","0","0","0","0","0","0","0","0","1","0","","02","1","2013","3","40.438762","-79.749181","","11","0","0","0","0","0","2","0","0","","0","0","0","","","0","","0","","40 26:19.544","","0","79 44:57.050","0","0","0","0","2446","0","0","0","N","0","0","0","2","02446","0","","1.0","","1","N","N","","0","","0","0","0","","0","","","2","0","0","0","0","0","0","2","0","2","","","","N","","","","","","","","","",""
"2013005844","","1","0","0","0","0","0","0","0","0","4","0","","02","1","2013","3","40.450376","-80.024642","","11","0","0","0","0","0","1","0","0","2","0","0","0","","","1","","3","","40 27:01.354","4","8","80 01:28.711","4","0","0","0","2301","0","0","0","N","0","0","0","4","02301","1","","1.0","","1","N","N","","1","","0","0","0","","2","N","","2","1","0","0","0","0","0","2","0","2","","","","N","","","","","","","","","",""
"2013003613","","1","0","0","0","0","0","0","0","0","5","0","","02","1","2013","5","40.457788","-79.902684","","11","0","0","0","1","0","0","0","0","","0","0","0","","","0","","0","","40 27:28.035","","0","79 54:09.663","0","0","0","0","2301","0","0","0","N","0","0","0","3","02301","0","","1.0","","1","N","N","","0","","0","0","1","","0","","","2","0","0","0","0","0","0","2","0","2","","","","N","","","","","","","","","",""
"2013005845","","2","0","0","0","0","0","0","0","0","4","0","","02","1","2013","1","40.432502","-79.790364","","11","0","0","0","0","0","1","0","0","1","0","0","0","","","1","","2","","40 25:57.007","3","0","79 47:25.310","4","0","0","0","2446","0","0","0","N","0","0","0","3","02446","1","","1.0","","9","N","N","","0","","0","0","0","","2","N","","2","1","0","0","0","0","0","2","0","2","","","","N","","","","","","","","","",""
"2013003615","","4","0","0","0","0","0","0","0","0","1","0","","02","1","2013","5","40.432182","-79.997228","","11","0","0","0","0","0","1","0","0","2","0","0","0","","","0","","0","","40 25:55.855","2","3","79 59:50.021","0","0","0","0","2301","0","0","0","N","0","0","0","7","02301","0","","1.0","","1","N","N","","0","","0","0","0","","0","N","","4","0","0","0","0","0","0","2","0","4","","","","N","","","","","","","","","",""
"2013005172","","2","0","0","0","0","0","0","0","0","4","0","","02","1","2013","2","40.387641","-80.090992","","11","0","0","0","0","0","2","0","0","","0","0","0","","","2","","2","","40 23:15.509","","0","80 05:27.572","3","0","0","0","2437","0","0","0","","0","0","0","2","02437","0","","1.0","","1","","","","0","","1","0","0","","2","","","2","2","0","0","0","1","0","2","0","2","","","","N","","","","","","","","","",""
"2013005176","","2","0","0","0","0","0","0","0","0","4","0","","02","1","2013","6","40.533106","-79.958955","","11","0","0","0","0","0","0","0","1","1","0","0","0","","","0","","0","","40 31:59.180","2","0","79 57:32.237","0","0","0","0","2118","0","0","0","N","0","0","0","2","02118","0","","1.0","","9","N","N","","0","","0","0","0","","0","N","","2","0","0","0","0","0","0","2","0","2","","","","N","","","","","","","","","",""
"2013004448","","2","0","0","0","0","0","0","0","0","1","0","","02","1","2013","3","40.530909","-80.069509","","11","0","0","0","0","0","0","0","0","","0","0","0","","","1","","2","","40 31:51.271","","0","80 04:10.234","8","0","0","0","2215","0","0","0","N","0","0","0","2","02215","0","","1.0","","1","N","N","","0","","0","0","0","","2","","","2","1","0","0","0","1","0","2","0","2","","","","N","","","","","","","","","",""
"2013005851","","2","0","0","0","0","0","0","0","0","4","0","","02","1","2013","3","40.43546","-79.911602","","11","0","0","0","0","0","0","0","0","","0","0","0","","","0","","0","","40 26:07.656","","0","79 54:41.767","0","0","0","0","2301","0","0","0","N","0","0","0","1","02301","0","","6.0","","1","N","N","","0","","0","0","0","","0","","","2","0","0","0","0","0","0","2","0","2","","","","N","","","","","","","","","",""
"2013004973","","1","0","0","0","0","0","0","0","0","8","0","","02","1","2013","7","40.435929","-79.988549","","11","0","0","0","1","0","0","0","0","","0","0","0","","","2","","2","","40 26:09.344","","0","79 59:18.776","8","0","0","0","2301","2","0","0","N","2","0","0","3","02508","0","","1.0","","9","N","N","","0","","0","0","0","","0","","","3","2","0","0","0","2","0","2","0","1","","","","N","","","","","","","","","",""
"2013005040","","1","0","0","0","0","0","0","0","0","1","0","","02","1","2013","1","40.408414","-79.915581","","11","0","0","0","0","0","1","0","0","2","0","0","0","","","0","","0","","40 24:30.290","2","3","79 54:56.090","0","0","0","0","2438","0","0","0","N","0","0","0","2","02438","0","","1.0","","98","N","N","","0","","0","0","0","","0","N","","3","0","0","0","0","0","0","2","1","3","","","","N","","","","","","","","","",""