"CRN","ARRIVAL_TM","AUTOMOBILE_COUNT","BELTED_DEATH_COUNT","BELTED_SUSP_SERIOUS_INJ_COUNT","BICYCLE_COUNT","BICYCLE_DEATH_COUNT","BICYCLE_SUSP_SERIOUS_INJ_COUNT","BUS_COUNT","CHLDPAS_DEATH_COUNT","CHLDPAS_SUSP_SERIOUS_INJ_COUNT","COLLISION_TYPE","COMM_VEH_COUNT","CONS_ZONE_SPD_LIM","COUNTY","CRASH_MONTH","CRASH_YEAR","DAY_OF_WEEK","DEC_LATITUDE","DEC_LONGITUDE","DISPATCH_TM","DISTRICT","DRIVER_COUNT_16YR","DRIVER_COUNT_17YR","DRIVER_COUNT_18YR","DRIVER_COUNT_19YR","DRIVER_COUNT_20YR","DRIVER_COUNT_50_64YR","DRIVER_COUNT_65_74YR","DRIVER_COUNT_75PLUS","EST_HRS_CLOSED","FATAL_COUNT","HEAVY_TRUCK_COUNT","HORSE_BUGGY_COUNT","HOUR_OF_DAY","ILLUMINATION","INJURY_COUNT","INTERSECTION_RELATED","INTERSECT_TYPE","LANE_CLOSED","LATITUDE","LN_CLOSE_DIR","LOCATION_TYPE","LONGITUDE","MAX_SEVERITY_LEVEL","MCYCLE_DEATH_COUNT","MCYCLE_SUSP_SERIOUS_INJ_COUNT","MOTORCYCLE_COUNT","MUNICIPALITY","NONMOTR_COUNT","NONMOTR_DEATH_COUNT","NONMOTR_SUSP_SERIOUS_INJ_COUNT","NTFY_HIWY_MAINT","PED_COUNT","PED_DEATH_COUNT","PED_SUSP_SERIOUS_INJ_COUNT","PERSON_COUNT","POLICE_AGCY","POSSIBLE_INJ_COUNT","RDWY_SURF_TYPE_CD","RELATION_TO_ROAD","ROADWAY_CLEARED","ROAD_CONDITION","SCH_BUS_IND","SCH_ZONE_IND","SECONDARY_CRASH","SMALL_TRUCK_COUNT","SPEC_JURIS_CD","SUSP_MINOR_INJ_COUNT","SUSP_SERIOUS_INJ_COUNT","SUV_COUNT","TCD_FUNC_CD","TCD_TYPE","TFC_DETOUR_IND","TIME_OF_DAY","TOTAL_UNITS","TOT_INJ_COUNT","UNBELTED_OCC_COUNT","UNB_DEATH_COUNT","UNB_SUSP_SERIOUS_INJ_COUNT","UNK_INJ_DEG_COUNT","UNK_INJ_PER_COUNT","URBAN_RURAL","VAN_COUNT","VEHICLE_COUNT","WEATHER1","WEATHER2","WORKERS_PRES","WORK_ZONE_IND","WORK_ZONE_LOC","WORK_ZONE_TYPE","WZ_CLOSE_DETOUR","WZ_FLAGGER","WZ_LAW_OFFCR_IND","WZ_LN_CLOSURE","WZ_MOVING","WZ_OTHER","WZ_SHLDER_MDN","WZ_WORKERS_INJ_KILLED"
"2013003968","","1","0","0","0","0","0","0","0","0","8","0","","02","1","2013","5","40.441392","-79.997771","","11","0","0","0","0","0","0","0","0","1","0","0","0","","","1","","1","","40 26:29.011","1","0","79 59:51.975","8","0","0","0","2301","1","0","0","N","1","0","0","3","02301","0","","1.0","","1","N","N","","0","","0","0","0","","2","N","","2","1","0","0","0","1","0","2","0","1","","","","N","","","","","","","","","",""
"2013044625","","1","0","0","0","0","0","0","0","0","4","0","","02","4","2013","6","40.361597","-79.82737","","11","0","0","0","0","0","0","0","0","2","0","0","0","","","2","","3","","40 21:41.749","5","0","79 49:38.532","8","0","0","0","2111","0","0","0","N","0","0","0","3","02111","0","","1.0","","1","N","N","","1","","0","0","0","","0","N","","2","2","2","0","0","2","0","2","0","2","","","","N","","","","","","","","","",""
"2013003083","","2","0","0","0","0","0","0","0","0","4","0","","02","1","2013","4","40.438043","-80.06518","","11","0","0","0","0","0","0","1","0","2","0","0","0","","","2","","2","","40 26:16.955","3","0","80 03:54.648","3","0","0","0","2421","0","0","0","N","0","0","0","2","02421","0","","1.0","","1","N","N","","0","","1","0","0","","3","Y","","2","2","0","0","0","1","0","2","0","2","","","","N","","","","","","","","","",""
"2013005387","","0","0","0","1","0","0","0","0","0","8","0","","02","1","2013","2","40.463745","-79.923774","","11","0","0","0","0","0","0","0","0","","0","0","0","","","1","","1","","40 27:49.482","","0","79 55:25.586","8","0","0","0","2301","1","0","0","N","0","0","0","2","02301","0","","1.0","","1","N","N","","0","","0","0","0","","2","","","2","1","0","0","0","1","0","2","1","1","","","","N","","","","","","","","","",""
"2013004805","","2","0","0","0","0","0","0","0","0","4","0","","02","1","2013","7","40.4295","-79.982689","","11","0","0","0","0","0","0","0","0","","0","0","0","","","0","","1","","40 25:46.200","","0","79 58:57.680","0","0","0","0","2301","0","0","0","N","0","0","0","2","02301","0","","1.0","","9","N","N","","0","","0","0","0","","3","","","2","0","0","0","0","0","0","2","0","2","","","","N","","","","","","","","","",""
"2013003163","","0","0","0","0","0","0","0","0","0","4","0","","02","1","2013","4","40.34965","-79.885815","","11","0","0","0","0","0","2","0","0","2","0","0","0","","","1","","2","","40 20:58.739","6","0","79 53:08.934","4","0","0","0","2304","0","0","0","","0","0","0","2","02304","1","","1.0","","9","N","N","","1","","0","0","1","","3","N","","2","1","0","0","0","0","0","2","0","2","","","","N","","","","","","","","","",""
"2013046588","","1","0","0","0","0","0","0","0","0","7","0","","02","5","2013","6","40.448082","-79.991587","","11","0","0","0","0","0","1","0","0","","0","0","0","","","0","","3","","40 26:53.095","","2","79 59:29.714","0","0","0","0","2301","0","0","0","N","0","0","0","1","02301","0","","2.0","","8","N","N","","0","","0","0","0","","0","","","1","0","0","0","0","0","0","2","0","1","","","","N","","","","","","","","","",""
"2013044628","","1","0","0","0","0","0","0","0","0","2","0","","02","4","2013","6","40.411772","-80.046134","","11","0","0","0","0","0","1","0","0","","0","0","0","","","0","","0","","40 24:42.380","","0","80 02:46.083","0","0","0","0","2435","0","0","0","N","0","0","0","5","02435","0","","1.0","","1","N","N","","0","","0","0","0","","0","","","2","0","0","0","0","0","0","2","1","2","","","","N","","","","","","","","","",""
"2013005609","","2","0","0","0","0","0","0","0","0","5","0","","02","1","2013","3","40.479174","-79.955181","","11","0","0","0","0","0","0","0","0","","0","0","0","","","0","","0","","40 28:45.028","","0","79 57:18.652","0","0","0","0","2301","0","0","0","","0","0","0","1","02301","0","","6.0","","1","N","","","0","","0","0","0","","0","","","2","0","0","0","0","0","0","2","0","2","","","","N","","","","","","","","","",""
"2013044762","","1","0","0","0","0","0","0","0","0","7","0","","02","4","2013","1","40.54407","-79.95329","","11","0","0","0","0","0","0","0","0","1","0","0","0","","","0","","0","","40 32:38.653","6","0","79 57:11.844","0","0","0","0","2118","0","0","0","N","0","0","0","1","02118","0","","5.0","","9","N","N","","0","","0","0","0","","0","N","","1","0","0","0","0","0","0","2","0","1","","","","N","","","","","","","","","",""
"2013045557","","1","0","0","0","0","0","0","0","0","1","0","","02","5","2013","4","40.364163","-79.842653","","11","0","0","0","0","0","0","0","0","1","0","0","0","","","1","","6","","40 21:50.988","6","8","79 50:33.550","3","0","0","0","2303","0","0","0","N","0","0","0","2","02303","0","","1.0","","1","N","N","","0","","1","0","0","","0","N","","2","1","0","0","0","0","0","2","1","2","","","","N","","","","","","","","","",""
"2013044981","","2","0","0","0","0","0","0","0","0","4","0","","02","4","2013","2","40.418945","-80.201776","","11","0","0","0","0","0","0","0","0","","0","0","0","","","0","","2","","40 25:08.203","","0","80 12:06.394","0","0","0","0","2214","0","0","0","N","0","0","0","3","02214","0","","1.0","","9","N","N","","0","","0","0","0","","3","","","2","0","0","0","0","0","0","1","0","2","","","","N","","","","","","","","","",""
"2013045631","","0","0","0","0","0","0","0","0","0","1","0","","02","5","2013","4","40.545687","-80.193946","","11","0","0","0","0","0","0","0","0","1","0","0","0","","","1","","1","","40 32:44.472","5","0","80 11:38.205","3","0","0","1","2427","0","0","0","N","0","0","0","2","02427","0","","1.0","","1","N","N","","1","","1","0","0","","2","N","","2","1","0","0","0","0","0","2","0","2","","","","N","","","","","","","","","",""
"2013044905","","1","0","0","0","0","0","0","0","0","1","0","","02","4","2013","2","40.412386","-80.007228","","11","0","0","0","0","1","1","0","0","1","0","0","0","","","0","","0","","40 24:44.589","4","0","80 00:26.020","0","0","0","0","2301","0","0","0","N","0","0","0","4","02301","0","","1.0","","9","N","N","","1","","0","0","1","","0","N","","3","0","0","0","0","0","0","2","0","3","","","","N","","","","","","","","","",""
"2013044982","","1","0","0","0","0","0","0","0","0","7","0","","02","4","2013","2","40.436124","-79.998975","","11","0","0","0","0","0","1","0","0","1","0","0","0","","","0","","0","","40 26:10.046","4","0","79 59:56.311","0","0","0","0","2301","0","0","0","N","0","0","0","1","02301","0","","2.0","","9","N","N","","0","","0","0","0","","2","N","","1","0","0","0","0","0","0","2","0","1","","","","N","","","","","","","","","",""
"2013045632","","1","0","0","0","0","0","0","0","0","1","0","","02","4","2013","3","40.55799","-80.039483","","11","0","0","0","0","0","0","0","0","","0","0","0","","","0","","0","","40 33:28.764","","0","80 02:22.139","0","0","0","0","2108","0","0","0","N","0","0","0","3","02108","0","","1.0","","1","N","N","","1","","0","0","0","","0","","","2","0","0","0","0","0","0","2","0","2","","","","N","","","","","","","","","",""
"2013045290","","1","0","0","0","0","0","1","0","0","5","1","","02","4","2013","3","40.470999","-79.788719","","11","0","0","0","0","0","0","1","0","","0","0","0","","","0","","0","","40 28:15.596","","0","79 47:19.388","0","0","0","0","2113","0","0","0","N","0","0","0","10","02113","0","","1.0","","1","Y","N","","0","","0","0","0","","0","","","2","0","0","0","0","0","0","2","0","2","","","","N","","","","","","","","","",""
"2013046063","","1","0","0","0","0","0","0","0","0","7","0","","02","5","2013","5","40.641334","-80.046972","","11","0","0","0","0","0","0","0","0","","0","0","0","","","0","","0","","40 38:28.802","","0","80 02:49.099","9","0","0","0","2216","0","0","0","N","0","0","0","1","02505","0","","5.0","","1","N","N","","0","","0","0","0","","0","","","1","0","1","0","0","0","1","2","0","1","","","","N","","","","","","","","","",""
"2013044779","","0","0","0","0","0","0","0","0","0","7","0","","02","4","2013","1","40.534219","-79.921532","","11","0","0","0","0","0","0","0","0","","0","0","0","","","1","","0","","40 32:03.188","","0","79 55:17.515","8","0","0","0","2112","0","0","0","N","0","0","0","1","02112","0","","5.0","","1","N","N","","0","","0","0","0","","0","","","1","1","0","0","0","1","0","2","1","1","","","","N","","","","","","","","","",""
"2013045633","","3","0","0","0","0","0","0","0","0","1","0","","02","4","2013","3","40.451832","-80.132653","","11","0","0","0","0","0","1","0","0","","0","0","0","","","0","","0","","40 27:06.594","","0","80 07:57.550","0","0","0","0","2115","0","0","0","N","0","0","0","3","02115","0","","1.0","","1","N","N","","0","","0","0","0","","0","","","3","0","0","0","0","0","0","2","0","3","","","","N","","","","","","","","","",""
"2013046206","","2","0","0","0","0","0","0","0","0","4","0","","02","5","2013","6","40.423986","-79.928393","","11","0","0","0","0","0","2","0","0","","0","0","0","","","2","","0","","40 25:26.349","","0","79 55:42.214","4","0","0","0","2301","0","0","0","N","0","0","0","3","02301","2","","1.0","","1","N","N","","0","","0","0","0","","2","","","2","2","0","0","0","0","0","2","0","2","","","","N","","","","","","","","","",""
"2013044984","","1","0","0","0","0","0","0","0","0","1","0","","02","4","2013","5","40.59467","-79.993356","","11","1","1","2","0","0","0","0","0","1","0","0","0","","","1","","0","","40 35:40.811","3","0","79 59:36.081","8","0","0","0","2108","0","0","0","N","0","0","0","7","02108","0","","1.0","","1","N","N","","2","","0","0","1","","0","N","","4","1","0","0","0","1","0","2","0","4","","","","N","","","","","","","","","",""
"2013045634","","0","0","0","0","0","0","0","0","0","7","0","","02","4","2013","2","40.468478","-80.202367","","11","0","0","0","0","0","1","0","0","","0","0","0","","","0","","6","","40 28:06.522","","2","80 12:08.522","0","0","0","0","2213","0","0","0","N","0","0","0","1","02213","0","","1.0","","9","N","N","","1","","0","0","0","","0","","","1","0","0","0","0","0","0","2","0","1","","","","N","","","","","","","","","",""
"2013044921","","1","0","0","0","0","0","0","0","0","4","0","","02","4","2013","1","40.33798","-79.894971","","11","0","0","0","0","0","1","0","0","1","0","0","0","","","2","","2","","40 20:16.728","2","1","79 53:41.897","8","0","0","0","2473","0","0","0","N","0","0","0","2","02473","0","","1.0","","9","N","N","","0","","0","0","0","","2","Y","","2","2","0","0","0","2","0","2","1","2","","","","N","","","","","","","","","",""
"2013044985","","1","0","0","0","0","0","0","0","0","4","0","","02","4","2013","6","40.505136","-80.222904","","11","0","0","0","0","0","1","0","0","","0","0","0","","","1","","0","","40 30:18.490","","0","80 13:22.456","4","0","0","0","2213","0","0","0","N","0","0","0","3","02213","1","","1.0","","1","N","N","","1","","0","0","0","","0","","","2","1","0","0","0","0","0","2","0","2","","","","N","","","","","","","","","",""
"2013045635","","1","0","0","0","0","0","0","0","0","4","0","","02","4","2013","1","40.341882","-80.022944","","11","0","0","0","0","0","0","0","0","2","0","0","0","","","1","","0","","40 20:30.775","3","0","80 01:22.597","8","0","0","0","2407","0","0","0","N","0","0","0","2","02407","0","","1.0","","1","N","N","","0","","0","0","1","","0","N","","2","1","1","0","0","1","0","2","0","2","","","","N","","","","","","","","","",""
"2013046994","","1","0","0","0","0","0","0","0","0","7","0","","02","5","2013","1","40.657123","-79.956896","","11","0","0","0","0","0","1","0","0","","0","0","0","","","1","","0","","40 39:25.644","","0","79 57:24.826","3","0","0","0","2217","0","0","0","N","0","0","0","1","02505","0","","5.0","","1","N","N","","0","","1","0","0","","0","","","1","1","0","0","0","0","0","2","0","1","","","","N","","","","","","","","","",""
"2013046224","","1","0","0","0","0","0","0","0","0","1","0","","02","5","2013","6","40.352498","-79.851899","","11","0","0","0","0","0","0","0","0","","0","0","0","","","3","","0","","40 21:08.994","","0","79 51:06.838","4","0","0","0","2424","0","0","0","N","0","0","0","3","02424","3","","1.0","","1","N","N","","0","","0","0","0","","0","","","2","3","0","0","0","0","0","2","1","2","","","","N","","","","","","","","","",""
"2013046081","","2","0","0","0","0","0","0","0","0","5","0","","02","4","2013","2","40.406973","-80.090799","","11","0","0","0","0","0","0","0","0","","0","0","0","","","0","","0","","40 24:25.102","","0","80 05:26.876","0","0","0","0","2415","0","0","0","N","0","0","0","1","02415","0","","1.0","","1","N","N","","0","","0","0","1","","0","","","4","0","1","0","0","0","0","2","1","4","","","","N","","","","","","","","","",""
"2013045437","","0","0","0","0","0","0","0","0","0","7","0","","02","4","2013","3","","","","11","0","0","0","0","0","1","0","0","4","1","0","0","","","0","","0","","","6","0","","1","1","0","1","2301","0","0","0","","0","0","0","1","02301","0","1","5.0","","1","","","","0","0","0","0","0","","0","Y","","1","0","0","0","0","0","0","1","0","1","","","","N","","","","","","","","","",""
"2013046211","","0","0","0","0","0","0","0","0","0","7","0","","02","5","2013","6","40.477598","-79.842736","","11","0","0","0","0","0","1","0","0","","0","0","0","","","0","","3","","40 28:39.352","","0","79 50:33.848","0","0","0","0","2113","0","0","0","N","0","0","0","1","02113","0","","5.0","","1","N","N","","0","","0","0","1","","0","","","1","0","0","0","0","0","0","2","0","1","","","","N","","","","","","","","","",""
"2013046225","","2","0","0","0","0","0","0","0","0","6","0","","02","5","2013","6","40.375542","-79.893964","","11","0","0","0","0","0","1","0","0","","0","0","0","","","0","","0","","40 22:31.950","","0","79 53:38.270","0","0","0","0","2473","0","0","0","N","0","0","0","2","02473","0","","1.0","","1","N","N","","0","","0","0","0","","0","","","2","0","0","0","0","0","0","2","0","2","","","","N","","","","","","","","","",""
"2013045577","","1","0","0","0","0","0","0","0","0","8","0","","02","5","2013","4","40.383377","-79.930713","","11","0","0","0","0","0","0","1","0","2","0","0","0","","","1","","3","","40 23:00.158","4","0","79 55:50.565","2","0","0","0","2301","1","0","1","N","1","0","1","2","02301","0","","1.0","","1","N","N","","0","","0","1","0","","2","N","","2","1","0","0","0","0","0","2","0","1","","","","N","","","","","","","","","",""
"2013047047","","2","0","0","0","0","0","0","0","0","1","0","","02","5","2013","6","40.352966","-80.117817","","11","0","0","0","0","0","1","0","0","","0","0","0","","","1","","0","","40 21:10.678","","0","80 07:04.142","4","0","0","0","2119","0","0","0","N","0","0","0","2","68B03","1","","1.0","","1","N","N","","0","","0","0","0","","0","","","2","1","0","0","0","0","0","2","0","2","","","","N","","","","","","","","","",""
"2013046729","","2","0","0","0","0","0","0","0","0","5","0","","02","5","2013","4","40.394595","-80.028699","","11","0","0","0","0","0","0","0","0","","0","0","0","","","0","","0","","40 23:40.542","","0","80 01:43.316","9","0","0","0","2301","0","0","0","N","0","0","0","1","02301","0","","6.0","","1","N","N","","0","","0","0","0","","0","","","2","0","0","0","0","0","1","2","0","2","","","","N","","","","","","","","","",""
"2013046213","","2","0","0","0","0","0","0","0","0","5","0","","02","5","2013","6","40.458613","-79.908014","","11","0","0","0","0","0","0","0","0","","0","0","0","","","2","","1","","40 27:31.005","","0","79 54:28.849","4","0","0","0","2301","0","0","0","N","0","0","0","3","02301","2","","1.0","","1","N","N","","0","","0","0","0","","0","","","2","2","0","0","0","0","1","2","0","2","","","","N","","","","","","","","","",""
"2013046884","","3","0","0","0","0","0","0","0","0","1","0","","02","4","2013","7","40.361382","-79.785433","","11","0","0","1","0","0","1","1","0","2","0","0","0","","","0","","0","","40 21:40.975","2","0","79 47:07.560","0","0","0","0","2111","0","0","0","N","0","0","0","3","02111","0","","1.0","","1","N","N","","0","","0","0","0","","0","N","","3","0","0","0","0","0","0","2","0","3","","","","N","","","","","","","","","",""
"2013046215","","2","0","0","0","0","0","0","0","0","4","0","","02","5","2013","6","40.461207","-79.920834","","11","0","0","0","0","0","0","1","0","1","0","0","0","","","0","","2","","40 27:40.345","1","0","79 55:15.002","0","0","0","0","2301","0","0","0","N","0","0","0","2","02301","0","","1.0","","1","N","N","","0","","0","0","0","","2","N","","2","0","0","0","0","0","0","2","0","2","","","","N","","","","","","","","","",""
"2013045366","","0","0","0","0","0","0","0","0","0","7","0","","02","4","2013","2","","","","11","0","0","0","0","0","0","0","0","3","0","0","0","","","1","","2","","","2","0","","4","0","0","0","2111","0","0","0","N","0","0","0","3","02111","1","","4.0","","9","N","N","","1","","0","0","0","","0","Y","","1","1","2","0","0","0","0","1","0","1","","","","N","","","","","","","","","",""
"2013045378","","1","0","0","0","0","0","0","0","0","7","0","","02","4","2013","2","40.51375","-79.908181","","11","1","0","0","0","0","0","0","0","","0","0","0","","","0","","0","","40 30:49.500","","0","79 54:29.450","0","0","0","0","2432","0","0","0","N","0","0","0","2","02432","0","","5.0","","9","N","N","","0","","0","0","0","","0","","","1","0","0","0","0","0","0","2","0","1","","","","N","","","","","","","","","",""
"2013046216","","2","0","0","0","0","0","0","0","0","1","0","","02","5","2013","6","40.460608","-79.947061","","11","0","0","0","0","0","0","1","0","","0","0","0","","","1","","1","","40 27:38.188","","0","79 56:49.419","4","0","0","0","2301","0","0","0","N","0","0","0","4","02301","1","","1.0","","1","N","N","","0","","0","0","0","","0","","","2","1","0","0","0","0","0","2","0","2","","","","N","","","","","","","","","",""
"2013044722","","0","0","0","0","0","0","0","0","0","7","0","","02","4","2013","5","40.523202","-79.818519","","11","0","0","0","0","0","0","0","0","1","0","0","0","","","0","","0","","40 31:23.527","4","3","79 49:06.667","0","0","0","0","2466","0","0","0","N","0","0","0","1","68T02","0","","3.0","","9","N","N","","0","","0","0","1","","0","N","","1","0","1","0","0","0","0","2","0","1","","","","N","","","","","","","","","",""
"2013045379","","2","0","0","0","0","0","0","0","0","4","0","","02","4","2013","3","40.408531","-80.049978","","11","0","0","0","0","0","0","0","0","2","0","0","0","","","2","","2","","40 24:30.711","4","0","80 02:59.922","3","0","0","0","2435","0","0","0","N","0","0","0","2","02435","1","","1.0","","1","N","N","","0","","1","0","0","","2","Y","","2","2","1","0","0","0","0","2","0","2","","","","N","","","","","","","","","",""
"2013046148","","2","0","0","0","0","0","0","0","0","1","0","","02","5","2013","5","40.319404","-79.94139","","11","0","0","0","0","0","0","0","0","","0","0","0","","","1","","0","","40 19:09.856","","0","79 56:29.005","8","0","0","0","2454","0","0","0","N","0","0","0","2","02454","0","","1.0","","1","N","N","","0","","0","0","0","","2","","","2","1","0","0","0","1","1","2","0","2","","","","N","","","","","","","","","",""
"2013045368","","1","0","0","0","0","0","0","0","0","1","1","","02","4","2013","3","40.416787","-80.014508","","11","0","1","0","0","0","0","0","0","","0","1","0","","","0","","0","","40 25:00.432","","0","80 00:52.228","0","0","0","0","2301","0","0","0","N","0","0","0","3","02301","0","","1.0","","1","N","N","","0","","0","0","1","","4","","","3","0","0","0","0","0","0","2","0","3","","","","N","","","","","","","","","",""
"2013044723","","1","0","0","0","0","0","0","0","0","7","0","","02","4","2013","6","40.521923","-79.815037","","11","0","0","0","0","0","0","0","0","","0","0","0","","","0","","0","","40 31:18.924","","0","79 48:54.132","0","0","0","0","2466","0","0","0","N","0","0","0","2","68T02","0","","3.0","","1","N","N","","0","","0","0","0","","0","","","1","0","0","0","0","0","0","2","0","1","","","","N","","","","","","","","","",""
"2013047052","","0","0","0","0","0","0","0","0","0","1","1","","02","4","2013","3","40.492853","-79.898161","","11","0","0","0","0","0","1","0","0","3","0","1","0","","","3","","0","","40 29:34.270","2","0","79 53:53.380","4","0","0","0","2401","0","0","0","N","0","0","0","6","68D02","3","","1.0","","1","N","N","","2","","0","0","0","","0","Y","","3","3","0","0","0","0","0","2","0","3","","","","N","","","","","","","","","",""
"2013046889","","1","0","0","0","0","0","0","0","0","4","0","","02","5","2013","1","40.454076","-79.996814","","11","0","0","0","0","0","1","1","0","","0","0","0","","","0","","1","","40 27:14.672","","0","79 59:48.532","0","0","0","0","2301","0","0","0","N","0","0","0","4","02301","0","","1.0","","1","N","N","","0","","0","0","1","","0","","","2","0","0","0","0","0","0","2","0","2","","","","N","","","","","","","","","",""
"2013045142","","1","0","0","0","0","0","0","0","0","7","0","","02","4","2013","2","","","","11","0","0","0","0","0","0","0","0","","0","0","0","","","0","","0","","","","0","","0","0","0","0","2204","0","0","0","N","0","0","0","1","02204","0","","3.0","","9","N","N","","0","","0","0","0","","0","","","1","0","0","0","0","0","0","1","0","1","","","","N","","","","","","","","","",""
"2013046890","","0","0","0","0","0","0","0","0","0","7","0","","02","4","2013","3","40.578769","-80.218163","","11","0","0","0","0","0","0","0","0","","0","0","0","","","1","","0","","40 34:43.568","","0","80 13:05.388","3","0","0","1","2441","0","0","0","N","0","0","0","1","02441","0","","4.0","","1","N","N","","0","","1","0","0","","2","","","1","1","0","0","0","0","0","2","0","1","","","","N","","","","","","","","","",""
"2013047054","","2","0","0","0","0","0","0","0","0","99","0","","02","5","2013","6","40.496989","-79.918734","","11","0","0","0","0","0","0","0","0","1","0","0","0","","","0","","0","","40 29:49.161","2","0","79 55:07.442","0","0","0","0","2112","0","0","0","N","0","0","0","4","68D02","0","","1.0","","1","N","N","","0","","0","0","0","","0","N","","2","0","1","0","0","0","0","2","0","2","","","","N","","","","","","","","","",""
"2013046090","","2","0","0","0","0","0","0","0","0","1","0","","02","5","2013","6","40.398853","-80.025519","","11","0","0","0","0","0","1","0","0","2","0","0","0","","","1","","0","","40 23:55.872","1","0","80 01:31.870","3","0","0","0","2301","0","0","0","N","0","0","0","1","02301","0","","1.0","","1","N","N","","0","","1","0","1","","0","N","","3","1","0","0","0","0","0","2","0","3","","","","N","","","","","","","","","",""
"2013044937","","2","0","0","0","0","0","0","0","0","4","0","","02","4","2013","2","40.415422","-79.978385","","11","0","0","0","0","0","0","0","0","","0","0","0","","","0","","2","","40 24:55.519","","0","79 58:42.186","0","0","0","0","2301","0","0","0","N","0","0","0","2","02301","0","","1.0","","9","N","N","","0","","0","0","0","","0","","","2","0","0","0","0","0","0","2","0","2","","","","N","","","","","","","","","",""
"2013046672","","1","0","0","0","0","0","0","0","0","7","0","","02","5","2013","7","40.55246","-79.99837","","11","0","0","0","1","0","0","0","0","","0","0","0","","","0","","2","","40 33:08.856","","0","79 59:54.132","0","0","0","0","2116","0","0","0","N","0","0","0","1","02116","0","","3.0","","1","N","N","","0","","0","0","0","","2","","","1","0","0","0","0","0","0","2","0","1","","","","N","","","","","","","","","",""
"2013044797","","0","0","0","0","0","0","0","0","0","7","0","","02","4","2013","1","40.283258","-80.016808","","11","0","0","0","0","0","0","0","0","3","0","0","0","","","1","","0","","40 16:59.730","5","0","80 01:00.510","3","0","0","0","2219","0","0","0","N","0","0","0","1","02219","0","","5.0","","1","N","N","","0","","1","0","1","","0","Y","","1","1","1","0","0","0","0","2","0","1","","","","N","","","","","","","","","",""
"2013046168","","0","0","0","0","0","0","0","0","0","1","0","","02","5","2013","6","40.52778","-79.806557","","11","0","0","0","0","0","0","0","0","","0","0","0","","","1","","2","","40 31:40.007","","0","79 48:23.604","8","0","0","1","2466","0","0","0","N","0","0","0","2","02466","0","","1.0","","1","N","N","","0","","0","0","1","","0","","","2","1","0","0","0","1","0","2","0","2","","","","N","","","","","","","","","",""
"2013046673","","0","0","0","0","0","0","0","0","0","7","0","","02","5","2013","7","40.640485","-79.888104","","11","0","0","0","0","0","0","0","0","3","0","0","0","","","1","","0","","40 38:25.746","5","7","79 53:17.174","4","0","0","0","2220","0","0","0","N","0","0","0","1","02220","1","","5.0","","1","N","N","","1","","0","0","0","","0","Y","","1","1","0","0","0","0","0","1","0","1","","","","N","","","","","","","","","",""
"2013046026","","2","0","0","0","0","0","0","0","0","4","0","","02","4","2013","6","40.431941","-80.070506","","11","0","0","0","0","0","0","0","0","1","0","0","0","","","1","","0","","40 25:54.989","3","0","80 04:13.823","8","0","0","0","2421","0","0","0","N","0","0","0","2","02421","0","","1.0","","1","N","N","","0","","0","0","0","","0","N","","2","1","1","0","0","1","0","2","0","2","","","","N","","","","","","","","","",""
"2013046093","","0","0","0","0","0","0","0","0","0","4","0","","02","5","2013","6","40.408889","-80.017358","","11","0","0","0","0","0","0","0","0","2","0","0","0","","","0","","0","","40 24:32.000","1","0","80 01:02.490","9","0","0","0","2301","0","0","0","N","0","0","0","1","02301","0","","4.0","","1","N","N","","3","","0","0","0","","0","N","","3","0","0","0","0","0","1","2","0","3","","","","N","","","","","","","","","",""
"2013044798","","2","0","0","0","0","0","0","0","0","4","0","","02","4","2013","5","40.290687","-80.028489","","11","0","0","0","0","0","1","0","0","","0","0","0","","","0","","0","","40 17:26.472","","0","80 01:42.561","0","0","0","0","2219","0","0","0","N","0","0","0","2","02219","0","","1.0","","9","N","N","","0","","0","0","0","","0","","","2","0","0","0","0","0","0","2","0","2","","","","N","","","","","","","","","",""
"2013044939","","0","0","0","0","0","0","0","0","0","5","0","","02","4","2013","1","40.489695","-80.053108","","11","0","0","0","0","0","0","0","0","","0","0","0","","","0","","0","","40 29:22.902","","0","80 03:11.188","0","0","0","0","2404","0","0","0","N","0","0","0","1","02404","0","","1.0","","9","N","N","","1","","0","0","0","","0","","","2","0","0","0","0","0","0","2","1","2","","","","N","","","","","","","","","",""
"2013044940","","2","0","0","0","0","0","0","0","0","4","0","","02","4","2013","2","40.487854","-80.056458","","11","0","0","0","0","0","0","0","0","1","0","0","0","","","0","","2","","40 29:16.276","6","0","80 03:23.249","0","0","0","0","2404","0","0","0","N","0","0","0","3","02404","0","","1.0","","1","N","N","","0","","0","0","0","","3","N","","2","0","0","0","0","0","0","2","0","2","","","","N","","","","","","","","","",""
"2013046691","","2","0","0","0","0","0","0","0","0","4","0","","02","5","2013","7","40.463686","-79.824117","","11","0","0","0","0","0","1","0","0","","0","0","0","","","0","","0","","40 27:49.270","","0","79 49:26.822","0","0","0","0","2113","0","0","0","N","0","0","0","4","02113","0","","1.0","","1","N","N","","0","","0","0","0","","3","","","2","0","0","0","0","0","0","2","0","2","","","","N","","","","","","","","","",""