"CRN","ARRIVAL_TM","AUTOMOBILE_COUNT","BELTED_DEATH_COUNT","BELTED_SUSP_SERIOUS_INJ_COUNT","BICYCLE_COUNT","BICYCLE_DEATH_COUNT","BICYCLE_SUSP_SERIOUS_INJ_COUNT","BUS_COUNT","CHLDPAS_DEATH_COUNT","CHLDPAS_SUSP_SERIOUS_INJ_COUNT","COLLISION_TYPE","COMM_VEH_COUNT","CONS_ZONE_SPD_LIM","COUNTY","CRASH_MONTH","CRASH_YEAR","DAY_OF_WEEK","DEC_LATITUDE","DEC_LONGITUDE","DISPATCH_TM","DISTRICT","DRIVER_COUNT_16YR","DRIVER_COUNT_17YR","DRIVER_COUNT_18YR","DRIVER_COUNT_19YR","DRIVER_COUNT_20YR","DRIVER_COUNT_50_64YR","DRIVER_COUNT_65_74YR","DRIVER_COUNT_75PLUS","EST_HRS_CLOSED","FATAL_COUNT","HEAVY_TRUCK_COUNT","HORSE_BUGGY_COUNT","HOUR_OF_DAY","ILLUMINATION","INJURY_COUNT","INTERSECTION_RELATED","INTERSECT_TYPE","LANE_CLOSED","LATITUDE","LN_CLOSE_DIR","LOCATION_TYPE","LONGITUDE","MAX_SEVERITY_LEVEL","MCYCLE_DEATH_COUNT","MCYCLE_SUSP_SERIOUS_INJ_COUNT","MOTORCYCLE_COUNT","MUNICIPALITY","NONMOTR_COUNT","NONMOTR_DEATH_COUNT","NONMOTR_SUSP_SERIOUS_INJ_COUNT","NTFY_HIWY_MAINT","PED_COUNT","PED_DEATH_COUNT","PED_SUSP_SERIOUS_INJ_COUNT","PERSON_COUNT","POLICE_AGCY","POSSIBLE_INJ_COUNT","RDWY_SURF_TYPE_CD","RELATION_TO_ROAD","ROADWAY_CLEARED","ROAD_CONDITION","SCH_BUS_IND","SCH_ZONE_IND","SECONDARY_CRASH","SMALL_TRUCK_COUNT","SPEC_JURIS_CD","SUSP_MINOR_INJ_COUNT","SUSP_SERIOUS_INJ_COUNT","SUV_COUNT","TCD_FUNC_CD","TCD_TYPE","TFC_DETOUR_IND","TIME_OF_DAY","TOTAL_UNITS","TOT_INJ_COUNT","UNBELTED_OCC_COUNT","UNB_DEATH_COUNT","UNB_SUSP_SERIOUS_INJ_COUNT","UNK_INJ_DEG_COUNT","UNK_INJ_PER_COUNT","URBAN_RURAL","VAN_COUNT","VEHICLE_COUNT","WEATHER1","WEATHER2","WORKERS_PRES","WORK_ZONE_IND","WORK_ZONE_LOC","WORK_ZONE_TYPE","WZ_CLOSE_DETOUR","WZ_FLAGGER","WZ_LAW_OFFCR_IND","WZ_LN_CLOSURE","WZ_MOVING","WZ_OTHER","WZ_SHLDER_MDN","WZ_WORKERS_INJ_KILLED"
"2013031806","","1","0","0","0","0","0","0","0","0","7","0","","02","3","2013","3","40.452189","-80.201533","","11","0","0","0","1","0","0","0","0","4","0","0","0","","","1","","0","","40 27:07.880","5","0","80 12:05.520","4","0","0","0","2203","0","0","0","N","0","0","0","1","02203","1","","2.0","","9","N","N","","0","","0","0","0","","0","Y","","1","1","0","0","0","0","0","2","0","1","","","","N","","","","","","","","","",""
"2013035779","","1","0","0","0","0","0","0","0","0","4","0","","02","3","2013","6","40.420471","-79.850909","","11","0","0","0","0","0","0","0","1","1","0","0","0","","","2","","2","","40 25:13.696","4","0","79 51:03.274","8","0","0","0","2431","0","0","0","N","0","0","0","4","02431","0","","1.0","","1","N","N","","0","","0","0","1","","3","N","","2","2","0","0","0","2","0","2","0","2","","","","N","","","","","","","","","",""
"2013030251","","2","0","0","0","0","0","0","0","0","1","0","45","02","3","2013","5","40.425816","-79.902238","","11","0","0","0","0","0","0","0","0","2","0","0","0","","","0","","0","","40 25:32.937","4","0","79 54:08.056","9","0","0","0","2301","0","0","0","N","0","0","0","3","68B03","0","","1.0","","1","N","N","","0","","0","0","0","","0","N","","3","0","0","0","0","0","1","2","0","3","","","N","Y","2","1","N","N","N","Y","N","N","N",""
"2013029556","","1","0","0","0","0","0","0","0","0","8","0","","02","3","2013","5","40.429286","-79.999241","","11","0","0","0","0","0","0","0","0","1","0","0","0","","","1","","1","","40 25:45.428","2","3","79 59:57.266","3","0","0","0","2301","1","0","0","N","1","0","0","2","02301","0","","1.0","","1","N","N","","0","","1","0","0","","0","N","","2","1","0","0","0","0","0","2","0","1","","","","N","","","","","","","","","",""
"2013030454","","2","0","0","0","0","0","0","0","0","4","0","","02","3","2013","7","40.459781","-79.971364","","11","0","0","0","0","0","0","0","0","1","0","0","0","","","0","","1","","40 27:35.212","2","0","79 58:16.911","0","0","0","0","2301","0","0","0","N","0","0","0","2","02301","0","","1.0","","1","N","N","","0","","0","0","0","","2","N","","2","0","0","0","0","0","0","2","0","2","","","","N","","","","","","","","","",""
"2013035851","","2","0","0","0","0","0","0","0","0","6","0","","02","3","2013","3","40.448526","-79.987217","","11","0","0","0","0","0","1","0","0","1","0","0","0","","","0","","1","","40 26:54.693","3","0","79 59:13.981","0","0","0","0","2301","0","0","0","N","0","0","0","2","02301","0","","1.0","","1","N","N","","0","","0","0","0","","0","Y","","2","0","0","0","0","0","0","2","0","2","","","","N","","","","","","","","","",""
"2013029557","","1","0","0","0","0","0","0","0","0","7","0","","02","3","2013","5","40.256605","-79.857662","","11","0","0","0","0","0","0","1","0","","0","0","0","","","1","","0","","40 15:23.778","","0","79 51:27.583","8","0","0","0","2105","0","0","0","N","0","0","0","1","02105","0","","5.0","","1","N","N","","0","","0","0","0","","0","","","1","1","0","0","0","1","0","2","0","1","","","","N","","","","","","","","","",""
"2013038045","","1","0","0","0","0","0","0","0","0","7","0","","02","4","2013","7","40.458182","-79.999264","","11","0","0","0","0","0","1","0","0","","0","0","0","","","1","","2","","40 27:29.455","","0","79 59:57.349","4","0","0","0","2301","0","0","0","N","0","0","0","1","02301","1","","3.0","","1","N","N","","0","","0","0","0","","0","","","1","1","0","0","0","0","0","2","0","1","","","","N","","","","","","","","","",""
"2013030382","","1","0","0","0","0","0","0","0","0","2","0","","02","3","2013","7","40.445825","-79.71383","","11","0","0","0","0","0","1","0","0","","0","0","0","","","0","","1","","40 26:44.970","","0","79 42:49.787","0","0","0","0","2466","0","0","0","N","0","0","0","3","02466","0","","1.0","","9","N","N","","0","","0","0","1","","2","","","2","0","0","0","0","0","0","2","0","2","","","","N","","","","","","","","","",""
"2013030395","","0","0","0","0","0","0","0","0","0","7","1","","02","3","2013","3","40.503899","-80.282548","","11","0","0","0","0","0","1","0","0","","0","0","0","","","0","","3","","40 30:14.035","","2","80 16:57.174","0","0","0","0","2203","0","0","0","Y","0","0","0","2","68B03","0","","7.0","","1","N","N","","1","","0","0","0","","0","","","1","0","0","0","0","0","0","1","0","1","","","","N","","","","","","","","","",""
"2013038115","","1","0","0","0","0","0","0","0","0","7","0","","02","4","2013","7","40.466126","-80.0606","","11","0","0","0","0","0","0","0","0","","0","0","0","","","1","","0","","40 27:58.052","","0","80 03:38.159","4","0","0","0","2444","0","0","0","","0","0","0","1","02444","1","","5.0","","1","","","","0","","0","0","0","","0","","","1","1","0","0","0","0","0","2","0","1","","","","N","","","","","","","","","",""
"2013035920","","0","0","0","0","0","0","0","0","0","0","1","","02","3","2013","2","40.326006","-79.911028","","11","0","0","0","0","0","0","0","0","4","0","1","0","","","0","","0","","40 19:33.620","5","0","79 54:39.700","0","0","0","0","2473","0","0","0","N","0","0","0","1","02473","0","","1.0","","9","N","N","","0","","0","0","0","","0","Y","","1","0","0","0","0","0","0","2","0","1","","","","N","","","","","","","","","",""
"2013036689","","2","0","0","0","0","0","0","0","0","1","0","","02","3","2013","3","40.445905","-80.151612","","11","0","0","1","0","0","0","0","0","","0","0","0","","","0","","0","","40 26:45.259","","0","80 09:05.803","0","0","0","0","2115","0","0","0","N","0","0","0","3","02115","0","","1.0","","9","N","N","","0","","0","0","0","","0","","","2","0","0","0","0","0","0","2","0","2","","","","N","","","","","","","","","",""
"2013038261","","1","0","0","0","0","0","0","0","0","1","0","","02","4","2013","1","40.337572","-79.962726","","11","0","0","0","0","0","0","1","0","2","0","0","0","","","0","","0","","40 20:15.259","2","0","79 57:45.813","0","0","0","0","2454","0","0","0","N","0","0","0","2","02454","0","","1.0","","1","N","N","","0","","0","0","1","","0","N","","2","0","0","0","0","0","0","2","0","2","","","","N","","","","","","","","","",""
"2013036750","","2","0","0","0","0","0","0","0","0","4","0","","02","4","2013","3","40.630857","-79.733216","","11","0","0","0","0","0","1","0","0","2","0","0","0","","","2","","0","","40 37:51.086","2","0","79 43:59.576","4","0","0","0","2106","0","0","0","Y","0","0","0","2","68D02","2","","1.0","","1","N","N","","0","","0","0","0","","0","N","","2","2","0","0","0","0","0","2","0","2","","","","N","","","","","","","","","",""
"2013038380","","1","0","0","0","0","0","0","0","0","7","0","","02","4","2013","7","40.44095","-79.935992","","11","0","0","0","0","1","0","0","0","","0","0","0","","","1","","0","","40 26:27.420","","0","79 56:09.571","4","0","0","0","2301","0","0","0","N","0","0","0","1","02301","1","","2.0","","1","N","N","","0","","0","0","0","","0","","","1","1","0","0","0","0","0","2","0","1","","","","N","","","","","","","","","",""
"2013038195","","1","0","0","0","0","0","0","0","0","7","0","","02","4","2013","6","40.422758","-80.029678","","11","0","0","0","0","0","0","0","0","2","0","0","0","","","0","","0","","40 25:21.929","2","0","80 01:46.840","0","0","0","0","2301","0","0","0","N","0","0","0","1","02301","0","","5.0","","1","N","N","","0","","0","0","0","","0","N","","2","0","0","0","0","0","0","2","0","1","","","","N","","","","","","","","","",""
"2013036690","","1","0","0","0","0","0","0","0","0","1","0","","02","3","2013","4","40.542639","-80.205181","","11","0","0","0","0","0","0","0","0","","0","0","0","","","1","","1","","40 32:33.502","","0","80 12:18.652","8","0","0","0","2213","0","0","0","N","0","0","0","3","02213","0","","1.0","","1","N","N","","0","","0","0","1","","0","","","2","1","0","0","0","1","0","2","0","2","","","","N","","","","","","","","","",""
"2013038262","","1","0","0","0","0","0","0","0","0","2","0","","02","4","2013","4","40.527251","-80.036863","","11","0","0","0","0","0","1","0","0","2","0","0","0","","","2","","0","","40 31:38.103","6","0","80 02:12.707","8","0","0","0","2116","0","0","0","N","0","0","0","2","02116","0","","1.0","","1","N","N","","0","","0","0","1","","0","Y","","2","2","0","0","0","2","0","2","0","2","","","","N","","","","","","","","","",""
"2013038381","","1","0","0","0","0","0","0","0","0","7","0","","02","4","2013","1","40.443863","-80.027591","","11","0","0","0","0","0","0","0","0","1","0","0","0","","","0","","3","","40 26:37.906","1","1","80 01:39.328","0","0","0","0","2301","0","0","0","N","0","0","0","1","02301","0","","2.0","","1","N","N","","0","","0","0","0","","0","N","","1","0","1","0","0","0","0","2","0","1","","","","N","","","","","","","","","",""
"2013037571","","2","0","0","0","0","0","0","0","0","5","0","","02","4","2013","6","40.482527","-80.018117","","11","0","0","0","0","0","0","0","0","","0","0","0","","","0","","0","","40 28:57.097","","0","80 01:05.221","9","0","0","0","2301","0","0","0","N","0","0","0","1","02301","0","","1.0","","1","N","N","","1","","0","0","0","","0","","","3","0","0","0","0","0","1","2","0","3","","","","N","","","","","","","","","",""
"2013036825","","2","0","0","0","0","0","0","0","0","5","0","","02","3","2013","2","40.607453","-79.942997","","11","0","0","0","0","0","0","0","0","","0","0","0","","","0","","6","","40 36:26.829","","2","79 56:34.789","0","0","0","0","2207","0","0","0","N","0","0","0","2","68T02","0","","7.0","","6","N","N","","0","","0","0","0","","0","","","2","0","0","0","0","0","0","2","0","2","","","","N","","","","","","","","","",""
"2013038197","","1","0","0","0","0","0","0","0","0","7","0","","02","4","2013","5","40.314323","-80.068639","","11","0","0","0","0","1","0","0","0","2","0","0","0","","","1","","1","","40 18:51.562","5","0","80 04:07.102","8","0","0","0","2123","0","0","0","N","0","0","0","1","02123","0","","5.0","","1","N","N","","0","","0","0","0","","0","Y","","1","1","1","0","0","1","0","2","0","1","","","","N","","","","","","","","","",""
"2013036691","","1","0","0","0","0","0","0","0","0","1","0","","02","3","2013","5","40.513695","-80.222259","","11","0","0","0","0","0","1","0","0","2","0","0","0","","","0","","0","","40 30:49.303","1","0","80 13:20.133","0","0","0","0","2213","0","0","0","N","0","0","0","2","02213","0","","1.0","","1","N","N","","1","","0","0","0","","0","N","","2","0","0","0","0","0","0","2","0","2","","","","N","","","","","","","","","",""
"2013036692","","1","0","0","0","0","0","0","0","0","4","0","","02","3","2013","1","40.505708","-80.147225","","11","0","0","0","0","0","1","0","0","","0","0","0","","","0","","10","","40 30:20.549","","0","80 08:50.010","0","0","0","0","2213","0","0","0","N","0","0","0","2","02213","0","","1.0","","1","N","N","","1","","0","0","0","","0","","","2","0","0","0","0","0","0","2","0","2","","","","N","","","","","","","","","",""
"2013036001","","2","0","0","0","0","0","0","0","0","1","0","","02","3","2013","1","40.478909","-80.043021","","11","0","0","0","0","0","1","0","0","2","0","0","0","","","0","","1","","40 28:44.074","1","0","80 02:34.876","0","0","0","0","2301","0","0","0","N","0","0","0","3","02301","0","","1.0","","9","N","N","","0","","0","0","0","","0","N","","2","0","0","0","0","0","0","2","0","2","","","","N","","","","","","","","","",""
"2013038185","","2","0","0","0","0","0","0","0","0","4","0","","02","4","2013","7","40.454409","-79.997971","","11","0","0","0","0","0","0","0","0","","0","0","0","","","0","","2","","40 27:15.873","","0","79 59:52.697","0","0","0","0","2301","0","0","0","N","0","0","0","7","02301","0","","1.0","","1","N","N","","0","","0","0","0","","0","","","2","0","0","0","0","0","0","2","0","2","","","","N","","","","","","","","","",""
"2013035936","","1","0","0","0","0","0","0","0","0","6","0","","02","3","2013","7","40.652326","-79.792601","","11","0","0","0","0","0","0","2","0","","0","0","0","","","3","","1","","40 39:08.373","","0","79 47:33.363","3","0","0","0","2202","0","0","0","N","0","0","0","3","02202","0","","1.0","","1","N","N","","1","","1","0","0","","3","","","2","3","0","0","0","2","0","1","0","2","","","","N","","","","","","","","","",""
"2013036693","","3","0","0","0","0","0","0","0","0","4","0","","02","3","2013","4","40.527451","-80.185231","","11","0","0","0","0","0","1","0","0","2","0","0","0","","","2","","2","","40 31:38.824","4","0","80 11:06.831","3","0","0","0","2213","0","0","0","N","0","0","0","4","02213","0","","1.0","","1","N","N","","0","","2","0","0","","2","N","","3","2","0","0","0","0","0","2","0","3","","","","N","","","","","","","","","",""
"2013036612","","1","0","0","0","0","0","0","0","0","1","0","","02","4","2013","3","40.567663","-80.212886","","11","0","0","0","0","0","1","0","0","1","0","0","0","","","3","","0","","40 34:03.586","1","0","80 12:46.388","3","0","0","0","2441","0","0","0","N","0","0","0","3","02441","2","","1.0","","1","N","N","","1","","1","0","0","","0","N","","2","3","0","0","0","0","0","2","0","2","","","","N","","","","","","","","","",""
"2013036694","","0","0","0","0","0","0","0","0","0","1","0","","02","3","2013","7","40.328034","-80.023827","","11","0","0","1","0","0","0","0","0","","0","0","0","","","1","","0","","40 19:40.924","","0","80 01:25.778","4","0","0","0","2407","0","0","0","N","0","0","0","2","02407","1","","1.0","","1","N","N","","0","","0","0","1","","0","","","2","1","0","0","0","0","0","2","1","2","","","","N","","","","","","","","","",""
"2013036003","","2","0","0","0","0","0","0","0","0","4","0","","02","3","2013","1","40.458489","-79.929837","","11","0","0","0","0","0","0","0","0","1","0","0","0","","","0","","0","","40 27:30.560","7","7","79 55:47.413","0","0","0","0","2301","0","0","0","N","0","0","0","2","02301","0","","1.0","","1","N","N","","0","","0","0","0","","0","Y","","2","0","0","0","0","0","0","2","0","2","","","","N","","","","","","","","","",""
"2013035861","","1","0","0","0","0","0","0","0","0","4","0","","02","3","2013","6","40.437219","-79.974503","","11","0","0","0","0","0","1","0","0","2","0","0","0","","","1","","1","","40 26:13.988","3","0","79 58:28.210","8","0","0","0","2301","0","0","0","","0","0","0","5","02301","0","","1.0","","1","","","","0","","0","0","1","","0","N","","2","1","0","0","0","1","0","2","0","2","","","","N","","","","","","","","","",""
"2013036627","","1","0","0","0","0","0","0","0","0","5","0","","02","4","2013","3","40.453322","-80.001491","","11","0","0","0","0","0","1","0","0","","0","0","0","","","1","","0","","40 27:11.958","","0","80 00:05.369","8","0","0","0","2301","0","0","0","N","0","0","0","2","02301","0","","1.0","","1","N","N","","0","","0","0","0","","0","","","2","1","1","0","0","1","0","2","1","2","","","","N","","","","","","","","","",""
"2013037576","","1","0","0","0","0","0","0","0","0","7","0","","02","4","2013","6","40.44742","-80.048739","","11","0","0","0","0","0","0","0","0","","0","0","0","","","1","","0","","40 26:50.712","","0","80 02:55.460","8","0","0","0","2301","0","0","0","N","0","0","0","1","02301","0","","2.0","","1","N","N","","0","","0","0","0","","0","","","1","1","0","0","0","1","0","2","0","1","","","","N","","","","","","","","","",""
"2013036083","","1","0","0","0","0","0","0","0","0","7","0","","02","3","2013","1","40.652032","-79.916963","","11","1","0","0","0","0","0","0","0","1","0","0","0","","","0","","0","","40 39:07.316","6","0","79 55:01.067","0","0","0","0","2220","0","0","0","N","0","0","0","1","02220","0","","5.0","","9","N","N","","0","","0","0","0","","0","N","","1","0","0","0","0","0","0","1","0","1","","","","N","","","","","","","","","",""
"2013038188","","0","0","0","0","0","0","0","0","0","1","0","","02","4","2013","7","40.449706","-80.025099","","11","0","0","0","0","0","0","0","0","2","0","0","0","","","0","","1","","40 26:58.940","2","2","80 01:30.356","0","0","0","0","2301","0","0","0","N","0","0","0","4","02301","0","","1.0","","1","N","N","","0","","0","0","2","","0","N","","2","0","0","0","0","0","0","2","0","2","","","","N","","","","","","","","","",""
"2013037578","","1","0","0","0","0","0","0","0","0","7","0","","02","4","2013","6","40.465797","-79.838713","","11","0","0","0","0","0","0","0","0","","0","0","0","","","0","","0","","40 27:56.869","","0","79 50:19.368","0","0","0","0","2113","0","0","0","N","0","0","0","1","02113","0","","2.0","","1","N","N","","0","","0","0","0","","0","","","1","0","0","0","0","0","0","2","0","1","","","","N","","","","","","","","","",""
"2013037499","","3","0","0","0","0","0","0","0","0","6","0","","02","4","2013","3","40.461092","-80.151506","","11","0","0","0","0","0","0","0","0","","0","0","0","","","0","","3","","40 27:39.931","","0","80 09:05.422","0","0","0","0","2115","0","0","0","N","0","0","0","4","02115","0","","1.0","","7","N","N","","0","","0","0","0","","0","","","3","0","0","0","0","0","0","2","0","3","","","","N","","","","","","","","","",""
"2013038270","","1","0","0","0","0","0","0","0","0","4","0","","02","3","2013","7","40.407828","-79.909328","","11","0","0","0","0","0","0","0","0","2","0","0","0","","","1","","0","","40 24:28.179","6","0","79 54:33.581","8","0","0","0","2438","0","0","0","N","0","0","0","5","02438","0","","1.0","","1","N","N","","0","","0","0","0","","0","N","","2","1","0","0","0","1","0","2","1","2","","","","N","","","","","","","","","",""
"2013036901","","2","0","0","0","0","0","0","0","0","4","0","","02","3","2013","2","40.45974","-79.999524","","11","0","0","0","0","0","1","0","0","","0","0","0","","","1","","0","","40 27:35.063","","0","79 59:58.285","4","0","0","0","2301","0","0","0","N","0","0","0","2","68B03","1","","1.0","","6","N","N","","0","","0","0","0","","0","","","2","1","0","0","0","0","0","2","0","2","","","","N","","","","","","","","","",""
"2013035877","","1","0","0","0","0","0","0","0","0","1","0","","02","3","2013","7","40.437254","-79.779099","","11","0","1","0","0","0","0","0","0","","0","0","0","","","0","","0","","40 26:14.116","","0","79 46:44.758","0","0","0","0","2446","0","0","0","N","0","0","0","4","02446","0","","1.0","","1","N","N","","1","","0","0","0","","0","","","2","0","0","0","0","0","0","2","0","2","","","","N","","","","","","","","","",""
"2013037500","","1","0","0","0","0","0","0","0","0","1","0","","02","4","2013","3","40.445737","-80.151329","","11","0","0","1","0","0","0","1","0","1","0","0","0","","","0","","2","","40 26:44.652","4","0","80 09:04.784","0","0","0","0","2115","0","0","0","N","0","0","0","2","02115","0","","1.0","","1","N","N","","0","","0","0","1","","0","N","","2","0","0","0","0","0","0","2","0","2","","","","N","","","","","","","","","",""
"2013038402","","0","0","0","0","0","0","0","0","0","0","0","","02","4","2013","7","40.475194","-80.006982","","11","0","0","0","0","0","0","0","0","1","0","0","0","","","1","","0","","40 28:30.697","2","0","80 00:25.136","4","0","0","1","2301","0","0","0","N","0","0","0","1","68B03","1","","2.0","","1","N","N","","0","","0","0","0","","0","N","","1","1","0","0","0","0","0","2","0","1","","","","N","","","","","","","","","",""
"2013036902","","0","0","0","0","0","0","0","0","0","7","0","","02","3","2013","3","40.445297","-79.846276","","11","0","0","0","0","0","0","0","0","","0","0","0","","","0","","0","","40 26:43.068","","0","79 50:46.595","0","0","0","0","2419","0","0","0","N","0","0","0","1","68B03","0","","2.0","","2","N","N","","1","","0","0","0","","0","","","1","0","0","0","0","0","0","2","0","1","","","","N","","","","","","","","","",""
"2013035879","","2","0","0","0","0","0","0","0","0","1","0","","02","3","2013","5","40.489447","-79.903405","","11","0","0","0","0","0","0","0","0","","0","0","0","","","0","","0","","40 29:22.010","","0","79 54:12.259","0","0","0","0","2401","0","0","0","N","0","0","0","2","02401","0","","1.0","","1","N","N","","0","","0","0","0","","0","","","2","0","0","0","0","0","0","2","0","2","","","","N","","","","","","","","","",""
"2013037501","","2","0","0","0","0","0","0","0","0","1","0","","02","4","2013","4","40.452858","-80.172414","","11","0","0","0","0","0","0","0","0","","0","0","0","","","1","","2","","40 27:10.290","","2","80 10:20.689","8","0","0","0","2115","0","0","0","N","0","0","0","2","02115","0","","1.0","","1","N","N","","0","","0","0","0","","4","","","2","1","1","0","0","1","0","2","0","2","","","","N","","","","","","","","","",""
"2013037569","","1","0","0","0","0","0","0","0","0","4","0","","02","4","2013","5","40.292005","-79.963524","","11","0","0","0","0","0","0","1","0","2","0","0","0","","","3","","0","","40 17:31.218","5","0","79 57:48.685","4","0","0","0","2440","0","0","0","N","0","0","0","4","02440","3","","1.0","","1","N","N","","0","","0","0","1","","0","Y","","2","3","3","0","0","0","0","2","0","2","","","","N","","","","","","","","","",""
"2013036903","","0","0","0","0","0","0","0","0","0","7","0","","02","3","2013","4","40.570198","-80.09044","","11","0","0","0","0","0","0","0","0","","0","0","0","","","0","","0","","40 34:12.713","","0","80 05:25.584","0","0","0","0","2481","0","0","0","Y","0","0","0","1","68B03","0","","2.0","","1","N","N","","0","","0","0","1","","0","","","1","0","0","0","0","0","0","2","0","1","","","","N","","","","","","","","","",""
"2013037502","","1","0","0","0","0","0","0","0","0","7","0","","02","4","2013","4","40.465968","-80.113203","","11","0","0","0","0","0","0","0","0","1","0","0","0","","","2","","2","","40 27:57.484","4","0","80 06:47.530","3","0","0","0","2115","0","0","0","N","0","0","0","2","02115","0","","2.0","","1","N","N","","0","","2","0","0","","0","N","","1","2","0","0","0","0","0","2","0","1","","","","N","","","","","","","","","",""
"2013038276","","1","0","0","0","0","0","0","0","0","4","0","","02","4","2013","5","40.641882","-79.939485","","11","0","0","0","0","0","1","0","1","","0","0","0","","","0","","0","","40 38:30.775","","7","79 56:22.146","0","0","0","0","2217","0","0","0","N","0","0","0","3","02505","0","","1.0","","1","N","N","","0","","0","0","0","","3","","","2","0","0","0","0","0","0","2","1","2","","","","N","","","","","","","","","",""
"2013036904","","2","0","0","0","0","0","0","0","0","1","1","","02","3","2013","5","40.420779","-80.09359","","11","0","0","0","0","0","0","0","2","","0","1","0","","","0","","0","","40 25:14.805","","0","80 05:36.924","0","0","0","0","2457","0","0","0","N","0","0","0","3","68B03","0","","1.0","","1","N","N","","0","","0","0","0","","0","","","3","0","0","0","0","0","0","2","0","3","","","","N","","","","","","","","","",""
"2013037503","","2","0","0","0","0","0","0","0","0","1","0","","02","4","2013","2","40.309425","-80.033133","","11","0","0","1","0","0","0","0","0","","0","0","0","","","2","","0","","40 18:33.931","","0","80 01:59.279","3","0","0","0","2407","0","0","0","N","0","0","0","4","02407","1","","1.0","","1","N","N","","0","","1","0","1","","0","","","3","2","1","0","0","0","0","2","0","3","","","","N","","","","","","","","","",""
"2013038337","","2","0","0","0","0","0","0","0","0","4","0","","02","4","2013","1","40.462819","-79.957327","","11","0","0","0","0","0","0","0","1","","0","0","0","","","0","","1","","40 27:46.148","","0","79 57:26.377","0","0","0","0","2301","0","0","0","N","0","0","0","3","02301","0","","1.0","","1","N","N","","0","","0","0","0","","2","","","2","0","0","0","0","0","0","2","0","2","","","","N","","","","","","","","","",""
"2013038338","","0","0","0","0","0","0","0","0","0","1","0","","02","4","2013","1","40.652602","-79.936138","","11","0","0","0","0","0","0","1","0","4","1","0","0","","","0","","0","","40 39:09.367","5","0","79 56:10.098","1","1","0","1","2217","0","0","0","N","0","0","0","3","02505","0","2","1.0","","1","N","N","","1","0","0","0","0","","0","Y","","2","0","0","0","0","0","0","2","0","2","","","","N","","","","","","","","","",""
"2013037585","","2","0","0","0","0","0","0","0","0","5","0","","02","3","2013","1","40.480688","-79.942146","","11","0","0","0","0","0","0","0","0","","0","0","0","","","0","","0","","40 28:50.476","","0","79 56:31.725","0","0","0","0","2301","0","0","0","N","0","0","0","1","02301","0","","1.0","","1","N","N","","0","","0","0","0","","0","","","2","0","0","0","0","0","0","2","0","2","","","","N","","","","","","","","","",""
"2013036981","","1","0","0","0","0","0","0","0","0","7","0","","02","4","2013","4","40.540911","-79.817646","","11","0","0","0","0","0","1","0","0","2","0","0","0","","","1","","2","","40 32:27.278","2","0","79 49:03.525","8","0","0","0","2208","0","0","0","N","0","0","0","2","02208","0","","5.0","","1","N","N","","0","","0","0","0","","0","Y","","2","1","0","0","0","1","0","2","1","2","","","","N","","","","","","","","","",""
"2013037586","","2","0","0","0","0","0","0","0","0","4","0","","02","4","2013","4","40.390758","-80.074202","","11","0","0","0","0","0","2","0","0","","0","0","0","","","0","","10","","40 23:26.727","","0","80 04:27.127","9","0","0","0","2117","0","0","0","N","0","0","0","2","02117","0","","1.0","","1","N","N","","0","","0","0","0","","0","","","2","0","0","0","0","0","2","2","0","2","","","","N","","","","","","","","","",""
"2013035470","","0","0","0","0","0","0","0","0","0","7","0","","02","3","2013","3","40.673686","-80.116262","","11","0","0","0","0","0","0","0","0","2","0","0","0","","","0","","2","","40 40:25.269","5","0","80 06:58.543","0","0","0","0","2212","0","0","0","N","0","0","0","1","02505","0","","5.0","","1","N","N","","0","","0","0","1","","0","Y","","1","0","0","0","0","0","0","2","0","1","","","","N","","","","","","","","","",""
"2013036229","","2","0","0","0","0","0","0","0","0","4","0","","02","4","2013","2","40.442326","-80.050511","","11","0","0","0","0","0","1","0","0","","0","0","0","","","1","","2","","40 26:32.373","","0","80 03:01.839","4","0","0","0","2301","0","0","0","N","0","0","0","2","02301","1","","1.0","","1","N","N","","0","","0","0","0","","3","","","2","1","0","0","0","0","0","2","0","2","","","","N","","","","","","","","","",""
"2013038281","","2","0","0","0","0","0","0","0","0","2","0","","02","4","2013","1","40.475529","-79.848493","","11","0","0","0","0","0","1","0","0","","0","0","0","","","1","","1","","40 28:31.904","","0","79 50:54.576","4","0","0","0","2113","0","0","0","N","0","0","0","4","02113","1","","1.0","","1","N","N","","0","","0","0","0","","2","","","2","1","0","0","0","0","0","2","0","2","","","","N","","","","","","","","","",""
"2013035888","","2","0","0","0","0","0","0","0","0","2","0","","02","3","2013","7","40.462475","-79.924362","","11","0","0","0","0","1","0","0","0","","0","0","0","","","2","","2","","40 27:44.910","","0","79 55:27.703","8","0","0","0","2301","0","0","0","N","0","0","0","2","02301","0","","1.0","","1","N","N","","0","","0","0","0","","1","","","2","2","1","0","0","2","0","2","0","2","","","","N","","","","","","","","","",""
"2013036845","","0","0","0","0","0","0","0","0","0","0","0","","02","4","2013","3","40.324073","-80.120214","","11","0","0","0","0","0","0","0","0","","0","0","0","","","1","","0","","40 19:26.662","","0","80 07:12.770","2","0","1","1","2119","0","0","0","N","0","0","0","1","02119","0","","1.0","","1","N","N","","0","","0","1","0","","0","","","1","1","0","0","0","0","0","2","0","1","","","","N","","","","","","","","","",""