"CRN","ARRIVAL_TM","AUTOMOBILE_COUNT","BELTED_DEATH_COUNT","BELTED_SUSP_SERIOUS_INJ_COUNT","BICYCLE_COUNT","BICYCLE_DEATH_COUNT","BICYCLE_SUSP_SERIOUS_INJ_COUNT","BUS_COUNT","CHLDPAS_DEATH_COUNT","CHLDPAS_SUSP_SERIOUS_INJ_COUNT","COLLISION_TYPE","COMM_VEH_COUNT","CONS_ZONE_SPD_LIM","COUNTY","CRASH_MONTH","CRASH_YEAR","DAY_OF_WEEK","DEC_LATITUDE","DEC_LONGITUDE","DISPATCH_TM","DISTRICT","DRIVER_COUNT_16YR","DRIVER_COUNT_17YR","DRIVER_COUNT_18YR","DRIVER_COUNT_19YR","DRIVER_COUNT_20YR","DRIVER_COUNT_50_64YR","DRIVER_COUNT_65_74YR","DRIVER_COUNT_75PLUS","EST_HRS_CLOSED","FATAL_COUNT","HEAVY_TRUCK_COUNT","HORSE_BUGGY_COUNT","HOUR_OF_DAY","ILLUMINATION","INJURY_COUNT","INTERSECTION_RELATED","INTERSECT_TYPE","LANE_CLOSED","LATITUDE","LN_CLOSE_DIR","LOCATION_TYPE","LONGITUDE","MAX_SEVERITY_LEVEL","MCYCLE_DEATH_COUNT","MCYCLE_SUSP_SERIOUS_INJ_COUNT","MOTORCYCLE_COUNT","MUNICIPALITY","NONMOTR_COUNT","NONMOTR_DEATH_COUNT","NONMOTR_SUSP_SERIOUS_INJ_COUNT","NTFY_HIWY_MAINT","PED_COUNT","PED_DEATH_COUNT","PED_SUSP_SERIOUS_INJ_COUNT","PERSON_COUNT","POLICE_AGCY","POSSIBLE_INJ_COUNT","RDWY_SURF_TYPE_CD","RELATION_TO_ROAD","ROADWAY_CLEARED","ROAD_CONDITION","SCH_BUS_IND","SCH_ZONE_IND","SECONDARY_CRASH","SMALL_TRUCK_COUNT","SPEC_JURIS_CD","SUSP_MINOR_INJ_COUNT","SUSP_SERIOUS_INJ_COUNT","SUV_COUNT","TCD_FUNC_CD","TCD_TYPE","TFC_DETOUR_IND","TIME_OF_DAY","TOTAL_UNITS","TOT_INJ_COUNT","UNBELTED_OCC_COUNT","UNB_DEATH_COUNT","UNB_SUSP_SERIOUS_INJ_COUNT","UNK_INJ_DEG_COUNT","UNK_INJ_PER_COUNT","URBAN_RURAL","VAN_COUNT","VEHICLE_COUNT","WEATHER1","WEATHER2","WORKERS_PRES","WORK_ZONE_IND","WORK_ZONE_LOC","WORK_ZONE_TYPE","WZ_CLOSE_DETOUR","WZ_FLAGGER","WZ_LAW_OFFCR_IND","WZ_LN_CLOSURE","WZ_MOVING","WZ_OTHER","WZ_SHLDER_MDN","WZ_WORKERS_INJ_KILLED"
"2013036059","","1","0","0","0","0","0","0","0","0","4","0","","02","3","2013","7","40.343801","-79.938441","","11","0","0","1","0","0","0","0","0","1","0","0","0","","","1","","1","","40 20:37.683","7","0","79 56:18.387","4","0","0","0","2473","0","0","0","N","0","0","0","4","02473","1","","1.0","","1","N","N","","0","","0","0","1","","2","N","","2","1","0","0","0","0","0","2","0","2","","","","N","","","","","","","","","",""
"2013037693","","2","0","0","0","0","0","0","0","0","1","0","","02","4","2013","2","40.510785","-80.135602","","11","0","0","0","0","0","0","0","0","","0","0","0","","","0","","0","","40 30:38.827","","3","80 08:08.168","0","0","0","0","2110","0","0","0","N","0","0","0","3","68B03","0","","1.0","","1","N","N","","0","","0","0","0","","0","","","2","0","0","0","0","0","0","2","0","2","","","","N","","","","","","","","","",""
"2013035928","","3","0","0","0","0","0","0","0","0","1","0","","02","3","2013","3","40.409756","-80.01626","","11","0","0","0","0","0","1","0","0","","0","0","0","","","0","","0","","40 24:35.123","","0","80 00:58.535","0","0","0","0","2301","0","0","0","N","0","0","0","3","02301","0","","1.0","","1","N","N","","0","","0","0","0","","0","","","3","0","0","0","0","0","0","2","0","3","","","","N","","","","","","","","","",""
"2013035435","","1","0","0","0","0","0","0","0","0","7","0","","02","3","2013","6","40.349338","-79.968587","","11","0","1","0","0","0","0","0","0","","0","0","0","","","1","","0","","40 20:57.616","","0","79 58:06.913","3","0","0","0","2403","0","0","0","N","0","0","0","3","02403","0","","5.0","","1","N","N","","0","","1","0","0","","0","","","1","1","1","0","0","0","0","2","0","1","","","","N","","","","","","","","","",""
"2013036686","","2","0","0","0","0","0","0","0","0","1","0","","02","4","2013","3","40.464064","-79.901427","","11","0","0","0","0","0","1","0","0","","0","0","0","","","1","","2","","40 27:50.630","","0","79 54:05.137","8","0","0","0","2301","0","0","0","N","0","0","0","2","02301","0","","1.0","","1","N","N","","0","","0","0","0","","0","","","2","1","0","0","0","1","1","2","0","2","","","","N","","","","","","","","","",""
"2013037554","","1","0","0","0","0","0","0","0","0","2","0","","02","4","2013","5","40.486875","-79.809425","","11","1","0","0","0","0","0","0","0","3","0","0","0","","","1","","0","","40 29:12.750","5","0","79 48:33.930","3","0","0","0","2113","0","0","0","N","0","0","0","2","02113","0","","1.0","","1","N","N","","1","","1","0","0","","0","Y","","2","1","0","0","0","0","0","2","0","2","","","","N","","","","","","","","","",""
"2013038179","","1","0","0","0","0","0","0","0","0","1","0","","02","4","2013","4","40.556037","-79.868287","","11","0","0","0","0","0","0","0","0","1","0","0","0","","","0","","2","","40 33:21.733","4","0","79 52:05.832","0","0","0","0","2208","0","0","0","N","0","0","0","2","02208","0","","1.0","","1","N","N","","0","","0","0","1","","3","Y","","2","0","0","0","0","0","0","2","0","2","","","","N","","","","","","","","","",""
"2013038192","","2","0","0","0","0","0","0","0","0","4","0","","02","4","2013","7","40.441056","-80.006785","","11","0","0","0","0","0","1","0","0","","0","0","0","","","0","","1","","40 26:27.803","","0","80 00:24.425","0","0","0","0","2301","0","0","0","N","0","0","0","4","02301","0","","1.0","","1","N","N","","0","","0","0","0","","2","","","2","0","0","0","0","0","0","2","0","2","","","","N","","","","","","","","","",""
"2013037983","","0","0","0","0","0","0","0","0","0","7","0","","02","4","2013","6","40.473359","-80.000545","","11","0","0","0","0","0","0","0","0","","0","0","0","","","0","","2","","40 28:24.092","","0","80 00:01.962","0","0","0","0","2301","0","0","0","N","0","0","0","3","02301","0","","4.0","","1","N","N","","0","","0","0","0","","0","","","1","0","0","0","0","0","0","2","1","1","","","","N","","","","","","","","","",""
"2013036476","","0","0","0","0","0","0","0","0","0","7","0","","02","4","2013","2","40.41066","-79.796792","","11","0","0","0","0","0","0","0","0","","0","0","0","","","2","","0","","40 24:38.376","","0","79 47:48.451","4","0","0","0","2446","0","0","0","N","0","0","0","2","02446","2","","5.0","","1","N","N","","1","","0","0","0","","0","","","1","2","1","0","0","0","0","2","0","1","","","","N","","","","","","","","","",""
"2013037246","","3","0","0","0","0","0","0","0","0","4","0","","02","4","2013","4","40.393204","-80.036663","","11","0","0","0","0","0","0","0","0","","0","0","0","","","0","","0","","40 23:35.536","","0","80 02:11.985","9","0","0","0","2422","0","0","0","N","0","0","0","3","02422","0","","1.0","","1","N","N","","0","","0","0","0","","0","","","3","0","0","0","0","0","3","2","0","3","","","","N","","","","","","","","","",""
"2013037774","","2","0","0","0","0","0","0","0","0","4","0","","02","4","2013","5","40.403604","-80.040431","","11","0","0","0","0","0","0","0","0","","0","0","0","","","2","","1","","40 24:12.974","","0","80 02:25.552","4","0","0","0","2301","0","0","0","N","0","0","0","3","02301","2","","1.0","","1","N","N","","0","","0","0","0","","3","","","2","2","0","0","0","0","0","2","0","2","","","","N","","","","","","","","","",""
"2013035662","","3","0","0","0","0","0","0","0","0","1","0","","02","3","2013","4","40.509008","-80.211375","","11","0","0","0","0","0","1","1","0","","0","0","0","","","0","","2","","40 30:32.428","","0","80 12:40.951","0","0","0","0","2213","0","0","0","N","0","0","0","3","02213","0","","1.0","","1","N","N","","0","","0","0","0","","0","","","3","0","0","0","0","0","0","2","0","3","","","","N","","","","","","","","","",""
"2013037998","","1","0","0","0","0","0","0","0","0","4","0","","02","4","2013","7","40.344122","-79.985149","","11","0","0","0","0","1","1","0","0","","0","0","0","","","0","","2","","40 20:38.839","","0","79 59:06.536","0","0","0","0","2403","0","0","0","N","0","0","0","2","02403","0","","1.0","","1","N","N","","1","","0","0","0","","3","","","2","0","0","0","0","0","0","2","0","2","","","","N","","","","","","","","","",""
"2013035458","","1","0","0","0","0","0","0","0","0","4","0","","02","3","2013","3","40.34889","-79.939012","","11","0","0","0","0","0","0","0","0","2","0","0","0","","","1","","1","","40 20:56.003","1","0","79 56:20.443","4","0","0","0","2473","0","0","0","N","0","0","0","3","02473","1","","1.0","","1","N","N","","1","","0","0","1","","2","N","","3","1","0","0","0","0","0","2","0","3","","","","N","","","","","","","","","",""
"2013035459","","1","0","0","0","0","0","0","0","0","7","0","","02","3","2013","2","40.354282","-79.956242","","11","0","0","0","0","0","0","0","0","2","0","0","0","","","1","","0","","40 21:15.416","5","0","79 57:22.470","3","0","0","0","2473","0","0","0","N","0","0","0","1","02473","0","","5.0","","9","N","N","","0","","1","0","0","","0","Y","","1","1","0","0","0","0","0","2","0","1","","","","N","","","","","","","","","",""
"2013035522","","1","0","0","0","0","0","0","0","0","7","0","","02","3","2013","6","40.396218","-79.998194","","11","0","0","0","0","0","0","0","0","","0","0","0","","","1","","1","","40 23:46.384","","0","79 59:53.499","4","0","0","0","2301","0","0","0","N","0","0","0","2","02301","1","","5.0","","1","N","N","","0","","0","0","0","","0","","","1","1","2","0","0","0","0","2","0","1","","","","N","","","","","","","","","",""
"2013036974","","0","0","0","0","0","0","0","0","0","7","0","","02","4","2013","3","40.474168","-79.903754","","11","0","0","0","0","0","0","0","0","","0","0","0","","","0","","0","","40 28:27.004","","0","79 54:13.513","0","0","0","0","2301","0","0","0","N","0","0","0","1","02301","0","","5.0","","1","N","N","","1","","0","0","0","","0","","","1","0","0","0","0","0","0","2","0","1","","","","N","","","","","","","","","",""
"2013037924","","0","0","0","0","0","0","0","0","0","7","0","","02","4","2013","3","40.425258","-80.106433","","11","0","0","0","0","0","1","0","0","1","0","0","0","","","0","","0","","40 25:30.927","2","0","80 06:23.160","0","0","0","0","2115","0","0","0","N","0","0","0","2","68B03","0","","4.0","","2","N","N","","1","","0","0","1","","0","N","","2","0","0","0","0","0","0","2","0","2","","","","N","","","","","","","","","",""
"2013037925","","0","0","0","0","0","0","0","0","0","7","0","","02","4","2013","3","40.428579","-80.106087","","11","0","0","0","0","0","0","0","0","1","0","0","0","","","0","","6","","40 25:42.883","1","2","80 06:21.913","0","0","0","0","2115","0","0","0","Y","0","0","0","1","68B03","0","","3.0","","2","N","N","","1","","0","0","0","","0","N","","1","0","0","0","0","0","0","2","0","1","","","","N","","","","","","","","","",""
"2013037926","","1","0","0","0","0","0","0","0","0","7","0","","02","4","2013","4","40.458932","-80.189756","","11","0","0","0","0","0","0","0","0","1","0","0","0","","","1","","0","","40 27:32.155","6","0","80 11:23.122","4","0","0","0","2213","0","0","0","N","0","0","0","1","68B03","1","","2.0","","1","N","N","","0","","0","0","0","","0","N","","1","1","0","0","0","0","0","2","0","1","","","","N","","","","","","","","","",""
"2013037257","","1","0","0","0","0","0","0","0","0","7","0","","02","3","2013","6","40.426892","-79.792114","","11","0","0","0","0","0","0","0","0","","0","0","0","","","0","","0","","40 25:36.810","","7","79 47:31.610","0","0","0","0","2446","0","0","0","N","0","0","0","1","02446","0","","4.0","","1","N","N","","0","","0","0","0","","0","","","1","0","0","0","0","0","0","2","0","1","","","","N","","","","","","","","","",""
"2013036225","","1","0","0","0","0","0","0","0","0","7","0","","02","4","2013","2","40.451389","-79.935494","","11","0","0","0","0","0","0","0","0","","0","0","0","","","0","","0","","40 27:05.000","","0","79 56:07.778","0","0","0","0","2301","0","0","0","N","0","0","0","1","02301","0","","2.0","","1","N","N","","0","","0","0","0","","0","","","1","0","0","0","0","0","0","2","0","1","","","","N","","","","","","","","","",""
"2013037927","","1","0","0","0","0","0","0","0","0","7","0","","02","4","2013","5","40.550346","-80.086414","","11","0","0","0","0","0","0","0","0","1","0","0","0","","","0","","0","","40 33:01.247","1","0","80 05:11.092","0","0","0","0","2215","0","0","0","N","0","0","0","1","68B03","0","","3.0","","1","N","N","","0","","0","0","0","","0","N","","1","0","0","0","0","0","0","2","0","1","","","","N","","","","","","","","","",""
"2013037258","","0","0","0","0","0","0","0","0","0","0","0","","02","3","2013","1","40.488963","-80.079813","","11","0","0","1","0","0","0","0","0","2","0","0","0","","","0","","0","","40 29:20.268","5","0","80 04:47.328","0","0","0","0","2122","0","0","0","N","0","0","0","1","02122","0","","2.0","","9","N","N","","0","","0","0","0","","3","Y","","1","0","0","0","0","0","0","2","0","1","","","","N","","","","","","","","","",""
"2013037784","","0","0","0","0","0","0","0","0","0","1","0","","02","4","2013","6","40.423617","-79.9118","","11","0","0","0","0","0","1","0","0","1","0","0","0","","","1","","0","","40 25:25.021","4","0","79 54:42.480","4","0","0","0","2301","0","0","0","N","0","0","0","1","02301","1","","1.0","","1","N","","","0","","0","0","2","","0","N","","2","1","0","0","0","0","0","2","0","2","","","","N","","","","","","","","","",""
"2013037928","","1","0","0","0","0","0","0","0","0","1","0","","02","4","2013","5","40.576114","-80.093579","","11","0","0","0","0","0","0","2","0","1","0","0","0","","","0","","0","","40 34:34.012","1","0","80 05:36.883","0","0","0","0","2481","0","0","0","N","0","0","0","2","68B03","0","","1.0","","1","N","N","","0","","0","0","1","","0","N","","2","0","0","0","0","0","0","2","0","2","","","","N","","","","","","","","","",""
"2013037192","","1","0","0","0","0","0","0","0","0","7","0","","02","4","2013","3","40.235411","-79.917722","","11","0","0","0","1","0","0","0","0","1","0","0","0","","","1","","0","","40 14:07.480","5","0","79 55:03.800","4","0","0","0","2204","0","0","0","N","0","0","0","1","02204","1","","2.0","","1","N","N","","0","","0","0","0","","0","Y","","1","1","1","0","0","0","0","1","0","1","","","","N","","","","","","","","","",""
"2013036227","","3","0","0","0","0","0","0","0","0","4","0","","02","4","2013","2","40.464785","-79.960302","","11","0","1","0","0","0","1","0","0","","0","0","0","","","2","","2","","40 27:53.226","","0","79 57:37.087","4","0","0","0","2301","0","0","0","N","0","0","0","3","02301","2","","1.0","","9","N","N","","0","","0","0","0","","3","","","3","2","0","0","0","0","0","2","0","3","","","","N","","","","","","","","","",""
"2013036980","","1","0","0","0","0","0","0","0","0","7","0","","02","4","2013","3","40.512702","-80.056433","","11","0","0","0","0","0","0","0","0","2","0","0","0","","","1","","0","","40 30:45.727","6","0","80 03:23.157","8","0","0","0","2116","0","0","0","N","0","0","0","1","02116","0","","5.0","","1","N","N","","0","","0","0","0","","0","Y","","1","1","0","0","0","1","0","2","0","1","","","","N","","","","","","","","","",""
"2013036439","","2","0","0","0","0","0","0","0","0","1","0","","02","4","2013","2","40.448809","-79.987534","","11","0","0","0","0","0","1","0","0","","0","0","0","","","1","","1","","40 26:55.712","","0","79 59:15.122","8","0","0","0","2301","0","0","0","N","0","0","0","3","02301","0","","1.0","","1","N","N","","0","","0","0","0","","2","","","2","1","0","0","0","1","0","2","0","2","","","","N","","","","","","","","","",""
"2013035751","","1","0","0","0","0","0","0","0","0","7","0","","02","3","2013","7","40.398971","-80.025229","","11","0","0","0","0","0","0","0","0","2","0","0","0","","","0","","0","","40 23:56.294","2","0","80 01:30.826","0","0","0","0","2301","0","0","0","N","0","0","0","1","02301","0","","4.0","","1","N","N","","0","","0","0","0","","0","N","","1","0","0","0","0","0","0","2","0","1","","","","N","","","","","","","","","",""
"2013037807","","0","0","0","0","0","0","0","0","0","2","0","","02","4","2013","5","40.629536","-80.014512","","11","0","0","0","0","0","0","0","0","2","0","0","0","","","0","","0","","40 37:46.329","6","0","80 00:52.243","0","0","0","0","2216","0","0","0","N","0","0","0","2","02505","0","","1.0","","1","N","N","","0","","0","0","1","","0","N","","2","0","0","0","0","0","0","2","1","2","","","","N","","","","","","","","","",""
"2013035677","","2","0","0","0","0","0","0","0","0","5","0","","02","3","2013","6","40.372552","-80.106949","","11","0","0","0","0","0","1","0","0","","0","0","0","","","2","","0","","40 22:21.186","","0","80 06:25.016","3","0","0","0","2102","0","0","0","N","0","0","0","4","68B03","1","","1.0","","1","N","N","","1","","1","0","0","","0","","","3","2","1","0","0","0","1","2","0","3","","","","N","","","","","","","","","",""
"2013036442","","1","0","0","0","0","0","0","0","0","4","0","","02","4","2013","2","40.405058","-80.089164","","11","0","0","0","0","0","0","0","0","","0","0","0","","","0","","0","","40 24:18.210","","0","80 05:20.990","0","0","0","0","2415","0","0","0","N","0","0","0","1","02415","0","","4.0","","1","N","N","","0","","0","0","2","","0","","","3","0","0","0","0","0","0","2","0","3","","","","N","","","","","","","","","",""
"2013037197","","0","0","0","0","0","0","0","0","0","4","0","","02","4","2013","4","40.426292","-79.963576","","11","0","0","0","0","0","0","0","0","","0","0","0","","","1","","1","","40 25:34.651","","0","79 57:48.873","4","0","0","0","2301","0","0","0","","0","0","0","3","02301","1","","1.0","","1","","","","1","","0","0","1","","2","","","2","1","0","0","0","0","0","2","0","2","","","","N","","","","","","","","","",""
"2013037198","","3","0","0","0","0","0","0","0","0","4","0","","02","4","2013","4","40.401686","-80.014717","","11","0","0","0","0","0","0","0","1","1","0","0","0","","","2","","0","","40 24:06.070","6","0","80 00:52.980","4","0","0","0","2301","0","0","0","N","0","0","0","3","02301","1","","1.0","","1","N","N","","0","","0","0","0","","0","Y","","3","2","0","0","0","1","0","2","0","3","","","","N","","","","","","","","","",""
"2013035679","","0","0","0","0","0","0","0","0","0","7","0","","02","3","2013","2","40.615854","-80.095344","","11","0","0","0","0","1","0","0","0","2","0","0","0","","","1","","0","","40 36:57.076","1","0","80 05:43.238","4","0","0","0","2212","0","0","0","Y","0","0","0","1","68B03","1","","5.0","","6","N","N","","0","","0","0","1","","0","N","","1","1","0","0","0","0","0","2","0","1","","","","N","","","","","","","","","",""
"2013035755","","1","0","0","0","0","0","0","0","0","7","0","","02","3","2013","7","40.486599","-79.805254","","11","0","0","0","0","0","0","0","0","","0","0","0","","","0","","10","","40 29:11.758","","0","79 48:18.915","0","0","0","0","2113","0","0","0","N","0","0","0","1","02113","0","","5.0","","1","N","N","","0","","0","0","0","","0","","","1","0","0","0","0","0","0","2","0","1","","","","N","","","","","","","","","",""
"2013037795","","2","0","0","0","0","0","0","0","0","4","0","","02","4","2013","6","40.452923","-79.96149","","11","0","0","0","0","0","1","0","1","","0","0","0","","","0","","0","","40 27:10.522","","0","79 57:41.364","0","0","0","0","2301","0","0","0","N","0","0","0","2","02301","0","","1.0","","1","N","N","","0","","0","0","0","","0","","","2","0","0","0","0","0","0","2","0","2","","","","N","","","","","","","","","",""
"2013037066","","1","0","0","0","0","0","0","0","0","1","0","","02","4","2013","4","40.522944","-80.080554","","11","0","0","0","1","1","0","0","0","","0","0","0","","","0","","0","","40 31:22.598","","0","80 04:49.994","0","0","0","0","2215","0","0","0","N","0","0","0","2","02215","0","","1.0","","1","N","N","","0","","0","0","1","","0","","","2","0","0","0","0","0","0","2","0","2","","","","N","","","","","","","","","",""
"2013035680","","0","0","0","0","0","0","0","0","0","7","0","","02","3","2013","2","40.518327","-80.054313","","11","0","0","1","0","0","0","0","0","1","0","0","0","","","2","","0","","40 31:05.976","2","0","80 03:15.525","4","0","0","0","2116","0","0","0","N","0","0","0","2","68B03","2","","2.0","","9","N","N","","1","","0","0","0","","0","N","","1","2","0","0","0","0","0","2","0","1","","","","N","","","","","","","","","",""
"2013035681","","2","0","0","0","0","0","0","0","0","1","0","","02","3","2013","4","40.41752","-80.05595","","11","0","0","0","0","0","0","0","0","1","0","0","0","","","0","","0","","40 25:03.072","3","0","80 03:21.420","0","0","0","0","2435","0","0","0","N","0","0","0","4","68B03","0","","1.0","","9","N","N","","1","","0","0","1","","0","N","","4","0","0","0","0","0","0","2","0","4","","","","N","","","","","","","","","",""
"2013037201","","2","0","0","0","0","0","0","0","0","4","0","","02","4","2013","4","40.347643","-79.947298","","11","0","0","0","0","0","0","0","0","","0","0","0","","","1","","1","","40 20:51.514","","0","79 56:50.272","4","0","0","0","2473","0","0","0","N","0","0","0","2","02473","1","","1.0","","1","N","N","","0","","0","0","0","","3","","","2","1","0","0","0","0","0","2","0","2","","","","N","","","","","","","","","",""
"2013035758","","3","0","0","0","0","0","0","0","0","1","0","","02","3","2013","7","40.429274","-80.006954","","11","0","0","0","0","0","0","0","0","","0","0","0","","","3","","0","","40 25:45.386","","0","80 00:25.034","4","0","0","0","2301","0","0","0","","0","0","0","3","02301","3","","6.0","","1","","","","0","","0","0","0","","0","","","3","3","0","0","0","0","0","2","0","3","","","","N","","","","","","","","","",""
"2013035555","","2","0","0","0","0","0","0","0","0","4","0","","02","3","2013","6","40.464171","-79.963993","","11","0","0","0","0","0","0","1","0","3","0","0","0","","","1","","2","","40 27:51.015","6","0","79 57:50.374","8","0","0","0","2301","0","0","0","N","0","0","0","7","02301","0","","1.0","","1","N","N","","1","","0","0","1","","3","Y","","4","1","0","0","0","1","0","2","0","4","","","","N","","","","","","","","","",""
"2013037202","","0","0","0","0","0","0","0","0","0","4","0","","02","3","2013","7","40.575045","-80.075417","","11","1","1","0","0","0","0","0","0","","0","0","0","","","1","","1","","40 34:30.163","","0","80 04:31.501","4","0","0","0","2481","0","0","0","N","0","0","0","3","02481","1","","1.0","","1","N","N","","0","","0","0","2","","3","","","2","1","0","0","0","0","0","2","0","2","","","","N","","","","","","","","","",""
"2013036990","","2","0","0","0","0","0","0","0","0","4","0","","02","4","2013","3","40.450743","-79.843739","","11","0","0","0","0","0","1","0","1","","0","0","0","","","2","","2","","40 27:02.675","","0","79 50:37.461","3","0","0","0","2113","0","0","0","N","0","0","0","3","02113","1","","1.0","","1","N","N","","0","","1","0","0","","3","","","2","2","0","0","0","0","0","2","0","2","","","","N","","","","","","","","","",""
"2013034323","","1","0","0","0","0","0","0","0","0","7","0","","02","3","2013","2","40.442044","-79.762593","","11","0","0","0","0","0","1","0","0","","0","0","0","","","0","","0","","40 26:31.359","","0","79 45:45.336","0","0","0","0","2446","0","0","0","Y","0","0","0","1","68B03","0","","7.0","","7","N","N","","0","","0","0","0","","8","","","1","0","0","0","0","0","0","2","0","1","","","","N","","","","","","","","","",""
"2013037814","","0","0","0","0","0","0","0","0","0","1","0","","02","4","2013","6","40.486392","-79.913256","","11","0","0","0","0","0","1","0","0","1","0","0","0","","","2","","3","","40 29:11.011","1","8","79 54:47.723","8","0","0","0","2301","0","0","0","N","0","0","0","4","02301","0","","7.0","","1","N","N","","1","","0","0","1","","0","N","","2","2","0","0","0","2","0","2","0","2","","","","N","","","","","","","","","",""
"2013035559","","0","0","0","0","0","0","0","0","0","4","0","","02","3","2013","6","40.512452","-80.133044","","11","0","0","0","0","0","2","0","0","1","0","0","0","","","1","","1","","40 30:44.828","5","0","80 07:58.960","4","0","0","0","2110","0","0","0","N","0","0","0","4","02215","1","","1.0","","1","N","N","","1","","0","0","1","","2","N","","2","1","0","0","0","0","0","2","0","2","","","","N","","","","","","","","","",""
"2013037878","","1","0","0","0","0","0","0","0","0","4","0","","02","1","2013","6","40.503661","-80.222371","","11","0","0","0","0","0","0","0","0","","0","0","0","","","1","","1","","40 30:13.181","","0","80 13:20.536","8","0","0","0","2213","0","0","0","N","0","0","0","3","02213","0","","1.0","","1","N","N","","0","","0","0","1","","0","","","2","1","0","0","0","1","0","2","0","2","","","","N","","","","","","","","","",""
"2013037274","","1","0","0","0","0","0","0","0","0","4","1","","02","4","2013","5","40.345366","-80.15479","","11","0","0","0","0","0","0","0","0","","0","1","0","","","0","","1","","40 20:43.316","","0","80 09:17.243","0","0","0","0","2119","0","0","0","N","0","0","0","2","02119","0","","1.0","","1","N","N","","0","","0","0","0","","3","","","2","0","0","0","0","0","0","2","0","2","","","","N","","","","","","","","","",""
"2013037005","","0","0","0","0","0","0","0","0","0","7","0","","02","3","2013","7","40.391309","-80.004","","11","0","0","0","0","0","0","0","0","","0","0","0","","","0","","0","","40 23:28.712","","0","80 00:14.400","0","0","0","0","2301","0","0","0","N","0","0","0","1","02301","0","","2.0","","1","N","N","","0","","0","0","1","","0","","","1","0","0","0","0","0","0","2","0","1","","","","N","","","","","","","","","",""
"2013037879","","0","0","0","0","0","0","0","0","0","0","0","","02","1","2013","5","40.531263","-80.189665","","11","0","0","0","0","0","0","0","0","1","0","0","0","","","0","","0","","40 31:52.548","3","0","80 11:22.794","0","0","0","0","2213","0","0","0","Y","0","0","0","1","02213","0","","1.0","","2","N","N","","0","","0","0","1","","0","N","","1","0","0","0","0","0","0","2","0","1","","","","N","","","","","","","","","",""
"2013036516","","1","0","0","0","0","0","0","0","0","7","0","","02","3","2013","3","40.589321","-80.098101","","11","0","0","0","0","0","0","1","0","1","0","0","0","","","1","","0","","40 35:21.554","1","3","80 05:53.162","4","0","0","0","2481","0","0","0","N","0","0","0","1","68B03","1","","4.0","","2","N","N","","0","","0","0","0","","0","N","","1","1","0","0","0","0","0","2","0","1","","","","N","","","","","","","","","",""
"2013037880","","1","0","0","0","0","0","0","0","0","1","0","","02","1","2013","5","40.509402","-80.223028","","11","0","0","0","0","0","0","0","0","","0","0","0","","","0","","2","","40 30:33.848","","0","80 13:22.900","0","0","0","0","2213","0","0","0","N","0","0","0","2","02213","0","","1.0","","1","N","N","","0","","0","0","1","","2","","","2","0","0","0","0","0","0","2","0","2","","","","N","","","","","","","","","",""
"2013036517","","2","0","0","0","0","0","0","0","0","1","0","","02","3","2013","7","40.415572","-80.060063","","11","0","0","0","0","0","1","1","0","1","0","0","0","","","0","","0","","40 24:56.058","3","0","80 03:36.225","0","0","0","0","2435","0","0","0","N","0","0","0","4","68B03","0","","1.0","","1","N","N","","0","","0","0","1","","0","N","","3","0","0","0","0","0","0","2","0","3","","","","N","","","","","","","","","",""
"2013036994","","2","0","0","0","0","0","0","0","0","4","0","","02","4","2013","4","40.329945","-80.077546","","11","0","0","1","0","0","0","0","1","","0","0","0","","","1","","2","","40 19:47.802","","0","80 04:39.165","8","0","0","0","2123","0","0","0","N","0","0","0","3","02123","0","","1.0","","1","N","N","","0","","0","0","0","","3","","","2","1","0","0","0","1","0","2","0","2","","","","N","","","","","","","","","",""
"2013037804","","2","0","0","0","0","0","0","0","0","1","0","35","02","4","2013","6","40.407424","-79.841401","","11","0","0","0","0","0","1","0","0","","0","0","0","","","0","","0","","40 24:26.728","","0","79 50:29.043","9","0","0","0","2449","0","0","0","N","0","0","0","7","02449","0","","1.0","","1","N","N","","0","","0","0","0","","0","","","3","0","2","0","0","0","1","2","0","3","","","Y","Y","8","1","","","N","Y","","","",""
"2013037817","","1","0","0","0","0","0","1","0","0","1","1","","02","4","2013","6","40.448148","-79.894465","","11","0","0","0","0","0","0","0","0","2","0","0","0","","","0","","0","","40 26:53.333","2","0","79 53:40.074","0","0","0","0","2301","0","0","0","N","0","0","0","23","02301","0","","1.0","","1","Y","N","","0","","0","0","0","","2","N","","2","0","0","0","0","0","0","2","0","2","","","","N","","","","","","","","","",""
"2013037881","","2","0","0","0","0","0","0","0","0","1","0","","02","1","2013","1","40.530982","-80.190015","","11","0","0","1","0","0","0","0","0","2","0","0","0","","","2","","2","","40 31:51.534","4","3","80 11:24.055","4","0","0","0","2213","0","0","0","N","0","0","0","3","02213","1","","1.0","","1","N","N","","0","","0","0","0","","2","N","","2","2","2","0","0","1","0","2","0","2","","","","N","","","","","","","","","",""
"2013036518","","3","0","0","0","0","0","0","0","0","1","0","","02","4","2013","2","40.446827","-80.168164","","11","0","0","1","0","0","0","1","1","","0","0","0","","","2","","0","","40 26:48.576","","0","80 10:05.390","8","0","0","0","2115","0","0","0","N","0","0","0","5","68B03","0","","1.0","","1","N","N","","0","","0","0","0","","0","","","3","2","0","0","0","2","0","2","0","3","","","","N","","","","","","","","","",""