"CRN","ARRIVAL_TM","AUTOMOBILE_COUNT","BELTED_DEATH_COUNT","BELTED_SUSP_SERIOUS_INJ_COUNT","BICYCLE_COUNT","BICYCLE_DEATH_COUNT","BICYCLE_SUSP_SERIOUS_INJ_COUNT","BUS_COUNT","CHLDPAS_DEATH_COUNT","CHLDPAS_SUSP_SERIOUS_INJ_COUNT","COLLISION_TYPE","COMM_VEH_COUNT","CONS_ZONE_SPD_LIM","COUNTY","CRASH_MONTH","CRASH_YEAR","DAY_OF_WEEK","DEC_LATITUDE","DEC_LONGITUDE","DISPATCH_TM","DISTRICT","DRIVER_COUNT_16YR","DRIVER_COUNT_17YR","DRIVER_COUNT_18YR","DRIVER_COUNT_19YR","DRIVER_COUNT_20YR","DRIVER_COUNT_50_64YR","DRIVER_COUNT_65_74YR","DRIVER_COUNT_75PLUS","EST_HRS_CLOSED","FATAL_COUNT","HEAVY_TRUCK_COUNT","HORSE_BUGGY_COUNT","HOUR_OF_DAY","ILLUMINATION","INJURY_COUNT","INTERSECTION_RELATED","INTERSECT_TYPE","LANE_CLOSED","LATITUDE","LN_CLOSE_DIR","LOCATION_TYPE","LONGITUDE","MAX_SEVERITY_LEVEL","MCYCLE_DEATH_COUNT","MCYCLE_SUSP_SERIOUS_INJ_COUNT","MOTORCYCLE_COUNT","MUNICIPALITY","NONMOTR_COUNT","NONMOTR_DEATH_COUNT","NONMOTR_SUSP_SERIOUS_INJ_COUNT","NTFY_HIWY_MAINT","PED_COUNT","PED_DEATH_COUNT","PED_SUSP_SERIOUS_INJ_COUNT","PERSON_COUNT","POLICE_AGCY","POSSIBLE_INJ_COUNT","RDWY_SURF_TYPE_CD","RELATION_TO_ROAD","ROADWAY_CLEARED","ROAD_CONDITION","SCH_BUS_IND","SCH_ZONE_IND","SECONDARY_CRASH","SMALL_TRUCK_COUNT","SPEC_JURIS_CD","SUSP_MINOR_INJ_COUNT","SUSP_SERIOUS_INJ_COUNT","SUV_COUNT","TCD_FUNC_CD","TCD_TYPE","TFC_DETOUR_IND","TIME_OF_DAY","TOTAL_UNITS","TOT_INJ_COUNT","UNBELTED_OCC_COUNT","UNB_DEATH_COUNT","UNB_SUSP_SERIOUS_INJ_COUNT","UNK_INJ_DEG_COUNT","UNK_INJ_PER_COUNT","URBAN_RURAL","VAN_COUNT","VEHICLE_COUNT","WEATHER1","WEATHER2","WORKERS_PRES","WORK_ZONE_IND","WORK_ZONE_LOC","WORK_ZONE_TYPE","WZ_CLOSE_DETOUR","WZ_FLAGGER","WZ_LAW_OFFCR_IND","WZ_LN_CLOSURE","WZ_MOVING","WZ_OTHER","WZ_SHLDER_MDN","WZ_WORKERS_INJ_KILLED"
"2013034575","","1","0","0","0","0","0","0","0","0","5","0","","02","3","2013","3","40.389398","-80.009384","","11","0","0","0","0","0","1","0","0","","0","0","0","","","1","","1","","40 23:21.832","","0","80 00:33.782","4","0","0","0","2301","0","0","0","N","0","0","0","3","02301","1","","1.0","","9","N","N","","0","","0","0","1","","3","","","2","1","0","0","0","0","0","2","0","2","","","","N","","","","","","","","","",""
"2013033833","","0","0","0","0","0","0","0","0","0","7","0","","02","3","2013","6","40.609658","-80.067615","","11","0","1","0","0","0","0","0","0","3","0","0","0","","","0","","0","","40 36:34.767","3","0","80 04:03.413","0","0","0","0","2108","0","0","0","N","0","0","0","1","02108","0","","5.0","","1","N","N","","0","","0","0","1","","0","N","","1","0","0","0","0","0","0","2","0","1","","","","N","","","","","","","","","",""
"2013033618","","0","0","0","0","0","0","0","0","0","7","0","","02","3","2013","1","40.283546","-79.947239","","11","0","1","0","0","0","0","0","0","2","0","0","0","","","1","","0","","40 17:00.764","6","0","79 56:50.059","8","0","0","0","2440","0","0","0","N","0","0","0","1","02440","0","","5.0","","9","N","N","","1","","0","0","0","","0","Y","","1","1","0","0","0","1","0","2","0","1","","","","N","","","","","","","","","",""
"2013032930","","1","0","0","0","0","0","0","0","0","5","0","","02","3","2013","6","40.438771","-79.989794","","11","0","0","0","1","0","0","0","0","","0","0","0","","","0","","0","","40 26:19.575","","0","79 59:23.258","0","0","0","0","2301","0","0","0","N","0","0","0","1","02301","0","","1.0","","1","N","N","","0","","0","0","1","","0","","","3","0","0","0","0","0","0","2","1","3","","","","N","","","","","","","","","",""
"2013033834","","0","0","0","0","0","0","0","0","0","7","0","","02","3","2013","1","40.55704","-80.018388","","11","0","0","0","0","0","0","0","0","","0","0","0","","","0","","1","","40 33:25.345","","0","80 01:06.198","0","0","0","0","2108","0","0","0","Y","0","0","0","1","02108","0","","5.0","","1","N","N","","0","","0","0","1","","2","","","1","0","0","0","0","0","0","2","0","1","","","","N","","","","","","","","","",""
"2013034563","","2","0","0","0","0","0","0","0","0","4","0","","02","3","2013","1","40.391997","-80.058137","","11","0","0","0","0","0","0","0","1","1","0","0","0","","","0","","2","","40 23:31.189","4","0","80 03:29.293","0","0","0","0","2117","0","0","0","N","0","0","0","4","02117","0","","1.0","","1","N","N","","0","","0","0","0","","3","N","","2","0","0","0","0","0","0","2","0","2","","","","N","","","","","","","","","",""
"2013033835","","2","0","0","0","0","0","0","0","0","1","0","","02","3","2013","6","40.447556","-80.154519","","11","0","0","0","0","0","1","0","0","","0","0","0","","","0","","0","","40 26:51.201","","0","80 09:16.267","0","0","0","0","2115","0","0","0","N","0","0","0","3","02115","0","","1.0","","1","N","N","","0","","0","0","0","","0","","","2","0","0","0","0","0","0","2","0","2","","","","N","","","","","","","","","",""
"2013033145","","1","0","0","0","0","0","0","0","0","7","0","","02","3","2013","7","40.46583","-79.838676","","11","0","0","0","0","0","0","0","0","","0","0","0","","","1","","0","","40 27:56.989","","0","79 50:19.233","4","0","0","0","2113","0","0","0","N","0","0","0","1","02113","1","","5.0","","1","N","N","","0","","0","0","0","","0","","","1","1","0","0","0","0","0","2","0","1","","","","N","","","","","","","","","",""
"2013034427","","1","0","0","0","0","0","0","0","0","1","0","","02","3","2013","3","40.602218","-79.947152","","11","0","0","0","0","0","1","0","0","","0","0","0","","","1","","1","","40 36:07.983","","0","79 56:49.747","8","0","0","0","2207","0","0","0","N","0","0","0","2","02207","0","","1.0","","1","N","N","","0","","0","0","1","","2","","","2","1","0","0","0","1","0","2","0","2","","","","N","","","","","","","","","",""
"2013034564","","1","0","0","0","0","0","0","0","0","1","0","","02","3","2013","4","40.45289","-79.920715","","11","0","0","0","0","0","0","1","0","1","0","0","0","","","2","","1","","40 27:10.404","3","0","79 55:14.574","4","0","0","0","2301","0","0","0","N","0","0","0","3","02301","1","","1.0","","9","N","N","","0","","0","0","0","","2","N","","2","2","0","0","0","1","0","2","1","2","","","","N","","","","","","","","","",""
"2013033836","","2","0","0","0","0","0","0","0","0","4","0","","02","3","2013","6","40.447031","-80.1584","","11","0","0","0","0","0","0","0","0","1","0","0","0","","","0","","0","","40 26:49.313","1","0","80 09:30.241","0","0","0","0","2115","0","0","0","N","0","0","0","3","02115","0","","1.0","","1","N","N","","0","","0","0","0","","8","N","","2","0","0","0","0","0","0","2","0","2","","","","N","","","","","","","","","",""
"2013033146","","2","0","0","0","0","0","0","0","0","1","0","","02","3","2013","7","40.45895","-79.974391","","11","0","0","0","0","0","0","1","0","","0","0","0","","","0","","0","","40 27:32.220","","0","79 58:27.807","0","0","0","0","2301","0","0","0","N","0","0","0","1","02301","0","","6.0","","1","N","N","","0","","0","0","0","","3","","","2","0","0","0","0","0","0","2","0","2","","","","N","","","","","","","","","",""
"2013033762","","2","0","0","0","0","0","0","0","0","2","0","","02","3","2013","2","40.455546","-79.879422","","11","0","0","0","0","0","1","0","0","1","0","0","0","","","0","","0","","40 27:19.967","3","7","79 52:45.919","0","0","0","0","2301","0","0","0","N","0","0","0","2","02301","0","","1.0","","6","N","N","","0","","0","0","0","","0","N","","2","0","0","0","0","0","0","2","0","2","","","","N","","","","","","","","","",""
"2013034581","","1","0","0","0","0","0","0","0","0","6","0","","02","3","2013","4","40.37036","-79.830648","","11","0","0","0","0","0","0","0","0","","0","0","0","","","0","","0","","40 22:13.296","","0","79 49:50.332","0","0","0","0","2111","0","0","0","N","0","0","0","1","02111","0","","4.0","","9","N","N","","1","","0","0","1","","0","","","3","0","0","0","0","0","0","2","0","3","","","","N","","","","","","","","","",""
"2013034429","","1","0","0","0","0","0","0","0","0","1","0","","02","3","2013","3","40.337466","-79.808754","","11","0","0","0","1","0","0","0","0","1","0","0","0","","","0","","1","","40 20:14.876","2","0","79 48:31.516","0","0","0","0","2477","0","0","0","N","0","0","0","4","02477","0","","1.0","","1","N","N","","0","","0","0","1","","2","N","","2","0","1","0","0","0","0","2","0","2","","","","N","","","","","","","","","",""
"2013033918","","0","0","0","0","0","0","0","0","0","6","0","","02","3","2013","2","40.523094","-79.99046","","11","0","0","0","0","0","2","0","0","2","0","0","0","","","0","","0","","40 31:23.137","5","0","79 59:25.657","0","0","0","0","2116","0","0","0","N","0","0","0","2","02116","0","","1.0","","7","N","N","","1","","0","0","1","","0","N","","2","0","0","0","0","0","0","2","0","2","","","","N","","","","","","","","","",""
"2013034415","","1","0","0","0","0","0","0","0","0","1","0","","02","3","2013","3","40.439099","-79.726824","","11","0","1","0","0","0","0","0","0","","0","0","0","","","1","","0","","40 26:20.756","","0","79 43:36.566","8","0","0","0","2446","0","0","0","N","0","0","0","2","02446","0","","1.0","","1","N","N","","1","","0","0","0","","0","","","2","1","0","0","0","1","0","2","0","2","","","","N","","","","","","","","","",""
"2013033010","","0","0","0","0","0","0","0","0","0","7","0","","02","3","2013","5","40.615444","-79.757653","","11","0","0","0","0","0","1","0","0","","0","0","0","","","0","","3","","40 36:55.598","","0","79 45:27.551","0","0","0","0","2202","0","0","0","Y","0","0","0","1","68D02","0","","5.0","","2","N","N","","1","","0","0","0","","0","","","1","0","0","0","0","0","0","2","0","1","","","","N","","","","","","","","","",""
"2013033149","","1","0","0","0","0","0","0","0","0","5","0","","02","3","2013","7","40.385359","-79.979392","","11","0","0","0","0","1","0","0","0","","0","0","0","","","0","","0","","40 23:07.292","","0","79 58:45.811","0","0","0","0","2301","0","0","0","N","0","0","0","1","02301","0","","6.0","","1","N","N","","0","","0","0","1","","0","","","2","0","0","0","0","0","0","2","0","2","","","","N","","","","","","","","","",""
"2013034416","","2","0","0","0","0","0","0","0","0","4","0","","02","3","2013","3","40.438667","-79.767941","","11","0","0","0","0","0","2","0","0","","0","0","0","","","1","","0","","40 26:19.202","","7","79 46:04.588","4","0","0","0","2446","0","0","0","N","0","0","0","2","02446","1","","6.0","","1","N","N","","0","","0","0","0","","0","","","2","1","2","0","0","0","0","2","0","2","","","","N","","","","","","","","","",""
"2013032875","","1","0","0","0","0","0","0","0","0","5","1","","02","3","2013","2","40.379858","-79.808275","","11","0","0","0","1","0","1","0","0","1","0","0","0","","","0","","2","","40 22:47.487","4","0","79 48:29.789","0","0","0","0","2424","0","0","0","N","0","0","0","3","02424","0","","1.0","","1","N","N","","1","","0","0","0","","0","N","","2","0","0","0","0","0","0","2","0","2","","","","N","","","","","","","","","",""
"2013033765","","1","0","0","0","0","0","0","0","0","7","0","","02","3","2013","2","40.63276","-79.734175","","11","0","0","0","0","0","0","0","0","3","0","0","0","","","2","","0","","40 37:57.937","5","0","79 44:03.031","3","0","0","0","2202","0","0","0","N","0","0","0","2","02202","0","","5.0","","7","N","N","","0","","2","0","0","","0","N","","1","2","0","0","0","0","0","2","0","1","","","","N","","","","","","","","","",""
"2013033906","","1","0","0","0","0","0","0","0","0","7","0","","02","3","2013","7","40.456704","-79.989854","","11","0","0","1","0","0","0","0","0","1","0","0","0","","","0","","0","","40 27:24.136","2","0","79 59:23.473","0","0","0","0","2118","0","0","0","Y","0","0","0","1","02118","0","","4.0","","1","N","N","","0","","0","0","0","","0","N","","1","0","1","0","0","0","0","2","0","1","","","","N","","","","","","","","","",""
"2013033625","","2","0","0","0","0","0","0","0","0","2","0","","02","3","2013","7","40.459193","-79.970767","","11","0","0","0","0","0","0","0","0","","0","0","0","","","0","","2","","40 27:33.094","","0","79 58:14.761","0","0","0","0","2301","0","0","0","N","0","0","0","3","02301","0","","1.0","","1","N","N","","0","","0","0","0","","2","","","2","0","0","0","0","0","0","2","0","2","","","","N","","","","","","","","","",""
"2013034418","","1","0","0","0","0","0","0","0","0","1","0","","02","3","2013","3","40.461333","-79.906117","","11","0","0","0","0","0","0","0","0","2","0","0","0","","","1","","0","","40 27:40.798","2","0","79 54:22.021","4","0","0","0","2301","0","0","0","N","0","0","0","1","02301","1","","1.0","","1","N","N","","0","","0","0","0","","0","N","","2","1","0","0","0","0","0","2","1","2","","","","N","","","","","","","","","",""
"2013033086","","1","0","0","0","0","0","0","0","0","4","0","","02","3","2013","6","40.439163","-79.829722","","11","0","0","1","0","0","1","0","0","1","0","0","0","","","3","","2","","40 26:20.988","1","0","79 49:46.999","4","0","0","0","2419","0","0","0","N","0","0","0","3","02419","3","","1.0","","1","N","N","","0","","0","0","1","","3","N","","2","3","0","0","0","0","0","2","0","2","","","","N","","","","","","","","","",""
"2013033087","","2","0","0","0","0","0","0","0","0","1","0","","02","3","2013","5","40.617082","-80.089444","","11","0","0","0","0","0","1","0","1","2","0","0","0","","","0","","2","","40 37:01.494","3","0","80 05:21.998","0","0","0","0","2212","0","0","0","N","0","0","0","2","02505","0","","1.0","","1","N","N","","0","","0","0","0","","2","N","","2","0","0","0","0","0","0","2","0","2","","","","N","","","","","","","","","",""
"2013033909","","1","0","0","0","0","0","0","0","0","4","0","","02","3","2013","7","40.364229","-79.984334","","11","0","0","0","0","0","0","0","0","1","0","0","0","","","0","","0","","40 21:51.225","1","7","79 59:03.602","0","0","0","0","2413","0","0","0","N","0","0","0","3","02413","0","","1.0","","9","N","N","","0","","0","0","0","","0","N","","2","0","0","0","0","0","0","2","0","2","","","","N","","","","","","","","","",""
"2013034438","","2","0","0","0","0","0","0","0","0","1","0","","02","3","2013","5","40.39298","-80.090711","","11","0","0","0","0","0","0","1","0","","0","0","0","","","0","","0","","40 23:34.728","","0","80 05:26.559","0","0","0","0","2437","0","0","0","N","0","0","0","1","02437","0","","2.0","","9","N","N","","0","","0","0","0","","0","","","2","0","0","0","0","0","0","2","0","2","","","","N","","","","","","","","","",""
"2013032866","","1","0","0","0","0","0","0","0","0","7","0","","02","3","2013","3","40.398484","-79.788739","","11","0","0","0","0","0","0","0","0","","0","0","0","","","0","","3","","40 23:54.542","","0","79 47:19.460","0","0","0","0","2446","0","0","0","N","0","0","0","1","02446","0","","5.0","","1","N","N","","0","","0","0","0","","0","","","1","0","0","0","0","0","0","2","0","1","","","","N","","","","","","","","","",""
"2013033705","","0","0","0","0","0","0","0","0","0","7","0","","02","3","2013","2","40.487051","-79.816946","","11","0","0","0","1","0","0","0","0","","0","0","0","","","0","","0","","40 29:13.383","","0","79 49:01.005","0","0","0","0","2113","0","0","0","N","0","0","0","1","02113","0","","5.0","","7","N","N","","0","","0","0","1","","0","","","1","0","0","0","0","0","0","2","0","1","","","","N","","","","","","","","","",""
"2013032684","","0","0","0","0","0","0","0","0","0","7","0","","02","3","2013","6","40.614492","-80.095524","","11","0","0","0","0","0","1","0","0","2","0","0","0","","","1","","0","","40 36:52.172","2","0","80 05:43.887","8","0","0","0","2481","0","0","0","Y","0","0","0","1","68B03","0","","2.0","","1","N","N","","1","","0","0","0","","0","N","","1","1","0","0","0","1","0","2","0","1","","","","N","","","","","","","","","",""
"2013034945","","2","0","0","0","0","0","0","0","0","4","0","","02","3","2013","5","40.455662","-79.942895","","11","0","0","0","0","0","1","0","1","1","0","0","0","","","0","","2","","40 27:20.383","4","0","79 56:34.421","0","0","0","0","2301","0","0","0","N","0","0","0","2","02301","0","","1.0","","1","N","N","","0","","0","0","0","","0","N","","2","0","0","0","0","0","0","2","0","2","","","","N","","","","","","","","","",""
"2013033448","","2","0","0","0","0","0","0","0","0","4","0","","02","3","2013","6","40.539463","-79.83071","","11","0","0","0","0","1","1","0","0","1","0","0","0","","","1","","2","","40 32:22.066","2","0","79 49:50.556","4","0","0","0","2208","0","0","0","N","0","0","0","3","02208","1","","2.0","","1","N","N","","0","","0","0","0","","3","N","","2","1","0","0","0","0","0","2","0","2","","","","N","","","","","","","","","",""
"2013032757","","2","0","0","0","0","0","0","0","0","7","0","","02","3","2013","6","40.44243","-80.023583","","11","0","0","0","0","0","0","0","0","2","0","0","0","","","0","","0","","40 26:32.749","7","0","80 01:24.900","0","0","0","0","2301","0","0","0","N","0","0","0","2","02301","0","","4.0","","1","N","N","","0","","0","0","0","","0","Y","","2","0","1","0","0","0","0","2","0","2","","","","N","","","","","","","","","",""
"2013033171","","1","0","0","0","0","0","0","0","0","1","0","","02","3","2013","1","40.430568","-79.95763","","11","0","0","0","0","0","0","0","0","2","0","0","0","","","1","","7","","40 25:50.046","3","2","79 57:27.467","4","0","0","0","2301","0","0","0","N","0","0","0","6","68B03","1","","1.0","","9","N","N","","0","","0","0","1","","0","N","","2","1","0","0","0","0","4","2","0","2","","","","N","","","","","","","","","",""
"2013034733","","0","0","0","0","0","0","0","0","0","4","0","","02","3","2013","4","40.413052","-80.022974","","11","0","0","0","0","0","0","0","0","","0","0","0","","","0","","1","","40 24:46.987","","0","80 01:22.706","0","0","0","0","2301","0","0","0","N","0","0","0","2","02301","0","","1.0","","1","N","N","","1","","0","0","1","","3","","","2","0","2","0","0","0","0","2","0","2","","","","N","","","","","","","","","",""
"2013034934","","0","0","0","0","0","0","0","0","0","2","0","","02","3","2013","3","40.470727","-79.924036","","11","0","0","0","0","0","2","0","0","","0","0","0","","","2","","1","","40 28:14.617","","0","79 55:26.529","8","0","0","0","2301","0","0","0","N","0","0","0","3","02301","0","","1.0","","1","N","N","","0","","0","0","3","","3","","","3","2","0","0","0","2","0","2","0","3","","","","N","","","","","","","","","",""
"2013033450","","1","0","0","0","0","0","0","0","0","2","0","","02","3","2013","7","40.406478","-79.912858","","11","0","0","0","0","0","0","0","0","2","0","0","0","","","0","","0","","40 24:23.320","2","3","79 54:46.287","0","0","0","0","2438","0","0","0","N","0","0","0","6","02438","0","","1.0","","1","N","N","","1","","0","0","2","","0","N","","4","0","0","0","0","0","0","2","0","4","","","","N","","","","","","","","","",""
"2013033172","","1","0","0","0","0","0","0","0","0","5","0","","02","3","2013","4","40.583481","-80.098694","","11","0","0","0","0","0","0","0","0","","0","0","0","","","0","","0","","40 35:00.530","","0","80 05:55.300","0","0","0","0","2481","0","0","0","N","0","0","0","2","68B03","0","","1.0","","6","N","N","","0","","0","0","1","","0","","","2","0","0","0","0","0","0","2","0","2","","","","N","","","","","","","","","",""
"2013033438","","1","0","0","0","0","0","0","0","0","1","0","","02","3","2013","7","40.429267","-79.999168","","11","0","0","0","0","0","1","0","0","2","0","0","0","","","0","","1","","40 25:45.362","2","3","79 59:57.003","0","0","0","0","2301","0","0","0","N","0","0","0","4","02301","0","","1.0","","1","N","N","","1","","0","0","1","","0","N","","3","0","0","0","0","0","0","2","0","3","","","","N","","","","","","","","","",""
"2013033173","","1","0","0","0","0","0","0","0","0","4","1","","02","3","2013","4","40.420779","-80.041141","","11","0","0","0","0","0","0","0","0","","0","1","0","","","0","","0","","40 25:14.806","","0","80 02:28.107","0","0","0","0","2435","0","0","0","N","0","0","0","4","68B03","0","","1.0","","1","N","N","","0","","0","0","1","","0","","","3","0","0","0","0","0","0","2","0","3","","","","N","","","","","","","","","",""
"2013033932","","0","0","0","0","0","0","0","0","0","8","0","","02","3","2013","2","40.443715","-79.995301","","11","0","0","0","0","0","0","0","0","","0","0","0","","","1","","0","","40 26:37.373","","0","79 59:43.083","4","0","0","0","2301","1","0","0","N","1","0","0","2","02301","1","","1.0","","6","N","N","","0","","0","0","1","","2","","","2","1","0","0","0","0","0","2","0","1","","","","N","","","","","","","","","",""
"2013034735","","1","0","0","0","0","0","0","0","0","7","0","","02","3","2013","5","40.4938","-80.010838","","11","0","0","0","0","0","0","0","0","2","0","0","0","","","0","","0","","40 29:37.679","1","0","80 00:39.016","0","0","0","0","2301","0","0","0","Y","0","0","0","1","68B03","0","","2.0","","7","N","N","","0","","0","0","0","","0","N","","1","0","0","0","0","0","0","2","0","1","","","","N","","","","","","","","","",""
"2013033174","","1","0","0","0","0","0","0","0","0","7","0","","02","3","2013","5","40.532801","-80.073285","","11","0","0","0","0","0","0","0","0","1","0","0","0","","","0","","0","","40 31:58.084","2","0","80 04:23.826","0","0","0","0","2215","0","0","0","N","0","0","0","1","68B03","0","","4.0","","1","N","N","","0","","0","0","0","","0","N","","1","0","0","0","0","0","0","2","0","1","","","","N","","","","","","","","","",""
"2013033933","","1","0","0","0","0","0","0","0","0","7","0","","02","3","2013","3","40.502128","-79.933107","","11","0","0","0","0","0","0","0","0","","0","0","0","","","0","","0","","40 30:07.659","","0","79 55:59.185","9","0","0","0","2112","0","0","0","N","0","0","0","1","02112","0","","2.0","","1","N","N","","0","","0","0","0","","0","","","1","0","0","0","0","0","1","2","0","1","","","","N","","","","","","","","","",""
"2013033234","","0","0","0","0","0","0","0","0","0","4","0","","02","3","2013","2","40.530126","-80.018093","","11","0","0","0","1","0","1","0","0","","0","0","0","","","0","","2","","40 31:48.454","","0","80 01:05.136","0","0","0","0","2116","0","0","0","N","0","0","0","2","02116","0","","1.0","","7","N","N","","0","","0","0","1","","2","","","2","0","0","0","0","0","0","2","1","2","","","","N","","","","","","","","","",""
"2013033313","","1","0","0","0","0","0","0","0","0","4","0","","02","3","2013","7","40.47957","-80.104122","","11","0","0","0","0","0","0","0","0","2","0","0","0","","","0","","2","","40 28:46.452","3","0","80 06:14.839","0","0","0","0","2126","0","0","0","N","0","0","0","3","02126","0","","1.0","","1","N","N","","1","","0","0","0","","0","N","","2","0","0","0","0","0","0","2","0","2","","","","N","","","","","","","","","",""
"2013033377","","1","0","0","0","0","0","0","0","0","0","0","","02","3","2013","7","40.454602","-79.99415","","11","0","0","0","0","0","0","0","0","","0","0","0","","","1","","0","","40 27:16.567","","1","79 59:38.941","4","0","0","0","2301","0","0","0","N","0","0","0","1","02301","1","","1.0","","1","N","N","","0","","0","0","0","","0","","","1","1","0","0","0","0","0","2","0","1","","","","N","","","","","","","","","",""
"2013033453","","1","0","0","0","0","0","0","0","0","1","0","","02","3","2013","1","40.320778","-79.860622","","11","0","0","0","0","0","0","0","0","","0","0","0","","","0","","2","","40 19:14.800","","0","79 51:38.239","0","0","0","0","2442","0","0","0","N","0","0","0","1","02442","0","","5.0","","1","N","N","","0","","0","0","1","","0","","","2","0","0","0","0","0","0","2","0","2","","","","N","","","","","","","","","",""
"2013033934","","1","0","0","0","0","0","0","0","0","7","0","","02","3","2013","3","40.458656","-79.998494","","11","0","0","0","0","0","0","0","0","2","0","0","0","","","0","","2","","40 27:31.163","2","0","79 59:54.577","0","0","0","0","2301","0","0","0","N","0","0","0","2","02301","0","","1.0","","9","N","N","","0","","0","0","0","","0","N","","1","0","0","0","0","0","0","2","0","1","","","","N","","","","","","","","","",""
"2013034800","","0","0","0","0","0","0","0","0","0","4","0","90","02","3","2013","4","40.59962","-79.930689","","11","0","0","0","0","0","0","0","0","","0","0","0","","","1","","0","","40 35:58.632","","3","79 55:50.480","3","0","0","0","2207","0","0","0","N","0","0","0","1","02207","0","","5.0","","1","N","N","","0","","1","0","0","","8","","","2","1","0","0","0","0","0","2","1","2","","","N","Y","4","1","Y","","N","","","","",""
"2013033378","","1","0","0","0","0","0","0","0","0","1","0","","02","3","2013","7","40.381251","-79.860203","","11","0","0","0","0","0","1","0","0","","0","0","0","","","0","","0","","40 22:52.505","","0","79 51:36.730","0","0","0","0","2473","0","0","0","N","0","0","0","3","02473","0","","1.0","","1","N","N","","0","","0","0","1","","0","","","2","0","1","0","0","0","0","2","0","2","","","","N","","","","","","","","","",""
"2013034954","","0","0","0","0","0","0","0","0","0","1","0","","02","3","2013","3","40.436107","-79.780524","","11","0","0","0","0","0","0","0","0","","0","0","0","","","1","","3","","40 26:09.985","","0","79 46:49.885","4","0","0","0","2446","0","0","0","","0","0","0","2","02446","1","","4.0","","1","","","","2","","0","0","0","","4","","","2","1","0","0","0","0","0","2","0","2","","","","N","","","","","","","","","",""
"2013034214","","0","0","0","0","0","0","0","0","0","7","0","","02","3","2013","3","40.497977","-80.020151","","11","0","0","0","0","0","0","0","0","","0","0","0","","","0","","0","","40 29:52.716","","0","80 01:12.542","0","0","0","0","2301","0","0","0","","0","0","0","1","02301","0","","1.0","","2","","","","0","","0","0","1","","0","","","1","0","0","0","0","0","0","2","0","1","","","","N","","","","","","","","","",""
"2013040382","","0","0","0","0","0","0","0","0","0","4","0","","02","4","2013","1","40.418824","-79.972704","","11","0","0","0","0","1","0","0","0","1","0","0","0","","","2","","1","","40 25:07.766","7","0","79 58:21.734","4","0","0","0","2301","0","0","0","N","0","0","0","3","02301","2","","1.0","","1","N","N","","1","","0","0","1","","3","N","","2","2","0","0","0","0","0","2","0","2","","","","N","","","","","","","","","",""
"2013033383","","2","0","0","0","0","0","0","0","0","4","0","","02","3","2013","7","40.405698","-79.940758","","11","0","0","0","0","0","0","1","0","","0","0","0","","","0","","0","","40 24:20.512","","0","79 56:26.728","0","0","0","0","2301","0","0","0","N","0","0","0","3","02301","0","","6.0","","1","N","N","","0","","0","0","0","","0","","","2","0","0","0","0","0","0","2","0","2","","","","N","","","","","","","","","",""
"2013040383","","1","0","0","0","0","0","0","0","0","4","0","","02","4","2013","1","40.408531","-80.049978","","11","0","0","0","0","0","0","0","0","","0","0","0","","","0","","2","","40 24:30.711","","0","80 02:59.922","0","0","0","0","2435","0","0","0","N","0","0","0","3","02435","0","","1.0","","1","N","N","","0","","0","0","1","","2","","","2","0","1","0","0","0","0","2","0","2","","","","N","","","","","","","","","",""
"2013033940","","0","0","0","0","0","0","0","0","0","4","0","","02","3","2013","2","40.45955","-79.926359","","11","0","0","0","1","0","1","0","0","","0","0","0","","","2","","2","","40 27:34.380","","0","79 55:34.892","4","0","0","0","2301","0","0","0","N","0","0","0","3","02301","1","","1.0","","9","N","N","","0","","0","0","2","","3","","","2","2","0","0","0","1","0","2","0","2","","","","N","","","","","","","","","",""
"2013034957","","3","0","0","0","0","0","0","0","0","1","0","","02","3","2013","3","40.438426","-79.742673","","11","0","0","0","0","0","1","1","0","","0","0","0","","","2","","0","","40 26:18.335","","0","79 44:33.623","3","0","0","0","2446","0","0","0","","0","0","0","3","02446","1","","1.0","","1","","","","0","","1","0","0","","0","","","3","2","0","0","0","0","0","2","0","3","","","","N","","","","","","","","","",""
"2013033385","","0","0","0","0","0","0","0","0","0","7","0","90","02","3","2013","7","40.217617","-79.843743","","11","0","0","0","0","0","0","0","0","3","0","0","0","","","0","","0","","40 13:03.420","2","0","79 50:37.476","9","0","0","0","2204","0","0","0","Y","0","0","0","1","02204","0","","2.0","","1","N","N","","1","","0","0","0","","0","N","","1","0","1","0","0","0","1","2","0","1","","","N","Y","4","1","","","N","","","","Y",""
"2013038883","","1","0","0","0","0","0","0","0","0","5","1","","02","4","2013","3","40.469325","-79.961463","","11","0","0","0","0","0","1","0","0","3","0","1","0","","","0","","0","","40 28:09.571","4","0","79 57:41.267","9","0","0","0","2301","0","0","0","Y","0","0","0","2","02301","0","","1.0","","1","N","N","","0","","0","0","1","","0","N","","3","0","0","0","0","0","2","2","0","3","","","","N","","","","","","","","","",""
"2013039641","","1","0","0","0","0","0","0","0","0","8","0","","02","4","2013","5","40.408366","-80.081017","","11","0","0","0","0","0","0","0","0","","0","0","0","","","1","","0","","40 24:30.117","","0","80 04:51.662","8","0","0","0","2415","1","0","0","N","1","0","0","3","02415","0","","1.0","","1","N","N","","0","","0","0","0","","0","","","2","1","0","0","0","1","0","2","0","1","","","","N","","","","","","","","","",""