"CRN","ARRIVAL_TM","AUTOMOBILE_COUNT","BELTED_DEATH_COUNT","BELTED_SUSP_SERIOUS_INJ_COUNT","BICYCLE_COUNT","BICYCLE_DEATH_COUNT","BICYCLE_SUSP_SERIOUS_INJ_COUNT","BUS_COUNT","CHLDPAS_DEATH_COUNT","CHLDPAS_SUSP_SERIOUS_INJ_COUNT","COLLISION_TYPE","COMM_VEH_COUNT","CONS_ZONE_SPD_LIM","COUNTY","CRASH_MONTH","CRASH_YEAR","DAY_OF_WEEK","DEC_LATITUDE","DEC_LONGITUDE","DISPATCH_TM","DISTRICT","DRIVER_COUNT_16YR","DRIVER_COUNT_17YR","DRIVER_COUNT_18YR","DRIVER_COUNT_19YR","DRIVER_COUNT_20YR","DRIVER_COUNT_50_64YR","DRIVER_COUNT_65_74YR","DRIVER_COUNT_75PLUS","EST_HRS_CLOSED","FATAL_COUNT","HEAVY_TRUCK_COUNT","HORSE_BUGGY_COUNT","HOUR_OF_DAY","ILLUMINATION","INJURY_COUNT","INTERSECTION_RELATED","INTERSECT_TYPE","LANE_CLOSED","LATITUDE","LN_CLOSE_DIR","LOCATION_TYPE","LONGITUDE","MAX_SEVERITY_LEVEL","MCYCLE_DEATH_COUNT","MCYCLE_SUSP_SERIOUS_INJ_COUNT","MOTORCYCLE_COUNT","MUNICIPALITY","NONMOTR_COUNT","NONMOTR_DEATH_COUNT","NONMOTR_SUSP_SERIOUS_INJ_COUNT","NTFY_HIWY_MAINT","PED_COUNT","PED_DEATH_COUNT","PED_SUSP_SERIOUS_INJ_COUNT","PERSON_COUNT","POLICE_AGCY","POSSIBLE_INJ_COUNT","RDWY_SURF_TYPE_CD","RELATION_TO_ROAD","ROADWAY_CLEARED","ROAD_CONDITION","SCH_BUS_IND","SCH_ZONE_IND","SECONDARY_CRASH","SMALL_TRUCK_COUNT","SPEC_JURIS_CD","SUSP_MINOR_INJ_COUNT","SUSP_SERIOUS_INJ_COUNT","SUV_COUNT","TCD_FUNC_CD","TCD_TYPE","TFC_DETOUR_IND","TIME_OF_DAY","TOTAL_UNITS","TOT_INJ_COUNT","UNBELTED_OCC_COUNT","UNB_DEATH_COUNT","UNB_SUSP_SERIOUS_INJ_COUNT","UNK_INJ_DEG_COUNT","UNK_INJ_PER_COUNT","URBAN_RURAL","VAN_COUNT","VEHICLE_COUNT","WEATHER1","WEATHER2","WORKERS_PRES","WORK_ZONE_IND","WORK_ZONE_LOC","WORK_ZONE_TYPE","WZ_CLOSE_DETOUR","WZ_FLAGGER","WZ_LAW_OFFCR_IND","WZ_LN_CLOSURE","WZ_MOVING","WZ_OTHER","WZ_SHLDER_MDN","WZ_WORKERS_INJ_KILLED"
"2013040278","","0","0","0","0","0","0","0","0","0","0","0","","02","4","2013","7","40.408531","-80.004662","","11","0","0","0","0","0","0","0","0","","0","0","0","","","0","","0","","40 24:30.712","","0","80 00:16.783","0","0","0","0","2301","0","0","0","Y","0","0","0","1","02301","0","","1.0","","1","N","N","","0","","0","0","1","","0","","","1","0","0","0","0","0","0","2","0","1","","","","N","","","","","","","","","",""
"2013038526","","1","0","0","0","0","0","0","0","0","7","0","","02","4","2013","7","40.553005","-79.785248","","11","0","0","0","0","0","0","0","0","","0","0","0","","","0","","0","","40 33:10.817","","0","79 47:06.891","0","0","0","0","2121","0","0","0","N","0","0","0","1","02121","0","","2.0","","1","N","N","","0","","0","0","0","","0","","","1","0","0","0","0","0","0","1","0","1","","","","N","","","","","","","","","",""
"2013040279","","2","0","0","0","0","0","0","0","0","4","0","","02","4","2013","1","40.477498","-79.759454","","11","0","0","0","1","0","0","0","0","","0","0","0","","","1","","2","","40 28:38.994","","0","79 45:34.033","8","0","0","0","2466","0","0","0","N","0","0","0","2","02466","0","","1.0","","1","N","N","","0","","0","0","0","","0","","","2","1","0","0","0","1","0","2","0","2","","","","N","","","","","","","","","",""
"2013038463","","1","0","0","0","0","0","0","0","0","6","0","","02","4","2013","2","40.404313","-79.987747","","11","0","0","0","0","0","0","0","0","2","0","0","0","","","0","","0","","40 24:15.526","6","0","79 59:15.889","9","0","0","0","2301","0","0","0","N","0","0","0","2","02301","0","","6.0","","1","N","N","","2","","0","0","0","","0","Y","","3","0","0","0","0","0","2","2","0","3","","","","N","","","","","","","","","",""
"2013040802","","0","0","0","0","0","0","0","0","0","4","0","","02","4","2013","3","40.4512","-79.925784","","11","0","0","0","0","0","0","0","0","","0","0","0","","","0","","2","","40 27:04.320","","0","79 55:32.822","0","0","0","0","2301","0","0","0","N","0","0","0","2","02301","0","","1.0","","1","N","N","","0","","0","0","2","","3","","","2","0","0","0","0","0","0","2","0","2","","","","N","","","","","","","","","",""
"2013040002","","1","0","0","0","0","0","0","0","0","7","0","","02","4","2013","7","40.452702","-80.001506","","11","0","0","0","1","0","0","0","0","","0","0","0","","","1","","2","","40 27:09.727","","0","80 00:05.421","4","0","0","0","2301","0","0","0","N","0","0","0","2","02301","1","","2.0","","1","N","N","","0","","0","0","0","","0","","","1","1","0","0","0","0","0","2","0","1","","","","N","","","","","","","","","",""
"2013040815","","2","0","0","0","0","0","0","0","0","2","0","","02","4","2013","3","40.465466","-79.946427","","11","0","0","0","0","0","0","0","0","1","0","0","0","","","0","","1","","40 27:55.677","5","0","79 56:47.137","0","0","0","0","2301","0","0","0","N","0","0","0","2","02301","0","","1.0","","1","N","N","","1","","0","0","0","","2","Y","","3","0","0","0","0","0","0","2","0","3","","","","N","","","","","","","","","",""
"2013039990","","1","0","0","0","0","0","0","0","0","1","0","","02","4","2013","7","40.462086","-79.94009","","11","0","0","0","0","1","0","0","0","","0","0","0","","","0","","0","","40 27:43.509","","0","79 56:24.324","0","0","0","0","2301","0","0","0","N","0","0","0","1","02301","0","","6.0","","1","N","N","","1","","0","0","0","","0","","","2","0","0","0","0","0","0","2","0","2","","","","N","","","","","","","","","",""
"2013040816","","2","0","0","0","0","0","0","0","0","4","0","","02","4","2013","3","40.44414","-80.028092","","11","0","0","0","0","0","0","0","0","1","0","0","0","","","1","","1","","40 26:38.905","4","0","80 01:41.132","8","0","0","0","2301","0","0","0","N","0","0","0","3","02301","0","","1.0","","1","N","N","","0","","0","0","0","","2","N","","2","1","0","0","0","1","0","2","0","2","","","","N","","","","","","","","","",""
"2013039362","","1","0","0","0","0","0","0","0","0","7","0","","02","4","2013","4","40.348851","-79.908729","","11","0","0","0","0","0","0","0","0","3","0","0","0","","","0","","0","","40 20:55.862","6","0","79 54:31.424","0","0","0","0","2473","0","0","0","N","0","0","0","1","02473","0","","5.0","","9","N","N","","0","","0","0","0","","0","Y","","1","0","0","0","0","0","0","2","0","1","","","","N","","","","","","","","","",""
"2013039440","","2","0","0","0","0","0","0","0","0","1","0","","02","4","2013","5","40.373468","-80.095458","","11","0","0","0","0","0","1","0","0","","0","0","0","","","1","","0","","40 22:24.484","","0","80 05:43.648","8","0","0","0","2117","0","0","0","N","0","0","0","2","02117","0","","1.0","","1","N","N","","0","","0","0","0","","0","","","2","1","0","0","0","1","0","2","0","2","","","","N","","","","","","","","","",""
"2013041085","","0","0","0","0","0","0","0","0","0","7","0","","02","4","2013","1","40.531434","-79.960217","","11","0","0","0","0","0","0","0","0","4","0","0","0","","","0","","0","","40 31:53.162","5","3","79 57:36.780","0","0","0","0","2118","0","0","0","N","0","0","0","1","02118","0","","4.0","","1","N","N","","0","","0","0","0","","0","Y","","1","0","0","0","0","0","0","2","1","1","","","","N","","","","","","","","","",""
"2013038465","","1","0","0","0","0","0","0","0","0","4","0","","02","4","2013","6","40.664948","-79.703784","","11","0","0","0","0","0","1","1","0","","0","0","0","","","0","","2","","40 39:53.811","","0","79 42:13.623","0","0","0","0","2106","0","0","0","N","0","0","0","2","02106","0","","1.0","","1","N","N","","1","","0","0","0","","2","","","2","0","0","0","0","0","0","1","0","2","","","","N","","","","","","","","","",""
"2013040805","","1","0","0","0","0","0","0","0","0","4","0","","02","4","2013","3","40.46212","-80.030732","","11","0","0","0","0","0","1","0","0","","0","0","0","","","1","","1","","40 27:43.633","","0","80 01:50.635","8","0","0","0","2301","0","0","0","N","0","0","0","2","02301","0","","1.0","","1","N","N","","1","","0","0","0","","2","","","2","1","0","0","0","1","0","2","0","2","","","","N","","","","","","","","","",""
"2013038608","","2","0","0","0","0","0","0","0","0","4","0","","02","4","2013","2","40.496014","-80.007929","","11","0","0","0","0","0","0","1","0","2","0","0","0","","","3","","1","","40 29:45.651","7","0","80 00:28.545","8","0","0","0","2301","0","0","0","N","0","0","0","3","02301","0","","1.0","","1","N","N","","0","","0","0","0","","3","N","","2","3","0","0","0","3","0","2","0","2","","","","N","","","","","","","","","",""
"2013038747","","0","0","0","0","0","0","0","0","0","4","0","","02","4","2013","2","40.45362","-79.915337","","11","0","0","1","0","0","0","0","0","","0","0","0","","","0","","2","","40 27:13.032","","0","79 54:55.213","0","0","0","0","2301","0","0","0","N","0","0","0","2","02301","0","","1.0","","1","N","N","","0","","0","0","1","","2","","","2","0","0","0","0","0","0","2","1","2","","","","N","","","","","","","","","",""
"2013041086","","2","0","0","0","0","0","0","0","0","5","0","","02","4","2013","4","40.396576","-79.998504","","11","0","0","0","0","1","0","0","0","","0","0","0","","","0","","0","","40 23:47.675","","0","79 59:54.616","0","0","0","0","2301","0","0","0","N","0","0","0","2","02301","0","","1.0","","9","N","N","","0","","0","0","0","","0","","","2","0","0","0","0","0","0","2","0","2","","","","N","","","","","","","","","",""
"2013039523","","1","0","0","0","0","0","0","0","0","4","0","","02","4","2013","5","40.43805","-79.993342","","11","0","0","0","0","0","2","0","0","","0","0","0","","","1","","1","","40 26:16.980","","0","79 59:36.031","8","0","0","0","2301","0","0","0","N","0","0","0","5","02301","0","","1.0","","1","N","N","","0","","0","0","2","","0","","","3","1","0","0","0","1","1","2","0","3","","","","N","","","","","","","","","",""
"2013039524","","2","0","0","0","0","0","0","0","0","2","0","","02","4","2013","5","40.456549","-79.997605","","11","0","0","0","0","0","0","0","0","","0","0","0","","","0","","1","","40 27:23.575","","0","79 59:51.378","9","0","0","0","2301","0","0","0","N","0","0","0","2","02301","0","","1.0","","1","N","N","","0","","0","0","0","","2","","","2","0","0","0","0","0","1","2","0","2","","","","N","","","","","","","","","",""
"2013040821","","1","0","0","0","0","0","0","0","0","1","0","","02","4","2013","6","40.435126","-79.956406","","11","0","0","0","0","0","0","0","0","","0","0","0","","","0","","1","","40 26:06.452","","99","79 57:23.060","9","0","0","0","2301","0","0","0","N","0","0","0","3","02506","0","","1.0","","1","N","N","","0","","0","0","1","","7","","","2","0","1","0","0","0","1","2","0","2","","","","N","","","","","","","","","",""
"2013039513","","3","0","0","0","0","0","0","0","0","1","0","","02","4","2013","1","40.440525","-79.935622","","11","0","0","0","1","0","0","0","0","","0","0","0","","","0","","2","","40 26:25.890","","0","79 56:08.239","0","0","0","0","2301","0","0","0","N","0","0","0","7","02301","0","","1.0","","1","N","N","","0","","0","0","1","","0","","","4","0","0","0","0","0","0","2","0","4","","","","N","","","","","","","","","",""
"2013039996","","1","0","0","0","0","0","0","0","0","4","0","","02","4","2013","7","40.442295","-80.023427","","11","0","0","0","0","0","0","0","0","1","0","0","0","","","1","","0","","40 26:32.261","4","0","80 01:24.338","8","0","0","0","2301","0","0","0","N","0","0","0","2","02301","0","","1.0","","1","N","N","","0","","0","0","1","","0","N","","2","1","0","0","0","1","0","2","0","2","","","","N","","","","","","","","","",""
"2013039368","","2","0","0","0","0","0","0","0","0","6","0","","02","4","2013","5","40.383581","-79.865322","","11","0","0","0","0","0","1","0","0","","0","0","0","","","0","","1","","40 23:00.890","","0","79 51:55.160","0","0","0","0","2303","0","0","0","N","0","0","0","2","02303","0","","1.0","","1","N","N","","0","","0","0","0","","3","","","2","0","0","0","0","0","0","2","0","2","","","","N","","","","","","","","","",""
"2013039370","","1","0","0","0","0","0","0","0","0","7","0","","02","4","2013","5","40.458182","-79.999264","","11","0","0","0","0","0","0","0","0","","0","0","0","","","0","","2","","40 27:29.455","","0","79 59:57.349","9","0","0","0","2301","0","0","0","N","0","0","0","1","02301","0","","3.0","","1","N","N","","0","","0","0","0","","0","","","1","0","0","0","0","0","1","2","0","1","","","","N","","","","","","","","","",""
"2013038626","","0","0","0","0","0","0","0","0","0","7","0","","02","1","2013","6","40.615446","-79.754347","","11","0","0","0","0","0","1","0","0","","0","0","0","","","0","","0","","40 36:55.606","","0","79 45:15.649","0","0","0","0","2202","0","0","0","Y","0","0","0","4","68D02","0","","3.0","","7","N","N","","0","","0","0","2","","0","","","2","0","0","0","0","0","0","2","0","2","","","","N","","","","","","","","","",""
"2013039383","","0","0","0","0","0","0","0","0","0","0","1","","02","4","2013","3","40.447472","-80.166098","","11","0","0","0","0","0","1","0","0","2","0","1","0","","","0","","7","","40 26:50.898","4","2","80 09:57.953","0","0","0","0","2115","0","0","0","N","0","0","0","1","68B03","0","","1.0","","1","N","N","","0","","0","0","0","","0","N","","1","0","0","0","0","0","0","2","0","1","","","","N","","","","","","","","","",""
"2013040826","","0","0","0","0","0","0","0","0","0","4","0","","02","4","2013","3","40.46695","-80.05275","","11","0","0","0","0","0","0","0","0","1","0","0","0","","","2","","0","","40 28:01.020","5","0","80 03:09.900","4","0","0","0","2444","0","0","0","N","0","0","0","2","02444","2","","1.0","","9","N","N","","1","","0","0","0","","0","N","","2","2","0","0","0","0","0","2","1","2","","","","N","","","","","","","","","",""
"2013044086","","1","0","0","0","0","0","0","0","0","2","0","","02","4","2013","5","40.465968","-80.113203","","11","0","0","0","0","1","0","0","0","2","0","0","0","","","2","","2","","40 27:57.484","4","0","80 06:47.530","4","0","0","0","2126","0","0","0","N","0","0","0","4","02126","1","","1.0","","9","N","N","","0","","0","0","1","","3","N","","2","2","1","0","0","1","0","2","0","2","","","","N","","","","","","","","","",""
"2013040012","","2","0","0","0","0","0","0","0","0","1","0","","02","4","2013","4","40.413001","-80.079734","","11","0","0","0","0","0","3","0","0","2","0","0","0","","","3","","0","","40 24:46.804","4","3","80 04:47.042","8","0","0","0","2117","0","0","0","N","0","0","0","12","68B03","0","","1.0","","9","N","N","","0","","0","0","2","","0","N","","6","3","0","0","0","3","0","2","2","6","","","","N","","","","","","","","","",""
"2013040305","","1","0","0","0","0","0","0","0","0","7","0","","02","4","2013","3","40.375865","-80.141214","","11","0","0","1","0","0","0","0","0","","0","0","0","","","0","","0","","40 22:33.114","","0","80 08:28.370","0","0","0","0","2119","0","0","0","","0","0","0","1","02119","0","","2.0","","1","","","","0","","0","0","0","","0","","","1","0","0","0","0","0","0","2","0","1","","","","N","","","","","","","","","",""
"2013043327","","1","0","0","0","0","0","0","0","0","7","0","","02","4","2013","3","40.657267","-79.881872","","11","0","0","0","0","0","1","0","0","2","0","0","0","","","0","","0","","40 39:26.160","5","0","79 52:54.740","0","0","0","0","2220","0","0","0","N","0","0","0","1","02220","0","","5.0","","1","N","N","","0","","0","0","0","","0","Y","","1","0","0","0","0","0","0","1","0","1","","","","N","","","","","","","","","",""
"2013040013","","2","0","0","0","0","0","0","0","0","1","0","","02","4","2013","5","40.416267","-80.058591","","11","0","0","0","0","0","1","0","0","","0","0","0","","","0","","0","","40 24:58.561","","0","80 03:30.928","0","0","0","0","2435","0","0","0","N","0","0","0","2","68B03","0","","1.0","","1","N","N","","0","","0","0","0","","0","","","2","0","0","0","0","0","0","2","0","2","","","","N","","","","","","","","","",""
"2013039374","","2","0","0","0","0","0","0","0","0","4","0","","02","4","2013","4","40.540776","-79.919228","","11","0","0","0","0","0","0","0","0","2","0","0","0","","","1","","0","","40 32:26.792","1","0","79 55:09.219","3","0","0","0","2209","0","0","0","N","0","0","0","2","02209","0","","1.0","","1","N","N","","0","","1","0","0","","0","N","","2","1","1","0","0","0","0","2","0","2","","","","N","","","","","","","","","",""
"2013040763","","0","0","0","0","0","0","0","0","0","7","0","","02","4","2013","4","40.579329","-79.836136","","11","0","0","1","0","0","0","0","0","","0","0","0","","","0","","0","","40 34:45.586","","6","79 50:10.091","0","0","0","0","2209","0","0","0","N","0","0","0","2","02209","0","","3.0","","1","N","N","","1","","0","0","0","","0","","","1","0","2","0","0","0","0","1","0","1","","","","N","","","","","","","","","",""
"2013038618","","0","0","0","0","0","0","0","0","0","0","1","","02","3","2013","4","40.450294","-80.168256","","11","0","0","0","0","0","0","0","0","","0","1","0","","","1","","0","","40 27:01.059","","0","80 10:05.723","4","0","0","0","2115","0","0","0","N","0","0","0","2","68B03","1","","1.0","","1","N","N","","0","","0","0","1","","0","","","2","1","0","0","0","0","0","2","0","2","","","","N","","","","","","","","","",""
"2013039375","","0","0","0","0","0","0","0","0","0","2","0","","02","4","2013","4","40.498358","-80.020306","","11","0","0","0","0","0","0","0","1","","0","0","0","","","1","","2","","40 29:54.088","","0","80 01:13.103","3","0","0","0","2116","0","0","0","N","0","0","0","2","02116","0","","1.0","","1","N","N","","0","","1","0","1","","2","","","2","1","0","0","0","0","0","2","1","2","","","","N","","","","","","","","","",""
"2013040081","","2","0","0","0","0","0","0","0","0","1","0","","02","4","2013","7","40.426506","-80.05688","","11","0","0","0","0","0","1","1","0","1","0","0","0","","","0","","0","","40 25:35.423","3","0","80 03:24.767","0","0","0","0","2435","0","0","0","N","0","0","0","2","02435","0","","1.0","","1","N","N","","0","","0","0","0","","0","N","","2","0","1","0","0","0","0","2","0","2","","","","N","","","","","","","","","",""
"2013038619","","0","0","0","0","0","0","0","0","0","7","0","","02","3","2013","3","40.583942","-80.102649","","11","0","0","0","0","0","1","0","0","","0","0","0","","","0","","0","","40 35:02.190","","3","80 06:09.536","0","0","0","0","2481","0","0","0","N","0","0","0","1","68B03","0","","2.0","","2","N","N","","1","","0","0","0","","0","","","1","0","0","0","0","0","0","2","0","1","","","","N","","","","","","","","","",""
"2013040308","","1","0","0","0","0","0","0","0","0","4","0","","02","4","2013","7","40.634703","-79.939679","","11","0","0","0","0","0","0","0","1","","0","1","0","","","1","","1","","40 38:04.929","","0","79 56:22.843","4","0","0","0","2217","0","0","0","N","0","0","0","2","02505","1","","1.0","","1","N","N","","0","","0","0","0","","2","","","2","1","0","0","0","0","0","2","0","2","","","","N","","","","","","","","","",""
"2013038620","","2","0","0","0","0","0","0","0","0","1","0","","02","4","2013","5","40.441108","-80.009217","","11","0","0","0","0","0","1","0","0","2","0","0","0","","","0","","0","","40 26:27.988","2","3","80 00:33.181","0","0","0","0","2301","0","0","0","N","0","0","0","2","68B03","0","","1.0","","1","N","N","","0","","0","0","0","","0","N","","2","0","0","0","0","0","0","2","0","2","","","","N","","","","","","","","","",""
"2013038632","","1","0","0","0","0","0","0","0","0","1","1","","02","3","2013","4","40.612722","-79.758512","","11","0","0","1","0","0","0","0","0","2","0","1","0","","","1","","0","","40 36:45.800","1","0","79 45:30.642","4","0","0","0","2464","0","0","0","Y","0","0","0","2","68D02","1","","1.0","","7","Y","Y","","0","","0","0","0","","0","N","","2","1","0","0","0","0","0","2","0","2","","","","N","","","","","","","","","",""
"2013038621","","1","0","0","0","0","0","0","0","0","1","0","","02","4","2013","6","40.424955","-80.115372","","11","0","0","0","0","0","1","0","0","","0","0","0","","","0","","0","","40 25:29.837","","0","80 06:55.339","0","0","0","0","2102","0","0","0","N","0","0","0","6","68B03","0","","1.0","","1","N","N","","2","","0","0","0","","0","","","3","0","0","0","0","0","0","2","0","3","","","","N","","","","","","","","","",""
"2013040163","","1","0","0","0","0","0","0","0","0","7","0","","02","4","2013","7","40.43174","-79.864547","","11","0","0","0","0","0","1","0","0","1","0","0","0","","","1","","0","","40 25:54.264","3","0","79 51:52.369","3","0","0","0","2431","0","0","0","N","0","0","0","1","02431","0","","5.0","","1","N","N","","0","","1","0","0","","0","Y","","1","1","0","0","0","0","0","2","0","1","","","","N","","","","","","","","","",""
"2013039456","","1","0","0","0","0","0","0","0","0","7","0","","02","4","2013","5","40.257049","-79.836462","","11","0","0","0","0","0","0","0","0","","0","0","0","","","0","","0","","40 15:25.376","","0","79 50:11.263","0","0","0","0","2105","0","0","0","N","0","0","0","1","02105","0","","5.0","","1","N","N","","0","","0","0","0","","0","","","1","0","0","0","0","0","0","2","0","1","","","","N","","","","","","","","","",""
"2013038764","","1","0","0","0","0","0","0","0","0","7","0","","02","4","2013","3","40.356418","-79.816384","","11","0","0","0","0","0","0","0","0","1","0","0","0","","","1","","1","","40 21:23.103","7","0","79 48:58.983","8","0","0","0","2477","0","0","0","N","0","0","0","1","02477","0","","4.0","","1","N","N","","0","","0","0","0","","0","Y","","1","1","0","0","0","1","0","2","0","1","","","","N","","","","","","","","","",""
"2013038492","","0","0","0","0","0","0","0","0","0","1","0","","02","4","2013","5","40.464927","-79.831046","","11","0","0","0","0","0","0","1","0","","0","0","0","","","1","","0","","40 27:53.737","","0","79 49:51.765","8","0","0","0","2113","0","0","0","N","0","0","0","3","02113","0","","1.0","","1","N","N","","0","","0","0","1","","0","","","2","1","0","0","0","1","0","2","1","2","","","","N","","","","","","","","","",""
"2013039539","","0","0","0","0","0","0","0","0","0","6","1","","02","4","2013","5","40.56283","-79.89543","","11","0","0","0","0","0","1","0","0","1","0","1","0","","","0","","0","","40 33:46.188","5","0","79 53:43.548","0","0","0","0","2209","0","0","0","N","0","0","0","3","02209","0","","1.0","","1","N","N","","0","","0","0","1","","0","Y","","2","0","0","0","0","0","0","2","0","2","","","","N","","","","","","","","","",""
"2013038560","","0","0","0","0","0","0","0","0","0","4","0","","02","4","2013","2","40.438595","-79.953481","","11","0","0","0","1","0","0","0","0","","0","0","0","","","0","","2","","40 26:18.942","","0","79 57:12.531","0","0","0","0","2301","0","0","0","N","0","0","0","6","02301","0","","1.0","","1","N","N","","0","","0","0","2","","3","","","2","0","0","0","0","0","0","2","0","2","","","","N","","","","","","","","","",""
"2013040166","","2","0","0","0","0","0","0","0","0","1","0","","02","4","2013","4","40.490409","-79.90684","","11","0","0","0","0","0","1","0","1","2","0","0","0","","","1","","0","","40 29:25.471","4","0","79 54:24.624","4","0","0","0","2401","0","0","0","N","0","0","0","4","02401","1","","1.0","","1","N","N","","2","","0","0","0","","0","Y","","4","1","0","0","0","0","0","2","0","4","","","","N","","","","","","","","","",""
"2013039540","","2","0","0","0","0","0","0","0","0","1","0","","02","4","2013","3","40.491825","-80.2057","","11","0","0","0","0","1","0","0","0","","0","0","0","","","1","","0","","40 29:30.571","","0","80 12:20.520","8","0","0","0","2213","0","0","0","N","0","0","0","3","02213","0","","1.0","","2","N","N","","0","","0","0","1","","0","","","3","1","0","0","0","1","1","2","0","3","","","","N","","","","","","","","","",""
"2013039191","","2","0","0","0","0","0","0","0","0","1","0","","02","4","2013","4","40.476579","-79.934781","","11","0","0","0","0","0","1","0","0","","0","0","0","","","0","","0","","40 28:35.684","","0","79 56:05.211","0","0","0","0","2301","0","0","0","N","0","0","0","1","02301","0","","1.0","","9","N","N","","0","","0","0","0","","0","","","2","0","0","0","0","0","0","2","0","2","","","","N","","","","","","","","","",""
"2013039952","","1","0","0","0","0","0","0","0","0","1","1","","02","4","2013","6","40.538983","-79.840104","","11","0","0","0","0","0","0","0","0","","0","1","0","","","0","","5","","40 32:20.337","","0","79 50:24.375","0","0","0","0","2208","0","0","0","N","0","0","0","3","02208","0","","1.0","","1","N","N","","0","","0","0","0","","2","","","2","0","0","0","0","0","0","2","0","2","","","","N","","","","","","","","","",""
"2013038636","","0","0","0","0","0","0","0","0","0","99","0","","02","4","2013","5","40.600175","-79.768274","","11","0","0","0","0","0","1","0","0","","0","0","0","","","0","","0","","40 36:00.629","","0","79 46:05.786","0","0","0","0","2464","0","0","0","N","0","0","0","2","68D02","0","","1.0","","1","N","N","","0","","0","0","1","","0","","","1","0","0","0","0","0","0","2","0","1","","","","N","","","","","","","","","",""
"2013041050","","1","0","0","0","0","0","0","0","0","7","0","","02","4","2013","3","40.448819","-80.022477","","11","0","0","0","0","0","0","0","0","2","0","0","0","","","0","","0","","40 26:55.747","2","0","80 01:20.916","0","0","0","0","2301","0","0","0","N","0","0","0","1","02301","0","","1.0","","1","N","N","","0","","0","0","0","","0","N","","1","0","1","0","0","0","0","2","0","1","","","","N","","","","","","","","","",""
"2013039541","","0","0","0","0","0","0","0","0","0","4","0","","02","4","2013","3","40.525572","-80.224484","","11","0","0","1","0","0","1","0","0","2","0","0","0","","","0","","0","","40 31:32.060","4","0","80 13:28.142","0","0","0","0","2213","0","0","0","N","0","0","0","2","02213","0","","1.0","","1","N","N","","1","","0","0","1","","0","N","","2","0","0","0","0","0","0","2","0","2","","","","N","","","","","","","","","",""
"2013039953","","1","0","0","0","0","0","0","0","0","1","0","","02","4","2013","4","40.43791","-79.740084","","11","0","0","0","0","0","0","0","0","2","0","0","0","","","0","","1","","40 26:16.476","3","0","79 44:24.303","0","0","0","0","2446","0","0","0","N","0","0","0","4","02446","0","","1.0","","1","N","N","","1","","0","0","0","","2","N","","2","0","0","0","0","0","0","2","0","2","","","","N","","","","","","","","","",""
"2013038562","","2","0","0","0","0","0","0","0","0","1","0","","02","4","2013","4","40.629586","-79.717599","","11","0","0","1","0","0","0","0","0","","0","0","0","","","1","","1","","40 37:46.510","","0","79 43:03.356","8","0","0","0","2106","0","0","0","N","0","0","0","2","02106","0","","1.0","","1","N","N","","0","","0","0","0","","2","","","2","1","0","0","0","1","0","2","0","2","","","","N","","","","","","","","","",""
"2013039328","","1","0","0","0","0","0","0","0","0","7","0","","02","4","2013","4","40.45816","-79.998262","","11","0","0","0","0","0","0","0","0","2","0","0","0","","","0","","2","","40 27:29.377","1","0","79 59:53.743","9","0","0","0","2301","0","0","0","N","0","0","0","1","02301","0","","1.0","","1","N","N","","0","","0","0","0","","0","Y","","1","0","0","0","0","0","1","2","0","1","","","","N","","","","","","","","","",""
"2013039542","","0","0","0","0","0","0","0","0","0","4","0","","02","4","2013","2","40.324333","-80.062758","","11","1","0","0","0","0","1","0","0","3","0","0","0","","","4","","0","","40 19:27.600","5","0","80 03:45.930","4","0","0","0","2407","0","0","0","N","0","0","0","5","02407","4","","1.0","","1","N","N","","1","","0","0","1","","0","Y","","2","4","0","0","0","0","0","2","0","2","","","","N","","","","","","","","","",""
"2013038563","","0","0","0","0","0","0","0","0","0","1","0","","02","4","2013","1","40.55594","-80.039061","","11","0","0","0","0","0","1","0","0","","0","0","0","","","0","","2","","40 33:21.383","","0","80 02:20.621","0","0","0","0","2108","0","0","0","N","0","0","0","6","02108","0","","1.0","","1","N","N","","0","","0","0","1","","2","","","2","0","0","0","0","0","0","2","1","2","","","","N","","","","","","","","","",""
"2013039543","","1","0","0","0","0","0","0","0","0","1","0","","02","4","2013","2","40.327866","-80.03185","","11","0","0","0","0","0","0","1","0","","0","0","0","","","0","","0","","40 19:40.319","","0","80 01:54.661","0","0","0","0","2407","0","0","0","N","0","0","0","5","02407","0","","1.0","","1","N","N","","1","","0","0","0","","0","","","3","0","0","0","0","0","0","2","1","3","","","","N","","","","","","","","","",""
"2013039956","","0","0","0","0","0","0","0","0","0","1","0","","02","4","2013","6","40.441307","-80.009164","","11","0","0","0","0","0","1","0","0","","0","0","0","","","1","","0","","40 26:28.705","","1","80 00:32.990","4","0","0","0","2301","0","0","0","N","0","0","0","3","02301","1","","1.0","","1","N","N","","0","","0","0","1","","0","","","2","1","0","0","0","0","0","2","1","2","","","","N","","","","","","","","","",""
"2013038497","","1","0","0","0","0","0","0","0","0","1","0","","02","4","2013","2","40.371241","-80.088351","","11","0","0","0","0","0","1","0","0","","0","0","0","","","0","","2","","40 22:16.467","","0","80 05:18.063","0","0","0","0","2117","0","0","0","N","0","0","0","2","02117","0","","1.0","","1","N","N","","1","","0","0","0","","0","","","2","0","0","0","0","0","0","2","0","2","","","","N","","","","","","","","","",""