"CRN","ARRIVAL_TM","AUTOMOBILE_COUNT","BELTED_DEATH_COUNT","BELTED_SUSP_SERIOUS_INJ_COUNT","BICYCLE_COUNT","BICYCLE_DEATH_COUNT","BICYCLE_SUSP_SERIOUS_INJ_COUNT","BUS_COUNT","CHLDPAS_DEATH_COUNT","CHLDPAS_SUSP_SERIOUS_INJ_COUNT","COLLISION_TYPE","COMM_VEH_COUNT","CONS_ZONE_SPD_LIM","COUNTY","CRASH_MONTH","CRASH_YEAR","DAY_OF_WEEK","DEC_LATITUDE","DEC_LONGITUDE","DISPATCH_TM","DISTRICT","DRIVER_COUNT_16YR","DRIVER_COUNT_17YR","DRIVER_COUNT_18YR","DRIVER_COUNT_19YR","DRIVER_COUNT_20YR","DRIVER_COUNT_50_64YR","DRIVER_COUNT_65_74YR","DRIVER_COUNT_75PLUS","EST_HRS_CLOSED","FATAL_COUNT","HEAVY_TRUCK_COUNT","HORSE_BUGGY_COUNT","HOUR_OF_DAY","ILLUMINATION","INJURY_COUNT","INTERSECTION_RELATED","INTERSECT_TYPE","LANE_CLOSED","LATITUDE","LN_CLOSE_DIR","LOCATION_TYPE","LONGITUDE","MAX_SEVERITY_LEVEL","MCYCLE_DEATH_COUNT","MCYCLE_SUSP_SERIOUS_INJ_COUNT","MOTORCYCLE_COUNT","MUNICIPALITY","NONMOTR_COUNT","NONMOTR_DEATH_COUNT","NONMOTR_SUSP_SERIOUS_INJ_COUNT","NTFY_HIWY_MAINT","PED_COUNT","PED_DEATH_COUNT","PED_SUSP_SERIOUS_INJ_COUNT","PERSON_COUNT","POLICE_AGCY","POSSIBLE_INJ_COUNT","RDWY_SURF_TYPE_CD","RELATION_TO_ROAD","ROADWAY_CLEARED","ROAD_CONDITION","SCH_BUS_IND","SCH_ZONE_IND","SECONDARY_CRASH","SMALL_TRUCK_COUNT","SPEC_JURIS_CD","SUSP_MINOR_INJ_COUNT","SUSP_SERIOUS_INJ_COUNT","SUV_COUNT","TCD_FUNC_CD","TCD_TYPE","TFC_DETOUR_IND","TIME_OF_DAY","TOTAL_UNITS","TOT_INJ_COUNT","UNBELTED_OCC_COUNT","UNB_DEATH_COUNT","UNB_SUSP_SERIOUS_INJ_COUNT","UNK_INJ_DEG_COUNT","UNK_INJ_PER_COUNT","URBAN_RURAL","VAN_COUNT","VEHICLE_COUNT","WEATHER1","WEATHER2","WORKERS_PRES","WORK_ZONE_IND","WORK_ZONE_LOC","WORK_ZONE_TYPE","WZ_CLOSE_DETOUR","WZ_FLAGGER","WZ_LAW_OFFCR_IND","WZ_LN_CLOSURE","WZ_MOVING","WZ_OTHER","WZ_SHLDER_MDN","WZ_WORKERS_INJ_KILLED"
"2013042590","","2","0","0","0","0","0","0","0","0","5","0","","02","4","2013","2","40.504161","-79.933118","","11","0","0","0","0","0","0","0","1","","0","0","0","","","0","","0","","40 30:14.981","","99","79 55:59.224","0","0","0","0","2112","0","0","0","N","0","0","0","4","02112","0","","2.0","","1","N","N","","0","","0","0","0","","0","","","2","0","0","0","0","0","0","2","0","2","","","","N","","","","","","","","","",""
"2013041904","","1","0","0","0","0","0","0","0","0","1","0","","02","4","2013","6","40.440464","-79.953786","","11","0","0","0","0","0","2","0","0","2","0","0","0","","","0","","2","","40 26:25.670","5","0","79 57:13.629","0","0","0","0","2301","0","0","0","N","0","0","0","2","02301","0","","1.0","","1","N","N","","0","","0","0","0","","3","Y","","2","0","0","0","0","0","0","2","1","2","","","","N","","","","","","","","","",""
"2013042653","","1","0","0","0","0","0","0","0","0","1","0","","02","4","2013","2","40.355395","-79.990705","","11","0","0","0","0","0","1","0","0","2","0","0","0","","","0","","2","","40 21:19.422","2","0","79 59:26.538","0","0","0","0","2476","0","0","0","N","0","0","0","2","02476","0","","1.0","","1","N","N","","0","","0","0","1","","0","N","","2","0","0","0","0","0","0","2","0","2","","","","N","","","","","","","","","",""
"2013043587","","2","0","0","0","0","0","0","0","0","1","0","","02","4","2013","4","40.410171","-79.995082","","11","0","0","0","0","0","0","0","0","1","0","0","0","","","0","","1","","40 24:36.615","3","0","79 59:42.295","0","0","0","0","2301","0","0","0","N","0","0","0","2","02301","0","","1.0","","1","N","N","","0","","0","0","0","","3","N","","2","0","0","0","0","0","0","2","0","2","","","","N","","","","","","","","","",""
"2013044075","","2","0","0","0","0","0","0","0","0","4","0","","02","4","2013","6","40.427871","-79.925867","","11","0","0","0","0","0","0","1","0","1","0","0","0","","","1","","0","","40 25:40.334","2","0","79 55:33.122","8","0","0","0","2301","0","0","0","N","0","0","0","1","02301","0","","1.0","","1","N","N","","1","","0","0","0","","0","N","","3","1","0","0","0","1","0","2","0","3","","","","N","","","","","","","","","",""
"2013042592","","1","0","0","0","0","0","0","0","0","8","0","","02","4","2013","3","40.405236","-79.910111","","11","0","0","0","0","0","1","0","0","","0","0","0","","","1","","0","","40 24:18.850","","0","79 54:36.400","8","0","0","0","2438","1","0","0","N","1","0","0","2","02438","0","","1.0","","1","N","N","","0","","0","0","0","","0","","","2","1","0","0","0","1","0","2","0","1","","","","N","","","","","","","","","",""
"2013043382","","1","0","0","0","0","0","0","0","0","7","0","","02","4","2013","2","40.437677","-79.739274","","11","0","0","0","0","0","0","0","1","","0","0","0","","","1","","0","","40 26:15.636","","0","79 44:21.385","8","0","0","0","2446","0","0","0","N","0","0","0","1","02446","0","","2.0","","1","N","N","","0","","0","0","0","","2","","","1","1","0","0","0","1","0","2","0","1","","","","N","","","","","","","","","",""
"2013040292","","2","0","0","0","0","0","0","0","0","4","0","","02","4","2013","1","40.653691","-80.077459","","11","0","0","0","0","0","1","0","0","1","0","0","0","","","0","","0","","40 39:13.286","2","0","80 04:38.854","0","0","0","0","2212","0","0","0","N","0","0","0","4","02505","0","","1.0","","1","N","N","","0","","0","0","0","","0","N","","2","0","0","0","0","0","0","2","0","2","","","","N","","","","","","","","","",""
"2013043317","","0","0","0","0","0","0","0","0","0","4","0","","02","4","2013","1","40.444202","-80.028173","","11","0","0","0","0","0","1","0","1","","0","0","0","","","3","","5","","40 26:39.126","","0","80 01:41.424","4","0","0","0","2301","0","0","0","N","0","0","0","6","02301","1","","1.0","","1","N","N","","0","","0","0","2","","2","","","2","3","0","0","0","2","0","2","0","2","","","","N","","","","","","","","","",""
"2013043383","","1","0","0","0","0","0","0","0","0","99","0","","02","4","2013","4","40.513956","-80.270395","","11","0","0","0","0","0","0","1","0","1","0","0","0","","","0","","0","","40 30:50.240","3","1","80 16:13.421","0","0","0","0","2203","0","0","0","Y","0","0","0","1","02203","0","","1.0","","9","N","N","","0","","0","0","0","","0","N","","1","0","0","0","0","0","0","2","0","1","","","","N","","","","","","","","","",""
"2013041906","","0","0","0","0","0","0","0","0","0","5","1","","02","4","2013","4","40.440446","-80.080461","","11","0","0","0","0","0","0","0","0","","0","1","0","","","0","","1","","40 26:25.604","","3","80 04:49.659","0","0","0","0","2301","0","0","0","N","0","0","0","2","02301","0","","1.0","","1","N","N","","0","","0","0","0","","2","","","2","0","0","0","0","0","0","2","1","2","","","","N","","","","","","","","","",""
"2013041987","","2","0","0","0","0","0","0","0","0","4","0","","02","4","2013","6","40.43579","-79.98156","","11","0","0","0","1","0","1","0","0","1","0","0","0","","","0","","2","","40 26:08.844","3","0","79 58:53.616","0","0","0","0","2301","0","0","0","N","0","0","0","2","02301","0","","1.0","","9","N","N","","0","","0","0","0","","0","N","","2","0","0","0","0","0","0","2","0","2","","","","N","","","","","","","","","",""
"2013043589","","1","0","0","0","0","0","0","0","0","7","0","","02","4","2013","3","40.576121","-79.784708","","11","0","0","0","0","0","0","0","0","2","0","0","0","","","1","","0","","40 34:34.037","3","0","79 47:04.948","4","0","0","0","2206","0","0","0","N","0","0","0","1","02206","1","","2.0","","3","N","N","","0","","0","0","0","","0","N","","1","1","1","0","0","0","0","2","0","1","","","","N","","","","","","","","","",""
"2013043318","","0","0","0","0","0","0","0","0","0","2","0","","02","4","2013","4","40.606957","-79.752978","","11","0","0","0","0","0","0","0","0","2","0","0","0","","","3","","0","","40 36:25.045","6","0","79 45:10.719","4","0","0","0","2464","0","0","0","N","0","0","0","3","02464","3","","1.0","","9","N","N","","0","","0","0","2","","0","Y","","2","3","0","0","0","0","0","2","0","2","","","","N","","","","","","","","","",""
"2013041907","","2","0","0","0","0","0","0","0","0","1","0","","02","4","2013","6","40.400432","-80.000313","","11","0","1","0","0","0","0","1","0","1","0","0","0","","","0","","0","","40 24:01.555","1","0","80 00:01.127","9","0","0","0","2301","0","0","0","N","0","0","0","3","02301","0","","1.0","","1","N","N","","0","","0","0","1","","0","N","","3","0","1","0","0","0","1","2","0","3","","","","N","","","","","","","","","",""
"2013041988","","1","0","0","0","0","0","1","0","0","1","1","","02","4","2013","3","40.336722","-80.051139","","11","0","0","0","0","0","0","1","0","","0","0","0","","","0","","0","","40 20:12.200","","0","80 03:04.100","0","0","0","0","2407","0","0","0","N","0","0","0","2","02407","0","","1.0","","1","N","N","","0","","0","0","0","","0","","","2","0","0","0","0","0","0","2","0","2","","","","N","","","","","","","","","",""
"2013041908","","2","0","0","0","0","0","0","0","0","4","0","","02","4","2013","6","40.449187","-80.02531","","11","0","0","0","0","0","0","0","1","","0","0","0","","","0","","1","","40 26:57.072","","0","80 01:31.116","0","0","0","0","2301","0","0","0","N","0","0","0","2","02301","0","","1.0","","1","N","N","","0","","0","0","0","","2","","","2","0","0","0","0","0","0","2","0","2","","","","N","","","","","","","","","",""
"2013042869","","1","0","0","0","0","0","0","0","0","0","0","","02","4","2013","2","40.479012","-79.966777","","11","0","0","0","0","0","0","1","0","","0","0","0","","","0","","0","","40 28:44.443","","0","79 58:00.398","0","0","0","0","2118","0","0","0","N","0","0","0","1","02118","0","","1.0","","1","N","N","","0","","0","0","0","","0","","","1","0","0","0","0","0","0","2","0","1","","","","N","","","","","","","","","",""
"2013042065","","1","0","0","0","0","0","0","0","0","5","0","","02","4","2013","6","40.454361","-80.00093","","11","0","0","0","0","0","1","0","0","","0","0","0","","","0","","0","","40 27:15.700","","0","80 00:03.347","0","0","0","0","2301","0","0","0","N","0","0","0","4","02301","0","","1.0","","1","N","N","","0","","0","0","0","","0","","","2","0","1","0","0","0","0","2","1","2","","","","N","","","","","","","","","",""
"2013044280","","1","0","0","0","0","0","0","0","0","7","0","","02","4","2013","6","40.469138","-79.985602","","11","0","0","0","0","0","0","0","0","1","0","0","0","","","1","","0","","40 28:08.896","1","0","79 59:08.167","4","0","0","0","2301","0","0","0","N","0","0","0","1","02301","1","","2.0","","1","N","N","","0","","0","0","0","","0","N","","1","1","0","0","0","0","0","2","0","1","","","","N","","","","","","","","","",""
"2013043322","","0","0","0","0","0","0","0","0","0","1","0","","02","4","2013","3","40.450952","-79.900096","","11","0","0","0","0","0","0","0","0","1","0","0","0","","","0","","1","","40 27:03.427","3","0","79 54:00.345","0","0","0","0","2301","0","0","0","N","0","0","0","2","02301","0","","1.0","","1","N","N","","0","","0","0","1","","2","N","","2","0","0","0","0","0","0","2","1","2","","","","N","","","","","","","","","",""
"2013041848","","1","0","0","0","0","0","0","0","0","1","0","","02","4","2013","5","40.579152","-80.095674","","11","0","0","0","0","0","1","0","0","","0","0","0","","","0","","0","","40 34:44.948","","0","80 05:44.426","0","0","0","0","2481","0","0","0","N","0","0","0","3","68B03","0","","1.0","","1","N","N","","0","","0","0","2","","0","","","3","0","0","0","0","0","0","2","0","3","","","","N","","","","","","","","","",""
"2013042598","","1","0","0","0","0","0","0","0","0","7","0","","02","4","2013","2","40.435631","-79.982904","","11","0","1","0","0","0","0","0","0","","0","0","0","","","0","","2","","40 26:08.273","","0","79 58:58.454","0","0","0","0","2301","0","0","0","N","0","0","0","1","02301","0","","4.0","","1","N","N","","0","","0","0","0","","0","","","1","0","0","0","0","0","0","2","0","1","","","","N","","","","","","","","","",""
"2013042662","","0","0","0","0","0","0","0","0","0","4","0","","02","4","2013","1","40.561235","-79.999296","","11","0","0","0","0","0","1","0","0","1","0","0","0","","","1","","1","","40 33:40.446","5","0","79 59:57.465","4","0","0","1","2108","0","0","0","N","0","0","0","2","02108","1","","1.0","","1","N","N","","0","","0","0","1","","2","N","","2","1","0","0","0","0","0","2","0","2","","","","N","","","","","","","","","",""
"2013044156","","2","0","0","0","0","0","0","0","0","4","0","","02","4","2013","4","40.448433","-80.158024","","11","0","0","0","0","0","1","0","0","","0","0","0","","","1","","1","","40 26:54.357","","0","80 09:28.887","4","0","0","0","2115","0","0","0","N","0","0","0","2","02115","1","","1.0","","9","N","N","","0","","0","0","0","","2","","","2","1","0","0","0","0","0","2","0","2","","","","N","","","","","","","","","",""
"2013041924","","1","0","0","0","0","0","1","0","0","6","1","","02","4","2013","6","40.396242","-79.998126","","11","0","0","0","0","0","1","0","0","1","0","0","0","","","0","","1","","40 23:46.470","1","0","79 59:53.254","0","0","0","0","2301","0","0","0","N","0","0","0","2","02301","0","","1.0","","1","Y","N","","0","","0","0","0","","2","N","","2","0","1","0","0","0","0","2","0","2","","","","N","","","","","","","","","",""
"2013042663","","0","0","0","0","0","0","0","0","0","7","0","","02","4","2013","6","40.523084","-80.177503","","11","0","0","1","0","0","0","0","0","","0","0","0","","","0","","1","","40 31:23.102","","2","80 10:39.011","0","0","0","0","2213","0","0","0","Y","0","0","0","1","02213","0","","4.0","","9","N","N","","0","","0","0","1","","0","","","1","0","0","0","0","0","0","2","0","1","","","","N","","","","","","","","","",""
"2013041925","","0","0","0","0","0","0","0","0","0","4","1","","02","4","2013","6","40.429979","-79.957805","","11","0","0","0","0","0","1","2","0","3","0","1","0","","","1","","2","","40 25:47.923","1","0","79 57:28.097","8","0","0","0","2301","0","0","0","N","0","0","0","4","02301","0","","1.0","","1","N","N","","0","","0","0","0","","2","N","","4","1","0","0","0","1","0","2","3","4","","","","N","","","","","","","","","",""
"2013042068","","1","0","0","0","0","0","0","0","0","2","0","","02","4","2013","6","40.355596","-80.131584","","11","0","0","0","0","0","1","0","0","2","0","0","0","","","1","","2","","40 21:20.147","6","0","80 07:53.702","8","0","0","0","2119","0","0","0","N","0","0","0","3","02119","0","","1.0","","1","N","N","","1","","0","0","0","","0","Y","","2","1","0","0","0","1","0","2","0","2","","","","N","","","","","","","","","",""
"2013042874","","2","0","0","0","0","0","0","0","0","1","0","","02","4","2013","2","40.343426","-79.970109","","11","0","0","0","0","0","0","0","0","","0","0","0","","","0","","1","","40 20:36.335","","0","79 58:12.394","0","0","0","0","2403","0","0","0","N","0","0","0","3","02403","0","","1.0","","1","N","N","","0","","0","0","1","","0","","","3","0","0","0","0","0","0","2","0","3","","","","N","","","","","","","","","",""
"2013043611","","0","0","0","0","0","0","0","0","0","4","0","","02","4","2013","4","40.492398","-80.020492","","11","0","0","0","0","0","0","0","0","","0","0","0","","","1","","2","","40 29:32.632","","0","80 01:13.771","8","0","0","0","2301","0","0","0","N","0","0","0","1","02301","0","","4.0","","9","N","N","","0","","0","0","3","","3","","","3","1","0","0","0","1","0","2","0","3","","","","N","","","","","","","","","",""
"2013041929","","1","0","0","0","0","0","0","0","0","1","0","","02","4","2013","2","40.54978","-79.959688","","11","0","0","0","0","0","0","1","1","","0","0","0","","","1","","2","","40 32:59.209","","0","79 57:34.878","8","0","0","0","2118","0","0","0","N","0","0","0","2","02118","0","","1.0","","1","N","N","","0","","0","0","1","","2","","","2","1","0","0","0","1","0","2","0","2","","","","N","","","","","","","","","",""
"2013043474","","1","0","0","0","0","0","0","0","0","7","0","","02","4","2013","3","40.433981","-79.753154","","11","0","0","0","0","0","0","0","0","","0","0","0","","","1","","0","","40 26:02.332","","0","79 45:11.355","2","0","0","0","2446","0","0","0","N","0","0","0","1","02446","0","","2.0","","1","N","N","","0","","0","1","0","","0","","","1","1","0","0","0","0","0","2","0","1","","","","N","","","","","","","","","",""
"2013042604","","3","0","0","0","0","0","0","0","0","4","0","","02","4","2013","6","40.409109","-79.902126","","11","0","0","0","0","0","1","0","0","","0","0","0","","","1","","0","","40 24:32.794","","0","79 54:07.654","4","0","0","0","2448","0","0","0","N","0","0","0","3","02448","1","","1.0","","9","N","N","","0","","0","0","0","","0","","","3","1","0","0","0","0","0","2","0","3","","","","N","","","","","","","","","",""
"2013043396","","1","0","0","0","0","0","0","0","0","7","0","","02","4","2013","4","40.457596","-79.989239","","11","0","0","0","0","0","0","0","0","1","0","0","0","","","1","","2","","40 27:27.345","3","0","79 59:21.260","4","0","0","0","2301","0","0","0","N","0","0","0","1","02301","1","","2.0","","9","N","N","","0","","0","0","0","","0","N","","2","1","0","0","0","0","0","2","0","1","","","","N","","","","","","","","","",""
"2013041930","","2","0","0","0","0","0","0","0","0","2","0","","02","4","2013","6","40.433716","-79.922977","","11","0","0","0","1","0","0","0","0","","0","0","0","","","0","","1","","40 26:01.377","","0","79 55:22.717","0","0","0","0","2301","0","0","0","N","0","0","0","6","02301","0","","1.0","","9","N","N","","0","","0","0","0","","2","","","2","0","0","0","0","0","0","2","0","2","","","","N","","","","","","","","","",""
"2013042878","","0","0","0","0","0","0","0","0","0","7","1","","02","4","2013","7","40.394805","-79.872373","","11","0","0","0","0","0","0","0","0","3","0","1","0","","","1","","0","","40 23:41.297","2","0","79 52:20.543","8","0","0","0","2473","0","0","0","Y","0","0","0","1","02473","0","","4.0","","1","N","N","","0","","0","0","0","","0","Y","","1","1","0","0","0","1","0","2","0","1","","","","N","","","","","","","","","",""
"2013043330","","1","0","0","0","0","0","0","0","0","1","0","","02","4","2013","4","40.520762","-80.023491","","11","0","0","0","0","0","1","0","0","","0","0","0","","","0","","0","","40 31:14.743","","0","80 01:24.568","0","0","0","0","2474","0","0","0","N","0","0","0","3","02474","0","","1.0","","1","N","N","","0","","0","0","0","","2","","","2","0","0","0","0","0","0","2","1","2","","","","N","","","","","","","","","",""
"2013044151","","2","0","0","0","0","0","0","0","0","4","0","","02","4","2013","5","40.416141","-79.847897","","11","0","0","0","0","0","1","1","0","1","0","0","0","","","0","","2","","40 24:58.108","3","0","79 50:52.429","0","0","0","0","2431","0","0","0","N","0","0","0","4","02431","0","","1.0","","1","N","N","","1","","0","0","0","","2","N","","3","0","0","0","0","0","0","2","0","3","","","","N","","","","","","","","","",""
"2013042606","","0","0","0","0","0","0","0","0","0","1","1","","02","4","2013","2","40.48382","-80.049962","","11","0","0","0","0","0","0","0","0","1","0","1","0","","","0","","0","","40 29:01.753","1","0","80 02:59.862","0","0","0","0","2301","0","0","0","N","0","0","0","2","02301","0","","1.0","","1","N","N","","0","","0","0","0","","0","Y","","2","0","0","0","0","0","0","2","1","2","","","","N","","","","","","","","","",""
"2013043398","","1","0","0","0","0","0","0","0","0","7","0","","02","4","2013","4","40.378574","-79.804731","","11","0","0","0","0","0","0","0","0","2","0","0","0","","","0","","0","","40 22:42.867","2","0","79 48:17.032","0","0","0","0","2111","0","0","0","Y","0","0","0","1","02111","0","","5.0","","9","N","N","","0","","0","0","0","","0","N","","1","0","1","0","0","0","0","2","0","1","","","","N","","","","","","","","","",""
"2013042618","","1","0","0","0","0","0","0","0","0","1","0","","02","4","2013","2","40.401706","-80.0006","","11","0","0","0","0","0","1","0","0","2","0","0","0","","","0","","0","","40 24:06.143","2","0","80 00:02.161","0","0","0","0","2301","0","0","0","N","0","0","0","2","02301","0","","1.0","","1","N","N","","0","","0","0","0","","0","N","","2","0","0","0","0","0","0","2","1","2","","","","N","","","","","","","","","",""
"2013043332","","2","0","0","0","0","0","0","0","0","4","0","","02","4","2013","4","40.67272","-80.069545","","11","0","0","0","1","0","0","0","0","1","0","0","0","","","0","","1","","40 40:21.793","7","0","80 04:10.361","0","0","0","0","2216","0","0","0","N","0","0","0","3","02505","0","","1.0","","9","N","N","","1","","0","0","0","","3","Y","","3","0","0","0","0","0","0","2","0","3","","","","N","","","","","","","","","",""
"2013044091","","1","0","0","0","0","0","0","0","0","5","0","","02","4","2013","5","40.476078","-79.847803","","11","0","0","0","0","0","0","0","0","2","0","0","0","","","1","","0","","40 28:33.882","4","0","79 50:52.090","3","0","0","1","2113","0","0","0","N","0","0","0","3","02113","0","","1.0","","9","N","N","","0","","1","0","0","","0","N","","2","1","1","0","0","0","0","2","0","2","","","","N","","","","","","","","","",""
"2013042607","","1","0","0","0","0","0","0","0","0","1","0","","02","4","2013","2","40.466606","-80.034626","","11","0","0","0","0","0","0","0","0","2","0","0","0","","","0","","0","","40 27:59.782","1","0","80 02:04.652","0","0","0","0","2301","0","0","0","N","0","0","0","2","02301","0","","1.0","","1","N","N","","1","","0","0","0","","0","N","","2","0","0","0","0","0","0","2","0","2","","","","N","","","","","","","","","",""
"2013042881","","1","0","0","0","0","0","0","0","0","1","0","","02","4","2013","1","40.438067","-79.922993","","11","0","0","0","0","0","1","1","0","","0","0","0","","","1","","1","","40 26:17.041","","0","79 55:22.774","8","0","0","0","2301","0","0","0","N","0","0","0","3","02301","0","","1.0","","1","N","N","","1","","0","0","0","","2","","","2","1","0","0","0","1","0","2","0","2","","","","N","","","","","","","","","",""
"2013042608","","1","0","0","0","0","0","0","0","0","4","1","","02","4","2013","6","40.475974","-80.052632","","11","0","0","0","0","0","0","0","0","2","0","1","0","","","1","","0","","40 28:33.508","3","0","80 03:09.475","2","0","0","0","2122","0","0","0","N","0","0","0","2","02122","0","","1.0","","9","N","N","","0","","0","1","0","","0","N","","2","1","0","0","0","0","0","2","0","2","","","","N","","","","","","","","","",""
"2013043479","","2","0","0","0","0","0","0","0","0","2","0","","02","4","2013","4","40.410496","-79.991014","","11","0","0","0","1","0","1","0","0","2","0","0","0","","","1","","2","","40 24:37.785","3","0","79 59:27.650","4","0","0","0","2301","0","0","0","N","0","0","0","3","02301","1","","1.0","","1","N","N","","0","","0","0","1","","0","Y","","3","1","0","0","0","0","0","2","0","3","","","","N","","","","","","","","","",""
"2013044227","","3","0","0","0","0","0","0","0","0","1","0","","02","1","2013","5","40.4599","-79.956258","","11","0","0","0","0","0","0","1","0","","0","0","0","","","0","","0","","40 27:35.640","","3","79 57:22.530","0","0","0","0","2301","0","0","0","N","0","0","0","3","02301","0","","1.0","","9","N","N","","0","","0","0","0","","0","","","3","0","0","0","0","0","0","2","0","3","","","","N","","","","","","","","","",""
"2013042079","","1","0","0","0","0","0","0","0","0","6","0","","02","4","2013","6","40.460913","-79.791665","","11","0","0","0","0","0","1","0","0","2","0","0","0","","","1","","0","","40 27:39.286","6","0","79 47:29.993","4","0","0","0","2113","0","0","0","N","0","0","0","3","02113","1","","1.0","","9","N","N","","0","","0","0","0","","0","N","","2","1","0","0","0","0","0","2","1","2","","","","N","","","","","","","","","",""
"2013044412","","2","0","0","0","0","0","0","0","0","4","0","","02","4","2013","7","40.402012","-80.000594","","11","0","0","0","0","0","0","0","0","","0","0","0","","","0","","1","","40 24:07.244","","0","80 00:02.139","0","0","0","0","2301","0","0","0","N","0","0","0","3","02301","0","","1.0","","1","N","N","","0","","0","0","0","","2","","","2","0","0","0","0","0","0","2","0","2","","","","N","","","","","","","","","",""
"2013040311","","2","0","0","0","0","0","0","0","0","2","0","","02","4","2013","3","40.404105","-79.912341","","11","0","0","0","0","0","0","0","0","9","0","0","0","","","0","","0","","40 24:14.778","2","0","79 54:44.427","0","0","0","0","2472","0","0","0","N","0","0","0","1","02472","0","","4.0","","1","N","N","","0","","0","0","0","","0","N","","2","0","1","0","0","0","0","2","0","2","","","","N","","","","","","","","","",""
"2013044155","","1","0","0","0","0","0","0","0","0","4","0","","02","4","2013","5","40.586795","-80.045021","","11","0","0","0","0","0","1","1","0","2","0","0","0","","","1","","1","","40 35:12.462","1","0","80 02:42.074","8","0","0","0","2108","0","0","0","N","0","0","0","2","02108","0","","1.0","","1","N","N","","0","","0","0","1","","2","Y","","2","1","0","0","0","1","0","2","0","2","","","","N","","","","","","","","","",""
"2013043480","","0","0","0","0","0","0","0","0","0","8","1","","02","4","2013","2","40.623784","-79.724444","","11","0","0","0","0","0","0","0","0","","0","1","0","","","1","","1","","40 37:25.622","","0","79 43:27.999","8","0","0","0","2106","1","0","0","N","1","0","0","2","02106","0","","1.0","","1","N","N","","0","","0","0","0","","0","","","2","1","0","0","0","1","0","2","0","1","","","","N","","","","","","","","","",""
"2013044228","","1","0","0","0","0","0","0","0","0","1","0","","02","4","2013","6","40.533538","-79.968831","","11","0","0","0","1","0","0","0","0","","0","0","0","","","0","","0","","40 32:00.738","","0","79 58:07.790","0","0","0","0","2118","0","0","0","N","0","0","0","2","02118","0","","1.0","","1","N","N","","0","","0","0","1","","0","","","2","0","0","0","0","0","0","2","0","2","","","","N","","","","","","","","","",""
"2013042080","","1","0","0","0","0","0","0","0","0","7","0","","02","4","2013","6","40.611214","-79.837418","","11","0","0","0","0","0","0","0","0","","0","0","0","","","0","","0","","40 36:40.371","","0","79 50:14.703","0","0","0","0","2220","0","0","0","N","0","0","0","3","02220","0","","2.0","","9","N","N","","0","","0","0","0","","0","","","1","0","0","0","0","0","0","2","0","1","","","","N","","","","","","","","","",""
"2013043680","","1","0","0","0","0","0","0","0","0","7","0","","02","4","2013","3","40.3527","-79.825765","","11","0","0","0","0","0","0","1","0","","0","0","0","","","0","","10","","40 21:09.720","","7","79 49:32.754","0","0","0","0","2477","0","0","0","N","0","0","0","1","02477","0","","4.0","","1","N","N","","0","","0","0","1","","0","","","2","0","0","0","0","0","0","2","0","2","","","","N","","","","","","","","","",""
"2013043481","","2","0","0","0","0","0","0","0","0","4","0","","02","4","2013","2","40.56355","-80.038801","","11","0","0","0","0","0","1","0","1","","0","0","0","","","1","","2","","40 33:48.781","","0","80 02:19.685","8","0","0","0","2108","0","0","0","N","0","0","0","2","02108","0","","1.0","","1","N","N","","0","","0","0","0","","0","","","2","1","0","0","0","1","0","2","0","2","","","","N","","","","","","","","","",""
"2013043620","","3","0","0","0","0","0","0","0","0","2","0","","02","4","2013","4","40.453749","-79.760456","","11","0","0","0","0","0","1","0","0","1","0","0","0","","","0","","0","","40 27:13.496","5","0","79 45:37.641","0","0","0","0","2446","0","0","0","N","0","0","0","3","02446","0","","1.0","","9","N","N","","0","","0","0","0","","0","N","","3","0","0","0","0","0","0","2","0","3","","","","N","","","","","","","","","",""
"2013040313","","2","0","0","0","0","0","0","0","0","6","0","","02","4","2013","1","40.651993","-80.054866","","11","0","1","0","0","0","1","0","0","1","0","0","0","","","0","","1","","40 39:07.175","3","0","80 03:17.516","0","0","0","0","2216","0","0","0","N","0","0","0","4","02505","0","","1.0","","1","N","N","","0","","0","0","0","","3","N","","2","0","0","0","0","0","0","2","0","2","","","","N","","","","","","","","","",""
"2013043482","","0","0","0","0","0","0","0","0","0","7","0","","02","4","2013","3","40.461678","-80.148401","","11","0","0","0","0","0","0","0","0","1","0","0","0","","","0","","0","","40 27:42.042","3","0","80 08:54.243","0","0","0","0","2115","0","0","0","N","0","0","0","1","02115","0","","2.0","","1","N","N","","1","","0","0","0","","0","N","","1","0","0","0","0","0","0","2","0","1","","","","N","","","","","","","","","",""
"2013043483","","0","0","0","0","0","0","0","0","0","1","0","","02","4","2013","2","40.532035","-80.188895","","11","0","0","0","0","0","1","1","0","2","0","0","0","","","1","","0","","40 31:55.325","4","3","80 11:20.021","4","0","0","0","2213","0","0","0","N","0","0","0","2","02213","1","","1.0","","1","N","N","","1","","0","0","0","","0","N","","2","1","1","0","0","0","0","2","1","2","","","","N","","","","","","","","","",""
"2013042083","","1","0","0","0","0","0","0","0","0","4","0","","02","4","2013","6","40.477799","-79.785863","","11","0","0","0","0","0","0","0","0","","0","0","0","","","0","","0","","40 28:40.077","","0","79 47:09.105","0","0","0","0","2113","0","0","0","N","0","0","0","2","02113","0","","1.0","","9","N","N","","0","","0","0","1","","0","","","2","0","0","0","0","0","0","2","0","2","","","","N","","","","","","","","","",""