"CRN","ARRIVAL_TM","AUTOMOBILE_COUNT","BELTED_DEATH_COUNT","BELTED_SUSP_SERIOUS_INJ_COUNT","BICYCLE_COUNT","BICYCLE_DEATH_COUNT","BICYCLE_SUSP_SERIOUS_INJ_COUNT","BUS_COUNT","CHLDPAS_DEATH_COUNT","CHLDPAS_SUSP_SERIOUS_INJ_COUNT","COLLISION_TYPE","COMM_VEH_COUNT","CONS_ZONE_SPD_LIM","COUNTY","CRASH_MONTH","CRASH_YEAR","DAY_OF_WEEK","DEC_LATITUDE","DEC_LONGITUDE","DISPATCH_TM","DISTRICT","DRIVER_COUNT_16YR","DRIVER_COUNT_17YR","DRIVER_COUNT_18YR","DRIVER_COUNT_19YR","DRIVER_COUNT_20YR","DRIVER_COUNT_50_64YR","DRIVER_COUNT_65_74YR","DRIVER_COUNT_75PLUS","EST_HRS_CLOSED","FATAL_COUNT","HEAVY_TRUCK_COUNT","HORSE_BUGGY_COUNT","HOUR_OF_DAY","ILLUMINATION","INJURY_COUNT","INTERSECTION_RELATED","INTERSECT_TYPE","LANE_CLOSED","LATITUDE","LN_CLOSE_DIR","LOCATION_TYPE","LONGITUDE","MAX_SEVERITY_LEVEL","MCYCLE_DEATH_COUNT","MCYCLE_SUSP_SERIOUS_INJ_COUNT","MOTORCYCLE_COUNT","MUNICIPALITY","NONMOTR_COUNT","NONMOTR_DEATH_COUNT","NONMOTR_SUSP_SERIOUS_INJ_COUNT","NTFY_HIWY_MAINT","PED_COUNT","PED_DEATH_COUNT","PED_SUSP_SERIOUS_INJ_COUNT","PERSON_COUNT","POLICE_AGCY","POSSIBLE_INJ_COUNT","RDWY_SURF_TYPE_CD","RELATION_TO_ROAD","ROADWAY_CLEARED","ROAD_CONDITION","SCH_BUS_IND","SCH_ZONE_IND","SECONDARY_CRASH","SMALL_TRUCK_COUNT","SPEC_JURIS_CD","SUSP_MINOR_INJ_COUNT","SUSP_SERIOUS_INJ_COUNT","SUV_COUNT","TCD_FUNC_CD","TCD_TYPE","TFC_DETOUR_IND","TIME_OF_DAY","TOTAL_UNITS","TOT_INJ_COUNT","UNBELTED_OCC_COUNT","UNB_DEATH_COUNT","UNB_SUSP_SERIOUS_INJ_COUNT","UNK_INJ_DEG_COUNT","UNK_INJ_PER_COUNT","URBAN_RURAL","VAN_COUNT","VEHICLE_COUNT","WEATHER1","WEATHER2","WORKERS_PRES","WORK_ZONE_IND","WORK_ZONE_LOC","WORK_ZONE_TYPE","WZ_CLOSE_DETOUR","WZ_FLAGGER","WZ_LAW_OFFCR_IND","WZ_LN_CLOSURE","WZ_MOVING","WZ_OTHER","WZ_SHLDER_MDN","WZ_WORKERS_INJ_KILLED"
"2013042344","","1","0","0","0","0","0","0","0","0","5","0","","02","4","2013","1","40.390855","-80.073391","","11","0","0","0","0","0","0","0","0","1","0","0","0","","","0","","0","","40 23:27.078","4","0","80 04:24.206","0","0","0","0","2117","0","0","0","N","0","0","0","2","02117","0","","1.0","","1","N","N","","0","","0","0","1","","0","N","","2","0","0","0","0","0","0","2","0","2","","","","N","","","","","","","","","",""
"2013042195","","1","0","0","0","0","0","0","0","0","5","0","","02","4","2013","7","40.452216","-80.054781","","11","0","0","0","0","0","0","0","0","","0","0","0","","","0","","0","","40 27:07.977","","0","80 03:17.211","0","0","0","0","2301","0","0","0","N","0","0","0","1","02301","0","","2.0","","1","N","N","","0","","0","0","1","","0","","","2","0","0","0","0","0","0","2","0","2","","","","N","","","","","","","","","",""
"2013042207","","1","0","0","0","0","0","0","0","0","4","0","","02","4","2013","7","40.429854","-79.751251","","11","0","1","0","0","0","1","0","0","1","0","0","0","","","2","","0","","40 25:47.476","5","0","79 45:04.504","4","0","0","0","2446","0","0","0","N","0","0","0","2","02446","1","","1.0","","1","N","N","","1","","0","0","0","","0","N","","2","2","0","0","0","1","0","2","0","2","","","","N","","","","","","","","","",""
"2013041584","","1","0","0","0","0","0","0","0","0","5","0","","02","4","2013","3","40.421326","-80.031233","","11","0","0","0","0","0","0","0","0","2","0","0","0","","","0","","0","","40 25:16.775","4","0","80 01:52.439","0","0","0","0","2301","0","0","0","N","0","0","0","2","68B03","0","","1.0","","9","N","N","","1","","0","0","0","","0","N","","2","0","0","0","0","0","0","2","0","2","","","","N","","","","","","","","","",""
"2013043086","","1","0","0","0","0","0","0","0","0","8","0","","02","4","2013","3","40.434428","-79.997212","","11","0","0","0","0","0","0","0","0","1","0","0","0","","","1","","0","","40 26:03.942","3","0","79 59:49.964","4","0","0","0","2301","1","0","0","Y","1","0","0","2","68B03","1","","1.0","","1","N","N","","0","","0","0","0","","0","N","","2","1","0","0","0","0","0","2","0","1","","","","N","","","","","","","","","",""
"2013043213","","2","0","0","0","0","0","0","0","0","4","0","","02","4","2013","6","40.513065","-80.154125","","11","0","0","1","0","0","0","0","1","","0","0","0","","","0","","2","","40 30:47.034","","0","80 09:14.850","0","0","0","0","2420","0","0","0","N","0","0","0","2","02420","0","","1.0","","1","N","N","","0","","0","0","0","","3","","","2","0","0","0","0","0","0","2","0","2","","","","N","","","","","","","","","",""
"2013042346","","1","0","0","0","0","0","0","0","0","7","0","","02","4","2013","7","40.519538","-80.013907","","11","0","0","0","0","0","0","0","0","1","0","0","0","","","0","","0","","40 31:10.337","1","0","80 00:50.064","0","0","0","0","2116","0","0","0","N","0","0","0","3","02116","0","","2.0","","1","N","N","","0","","0","0","0","","0","N","","1","0","0","0","0","0","0","2","0","1","","","","N","","","","","","","","","",""
"2013043087","","1","0","0","0","0","0","0","0","0","1","0","","02","4","2013","1","40.449606","-80.109897","","11","0","0","0","0","0","1","0","0","","0","0","0","","","0","","0","","40 26:58.582","","2","80 06:35.629","0","0","0","0","2115","0","0","0","N","0","0","0","2","68B03","0","","1.0","","1","N","N","","0","","0","0","1","","2","","","2","0","0","0","0","0","0","2","0","2","","","","N","","","","","","","","","",""
"2013044327","","0","0","0","0","0","0","0","0","0","1","0","","02","4","2013","4","40.425888","-79.898883","","11","0","0","0","0","0","0","0","0","","0","0","0","","","0","","0","","40 25:33.195","","0","79 53:55.977","0","0","0","0","2301","0","0","0","Y","0","0","0","2","68B03","0","","1.0","","1","N","N","","0","","0","0","1","","0","","","2","0","0","0","0","0","0","2","1","2","","","","N","","","","","","","","","",""
"2013041520","","1","0","0","0","0","0","0","0","0","7","0","","02","4","2013","1","40.424075","-80.093614","","11","0","0","0","0","0","0","0","0","2","0","0","0","","","0","","0","","40 25:26.670","2","0","80 05:37.010","9","0","0","0","2117","0","0","0","N","0","0","0","1","02117","0","","5.0","","1","N","N","","0","","0","0","0","","0","N","","1","0","0","0","0","0","1","2","0","1","","","","N","","","","","","","","","",""
"2013043088","","1","0","0","0","0","0","0","0","0","7","0","","02","4","2013","1","40.327864","-80.140722","","11","0","0","0","1","0","0","0","0","","0","0","0","","","0","","0","","40 19:40.310","","0","80 08:26.600","0","0","0","0","2119","0","0","0","N","0","0","0","2","68B03","0","","5.0","","1","N","N","","0","","0","0","0","","0","","","1","0","0","0","0","0","0","2","0","1","","","","N","","","","","","","","","",""
"2013044328","","2","0","0","0","0","0","0","0","0","1","0","","02","4","2013","5","40.434686","-79.868118","","11","0","0","0","0","0","0","0","0","2","0","0","0","","","0","","0","","40 26:04.871","3","0","79 52:05.225","0","0","0","0","2478","0","0","0","N","0","0","0","2","68B03","0","","1.0","","1","N","N","","0","","0","0","0","","0","N","","2","0","0","0","0","0","0","2","0","2","","","","N","","","","","","","","","",""
"2013041724","","1","0","0","0","0","0","0","0","0","4","0","","02","4","2013","3","40.564177","-80.019147","","11","0","0","0","0","0","1","0","0","","0","0","0","","","1","","2","","40 33:51.037","","0","80 01:08.929","4","0","0","0","2108","0","0","0","N","0","0","0","2","02108","1","","1.0","","1","N","N","","0","","0","0","1","","0","","","2","1","0","0","0","0","0","2","0","2","","","","N","","","","","","","","","",""
"2013042475","","1","0","0","0","0","0","0","0","0","6","0","","02","4","2013","1","40.455467","-80.110371","","11","0","0","0","0","0","0","0","0","2","0","0","0","","","1","","0","","40 27:19.681","6","0","80 06:37.335","4","0","0","0","2126","0","0","0","N","0","0","0","2","02126","1","","1.0","","1","N","N","","1","","0","0","0","","0","Y","","2","1","1","0","0","0","0","2","0","2","","","","N","","","","","","","","","",""
"2013043217","","1","0","0","0","0","0","0","0","0","1","0","","02","4","2013","3","40.427364","-79.721382","","11","0","0","0","0","0","0","0","0","","0","0","0","","","1","","1","","40 25:38.512","","0","79 43:16.976","8","0","0","0","2446","0","0","0","N","0","0","0","2","02446","0","","1.0","","1","N","N","","0","","0","0","1","","2","","","2","1","0","0","0","1","0","2","0","2","","","","N","","","","","","","","","",""
"2013043230","","1","0","0","0","0","0","0","0","0","7","0","","02","4","2013","3","40.485429","-80.091549","","11","0","0","0","0","0","0","0","0","3","0","0","0","","","1","","0","","40 29:07.545","7","0","80 05:29.578","8","0","0","0","2126","0","0","0","N","0","0","0","1","02126","0","","5.0","","1","N","N","","0","","0","0","0","","0","Y","","1","1","0","0","0","1","0","2","0","1","","","","N","","","","","","","","","",""
"2013044030","","0","0","0","0","0","0","0","0","0","2","0","","02","4","2013","1","40.352242","-79.824898","","11","0","0","0","0","0","0","0","0","","0","0","0","","","0","","0","","40 21:08.071","","0","79 49:29.632","0","0","0","0","2477","0","0","0","N","0","0","0","1","02477","0","","6.0","","1","N","N","","1","","0","0","1","","0","","","2","0","0","0","0","0","0","2","0","2","","","","N","","","","","","","","","",""
"2013041800","","2","0","0","0","0","0","0","0","0","4","0","","02","4","2013","5","40.470624","-79.836961","","11","0","0","0","1","0","0","0","0","","0","0","0","","","0","","0","","40 28:14.246","","0","79 50:13.059","0","0","0","0","2113","0","0","0","N","0","0","0","1","02113","0","","1.0","","1","N","N","","0","","0","0","0","","0","","","2","0","0","0","0","0","0","2","0","2","","","","N","","","","","","","","","",""
"2013028318","","1","0","0","0","0","0","0","0","0","1","0","","02","3","2013","3","40.411068","-80.069726","","11","0","0","0","0","0","0","1","0","","0","0","0","","","0","","0","","40 24:39.846","","0","80 04:11.014","0","0","0","0","2435","0","0","0","N","0","0","0","2","68B03","0","","1.0","","1","N","N","","0","","0","0","1","","0","","","2","0","0","0","0","0","0","2","0","2","","","","N","","","","","","","","","",""
"2013028319","","1","0","0","0","0","0","0","0","0","99","0","","02","3","2013","5","40.428514","-79.935725","","11","0","0","0","0","0","0","0","0","","0","0","0","","","0","","0","","40 25:42.649","","0","79 56:08.609","0","0","0","0","2301","0","0","0","N","0","0","0","1","68B03","0","","1.0","","1","N","N","","0","","0","0","0","","0","","","1","0","0","0","0","0","0","2","0","1","","","","N","","","","","","","","","",""
"2013026803","","1","0","0","0","0","0","0","0","0","7","0","","02","3","2013","4","40.489338","-80.016093","","11","0","0","0","0","0","0","0","0","","0","0","0","","","0","","0","","40 29:21.616","","0","80 00:57.934","0","0","0","0","2301","0","0","0","N","0","0","0","2","02301","0","","5.0","","7","N","","","0","","0","0","0","","0","","","1","0","0","0","0","0","0","2","0","1","","","","N","","","","","","","","","",""
"2013042278","","0","0","0","0","0","0","0","0","0","99","0","","02","4","2013","2","40.269735","-79.965408","","11","0","0","0","0","0","0","0","0","","0","0","0","","","0","","0","","40 16:11.046","","0","79 57:55.469","0","0","0","0","2440","0","0","0","N","0","0","0","1","68T09","0","","1.0","","1","N","N","","0","","0","0","1","","0","","","1","0","0","0","0","0","0","1","0","1","","","","N","","","","","","","","","",""
"2013042415","","1","0","0","0","0","0","0","0","0","5","1","","02","4","2013","4","40.443007","-80.0089","","11","0","0","0","0","0","1","0","0","1","0","1","0","","","0","","0","","40 26:34.826","2","3","80 00:32.041","0","0","0","0","2301","0","0","0","N","0","0","0","3","68B03","0","","1.0","","1","N","N","","0","","0","0","0","","0","Y","","2","0","0","0","0","0","0","2","0","2","","","","N","","","","","","","","","",""
"2013042477","","0","0","0","0","0","0","0","0","0","8","0","","02","4","2013","7","40.370555","-79.9823","","11","0","0","0","0","0","0","0","0","","0","0","0","","","1","","1","","40 22:13.997","","0","79 58:56.280","8","0","0","0","2413","1","0","0","N","1","0","0","2","02413","0","","1.0","","1","N","N","","0","","0","0","1","","2","","","2","1","0","0","0","1","1","2","0","1","","","","N","","","","","","","","","",""
"2013028320","","3","0","0","0","0","0","0","0","0","1","0","","02","3","2013","7","40.43177","-80.024509","","11","0","0","0","0","0","1","0","0","","0","0","0","","","0","","0","","40 25:54.373","","0","80 01:28.233","0","0","0","0","2301","0","0","0","N","0","0","0","3","68B03","0","","1.0","","1","N","N","","0","","0","0","0","","0","","","3","0","0","0","0","0","0","2","0","3","","","","N","","","","","","","","","",""
"2013043015","","2","0","0","0","0","0","0","0","0","4","0","","02","4","2013","3","40.454076","-79.996814","","11","0","0","0","1","0","1","0","0","2","0","0","0","","","2","","1","","40 27:14.672","3","1","79 59:48.532","8","0","0","0","2301","0","0","0","N","0","0","0","3","02301","0","","1.0","","1","N","N","","1","","0","0","0","","2","Y","","3","2","0","0","0","2","0","2","0","3","","","","N","","","","","","","","","",""
"2013042352","","1","0","0","0","0","0","0","0","0","1","0","","02","4","2013","7","40.353963","-79.911375","","11","0","0","0","0","0","1","0","0","2","0","0","0","","","1","","2","","40 21:14.266","3","0","79 54:40.950","4","0","0","0","2473","0","0","0","N","0","0","0","2","02473","1","","1.0","","1","N","N","","1","","0","0","0","","0","N","","2","1","2","0","0","0","0","2","0","2","","","","N","","","","","","","","","",""
"2013042416","","0","0","0","0","0","0","0","0","0","7","0","","02","4","2013","4","40.536962","-80.076833","","11","0","0","0","0","0","1","0","0","","0","0","0","","","0","","0","","40 32:13.064","","0","80 04:36.597","0","0","0","0","2215","0","0","0","N","0","0","0","1","68B03","0","","2.0","","8","N","N","","0","","0","0","1","","0","","","1","0","0","0","0","0","0","2","0","1","","","","N","","","","","","","","","",""
"2013043957","","2","0","0","0","0","0","0","0","0","7","0","","02","4","2013","6","40.411902","-80.008921","","11","0","0","0","0","0","0","0","0","3","0","0","0","","","6","","0","","40 24:42.846","7","0","80 00:32.116","3","0","0","0","2301","0","0","0","N","0","0","0","6","02301","3","","2.0","","1","N","N","","0","","3","0","0","","0","Y","","2","6","4","0","0","0","0","2","0","2","","","","N","","","","","","","","","",""
"2013042417","","2","0","0","0","0","0","0","0","0","1","0","","02","4","2013","5","40.415167","-80.060914","","11","0","0","0","0","0","1","0","0","","0","0","0","","","1","","0","","40 24:54.602","","0","80 03:39.291","4","0","0","0","2435","0","0","0","N","0","0","0","4","68B03","1","","1.0","","1","N","N","","0","","0","0","1","","0","","","3","1","0","0","0","0","0","2","0","3","","","","N","","","","","","","","","",""
"2013043234","","2","0","0","0","0","0","0","0","0","6","0","","02","4","2013","6","40.402823","-79.907966","","11","0","0","0","0","0","1","0","0","2","0","0","0","","","0","","0","","40 24:10.162","5","0","79 54:28.676","0","0","0","0","2438","0","0","0","N","0","0","0","2","02438","0","","1.0","","9","N","N","","0","","0","0","0","","0","Y","","2","0","1","0","0","0","0","2","0","2","","","","N","","","","","","","","","",""
"2013044036","","0","0","0","0","0","0","0","0","0","8","1","","02","4","2013","5","40.361856","-79.905539","","11","0","0","0","0","0","0","0","0","1","0","1","0","","","1","","0","","40 21:42.680","3","0","79 54:19.940","8","0","0","0","2473","1","0","0","N","1","0","0","2","02473","0","","1.0","","1","N","N","","0","","0","0","0","","0","N","","2","1","0","0","0","1","0","2","0","1","","","","N","","","","","","","","","",""
"2013042418","","2","0","0","0","0","0","0","0","0","1","0","","02","4","2013","5","40.436119","-80.016366","","11","0","0","0","0","0","1","0","0","","0","0","0","","","1","","0","","40 26:10.030","","0","80 00:58.916","4","0","0","0","2301","0","0","0","N","0","0","0","5","68B03","1","","1.0","","1","N","N","","0","","0","0","1","","0","","","3","1","0","0","0","0","0","2","0","3","","","","N","","","","","","","","","",""
"2013043959","","0","0","0","0","0","0","0","0","0","7","0","25","02","4","2013","6","40.438889","-79.993877","","11","0","0","0","0","0","0","0","0","1","0","0","0","","","0","","7","","40 26:20.000","2","3","79 59:37.957","0","0","0","0","2301","0","0","0","Y","0","0","0","1","02301","0","","4.0","","1","N","N","","0","","0","0","1","","0","Y","","1","0","0","0","0","0","0","2","0","1","","","Y","Y","4","2","Y","","N","Y","","","",""
"2013043018","","2","0","0","0","0","0","0","0","0","7","0","","02","4","2013","2","40.421003","-80.211378","","11","0","0","0","0","0","1","0","0","3","0","0","0","","","1","","0","","40 25:15.610","5","0","80 12:40.960","2","0","0","0","2214","0","0","0","N","0","0","0","2","02214","0","","2.0","","1","N","N","","1","","0","1","0","","0","Y","","3","1","1","0","1","0","0","1","0","3","","","","N","","","","","","","","","",""
"2013043031","","1","0","0","0","0","0","0","0","0","7","0","","02","4","2013","1","40.493853","-80.031317","","11","0","0","0","0","0","0","0","0","1","0","0","0","","","1","","0","","40 29:37.870","4","0","80 01:52.740","3","0","0","0","2116","0","0","0","N","0","0","0","1","02116","0","","5.0","","1","N","N","","0","","1","0","0","","0","N","","1","1","1","0","0","0","0","2","0","1","","","","N","","","","","","","","","",""
"2013042419","","1","0","0","0","0","0","0","0","0","1","0","","02","4","2013","1","40.43358","-80.021175","","11","0","0","0","0","0","0","0","0","","0","0","0","","","1","","0","","40 26:00.889","","4","80 01:16.231","8","0","0","0","2301","0","0","0","N","0","0","0","5","68B03","0","","1.0","","1","N","N","","0","","0","0","1","","0","","","3","1","0","0","0","1","0","2","1","3","","","","N","","","","","","","","","",""
"2013042420","","3","0","0","0","0","0","0","0","0","1","0","","02","4","2013","2","40.449816","-80.001451","","11","0","0","0","0","0","1","0","0","","0","0","0","","","1","","0","","40 26:59.339","","0","80 00:05.224","4","0","0","0","2301","0","0","0","N","0","0","0","3","68B03","1","","1.0","","1","N","N","","0","","0","0","0","","0","","","3","1","0","0","0","0","0","2","0","3","","","","N","","","","","","","","","",""
"2013042495","","2","0","0","0","0","0","0","0","0","2","0","","02","4","2013","4","40.427609","-79.891134","","11","0","0","0","0","0","1","0","0","","0","0","0","","","2","","2","","40 25:39.392","","2","79 53:28.083","2","0","0","0","2426","0","0","0","N","0","0","0","2","02426","1","","1.0","","9","N","N","","0","","0","1","0","","2","","","2","2","0","0","0","0","0","2","0","2","","","","N","","","","","","","","","",""
"2013043237","","1","0","0","0","0","0","0","0","0","7","0","","02","4","2013","3","40.481478","-80.064692","","11","0","0","0","0","0","0","0","0","1","0","0","0","","","1","","0","","40 28:53.320","5","0","80 03:52.890","3","0","0","0","2122","0","0","0","N","0","0","0","1","02122","0","","2.0","","1","N","N","","0","","1","0","0","","0","N","","1","1","1","0","0","0","0","2","0","1","","","","N","","","","","","","","","",""
"2013042357","","1","0","0","0","0","0","0","0","0","1","0","","02","4","2013","1","40.479745","-79.82253","","11","0","0","0","0","0","1","0","0","2","0","0","0","","","2","","2","","40 28:47.081","3","0","79 49:21.108","3","0","0","1","2113","0","0","0","N","0","0","0","3","02113","1","","1.0","","1","N","N","","0","","1","0","0","","0","Y","","2","2","0","0","0","0","0","2","0","2","","","","N","","","","","","","","","",""
"2013041671","","2","0","0","0","0","0","0","0","0","4","0","","02","4","2013","5","40.376472","-80.067489","","11","0","0","0","0","1","0","0","0","","0","0","0","","","0","","2","","40 22:35.299","","0","80 04:02.960","0","0","0","0","2117","0","0","0","N","0","0","0","3","02117","0","","1.0","","1","N","N","","0","","0","0","0","","2","","","2","0","0","0","0","0","0","2","0","2","","","","N","","","","","","","","","",""
"2013042421","","1","0","0","0","0","0","0","0","0","1","0","","02","4","2013","3","40.447457","-80.166215","","11","0","0","0","0","0","0","0","0","","0","0","0","","","0","","0","","40 26:50.844","","0","80 09:58.375","0","0","0","0","2115","0","0","0","N","0","0","0","2","68B03","0","","1.0","","1","N","N","","0","","0","0","1","","0","","","2","0","0","0","0","0","0","2","0","2","","","","N","","","","","","","","","",""
"2013043238","","2","0","0","0","0","0","0","0","0","6","0","","02","4","2013","3","40.385255","-80.016542","","11","0","0","0","0","0","0","0","0","","0","0","0","","","0","","0","","40 23:06.918","","0","80 00:59.551","0","0","0","0","2301","0","0","0","N","0","0","0","1","02301","0","","2.0","","1","N","N","","0","","0","0","0","","0","","","2","0","0","0","0","0","0","2","0","2","","","","N","","","","","","","","","",""
"2013043101","","0","0","0","0","0","0","0","0","0","7","0","","02","3","2013","6","40.582827","-79.78055","","11","0","0","0","0","0","0","0","0","3","0","0","0","","","0","","0","","40 34:58.176","2","0","79 46:49.979","0","0","0","0","2104","0","0","0","N","0","0","0","1","68D02","0","","4.0","","1","N","N","","1","","0","0","0","","0","N","","1","0","0","0","0","0","0","2","0","1","","","","N","","","","","","","","","",""
"2013042422","","2","0","0","0","0","0","0","0","0","5","0","","02","4","2013","5","40.420926","-80.047382","","11","0","0","0","0","0","1","0","0","","0","0","0","","","3","","7","","40 25:15.333","","0","80 02:50.574","8","0","0","0","2435","0","0","0","N","0","0","0","4","68B03","0","","1.0","","1","N","N","","1","","0","0","1","","0","","","4","3","0","0","0","3","0","2","0","4","","","","N","","","","","","","","","",""
"2013043976","","0","0","0","0","0","0","0","0","0","1","0","","02","4","2013","2","40.434115","-79.994201","","11","0","0","0","0","0","0","0","1","","0","0","0","","","0","","0","","40 26:02.813","","0","79 59:39.123","0","0","0","0","2301","0","0","0","N","0","0","0","3","68B03","0","","1.0","","1","N","N","","1","","0","0","1","","0","","","2","0","0","0","0","0","0","2","0","2","","","","N","","","","","","","","","",""
"2013041747","","1","0","0","0","0","0","0","0","0","7","0","","02","3","2013","1","40.420072","-80.033224","","11","0","0","0","0","0","0","0","0","","0","0","0","","","1","","0","","40 25:12.260","","0","80 01:59.605","4","0","0","0","2301","0","0","0","N","0","0","0","1","68B03","1","","2.0","","1","N","N","","0","","0","0","0","","0","","","1","1","1","0","0","0","0","2","0","1","","","","N","","","","","","","","","",""
"2013041535","","1","0","0","0","0","0","0","0","0","4","0","","02","4","2013","3","40.667308","-80.102196","","11","0","0","0","0","0","1","0","0","","0","0","0","","","1","","0","","40 40:02.308","","0","80 06:07.905","4","0","0","0","2212","0","0","0","N","0","0","0","2","02505","1","","1.0","","1","N","N","","1","","0","0","0","","0","","","2","1","0","0","0","0","0","2","0","2","","","","N","","","","","","","","","",""
"2013042298","","2","0","0","0","0","0","0","0","0","4","0","","02","4","2013","7","40.428997","-79.998235","","11","0","0","0","0","0","0","0","0","2","0","0","0","","","0","","1","","40 25:44.389","4","0","79 59:53.646","0","0","0","0","2301","0","0","0","N","0","0","0","2","02301","0","","1.0","","1","N","N","","0","","0","0","0","","2","Y","","2","0","0","0","0","0","0","2","0","2","","","","N","","","","","","","","","",""
"2013041673","","1","0","0","0","0","0","0","0","0","1","0","","02","4","2013","3","40.491481","-79.86589","","11","0","0","0","0","0","0","0","0","","0","0","0","","","1","","1","","40 29:29.330","","0","79 51:57.203","4","0","0","0","2408","0","0","0","N","0","0","0","2","02408","1","","1.0","","1","N","N","","1","","0","0","0","","2","","","3","1","0","0","0","0","1","2","1","3","","","","N","","","","","","","","","",""
"2013042423","","1","0","0","0","0","0","0","0","0","7","0","","02","4","2013","6","40.524129","-80.070783","","11","0","0","0","0","0","0","0","0","1","0","0","0","","","1","","0","","40 31:26.863","2","2","80 04:14.817","4","0","0","0","2215","0","0","0","Y","0","0","0","1","68B03","1","","2.0","","1","N","N","","0","","0","0","0","","0","N","","1","1","0","0","0","0","0","2","0","1","","","","N","","","","","","","","","",""
"2013043977","","0","0","0","0","0","0","0","0","0","7","1","","02","4","2013","3","40.639927","-80.097914","","11","0","0","0","0","0","0","0","0","","0","1","0","","","0","","0","","40 38:23.738","","0","80 05:52.489","0","0","0","0","2212","0","0","0","Y","0","0","0","1","68B03","0","","2.0","","1","N","N","","0","","0","0","0","","0","","","1","0","0","0","0","0","0","2","0","1","","","","N","","","","","","","","","",""
"2013041536","","0","0","0","0","0","0","0","0","0","7","0","","02","4","2013","4","40.449597","-80.061422","","11","0","0","0","0","0","0","0","0","1","0","0","0","","","3","","1","","40 26:58.549","2","0","80 03:41.119","4","0","0","0","2301","0","0","0","N","0","0","0","5","02301","3","","5.0","","1","N","N","","0","","0","0","0","","0","N","","1","3","0","0","0","0","0","2","1","1","","","","N","","","","","","","","","",""
"2013042299","","1","0","0","0","0","0","0","0","0","7","0","","02","4","2013","7","40.46152","-80.01895","","11","0","0","0","0","0","0","0","0","","0","0","0","","","1","","2","","40 27:41.472","","0","80 01:08.220","3","0","0","0","2301","0","0","0","N","0","0","0","2","02301","0","","2.0","","1","N","N","","0","","1","0","0","","0","","","1","1","2","0","0","0","0","2","0","1","","","","N","","","","","","","","","",""
"2013043966","","2","0","0","0","0","0","0","0","0","6","0","","02","4","2013","6","40.482286","-79.972739","","11","0","0","0","0","0","1","0","0","","0","0","0","","","0","","0","","40 28:56.230","","0","79 58:21.861","0","0","0","0","2445","0","0","0","N","0","0","0","2","02445","0","","4.0","","9","N","N","","0","","0","0","0","","0","","","2","0","0","0","0","0","0","2","0","2","","","","N","","","","","","","","","",""
"2013042159","","3","0","0","0","0","0","0","0","0","1","0","","02","4","2013","6","40.437112","-79.779883","","11","0","0","0","0","0","1","0","1","1","0","0","0","","","0","","0","","40 26:13.602","3","0","79 46:47.577","0","0","0","0","2446","0","0","0","N","0","0","0","3","02446","0","","1.0","","9","N","N","","0","","0","0","0","","2","N","","3","0","0","0","0","0","0","2","0","3","","","","N","","","","","","","","","",""
"2013042224","","0","0","0","0","0","0","0","0","0","1","0","","02","4","2013","6","40.34889","-79.939012","","11","0","0","0","0","0","1","0","0","","0","0","0","","","1","","2","","40 20:56.003","","0","79 56:20.443","4","0","0","0","2473","0","0","0","N","0","0","0","3","02473","1","","1.0","","1","N","N","","1","","0","0","0","","2","","","2","1","0","0","0","0","0","2","1","2","","","","N","","","","","","","","","",""
"2013043040","","0","0","0","0","0","0","0","0","0","8","0","","02","4","2013","3","40.606957","-79.752978","","11","0","1","0","0","0","0","0","0","2","0","0","0","","","1","","0","","40 36:25.045","5","0","79 45:10.719","8","0","0","0","2464","1","0","0","N","1","0","0","3","02464","0","","1.0","","1","N","N","","0","","0","0","1","","0","Y","","2","1","0","0","0","1","0","2","0","1","","","","N","","","","","","","","","",""
"2013041538","","0","0","0","0","0","0","0","0","0","4","0","","02","4","2013","4","40.439585","-80.005091","","11","0","0","0","0","0","0","0","0","","0","0","0","","","1","","1","","40 26:22.506","","0","80 00:18.329","4","0","0","0","2301","0","0","0","N","0","0","0","3","02301","1","","1.0","","1","N","N","","1","","0","0","1","","2","","","2","1","0","0","0","0","0","2","0","2","","","","N","","","","","","","","","",""
"2013041677","","1","0","0","0","0","0","0","0","0","4","0","","02","4","2013","5","","","","11","0","0","0","0","0","0","0","1","1","0","0","0","","","2","","2","","","4","0","","3","0","0","0","2446","0","0","0","N","0","0","0","3","02446","1","","1.0","","1","N","N","","0","","1","0","0","","3","N","","2","2","0","0","0","0","0","1","1","2","","","","N","","","","","","","","","",""
"2013043842","","1","0","0","0","0","0","0","0","0","4","0","","02","4","2013","5","40.615788","-80.09422","","11","0","0","0","0","0","0","0","0","","0","0","0","","","1","","1","","40 36:56.838","","0","80 05:39.193","8","0","0","0","2481","0","0","0","N","0","0","0","2","02481","0","","1.0","","1","N","N","","1","","0","0","0","","2","","","2","1","0","0","0","1","0","2","0","2","","","","N","","","","","","","","","",""
"2013041616","","2","0","0","0","0","0","0","0","0","4","0","","02","4","2013","4","40.354581","-80.073577","","11","0","0","0","0","0","2","0","0","","0","0","0","","","0","","1","","40 21:16.491","","0","80 04:24.878","0","0","0","0","2123","0","0","0","N","0","0","0","2","02123","0","","1.0","","1","N","N","","0","","0","0","0","","0","","","2","0","0","0","0","0","0","2","0","2","","","","N","","","","","","","","","",""