"CRN","ARRIVAL_TM","AUTOMOBILE_COUNT","BELTED_DEATH_COUNT","BELTED_SUSP_SERIOUS_INJ_COUNT","BICYCLE_COUNT","BICYCLE_DEATH_COUNT","BICYCLE_SUSP_SERIOUS_INJ_COUNT","BUS_COUNT","CHLDPAS_DEATH_COUNT","CHLDPAS_SUSP_SERIOUS_INJ_COUNT","COLLISION_TYPE","COMM_VEH_COUNT","CONS_ZONE_SPD_LIM","COUNTY","CRASH_MONTH","CRASH_YEAR","DAY_OF_WEEK","DEC_LATITUDE","DEC_LONGITUDE","DISPATCH_TM","DISTRICT","DRIVER_COUNT_16YR","DRIVER_COUNT_17YR","DRIVER_COUNT_18YR","DRIVER_COUNT_19YR","DRIVER_COUNT_20YR","DRIVER_COUNT_50_64YR","DRIVER_COUNT_65_74YR","DRIVER_COUNT_75PLUS","EST_HRS_CLOSED","FATAL_COUNT","HEAVY_TRUCK_COUNT","HORSE_BUGGY_COUNT","HOUR_OF_DAY","ILLUMINATION","INJURY_COUNT","INTERSECTION_RELATED","INTERSECT_TYPE","LANE_CLOSED","LATITUDE","LN_CLOSE_DIR","LOCATION_TYPE","LONGITUDE","MAX_SEVERITY_LEVEL","MCYCLE_DEATH_COUNT","MCYCLE_SUSP_SERIOUS_INJ_COUNT","MOTORCYCLE_COUNT","MUNICIPALITY","NONMOTR_COUNT","NONMOTR_DEATH_COUNT","NONMOTR_SUSP_SERIOUS_INJ_COUNT","NTFY_HIWY_MAINT","PED_COUNT","PED_DEATH_COUNT","PED_SUSP_SERIOUS_INJ_COUNT","PERSON_COUNT","POLICE_AGCY","POSSIBLE_INJ_COUNT","RDWY_SURF_TYPE_CD","RELATION_TO_ROAD","ROADWAY_CLEARED","ROAD_CONDITION","SCH_BUS_IND","SCH_ZONE_IND","SECONDARY_CRASH","SMALL_TRUCK_COUNT","SPEC_JURIS_CD","SUSP_MINOR_INJ_COUNT","SUSP_SERIOUS_INJ_COUNT","SUV_COUNT","TCD_FUNC_CD","TCD_TYPE","TFC_DETOUR_IND","TIME_OF_DAY","TOTAL_UNITS","TOT_INJ_COUNT","UNBELTED_OCC_COUNT","UNB_DEATH_COUNT","UNB_SUSP_SERIOUS_INJ_COUNT","UNK_INJ_DEG_COUNT","UNK_INJ_PER_COUNT","URBAN_RURAL","VAN_COUNT","VEHICLE_COUNT","WEATHER1","WEATHER2","WORKERS_PRES","WORK_ZONE_IND","WORK_ZONE_LOC","WORK_ZONE_TYPE","WZ_CLOSE_DETOUR","WZ_FLAGGER","WZ_LAW_OFFCR_IND","WZ_LN_CLOSURE","WZ_MOVING","WZ_OTHER","WZ_SHLDER_MDN","WZ_WORKERS_INJ_KILLED"
"2013026798","","2","0","0","0","0","0","0","0","0","1","0","","02","3","2013","3","40.425646","-80.019729","","11","0","0","0","0","0","0","0","1","","0","0","0","","","0","","0","","40 25:32.326","","0","80 01:11.026","0","0","0","0","2301","0","0","0","N","0","0","0","2","02301","0","","1.0","","1","N","N","","0","","0","0","0","","0","","","2","0","0","0","0","0","0","2","0","2","","","","N","","","","","","","","","",""
"2013027566","","2","0","0","0","0","0","0","0","0","1","0","","02","3","2013","5","40.41961","-80.009006","","11","0","0","0","0","0","0","0","0","1","0","0","0","","","0","","0","","40 25:10.596","4","0","80 00:32.421","0","0","0","0","2301","0","0","0","N","0","0","0","2","02301","0","","1.0","","1","N","N","","0","","0","0","0","","0","N","","2","0","0","0","0","0","0","2","0","2","","","","N","","","","","","","","","",""
"2013027580","","1","0","0","0","0","0","0","0","0","7","0","","02","3","2013","6","40.548326","-80.168715","","11","0","0","0","0","0","1","0","0","","0","0","0","","","0","","2","","40 32:53.973","","0","80 10:07.374","0","0","0","0","2459","0","0","0","N","0","0","0","1","02459","0","","2.0","","1","N","N","","0","","0","0","0","","0","","","1","0","0","0","0","0","0","1","0","1","","","","N","","","","","","","","","",""
"2013028315","","1","0","0","0","0","0","0","0","0","7","0","","02","3","2013","6","40.410596","-80.072846","","11","0","0","1","0","0","0","0","0","2","0","0","0","","","1","","0","","40 24:38.145","4","3","80 04:22.247","8","0","0","0","2117","0","0","0","N","0","0","0","3","68B03","0","","2.0","","1","N","N","","0","","0","0","0","","0","N","","1","1","3","0","0","1","0","2","0","1","","","","N","","","","","","","","","",""
"2013029065","","2","0","0","0","0","0","0","0","0","4","0","","02","3","2013","2","40.526027","-79.842776","","11","0","0","0","0","0","0","0","1","","0","0","0","","","1","","1","","40 31:33.698","","0","79 50:33.994","8","0","0","0","2451","0","0","0","N","0","0","0","4","02451","0","","1.0","","1","N","N","","0","","0","0","0","","3","","","2","1","0","0","0","1","0","2","0","2","","","","N","","","","","","","","","",""
"2013029205","","0","0","0","0","0","0","0","0","0","7","0","","02","3","2013","4","40.420856","-79.847289","","11","0","0","0","0","0","0","0","0","2","0","0","0","","","1","","1","","40 25:15.081","5","0","79 50:50.240","4","0","0","0","2431","0","0","0","N","0","0","0","1","02431","1","","5.0","","7","N","N","","0","","0","0","1","","0","N","","1","1","0","0","0","0","0","2","0","1","","","","N","","","","","","","","","",""
"2013029220","","2","0","0","0","0","0","0","0","0","1","0","","02","3","2013","6","40.316871","-79.978312","","11","0","0","0","0","0","0","1","0","2","0","0","0","","","1","","2","","40 19:00.735","4","0","79 58:41.923","4","0","0","0","2440","0","0","0","N","0","0","0","3","02440","1","","1.0","","9","N","N","","0","","0","0","1","","3","N","","3","1","0","0","0","0","0","2","0","3","","","","N","","","","","","","","","",""
"2013027790","","0","0","0","0","0","0","0","0","0","7","0","","02","3","2013","4","40.508796","-79.851883","","11","0","0","0","0","0","0","0","0","3","0","0","0","","","0","","0","","40 30:31.666","5","0","79 51:06.780","0","0","0","0","2112","0","0","0","Y","0","0","0","1","02112","0","","1.0","","7","N","N","","1","","0","0","0","","0","Y","","1","0","0","0","0","0","0","2","0","1","","","","N","","","","","","","","","",""
"2013029389","","2","0","0","0","0","0","0","0","0","1","0","","02","3","2013","4","40.487874","-79.897599","","11","0","0","0","0","0","0","0","0","1","0","0","0","","","0","","2","","40 29:16.346","4","0","79 53:51.355","0","0","0","0","2301","0","0","0","N","0","0","0","6","02301","0","","1.0","","1","N","N","","0","","0","0","1","","2","N","","3","0","1","0","0","0","0","2","0","3","","","","N","","","","","","","","","",""
"2013028316","","0","0","0","0","0","0","0","0","0","1","0","","02","3","2013","2","40.341945","-80.125809","","11","0","0","0","0","0","0","0","0","","0","0","0","","","0","","0","","40 20:31.002","","0","80 07:32.914","0","0","0","0","2119","0","0","0","N","0","0","0","2","68B03","0","","1.0","","1","N","N","","2","","0","0","0","","0","","","2","0","0","0","0","0","0","2","0","2","","","","N","","","","","","","","","",""
"2013026800","","0","0","0","0","0","0","0","0","0","2","0","","02","3","2013","7","40.365388","-80.108163","","11","0","0","0","0","0","0","0","0","","0","0","0","","","2","","2","","40 21:55.396","","0","80 06:29.387","4","0","0","0","2102","0","0","0","N","0","0","0","3","02102","1","","1.0","","1","N","N","","1","","0","0","1","","2","","","2","2","0","0","0","1","0","2","0","2","","","","N","","","","","","","","","",""
"2013028317","","0","0","0","0","0","0","0","0","0","7","0","","02","3","2013","3","40.37236","-80.108609","","11","0","0","0","0","0","0","0","0","2","0","0","0","","","1","","6","","40 22:20.495","2","2","80 06:30.993","4","0","0","0","2102","0","0","0","N","0","0","0","1","68B03","1","","4.0","","1","N","N","","1","","0","0","0","","0","N","","1","1","0","0","0","0","0","2","0","1","","","","N","","","","","","","","","",""
"2013029207","","0","0","0","0","0","0","0","0","0","7","0","","02","3","2013","4","40.432233","-79.997193","","11","0","0","0","0","0","0","0","0","1","0","0","0","","","0","","0","","40 25:56.040","2","3","79 59:49.893","0","0","0","0","2301","0","0","0","Y","0","0","0","1","02301","0","","2.0","","9","N","N","","1","","0","0","0","","0","N","","1","0","0","0","0","0","0","2","0","1","","","","N","","","","","","","","","",""
"2013029222","","2","0","0","0","0","0","0","0","0","1","0","","02","3","2013","4","40.623432","-80.053716","","11","0","1","0","0","0","0","0","0","","0","0","0","","","0","","2","","40 37:24.354","","0","80 03:13.377","9","0","0","0","2216","0","0","0","N","0","0","0","3","02505","0","","1.0","","7","N","N","","0","","0","0","0","","2","","","2","0","0","0","0","0","1","1","0","2","","","","N","","","","","","","","","",""
"2013027027","","1","0","0","0","0","0","0","0","0","7","0","","02","2","2013","3","40.464254","-80.194651","","11","0","0","0","0","0","1","0","0","","0","0","0","","","0","","0","","40 27:51.313","","0","80 11:40.743","0","0","0","0","2213","0","0","0","N","0","0","0","1","68B03","0","","5.0","","1","N","N","","0","","0","0","0","","0","","","1","0","0","0","0","0","0","2","0","1","","","","N","","","","","","","","","",""
"2013029271","","2","0","0","0","0","0","0","0","0","2","0","","02","3","2013","4","40.446485","-79.848378","","11","0","0","0","0","0","0","0","1","","0","0","0","","","0","","2","","40 26:47.346","","0","79 50:54.159","0","0","0","0","2419","0","0","0","N","0","0","0","2","02419","0","","1.0","","1","N","N","","0","","0","0","0","","1","","","2","0","0","0","0","0","0","2","0","2","","","","N","","","","","","","","","",""
"2013027871","","1","0","0","0","0","0","0","0","0","7","1","","02","3","2013","4","40.646311","-80.033931","","11","0","0","0","0","0","0","0","0","4","0","1","0","","","1","","0","","40 38:46.721","6","0","80 02:02.152","4","0","0","0","2216","0","0","0","N","0","0","0","3","68T02","1","","3.0","","6","N","N","","0","","0","0","0","","0","N","","2","1","0","0","0","0","0","2","0","2","","","","N","","","","","","","","","",""
"2013026471","","2","0","0","0","0","0","0","0","0","1","0","","02","3","2013","3","40.425645","-80.019628","","11","0","0","0","0","0","0","0","0","","0","0","0","","","0","","0","","40 25:32.322","","0","80 01:10.660","0","0","0","0","2301","0","0","0","N","0","0","0","2","02301","0","","1.0","","1","N","N","","0","","0","0","0","","0","","","2","0","0","0","0","0","0","2","0","2","","","","N","","","","","","","","","",""
"2013029082","","0","0","0","0","0","0","0","0","0","7","0","","02","3","2013","3","40.45863","-79.957447","","11","0","0","0","0","0","0","0","0","3","0","0","0","","","1","","5","","40 27:31.068","7","3","79 57:26.810","4","0","0","0","2301","0","0","0","N","0","0","0","1","02301","1","","2.0","","1","N","N","","0","","0","0","1","","2","Y","","1","1","0","0","0","0","0","2","0","1","","","","N","","","","","","","","","",""
"2013026886","","0","0","0","0","0","0","0","0","0","7","0","","02","3","2013","4","40.344935","-80.082623","","11","0","0","0","0","0","0","0","0","","0","0","0","","","1","","0","","40 20:41.767","","0","80 04:57.444","8","0","0","0","2123","0","0","0","N","0","0","0","1","02123","0","","5.0","","9","N","N","","0","","0","0","1","","0","","","1","1","0","0","0","1","0","2","0","1","","","","N","","","","","","","","","",""
"2013027028","","2","0","0","0","0","0","0","0","0","1","0","","02","2","2013","5","40.37852","-80.099029","","11","0","0","0","0","0","1","0","0","1","0","0","0","","","0","","0","","40 22:42.672","1","0","80 05:56.506","0","0","0","0","2102","0","0","0","N","0","0","0","4","68B03","0","","1.0","","1","N","N","","0","","0","0","2","","0","N","","4","0","0","0","0","0","0","2","0","4","","","","N","","","","","","","","","",""
"2013029272","","1","0","0","0","0","0","0","0","0","1","0","","02","3","2013","4","40.524714","-79.83727","","11","0","0","0","0","0","0","1","0","","0","0","0","","","1","","0","","40 31:28.971","","0","79 50:14.172","4","0","0","0","2451","0","0","0","N","0","0","0","2","02451","1","","1.0","","9","N","N","","0","","0","0","1","","0","","","2","1","0","0","0","0","0","2","0","2","","","","N","","","","","","","","","",""
"2013026887","","1","0","0","0","0","0","0","0","0","2","0","","02","2","2013","7","40.491646","-80.061327","","11","0","0","0","0","0","0","0","0","1","0","0","0","","","1","","0","","40 29:29.927","2","0","80 03:40.778","3","0","0","0","2404","0","0","0","","0","0","0","1","02404","0","","1.0","","1","","","","1","","1","0","0","","2","N","","2","1","0","0","0","0","0","2","0","2","","","","N","","","","","","","","","",""
"2013028478","","0","0","0","0","0","0","0","0","0","7","0","","02","3","2013","2","40.457991","-79.904035","","11","0","0","0","0","0","0","1","0","3","0","0","0","","","0","","3","","40 27:28.767","3","0","79 54:14.527","0","0","0","0","2301","0","0","0","N","0","0","0","1","02301","0","","5.0","","1","N","N","","1","","0","0","0","","0","Y","","1","0","0","0","0","0","0","2","0","1","","","","N","","","","","","","","","",""
"2013029273","","2","0","0","0","0","0","0","0","0","1","0","","02","3","2013","6","40.445612","-79.998636","","11","0","0","0","0","0","1","0","0","","0","0","0","","","3","","3","","40 26:44.203","","0","79 59:55.088","4","0","0","0","2301","0","0","0","N","0","0","0","3","02301","3","","2.0","","1","N","N","","0","","0","0","0","","2","","","3","3","0","0","0","0","0","2","1","3","","","","N","","","","","","","","","",""
"2013027170","","1","0","0","0","0","0","0","0","0","1","0","","02","3","2013","5","40.408889","-79.830728","","11","0","0","0","0","0","1","0","0","2","0","0","0","","","0","","0","","40 24:32.001","2","0","79 49:50.620","0","0","0","0","2467","0","0","0","","0","0","0","2","02467","0","","1.0","","1","","","","0","","0","0","1","","0","N","","2","0","0","0","0","0","0","2","0","2","","","","N","","","","","","","","","",""
"2013027587","","1","0","0","0","0","0","0","0","0","7","0","","02","3","2013","5","40.543522","-79.804287","","11","0","0","0","0","0","1","0","0","","0","0","0","","","0","","0","","40 32:36.678","","0","79 48:15.432","0","0","0","0","2418","0","0","0","N","0","0","0","1","02418","0","","4.0","","1","N","N","","0","","0","0","0","","0","","","1","0","0","0","0","0","0","2","0","1","","","","N","","","","","","","","","",""
"2013029227","","1","0","0","0","0","0","0","0","0","4","0","","02","3","2013","4","40.386134","-79.821206","","11","0","0","0","0","0","1","0","0","","0","0","0","","","0","","2","","40 23:10.082","","7","79 49:16.341","0","0","0","0","2111","0","0","0","N","0","0","0","2","02111","0","","1.0","","9","N","N","","0","","0","0","1","","2","","","2","0","0","0","0","0","0","2","0","2","","","","N","","","","","","","","","",""
"2013028397","","1","0","0","0","0","0","0","0","0","5","0","","02","3","2013","2","40.504736","-80.084409","","11","0","0","0","0","0","1","0","0","2","0","0","0","","","0","","2","","40 30:17.051","5","0","80 05:03.871","0","0","0","0","2405","0","0","0","N","0","0","0","2","02215","0","","1.0","","9","N","N","","1","","0","0","0","","2","N","","2","0","0","0","0","0","0","2","0","2","","","","N","","","","","","","","","",""
"2013028480","","1","0","0","0","0","0","0","0","0","4","0","","02","3","2013","6","40.606029","-80.051361","","11","0","0","0","0","0","0","1","0","2","0","1","0","","","0","","2","","40 36:21.705","5","0","80 03:04.899","0","0","0","0","2108","0","0","0","N","0","0","0","2","02108","0","","1.0","","1","N","N","","0","","0","0","0","","0","N","","2","0","0","0","0","0","0","2","0","2","","","","N","","","","","","","","","",""
"2013027798","","0","0","0","0","0","0","0","0","0","7","0","","02","3","2013","4","40.308776","-79.948003","","11","0","0","0","0","0","0","0","0","","0","0","0","","","0","","0","","40 18:31.593","","7","79 56:52.810","0","0","0","0","2440","0","0","0","N","0","0","0","2","02440","0","","5.0","","7","N","N","","2","","0","0","0","","0","","","2","0","0","0","0","0","0","2","0","2","","","","N","","","","","","","","","",""
"2013027657","","1","0","0","0","0","0","0","0","0","7","0","","02","3","2013","6","40.356581","-79.896642","","11","0","0","0","0","0","0","0","0","1","0","0","0","","","0","","0","","40 21:23.693","4","0","79 53:47.911","0","0","0","0","2423","0","0","0","N","0","0","0","1","02304","0","","5.0","","1","N","N","","0","","0","0","0","","0","Y","","1","0","0","0","0","0","0","2","0","1","","","","N","","","","","","","","","",""
"2013028481","","1","0","0","0","0","0","0","0","0","1","0","","02","3","2013","7","40.56579","-80.000623","","11","0","0","0","0","0","0","0","1","","0","0","0","","","0","","0","","40 33:56.845","","0","80 00:02.241","0","0","0","0","2108","0","0","0","N","0","0","0","5","02108","0","","1.0","","1","N","N","","0","","0","0","2","","0","","","3","0","0","0","0","0","0","2","0","3","","","","N","","","","","","","","","",""
"2013029230","","1","0","0","0","0","0","0","0","0","1","0","","02","3","2013","4","40.484224","-79.907886","","11","0","0","0","0","0","2","1","0","","0","0","0","","","1","","3","","40 29:03.206","","0","79 54:28.391","8","0","0","0","2301","0","0","0","N","0","0","0","3","02301","0","","7.0","","9","N","N","","0","","0","0","2","","0","","","3","1","0","0","0","1","0","2","0","3","","","","N","","","","","","","","","",""
"2013028400","","1","0","0","0","0","0","0","0","0","1","0","","02","3","2013","1","40.530566","-80.010305","","11","0","0","0","0","0","0","0","0","1","0","0","0","","","0","","0","","40 31:50.039","4","0","80 00:37.097","0","0","0","0","2116","0","0","0","N","0","0","0","2","02116","0","","1.0","","1","N","N","","0","","0","0","0","","0","N","","2","0","0","0","0","0","0","2","1","2","","","","N","","","","","","","","","",""
"2013028470","","1","0","0","0","0","0","0","0","0","7","0","","02","3","2013","1","40.468644","-80.000401","","11","0","0","0","0","0","0","0","0","","0","0","0","","","0","","10","","40 28:07.118","","0","80 00:01.443","9","0","0","0","2301","0","0","0","N","0","0","0","1","02301","0","","4.0","","1","N","N","","0","","0","0","0","","0","","","1","0","0","0","0","0","1","2","0","1","","","","N","","","","","","","","","",""
"2013028482","","0","0","0","0","0","0","0","0","0","6","0","","02","3","2013","7","40.586047","-80.04046","","11","0","0","0","0","0","1","0","0","","0","0","0","","","1","","0","","40 35:09.769","","0","80 02:25.656","8","0","0","1","2108","0","0","0","N","0","0","0","2","02108","0","","1.0","","1","N","N","","0","","0","0","0","","3","","","2","1","0","0","0","1","0","2","1","2","","","","N","","","","","","","","","",""
"2013029398","","1","0","0","0","0","0","0","0","0","7","0","","02","3","2013","4","40.474199","-79.84233","","11","0","0","1","0","0","0","0","0","1","0","0","0","","","0","","0","","40 28:27.116","6","0","79 50:32.388","0","0","0","0","2113","0","0","0","N","0","0","0","2","02113","0","","5.0","","9","N","N","","0","","0","0","0","","0","Y","","1","0","0","0","0","0","0","2","0","1","","","","N","","","","","","","","","",""
"2013029088","","1","0","0","0","0","0","0","0","0","7","0","","02","3","2013","1","40.393508","-79.812055","","11","0","0","0","0","0","0","0","0","","0","0","0","","","1","","0","","40 23:36.629","","0","79 48:43.398","8","0","0","0","2479","0","0","0","N","0","0","0","1","02111","0","","2.0","","1","N","N","","0","","0","0","0","","0","","","1","1","0","0","0","1","0","2","0","1","","","","N","","","","","","","","","",""
"2013028402","","2","0","0","0","0","0","0","0","0","2","0","","02","3","2013","2","40.418915","-79.935502","","11","0","1","0","0","0","0","1","0","1","0","0","0","","","1","","0","","40 25:08.094","6","0","79 56:07.807","8","0","0","0","2301","0","0","0","N","0","0","0","3","02301","0","","1.0","","1","N","N","","0","","0","0","0","","0","N","","2","1","1","0","0","1","0","2","0","2","","","","N","","","","","","","","","",""
"2013028483","","1","0","0","0","0","0","0","0","0","7","0","","02","3","2013","7","40.59614","-80.029295","","11","0","1","0","0","0","0","0","0","","0","0","0","","","2","","0","","40 35:46.104","","0","80 01:45.462","8","0","0","0","2108","0","0","0","N","0","0","0","2","02108","0","","5.0","","1","N","N","","0","","0","0","0","","0","","","1","2","0","0","0","2","0","2","0","1","","","","N","","","","","","","","","",""
"2013027801","","0","0","0","0","0","0","0","0","0","1","0","","02","3","2013","7","40.396522","-79.807967","","11","0","0","0","0","0","0","0","0","2","0","0","0","","","0","","0","","40 23:47.479","3","0","79 48:28.681","0","0","0","0","2479","0","0","0","N","0","0","0","2","02111","0","","1.0","","1","N","N","","1","","0","0","1","","7","N","","2","0","0","0","0","0","0","2","0","2","","","","N","","","","","","","","","",""
"2013029399","","1","0","0","0","0","0","0","0","0","7","0","","02","3","2013","3","","","","11","0","1","0","0","0","0","0","0","2","0","0","0","","","1","","0","","","5","0","","4","0","0","0","2204","0","0","0","N","0","0","0","1","02204","1","","2.0","","1","N","N","","0","","0","0","0","","0","N","","1","1","1","0","0","0","0","1","0","1","","","","N","","","","","","","","","",""
"2013041809","","1","0","0","0","0","0","0","0","0","7","0","","02","4","2013","5","40.406653","-80.033954","","11","0","0","0","0","0","1","0","0","2","0","0","0","","","0","","0","","40 24:23.950","4","0","80 02:02.234","0","0","0","0","2301","0","0","0","N","0","0","0","1","02301","0","","2.0","","1","N","N","","0","","0","0","0","","0","N","","1","0","0","0","0","0","0","2","0","1","","","","N","","","","","","","","","",""
"2013029217","","1","0","0","0","0","0","0","0","0","1","0","","02","3","2013","4","40.342851","-79.813332","","11","0","0","0","0","0","0","1","0","","0","0","0","","","0","","0","","40 20:34.265","","0","79 48:47.996","0","0","0","0","2477","0","0","0","N","0","0","0","4","02477","0","","1.0","","1","N","N","","0","","0","0","1","","2","","","2","0","1","0","0","0","0","2","0","2","","","","N","","","","","","","","","",""
"2013028484","","2","0","0","0","0","0","0","0","0","1","0","","02","3","2013","6","40.447539","-80.165035","","11","0","0","0","0","0","1","0","0","","0","0","0","","","1","","3","","40 26:51.140","","8","80 09:54.126","8","0","0","0","2115","0","0","0","N","0","0","0","5","02115","0","","1.0","","1","N","N","","0","","0","0","0","","4","","","2","1","0","0","0","1","0","2","0","2","","","","N","","","","","","","","","",""
"2013027802","","1","0","0","0","0","0","0","0","0","7","0","","02","3","2013","7","40.424803","-80.042649","","11","0","0","0","0","1","0","0","0","","0","0","0","","","0","","2","","40 25:29.291","","0","80 02:33.538","0","0","0","0","2435","0","0","0","N","0","0","0","1","02435","0","","5.0","","1","N","N","","0","","0","0","0","","2","","","1","0","0","0","0","0","0","2","0","1","","","","N","","","","","","","","","",""
"2013028485","","2","0","0","0","0","0","0","0","0","1","0","","02","3","2013","6","40.424052","-80.103422","","11","0","0","0","0","1","0","0","0","1","0","0","0","","","0","","2","","40 25:26.587","3","0","80 06:12.319","0","0","0","0","2115","0","0","0","N","0","0","0","3","02115","0","","1.0","","1","N","N","","0","","0","0","0","","0","N","","2","0","0","0","0","0","0","2","0","2","","","","N","","","","","","","","","",""
"2013029235","","1","0","0","0","0","0","0","0","0","7","0","","02","3","2013","4","40.429626","-80.145192","","11","0","0","0","0","0","1","0","0","2","0","0","0","","","0","","0","","40 25:46.653","2","0","80 08:42.690","0","0","0","0","2102","0","0","0","Y","0","0","0","1","02102","0","","4.0","","2","N","N","","0","","0","0","0","","0","N","","1","0","0","0","0","0","0","2","0","1","","","","N","","","","","","","","","",""
"2013028486","","0","0","0","0","0","0","0","0","0","7","0","","02","3","2013","6","40.449227","-80.124454","","11","0","0","0","0","0","0","0","0","1","0","0","0","","","0","","0","","40 26:57.217","3","0","80 07:28.033","0","0","0","0","2115","0","0","0","N","0","0","0","1","02115","0","","2.0","","1","N","N","","0","","0","0","0","","0","N","","1","0","0","0","0","0","0","2","1","1","","","","N","","","","","","","","","",""
"2013041812","","2","0","0","0","0","0","0","0","0","4","0","","02","4","2013","4","40.477294","-79.743722","","11","0","0","1","0","0","0","0","0","","0","0","0","","","1","","0","","40 28:38.260","","0","79 44:37.398","4","0","0","0","2466","0","0","0","N","0","0","0","2","02466","1","","1.0","","1","N","N","","0","","0","0","0","","0","","","2","1","0","0","0","0","0","2","0","2","","","","N","","","","","","","","","",""
"2013026896","","1","0","0","0","0","0","0","0","0","7","0","","02","3","2013","1","40.421983","-79.959399","","11","0","0","0","0","0","0","0","0","1","0","0","0","","","0","","0","","40 25:19.140","6","0","79 57:33.838","0","0","0","0","2301","0","0","0","N","0","0","0","1","02301","0","","5.0","","1","","N","","0","","0","0","0","","0","N","","1","0","1","0","0","0","0","2","0","1","","","","N","","","","","","","","","",""
"2013028475","","3","0","0","0","0","0","0","0","0","3","0","","02","3","2013","2","40.297346","-80.023931","","11","0","0","0","0","0","0","0","1","2","0","0","0","","","1","","0","","40 17:50.445","5","0","80 01:26.151","2","0","0","0","2219","0","0","0","N","0","0","0","1","02219","0","","5.0","","1","N","N","","1","","0","1","1","","0","Y","","6","1","0","0","0","0","0","2","1","6","","","","N","","","","","","","","","",""
"2013028487","","1","0","0","0","0","0","0","0","0","1","0","","02","2","2013","2","40.535429","-80.226869","","11","0","0","0","0","0","1","0","0","1","0","0","0","","","0","","0","","40 32:07.546","1","0","80 13:36.728","0","0","0","0","2213","0","0","0","N","0","0","0","3","02213","0","","1.0","","1","N","N","","1","","0","0","0","","0","N","","2","0","0","0","0","0","0","2","0","2","","","","N","","","","","","","","","",""
"2013028476","","1","0","0","0","0","0","0","0","0","4","0","","02","3","2013","2","40.444202","-80.028173","","11","0","0","0","0","0","0","0","0","","0","0","0","","","1","","1","","40 26:39.126","","0","80 01:41.424","4","0","0","0","2301","0","0","0","N","0","0","0","2","02301","1","","1.0","","1","N","N","","0","","0","0","0","","2","","","2","1","0","0","0","0","0","2","1","2","","","","N","","","","","","","","","",""
"2013028488","","0","0","0","0","0","0","0","0","0","7","0","","02","2","2013","3","40.516312","-80.197355","","11","0","0","0","0","0","0","0","0","1","0","0","0","","","0","","2","","40 30:58.723","6","0","80 11:50.478","0","0","0","0","2213","0","0","0","N","0","0","0","4","02213","0","","4.0","","9","N","N","","0","","0","0","1","","3","Y","","1","0","2","0","0","0","0","2","0","1","","","","N","","","","","","","","","",""
"2013027598","","1","0","0","0","0","0","0","0","0","4","0","","02","3","2013","6","40.350071","-79.864761","","11","0","0","0","0","0","0","0","0","1","0","0","0","","","1","","1","","40 21:00.255","1","0","79 51:53.138","8","0","0","0","2304","0","0","0","N","0","0","0","3","02304","0","","1.0","","1","N","N","","0","","0","0","1","","3","Y","","2","1","0","0","0","1","0","2","0","2","","","","N","","","","","","","","","",""
"2013028408","","1","0","0","0","0","0","0","0","0","6","0","","02","3","2013","2","40.517543","-79.867093","","11","0","0","0","0","0","2","0","0","","0","0","0","","","0","","2","","40 31:03.154","","0","79 52:01.534","9","0","0","0","2112","0","0","0","N","0","0","0","2","02112","0","","1.0","","1","N","N","","0","","0","0","1","","3","","","2","0","0","0","0","0","2","2","0","2","","","","N","","","","","","","","","",""
"2013028490","","1","0","0","0","0","0","0","0","0","7","0","","02","3","2013","1","40.500044","-80.221987","","11","0","0","0","0","0","0","0","0","","0","0","0","","","0","","1","","40 30:00.157","","0","80 13:19.152","0","0","0","0","2213","0","0","0","N","0","0","0","4","02213","0","","1.0","","2","N","N","","0","","0","0","0","","0","","","1","0","0","0","0","0","0","2","0","1","","","","N","","","","","","","","","",""
"2013028551","","1","0","0","0","0","0","0","0","0","1","0","","02","3","2013","1","40.497185","-79.923031","","11","0","0","0","0","0","1","0","0","2","0","0","0","","","2","","0","","40 29:49.866","1","0","79 55:22.911","3","0","0","0","2112","0","0","0","N","0","0","0","5","68D02","1","","1.0","","1","N","N","","0","","1","0","0","","0","N","","2","2","0","0","0","0","0","2","1","2","","","","N","","","","","","","","","",""
"2013026830","","1","0","0","0","0","0","0","0","0","2","0","","02","3","2013","4","40.454137","-79.732832","","11","0","0","0","0","0","1","0","0","1","0","0","0","","","1","","0","","40 27:14.894","2","0","79 43:58.194","8","0","0","0","2446","0","0","0","N","0","0","0","2","02446","0","","1.0","","7","N","N","","0","","0","0","1","","0","N","","2","1","0","0","0","1","0","2","0","2","","","","N","","","","","","","","","",""
"2013027808","","2","0","0","0","0","0","0","0","0","4","0","","02","3","2013","6","40.366614","-80.014504","","11","0","0","0","0","0","2","0","0","","0","0","0","","","0","","1","","40 21:59.810","","0","80 00:52.214","0","0","0","0","2416","0","0","0","N","0","0","0","3","02416","0","","1.0","","1","N","N","","0","","0","0","0","","2","","","2","0","0","0","0","0","0","2","0","2","","","","N","","","","","","","","","",""
"2013026901","","0","0","0","0","0","0","0","0","0","4","0","","02","3","2013","4","40.452681","-79.91037","","11","0","0","0","0","0","0","0","0","1","0","0","0","","","0","","1","","40 27:09.653","3","0","79 54:37.332","0","0","0","0","2301","0","0","0","N","0","0","0","2","02301","0","","1.0","","9","N","N","","0","","0","0","2","","2","N","","2","0","0","0","0","0","0","2","0","2","","","","N","","","","","","","","","",""