"CRN","ARRIVAL_TM","AUTOMOBILE_COUNT","BELTED_DEATH_COUNT","BELTED_SUSP_SERIOUS_INJ_COUNT","BICYCLE_COUNT","BICYCLE_DEATH_COUNT","BICYCLE_SUSP_SERIOUS_INJ_COUNT","BUS_COUNT","CHLDPAS_DEATH_COUNT","CHLDPAS_SUSP_SERIOUS_INJ_COUNT","COLLISION_TYPE","COMM_VEH_COUNT","CONS_ZONE_SPD_LIM","COUNTY","CRASH_MONTH","CRASH_YEAR","DAY_OF_WEEK","DEC_LATITUDE","DEC_LONGITUDE","DISPATCH_TM","DISTRICT","DRIVER_COUNT_16YR","DRIVER_COUNT_17YR","DRIVER_COUNT_18YR","DRIVER_COUNT_19YR","DRIVER_COUNT_20YR","DRIVER_COUNT_50_64YR","DRIVER_COUNT_65_74YR","DRIVER_COUNT_75PLUS","EST_HRS_CLOSED","FATAL_COUNT","HEAVY_TRUCK_COUNT","HORSE_BUGGY_COUNT","HOUR_OF_DAY","ILLUMINATION","INJURY_COUNT","INTERSECTION_RELATED","INTERSECT_TYPE","LANE_CLOSED","LATITUDE","LN_CLOSE_DIR","LOCATION_TYPE","LONGITUDE","MAX_SEVERITY_LEVEL","MCYCLE_DEATH_COUNT","MCYCLE_SUSP_SERIOUS_INJ_COUNT","MOTORCYCLE_COUNT","MUNICIPALITY","NONMOTR_COUNT","NONMOTR_DEATH_COUNT","NONMOTR_SUSP_SERIOUS_INJ_COUNT","NTFY_HIWY_MAINT","PED_COUNT","PED_DEATH_COUNT","PED_SUSP_SERIOUS_INJ_COUNT","PERSON_COUNT","POLICE_AGCY","POSSIBLE_INJ_COUNT","RDWY_SURF_TYPE_CD","RELATION_TO_ROAD","ROADWAY_CLEARED","ROAD_CONDITION","SCH_BUS_IND","SCH_ZONE_IND","SECONDARY_CRASH","SMALL_TRUCK_COUNT","SPEC_JURIS_CD","SUSP_MINOR_INJ_COUNT","SUSP_SERIOUS_INJ_COUNT","SUV_COUNT","TCD_FUNC_CD","TCD_TYPE","TFC_DETOUR_IND","TIME_OF_DAY","TOTAL_UNITS","TOT_INJ_COUNT","UNBELTED_OCC_COUNT","UNB_DEATH_COUNT","UNB_SUSP_SERIOUS_INJ_COUNT","UNK_INJ_DEG_COUNT","UNK_INJ_PER_COUNT","URBAN_RURAL","VAN_COUNT","VEHICLE_COUNT","WEATHER1","WEATHER2","WORKERS_PRES","WORK_ZONE_IND","WORK_ZONE_LOC","WORK_ZONE_TYPE","WZ_CLOSE_DETOUR","WZ_FLAGGER","WZ_LAW_OFFCR_IND","WZ_LN_CLOSURE","WZ_MOVING","WZ_OTHER","WZ_SHLDER_MDN","WZ_WORKERS_INJ_KILLED"
"2013027680","","1","0","0","0","0","0","0","0","0","4","0","","02","3","2013","6","40.618212","-80.055624","","11","0","0","0","0","0","1","0","0","1","0","0","0","","","0","","1","","40 37:05.564","2","0","80 03:20.247","0","0","0","0","2216","0","0","0","N","0","0","0","3","02505","0","","1.0","","1","N","N","","0","","0","0","0","","2","N","","2","0","0","0","0","0","0","1","1","2","","","","N","","","","","","","","","",""
"2013028412","","1","0","0","0","0","0","0","0","0","4","0","","02","3","2013","2","40.401342","-79.88056","","11","0","0","0","0","0","0","0","0","1","0","0","0","","","1","","2","","40 24:04.830","2","99","79 52:50.017","8","0","0","0","2475","0","0","0","N","0","0","0","3","02475","0","","1.0","","1","N","N","","0","","0","0","1","","2","N","","2","1","0","0","0","1","0","2","0","2","","","","N","","","","","","","","","",""
"2013026902","","1","0","0","0","0","0","0","0","0","7","0","","02","3","2013","1","40.439279","-80.250706","","11","0","0","0","0","0","0","0","0","","0","0","0","","","0","","0","","40 26:21.403","","0","80 15:02.541","0","0","0","0","2214","0","0","0","N","0","0","0","2","02214","0","","2.0","","1","N","N","","0","","0","0","0","","0","","","1","0","0","0","0","0","0","2","0","1","","","","N","","","","","","","","","",""
"2013029175","","1","0","0","0","0","0","1","0","0","1","1","","02","3","2013","4","40.393072","-79.93481","","11","0","0","0","0","0","0","1","0","1","0","0","0","","","3","","3","","40 23:35.058","1","2","79 56:05.315","4","0","0","0","2301","0","0","0","N","0","0","0","11","02301","3","","1.0","","1","Y","N","","0","","0","0","0","","0","N","","2","3","0","0","0","0","0","2","0","2","","","","N","","","","","","","","","",""
"2013029242","","0","0","0","0","0","0","0","0","0","4","0","","02","3","2013","3","40.459739","-79.925753","","11","0","0","0","0","0","0","0","0","","0","0","0","","","1","","0","","40 27:35.060","","0","79 55:32.710","4","0","0","0","2301","0","0","0","","0","0","0","3","02301","1","","1.0","","1","N","N","","0","","0","0","2","","0","","","2","1","0","0","0","0","0","2","0","2","","","","N","","","","","","","","","",""
"2013026903","","1","0","0","0","0","0","0","0","0","7","0","","02","3","2013","4","40.392449","-79.997168","","11","0","0","0","0","0","0","0","0","","0","0","0","","","1","","0","","40 23:32.816","","0","79 59:49.804","4","0","0","0","2301","0","0","0","N","0","0","0","3","02301","1","","4.0","","1","N","N","","0","","0","0","0","","0","","","1","1","0","0","0","0","0","2","0","1","","","","N","","","","","","","","","",""
"2013029243","","2","0","0","0","0","0","0","0","0","4","0","","02","3","2013","3","40.438202","-79.830514","","11","0","0","0","0","0","1","0","0","1","0","0","0","","","1","","1","","40 26:17.528","6","0","79 49:49.850","4","0","0","0","2419","0","0","0","N","0","0","0","2","02419","1","","1.0","","1","N","N","","0","","0","0","0","","2","Y","","2","1","0","0","0","0","0","2","0","2","","","","N","","","","","","","","","",""
"2013028287","","1","0","0","0","0","0","0","0","0","7","0","","02","3","2013","7","40.289962","-79.997246","","11","0","0","0","0","0","0","0","0","","0","0","0","","","0","","0","","40 17:23.864","","0","79 59:50.086","0","0","0","0","2219","0","0","0","","0","0","0","1","02219","0","","2.0","","1","","","","0","","0","0","0","","0","","","1","0","0","0","0","0","0","2","0","1","","","","N","","","","","","","","","",""
"2013041820","","0","0","0","0","0","0","0","0","0","7","0","","02","4","2013","6","40.454249","-80.004195","","11","0","0","0","0","0","1","0","0","","0","0","0","","","1","","0","","40 27:15.295","","0","80 00:15.102","2","0","1","1","2301","0","0","0","N","0","0","0","1","02301","0","","2.0","","1","N","Y","","0","","0","1","0","","0","","","1","1","0","0","0","0","0","2","0","1","","","","N","","","","","","","","","",""
"2013027605","","1","0","0","0","0","0","0","0","0","7","0","","02","3","2013","6","40.429265","-79.931557","","11","0","0","0","0","0","0","0","0","","0","0","0","","","0","","0","","40 25:45.354","","3","79 55:53.604","0","0","0","0","2301","0","0","0","N","0","0","0","3","02301","0","","1.0","","1","N","N","","0","","0","0","0","","0","","","1","0","3","0","0","0","0","2","0","1","","","","N","","","","","","","","","",""
"2013027684","","1","0","0","0","0","0","0","0","0","1","0","","02","3","2013","6","40.428997","-79.998235","","11","0","0","0","0","0","1","0","0","","0","0","0","","","0","","5","","40 25:44.389","","0","79 59:53.646","0","0","0","0","2301","0","0","0","N","0","0","0","3","02301","0","","1.0","","1","N","N","","0","","0","0","0","","2","","","2","0","0","0","0","0","0","2","1","2","","","","N","","","","","","","","","",""
"2013027749","","2","0","0","0","0","0","0","0","0","4","0","","02","3","2013","6","40.450565","-80.174348","","11","0","0","0","0","0","0","0","0","","0","0","0","","","0","","1","","40 27:02.034","","0","80 10:27.652","0","0","0","0","2214","0","0","0","N","0","0","0","2","02214","0","","1.0","","1","N","N","","0","","0","0","0","","2","","","2","0","0","0","0","0","0","2","0","2","","","","N","","","","","","","","","",""
"2013029037","","0","0","0","0","0","0","0","0","0","5","0","","02","3","2013","7","40.515892","-79.838056","","11","0","0","0","0","0","0","0","1","1","0","0","0","","","1","","0","","40 30:57.211","6","0","79 50:17.001","3","0","0","0","2451","0","0","0","N","0","0","0","1","02451","0","","1.0","","1","N","N","","0","","1","0","2","","0","Y","","2","1","0","0","0","0","0","2","0","2","","","","N","","","","","","","","","",""
"2013026907","","1","0","0","0","0","0","0","0","0","7","0","","02","3","2013","7","40.428372","-79.97364","","11","1","0","0","0","0","0","0","0","","0","0","0","","","0","","2","","40 25:42.139","","0","79 58:25.104","0","0","0","0","2301","0","0","0","N","0","0","0","3","02301","0","","5.0","","1","N","N","","0","","0","0","0","","2","","","1","0","1","0","0","0","0","2","0","1","","","","N","","","","","","","","","",""
"2013029039","","2","0","0","0","0","0","0","0","0","4","0","","02","3","2013","3","40.461577","-79.991168","","11","0","0","0","0","0","0","0","0","1","0","0","0","","","0","","0","","40 27:41.677","3","0","79 59:28.204","0","0","0","0","2301","0","0","0","N","0","0","0","2","02301","0","","1.0","","1","N","N","","0","","0","0","0","","0","Y","","2","0","0","0","0","0","0","2","0","2","","","","N","","","","","","","","","",""
"2013028433","","1","0","0","0","0","0","0","0","0","4","0","","02","3","2013","2","40.433896","-79.929461","","11","0","0","0","0","0","0","1","0","2","0","0","0","","","1","","0","","40 26:02.025","3","0","79 55:46.059","8","0","0","0","2301","0","0","0","N","0","0","0","5","02301","0","","1.0","","1","N","N","","0","","0","0","0","","0","N","","2","1","0","0","0","1","0","2","1","2","","","","N","","","","","","","","","",""
"2013029181","","1","0","0","0","0","0","0","0","0","7","0","","02","3","2013","4","40.487859","-79.801846","","11","0","0","0","0","0","0","0","0","3","0","0","0","","","1","","0","","40 29:16.294","5","0","79 48:06.647","3","0","0","0","2113","0","0","0","N","0","0","0","1","02113","0","","5.0","","7","N","N","","0","","1","0","0","","0","Y","","1","1","0","0","0","0","0","2","0","1","","","","N","","","","","","","","","",""
"2013027686","","2","0","0","0","0","0","0","0","0","1","0","","02","3","2013","6","40.351438","-79.829336","","11","0","0","0","0","0","2","0","0","1","0","0","0","","","1","","0","","40 21:05.176","5","0","79 49:45.609","4","0","0","0","2477","0","0","0","N","0","0","0","2","02477","1","","1.0","","1","N","N","","0","","0","0","0","","0","N","","2","1","0","0","0","0","0","2","0","2","","","","N","","","","","","","","","",""
"2013043265","","0","0","0","0","0","0","0","0","0","1","0","","02","3","2013","1","40.428746","-79.929301","","11","0","0","0","0","0","1","0","0","","0","0","0","","","0","","0","","40 25:43.484","","0","79 55:45.484","0","0","0","0","2301","0","0","0","N","0","0","0","7","68B03","0","","1.0","","1","N","N","","0","","0","0","1","","0","","","2","0","1","0","0","0","0","2","1","2","","","","N","","","","","","","","","",""
"2013029040","","2","0","0","0","0","0","0","0","0","4","0","","02","3","2013","3","40.415643","-80.011131","","11","0","0","0","0","0","1","0","0","","0","0","0","","","1","","2","","40 24:56.314","","0","80 00:40.071","8","0","0","0","2301","0","0","0","N","0","0","0","6","02301","0","","1.0","","1","N","N","","0","","0","0","0","","3","","","2","1","0","0","0","1","0","2","0","2","","","","N","","","","","","","","","",""
"2013029041","","2","0","0","0","0","0","0","0","0","1","0","","02","3","2013","3","40.380224","-80.095375","","11","0","0","0","0","0","0","0","1","1","0","0","0","","","0","","0","","40 22:48.808","3","0","80 05:43.350","0","0","0","0","2102","0","0","0","N","0","0","0","2","02102","0","","1.0","","1","N","N","","0","","0","0","0","","0","N","","2","0","0","0","0","0","0","2","0","2","","","","N","","","","","","","","","",""
"2013028435","","2","0","0","0","0","0","0","0","0","4","0","","02","3","2013","2","40.449706","-80.025099","","11","0","0","0","0","0","1","0","0","2","0","0","0","","","1","","1","","40 26:58.940","4","8","80 01:30.356","8","0","0","0","2301","0","0","0","N","0","0","0","2","02301","0","","1.0","","1","N","N","","0","","0","0","0","","2","N","","2","1","0","0","0","1","0","2","0","2","","","","N","","","","","","","","","",""
"2013026987","","1","0","0","0","0","0","0","0","0","4","0","","02","3","2013","4","40.4532","-79.992708","","11","0","0","0","0","0","0","0","0","2","0","0","0","","","2","","1","","40 27:11.520","7","0","79 59:33.748","8","0","0","0","2301","0","0","0","N","0","0","0","4","02301","0","","1.0","","1","N","N","","0","","0","0","1","","2","N","","2","2","0","0","0","2","0","2","0","2","","","","N","","","","","","","","","",""
"2013027753","","0","0","0","0","0","0","0","0","0","1","0","","02","3","2013","6","40.506979","-80.05906","","11","0","0","0","0","0","2","0","0","1","0","0","0","","","0","","0","","40 30:25.123","2","7","80 03:32.615","0","0","0","0","2116","0","0","0","N","0","0","0","2","02116","0","","1.0","","1","N","N","","1","","0","0","1","","0","N","","2","0","0","0","0","0","0","2","0","2","","","","N","","","","","","","","","",""
"2013029042","","1","0","0","0","0","0","0","0","0","1","0","","02","3","2013","3","40.283652","-79.837454","","11","0","1","0","0","0","1","0","0","2","0","0","0","","","1","","2","","40 17:01.147","5","0","79 50:14.836","3","0","0","0","2105","0","0","0","N","0","0","0","4","02105","0","","1.0","","1","N","N","","1","","1","0","0","","0","N","","2","1","0","0","0","0","0","2","0","2","","","","N","","","","","","","","","",""
"2013026841","","1","0","0","0","0","0","0","0","0","7","0","","02","3","2013","4","40.652817","-80.054177","","11","0","0","0","0","0","0","0","0","","0","0","0","","","0","","2","","40 39:10.142","","0","80 03:15.036","0","0","0","0","2216","0","0","0","Y","0","0","0","1","02505","0","","5.0","","7","N","N","","0","","0","0","0","","0","","","1","0","0","0","0","0","0","2","0","1","","","","N","","","","","","","","","",""
"2013029170","","0","0","0","0","0","0","0","0","0","1","0","","02","3","2013","4","40.465529","-79.907554","","11","1","0","1","0","0","0","0","0","","0","0","0","","","1","","0","","40 27:55.906","","0","79 54:27.193","4","0","0","0","2301","0","0","0","N","0","0","0","2","02301","1","","1.0","","9","N","N","","0","","0","0","2","","0","","","2","1","0","0","0","0","0","2","0","2","","","","N","","","","","","","","","",""
"2013027689","","1","0","0","0","0","0","0","0","0","7","0","","02","3","2013","5","40.55453","-80.02124","","11","0","0","0","0","0","1","0","0","2","0","0","0","","","0","","5","","40 33:16.307","3","0","80 01:16.463","0","0","0","0","2108","0","0","0","N","0","0","0","1","02108","0","","4.0","","1","N","N","","0","","0","0","0","","4","N","","1","0","0","0","0","0","0","2","0","1","","","","N","","","","","","","","","",""
"2013027766","","0","0","0","0","0","0","0","0","0","7","0","","02","3","2013","6","40.349137","-80.083659","","11","0","0","0","0","0","0","0","0","2","0","0","0","","","0","","0","","40 20:56.892","3","0","80 05:01.174","0","0","0","0","2123","0","0","0","N","0","0","0","1","02123","0","","2.0","","1","N","N","","1","","0","0","0","","0","N","","1","0","0","0","0","0","0","2","0","1","","","","N","","","","","","","","","",""
"2013027611","","2","0","0","0","0","0","0","0","0","4","0","","02","3","2013","4","40.406467","-79.826811","","11","0","0","0","0","0","0","0","0","","0","0","0","","","0","","1","","40 24:23.281","","0","79 49:36.519","9","0","0","0","2467","0","0","0","N","0","0","0","3","02467","0","","1.0","","1","N","N","","0","","0","0","0","","2","","","2","0","0","0","0","0","3","2","0","2","","","","N","","","","","","","","","",""
"2013029185","","0","0","0","0","0","0","0","0","0","8","0","","02","3","2013","4","40.460608","-79.947061","","11","0","0","0","0","0","0","0","0","","0","0","0","","","1","","1","","40 27:38.188","","0","79 56:49.419","2","0","0","0","2301","1","0","1","N","1","0","1","2","02301","0","","1.0","","1","N","N","","0","","0","1","0","","3","","","2","1","0","0","0","0","0","2","0","1","","","","N","","","","","","","","","",""
"2013027690","","1","0","0","0","0","0","0","0","0","7","0","","02","3","2013","5","40.581512","-80.065493","","11","0","0","0","0","0","0","0","0","","0","0","0","","","0","","1","","40 34:53.443","","0","80 03:55.774","0","0","0","0","2108","0","0","0","N","0","0","0","1","02108","0","","4.0","","9","N","N","","0","","0","0","0","","0","","","1","0","0","0","0","0","0","2","0","1","","","","N","","","","","","","","","",""
"2013026989","","2","0","0","0","0","0","0","0","0","1","0","","02","3","2013","3","40.576459","-80.025834","","11","1","1","0","0","0","0","0","0","1","0","0","0","","","0","","1","","40 34:35.251","2","0","80 01:33.002","0","0","0","0","2108","0","0","0","N","0","0","0","4","02108","0","","1.0","","1","N","N","","0","","0","0","1","","2","N","","3","0","0","0","0","0","0","2","0","3","","","","N","","","","","","","","","",""
"2013027767","","1","0","0","0","0","0","0","0","0","7","0","","02","3","2013","6","40.524159","-79.90615","","11","0","0","0","0","0","0","0","0","2","0","0","0","","","1","","3","","40 31:26.972","5","0","79 54:22.140","3","0","0","0","2432","0","0","0","N","0","0","0","1","02432","0","","5.0","","1","N","N","","0","","1","0","0","","0","Y","","1","1","0","0","0","0","0","2","0","1","","","","N","","","","","","","","","",""
"2013028423","","2","0","0","0","0","0","0","0","0","4","0","","02","3","2013","2","40.449706","-80.025099","","11","0","0","0","0","0","0","1","0","","0","0","0","","","1","","1","","40 26:58.940","","0","80 01:30.356","3","0","0","0","2301","0","0","0","N","0","0","0","4","02301","0","","1.0","","1","N","N","","0","","1","0","0","","2","","","2","1","0","0","0","0","0","2","0","2","","","","N","","","","","","","","","",""
"2013027625","","1","0","0","0","0","0","0","0","0","7","0","","02","3","2013","6","40.660371","-80.123678","","11","0","0","0","0","0","0","1","0","3","0","0","0","","","1","","0","","40 39:37.335","6","0","80 07:25.240","8","0","0","0","2212","0","0","0","N","0","0","0","1","02505","0","","5.0","","1","N","N","","0","","0","0","0","","0","Y","","1","1","1","0","0","1","0","2","0","1","","","","N","","","","","","","","","",""
"2013028438","","1","0","0","0","0","0","0","0","0","4","0","","02","3","2013","2","40.457604","-79.998007","","11","0","0","0","0","0","1","0","0","2","0","0","0","","","1","","2","","40 27:27.376","1","2","79 59:52.825","4","0","0","0","2301","0","0","0","N","0","0","0","2","02301","1","","1.0","","1","N","N","","0","","0","0","1","","2","N","","2","1","0","0","0","0","0","2","0","2","","","","N","","","","","","","","","",""
"2013029186","","0","0","0","0","0","0","0","0","0","6","0","","02","3","2013","4","40.453807","-80.054001","","11","0","0","0","0","0","0","0","0","","0","0","0","","","0","","0","","40 27:13.705","","0","80 03:14.403","0","0","0","0","2301","0","0","0","N","0","0","0","3","02301","0","","1.0","","9","N","N","","0","","0","0","1","","0","","","2","0","0","0","0","0","0","2","1","2","","","","N","","","","","","","","","",""
"2013027691","","1","0","0","0","0","0","0","0","0","2","0","","02","2","2013","5","40.513826","-80.212098","","11","0","0","0","0","0","1","0","0","1","0","0","0","","","1","","2","","40 30:49.773","1","0","80 12:43.552","8","0","0","0","2213","0","0","0","N","0","0","0","3","02213","0","","1.0","","1","N","N","","0","","0","0","1","","3","N","","2","1","2","0","0","1","0","2","0","2","","","","N","","","","","","","","","",""
"2013027768","","1","0","0","0","0","0","0","0","0","7","0","","02","3","2013","6","40.465963","-79.875719","","11","0","0","0","0","0","0","0","0","1","0","0","0","","","0","","0","","40 27:57.466","3","0","79 52:32.588","0","0","0","0","2113","0","0","0","N","0","0","0","1","02113","0","","4.0","","1","N","N","","0","","0","0","0","","0","N","","1","0","0","0","0","0","0","2","0","1","","","","N","","","","","","","","","",""
"2013029187","","2","0","0","0","0","0","0","0","0","4","0","","02","3","2013","4","40.426438","-79.971685","","11","0","0","0","0","0","0","0","0","","0","0","0","","","0","","1","","40 25:35.176","","0","79 58:18.066","0","0","0","0","2301","0","0","0","N","0","0","0","2","02301","0","","1.0","","9","N","N","","0","","0","0","0","","3","","","2","0","0","0","0","0","0","2","0","2","","","","N","","","","","","","","","",""
"2013026861","","1","0","0","0","0","0","0","0","0","7","0","","02","3","2013","4","40.456952","-79.88968","","11","0","0","0","0","0","0","0","0","","0","0","0","","","0","","2","","40 27:25.027","","0","79 53:22.848","0","0","0","0","2301","0","0","0","N","0","0","0","1","02301","0","","5.0","","7","N","N","","0","","0","0","0","","0","","","1","0","0","0","0","0","0","2","0","1","","","","N","","","","","","","","","",""
"2013027627","","1","0","0","0","0","0","0","0","0","4","0","","02","3","2013","6","40.45955","-79.926359","","11","0","0","0","0","0","2","0","0","","0","0","0","","","1","","2","","40 27:34.380","","0","79 55:34.892","4","0","0","0","2301","0","0","0","N","0","0","0","2","02301","1","","1.0","","1","N","N","","0","","0","0","1","","0","","","2","1","0","0","0","0","0","2","0","2","","","","N","","","","","","","","","",""
"2013027758","","2","0","0","0","0","0","0","0","0","5","0","","02","3","2013","6","40.447578","-80.004063","","11","0","0","0","0","0","1","0","0","","0","0","0","","","1","","2","","40 26:51.280","","0","80 00:14.626","8","0","0","0","2301","0","0","0","N","0","0","0","4","02301","0","","1.0","","1","N","N","","0","","0","0","0","","0","","","2","1","0","0","0","1","0","2","0","2","","","","N","","","","","","","","","",""
"2013029047","","1","0","0","0","0","0","0","0","0","4","0","","02","3","2013","3","40.395344","-79.997486","","11","0","0","0","0","0","0","0","1","1","0","0","0","","","1","","1","","40 23:43.237","2","0","79 59:50.949","8","0","0","0","2301","0","0","0","N","0","0","0","2","02301","0","","1.0","","1","N","N","","0","","0","0","1","","2","N","","2","1","1","0","0","1","0","2","0","2","","","","N","","","","","","","","","",""
"2013026846","","2","0","0","0","0","0","0","0","0","2","0","","02","3","2013","4","40.530194","-80.070252","","11","0","0","0","0","0","0","0","0","","0","0","0","","","0","","0","","40 31:48.700","","0","80 04:12.907","0","0","0","0","2215","0","0","0","N","0","0","0","4","02215","0","","3.0","","6","N","N","","0","","0","0","0","","0","","","3","0","0","0","0","0","0","2","1","3","","","","N","","","","","","","","","",""
"2013026862","","0","0","0","0","0","0","0","0","0","7","0","","02","3","2013","4","40.487751","-80.011356","","11","0","0","0","0","0","0","0","0","","0","0","0","","","3","","0","","40 29:15.904","","0","80 00:40.881","8","0","0","0","2301","0","0","0","N","0","0","0","3","02301","0","","2.0","","9","N","N","","1","","0","0","0","","0","","","1","3","0","0","0","3","0","2","0","1","","","","N","","","","","","","","","",""
"2013026848","","1","0","0","0","0","0","0","0","0","1","0","","02","3","2013","4","40.377287","-80.039676","","11","0","0","1","0","0","0","0","0","","0","0","0","","","1","","0","","40 22:38.234","","0","80 02:22.833","4","0","0","0","2109","0","0","0","N","0","0","0","7","02109","1","","1.0","","6","N","N","","0","","0","0","0","","0","","","2","1","0","0","0","0","0","2","1","2","","","","N","","","","","","","","","",""
"2013026863","","1","0","0","1","0","0","1","0","0","8","1","","02","3","2013","4","40.443304","-79.996569","","11","0","0","0","0","0","2","0","0","2","0","0","0","","","1","","3","","40 26:35.894","3","0","79 59:47.648","8","0","0","0","2301","1","0","0","N","0","0","0","3","02503","0","","1.0","","9","N","N","","0","","0","0","0","","2","N","","3","1","1","0","0","1","0","2","0","2","","","","N","","","","","","","","","",""
"2013028443","","1","0","0","0","0","0","0","0","0","4","0","","02","3","2013","2","40.45824","-79.972156","","11","0","0","0","0","0","0","0","0","","0","0","0","","","1","","2","","40 27:29.664","","0","79 58:19.761","8","0","0","0","2301","0","0","0","N","0","0","0","2","02301","0","","1.0","","1","N","N","","0","","0","0","1","","0","","","2","1","0","0","0","1","0","2","0","2","","","","N","","","","","","","","","",""
"2013029190","","1","0","0","0","0","0","0","0","0","7","0","","02","3","2013","4","40.639881","-79.954163","","11","0","0","0","0","0","0","0","0","","0","0","0","","","0","","0","","40 38:23.573","","0","79 57:14.986","0","0","0","0","2217","0","0","0","N","0","0","0","1","02505","0","","2.0","","7","N","N","","0","","0","0","0","","0","","","1","0","0","0","0","0","0","2","0","1","","","","N","","","","","","","","","",""
"2013027695","","0","0","0","0","0","0","0","0","0","7","0","","02","3","2013","5","40.208508","-79.913933","","11","0","0","0","0","0","0","0","0","1","0","0","0","","","1","","0","","40 12:30.628","5","0","79 54:50.159","4","0","0","0","2204","0","0","0","N","0","0","0","1","02204","1","","4.0","","1","N","N","","1","","0","0","0","","0","N","","1","1","0","0","0","0","0","1","0","1","","","","N","","","","","","","","","",""
"2013041781","","2","0","0","0","0","0","0","0","0","4","0","","02","4","2013","5","40.453945","-79.979862","","11","0","0","0","0","0","0","0","0","","0","0","0","","","1","","1","","40 27:14.202","","0","79 58:47.503","4","0","0","0","2301","0","0","0","N","0","0","0","3","02301","1","","1.0","","1","N","N","","0","","0","0","0","","3","","","2","1","0","0","0","0","0","2","0","2","","","","N","","","","","","","","","",""
"2013026849","","3","0","0","0","0","0","0","0","0","1","0","","02","3","2013","4","40.373443","-80.048838","","11","0","0","0","0","0","2","0","0","","0","0","0","","","1","","2","","40 22:24.396","","0","80 02:55.817","4","0","0","0","2109","0","0","0","N","0","0","0","3","02109","1","","1.0","","9","N","N","","0","","0","0","0","","2","","","3","1","0","0","0","0","0","2","0","3","","","","N","","","","","","","","","",""
"2013041783","","1","0","0","0","0","0","0","0","0","7","0","","02","4","2013","3","40.431889","-80.070373","","11","0","0","0","0","0","0","0","0","","0","0","0","","","0","","0","","40 25:54.800","","0","80 04:13.342","9","0","0","0","2421","0","0","0","N","0","0","0","1","02421","0","","4.0","","1","N","N","","0","","0","0","0","","0","","","1","0","0","0","0","0","1","2","0","1","","","","N","","","","","","","","","",""
"2013026866","","1","0","0","0","0","0","0","0","0","8","0","","02","3","2013","2","40.423442","-79.993785","","11","0","0","0","0","0","0","0","0","","0","0","0","","","1","","0","","40 25:24.390","","0","79 59:37.626","8","0","0","0","2301","1","0","0","N","1","0","0","2","02301","0","","1.0","","1","N","N","","0","","0","0","0","","0","","","2","1","0","0","0","1","0","2","0","1","","","","N","","","","","","","","","",""
"2013026851","","0","0","0","0","0","0","0","0","0","7","0","","02","3","2013","4","40.438284","-79.830443","","11","0","0","0","0","0","0","0","0","2","0","0","0","","","0","","2","","40 26:17.821","5","0","79 49:49.594","0","0","0","0","2419","0","0","0","Y","0","0","0","1","02419","0","","2.0","","7","N","N","","1","","0","0","0","","0","Y","","1","0","0","0","0","0","0","2","0","1","","","","N","","","","","","","","","",""
"2013029193","","1","0","0","0","0","0","0","0","0","1","0","","02","3","2013","4","40.613693","-80.054776","","11","0","0","0","0","0","0","0","0","1","0","0","0","","","0","","2","","40 36:49.295","2","0","80 03:17.192","9","0","0","0","2216","0","0","0","N","0","0","0","3","02505","0","","1.0","","2","N","N","","0","","0","0","2","","0","N","","3","0","0","0","0","0","1","2","0","3","","","","N","","","","","","","","","",""
"2013028664","","1","0","0","0","0","0","0","0","0","6","0","","02","3","2013","2","40.339701","-79.963085","","11","0","0","0","0","0","0","0","1","2","0","0","0","","","2","","0","","40 20:22.924","5","0","79 57:47.106","8","0","0","0","2454","0","0","0","N","0","0","0","2","02454","0","","1.0","","1","N","N","","0","","0","0","0","","0","N","","2","2","0","0","0","2","0","2","1","2","","","","N","","","","","","","","","",""
"2013027923","","2","0","0","0","0","0","0","0","0","1","0","","02","3","2013","7","40.46059","-79.970248","","11","0","0","0","0","0","0","0","0","","0","0","0","","","0","","0","","40 27:38.125","","0","79 58:12.893","0","0","0","0","2301","0","0","0","N","0","0","0","4","02301","0","","1.0","","1","N","N","","0","","0","0","1","","2","","","3","0","0","0","0","0","0","2","0","3","","","","N","","","","","","","","","",""
"2013026523","","2","0","0","0","0","0","0","0","0","6","0","","02","3","2013","3","40.509972","-79.892682","","11","0","1","0","0","0","0","0","0","2","0","0","0","","","0","","0","","40 30:35.899","3","0","79 53:33.654","0","0","0","0","2432","0","0","0","N","0","0","0","3","02432","0","","1.0","","1","Y","N","","0","","0","0","0","","0","N","","2","0","0","0","0","0","0","2","0","2","","","","N","","","","","","","","","",""
"2013026603","","0","0","0","0","0","0","0","0","0","7","0","","02","3","2013","6","40.426921","-80.294917","","11","0","0","0","0","0","0","0","0","2","0","0","0","","","2","","0","","40 25:36.915","4","0","80 17:41.700","4","0","0","0","2203","0","0","0","Y","0","0","0","2","68B03","2","","3.0","","7","N","N","","0","","0","0","0","","0","Y","","1","2","0","0","0","0","0","1","1","1","","","","N","","","","","","","","","",""
"2013026604","","1","0","0","0","0","0","0","0","0","1","0","","02","3","2013","6","40.419126","-80.052814","","11","0","0","0","0","0","0","0","0","","0","0","0","","","1","","0","","40 25:08.855","","0","80 03:10.131","8","0","0","0","2435","0","0","0","N","0","0","0","3","68B03","0","","1.0","","1","N","N","","0","","0","0","0","","0","","","2","1","0","0","0","1","0","2","1","2","","","","N","","","","","","","","","",""
"2013026393","","0","0","0","0","0","0","0","0","0","7","0","","02","3","2013","3","40.461525","-80.03118","","11","0","0","0","0","1","0","0","0","","0","0","0","","","0","","6","","40 27:41.489","","0","80 01:52.248","0","0","0","0","2301","0","0","0","N","0","0","0","1","02301","0","","4.0","","1","N","N","","0","","0","0","1","","0","","","1","0","0","0","0","0","0","2","0","1","","","","N","","","","","","","","","",""