"CRN","ARRIVAL_TM","AUTOMOBILE_COUNT","BELTED_DEATH_COUNT","BELTED_SUSP_SERIOUS_INJ_COUNT","BICYCLE_COUNT","BICYCLE_DEATH_COUNT","BICYCLE_SUSP_SERIOUS_INJ_COUNT","BUS_COUNT","CHLDPAS_DEATH_COUNT","CHLDPAS_SUSP_SERIOUS_INJ_COUNT","COLLISION_TYPE","COMM_VEH_COUNT","CONS_ZONE_SPD_LIM","COUNTY","CRASH_MONTH","CRASH_YEAR","DAY_OF_WEEK","DEC_LATITUDE","DEC_LONGITUDE","DISPATCH_TM","DISTRICT","DRIVER_COUNT_16YR","DRIVER_COUNT_17YR","DRIVER_COUNT_18YR","DRIVER_COUNT_19YR","DRIVER_COUNT_20YR","DRIVER_COUNT_50_64YR","DRIVER_COUNT_65_74YR","DRIVER_COUNT_75PLUS","EST_HRS_CLOSED","FATAL_COUNT","HEAVY_TRUCK_COUNT","HORSE_BUGGY_COUNT","HOUR_OF_DAY","ILLUMINATION","INJURY_COUNT","INTERSECTION_RELATED","INTERSECT_TYPE","LANE_CLOSED","LATITUDE","LN_CLOSE_DIR","LOCATION_TYPE","LONGITUDE","MAX_SEVERITY_LEVEL","MCYCLE_DEATH_COUNT","MCYCLE_SUSP_SERIOUS_INJ_COUNT","MOTORCYCLE_COUNT","MUNICIPALITY","NONMOTR_COUNT","NONMOTR_DEATH_COUNT","NONMOTR_SUSP_SERIOUS_INJ_COUNT","NTFY_HIWY_MAINT","PED_COUNT","PED_DEATH_COUNT","PED_SUSP_SERIOUS_INJ_COUNT","PERSON_COUNT","POLICE_AGCY","POSSIBLE_INJ_COUNT","RDWY_SURF_TYPE_CD","RELATION_TO_ROAD","ROADWAY_CLEARED","ROAD_CONDITION","SCH_BUS_IND","SCH_ZONE_IND","SECONDARY_CRASH","SMALL_TRUCK_COUNT","SPEC_JURIS_CD","SUSP_MINOR_INJ_COUNT","SUSP_SERIOUS_INJ_COUNT","SUV_COUNT","TCD_FUNC_CD","TCD_TYPE","TFC_DETOUR_IND","TIME_OF_DAY","TOTAL_UNITS","TOT_INJ_COUNT","UNBELTED_OCC_COUNT","UNB_DEATH_COUNT","UNB_SUSP_SERIOUS_INJ_COUNT","UNK_INJ_DEG_COUNT","UNK_INJ_PER_COUNT","URBAN_RURAL","VAN_COUNT","VEHICLE_COUNT","WEATHER1","WEATHER2","WORKERS_PRES","WORK_ZONE_IND","WORK_ZONE_LOC","WORK_ZONE_TYPE","WZ_CLOSE_DETOUR","WZ_FLAGGER","WZ_LAW_OFFCR_IND","WZ_LN_CLOSURE","WZ_MOVING","WZ_OTHER","WZ_SHLDER_MDN","WZ_WORKERS_INJ_KILLED"
"2013026540","","0","0","0","0","0","0","0","0","0","7","0","","02","3","2013","6","40.639579","-79.771519","","11","0","0","0","0","0","0","0","0","3","0","0","0","","","1","","0","","40 38:22.483","6","0","79 46:17.469","8","0","0","0","2202","0","0","0","N","0","0","0","1","02202","0","","5.0","","1","N","N","","1","","0","0","0","","0","Y","","1","1","0","0","0","1","0","1","0","1","","","","N","","","","","","","","","",""
"2013028652","","1","0","0","0","0","0","0","0","0","8","0","","02","1","2013","3","40.453688","-80.060909","","11","0","0","0","0","0","0","0","0","","0","0","0","","","1","","0","","40 27:13.277","","0","80 03:39.273","4","0","0","0","2301","1","0","0","N","1","0","0","2","02301","1","","1.0","","1","N","N","","0","","0","0","0","","0","","","2","1","1","0","0","0","1","2","0","1","","","","N","","","","","","","","","",""
"2013027926","","1","0","0","0","0","0","0","0","0","2","0","","02","3","2013","4","40.461888","-79.860206","","11","0","0","0","0","0","0","0","0","","0","0","0","","","1","","0","","40 27:42.796","","0","79 51:36.740","4","0","0","0","2113","0","0","0","N","0","0","0","3","02113","1","","1.0","","7","N","N","","0","","0","0","1","","0","","","2","1","0","0","0","0","1","2","0","2","","","","N","","","","","","","","","",""
"2013026395","","2","0","0","0","0","0","0","0","0","6","0","","02","3","2013","1","40.449169","-79.957678","","11","0","0","0","0","0","0","0","0","2","0","0","0","","","0","","0","","40 26:57.009","5","0","79 57:27.642","0","0","0","0","2301","0","0","0","N","0","0","0","1","02301","0","","1.0","","7","N","N","","0","","0","0","0","","0","Y","","2","0","0","0","0","0","0","2","0","2","","","","N","","","","","","","","","",""
"2013027158","","1","0","0","0","0","0","0","0","0","7","0","","02","3","2013","4","40.348675","-79.93898","","11","0","0","0","0","0","1","0","0","1","0","0","0","","","0","","0","","40 20:55.230","2","0","79 56:20.327","0","0","0","0","2473","0","0","0","N","0","0","0","1","02473","0","","5.0","","7","N","N","","0","","0","0","0","","0","N","","1","0","0","0","0","0","0","2","0","1","","","","N","","","","","","","","","",""
"2013028729","","0","0","0","0","0","0","0","0","0","7","0","","02","3","2013","1","40.434464","-79.965071","","11","0","0","0","0","0","0","0","0","2","0","0","0","","","0","","0","","40 26:04.071","4","0","79 57:54.256","0","0","0","0","2301","0","0","0","Y","0","0","0","2","68B03","0","","2.0","","1","N","N","","0","","0","0","1","","0","N","","1","0","0","0","0","0","0","2","0","1","","","","N","","","","","","","","","",""
"2013027234","","2","0","0","0","0","0","0","0","0","4","0","","02","3","2013","4","40.34837","-79.944808","","11","0","0","0","0","0","0","0","1","1","0","0","0","","","2","","1","","40 20:54.133","1","0","79 56:41.310","3","0","0","0","2473","0","0","0","N","0","0","0","4","02473","0","","1.0","","9","N","N","","1","","2","0","0","","2","Y","","3","2","0","0","0","0","0","2","0","3","","","","N","","","","","","","","","",""
"2013028139","","1","0","0","0","0","0","0","0","0","4","1","","02","3","2013","6","40.474761","-79.707392","","11","0","0","0","1","0","0","0","0","2","0","1","0","","","1","","0","","40 28:29.141","5","0","79 42:26.611","3","0","0","0","2466","0","0","0","N","0","0","0","2","02466","0","","1.0","","1","N","N","","0","","1","0","0","","0","Y","","2","1","0","0","0","0","0","2","0","2","","","","N","","","","","","","","","",""
"2013028730","","1","0","0","0","0","0","0","0","0","1","0","","02","3","2013","2","40.434569","-79.984182","","11","0","0","0","0","0","1","0","0","1","0","1","0","","","1","","0","","40 26:04.449","3","0","79 59:03.056","4","0","0","0","2301","0","0","0","N","0","0","0","2","68B03","1","","1.0","","1","N","N","","0","","0","0","0","","0","N","","2","1","0","0","0","0","0","2","0","2","","","","N","","","","","","","","","",""
"2013028006","","1","0","0","0","0","0","0","0","0","4","0","","02","3","2013","5","40.506119","-79.990498","","11","0","0","0","0","0","0","0","0","","0","0","0","","","0","","3","","40 30:22.028","","0","79 59:25.791","0","0","0","0","2116","0","0","0","N","0","0","0","3","02116","0","","1.0","","9","N","N","","0","","0","0","0","","3","","","2","0","0","0","0","0","0","2","1","2","","","","N","","","","","","","","","",""
"2013028671","","1","0","0","0","0","0","0","0","0","4","0","","02","3","2013","3","40.373019","-80.099353","","11","0","0","0","0","0","1","0","0","2","0","0","0","","","1","","2","","40 22:22.867","2","0","80 05:57.669","8","0","0","0","2102","0","0","0","N","0","0","0","2","02102","0","","1.0","","1","N","N","","0","","0","0","1","","2","Y","","2","1","0","0","0","1","0","2","0","2","","","","N","","","","","","","","","",""
"2013026463","","1","0","0","0","0","0","0","0","0","7","0","","02","3","2013","2","40.201483","-79.911543","","11","0","0","0","0","0","1","0","0","","0","0","0","","","0","","0","","40 12:05.340","","0","79 54:41.555","0","0","0","0","2204","0","0","0","N","0","0","0","1","02204","0","","1.0","","1","N","N","","0","","0","0","0","","0","","","1","0","0","0","0","0","0","1","0","1","","","","N","","","","","","","","","",""
"2013028874","","1","0","0","0","0","0","0","0","0","4","0","","02","3","2013","3","40.430225","-79.998488","","11","0","0","0","0","1","0","0","0","","0","0","0","","","0","","0","","40 25:48.811","","3","79 59:54.557","0","0","0","0","2301","0","0","0","N","0","0","0","2","02301","0","","1.0","","1","N","N","","0","","0","0","1","","0","","","2","0","0","0","0","0","0","2","0","2","","","","N","","","","","","","","","",""
"2013028154","","2","0","0","0","0","0","0","0","0","4","0","","02","3","2013","1","40.445161","-79.858535","","11","0","0","0","0","0","1","0","0","1","0","0","0","","","1","","1","","40 26:42.580","1","0","79 51:30.727","4","0","0","0","2419","0","0","0","N","0","0","0","3","02419","1","","1.0","","1","N","N","","0","","0","0","0","","2","N","","2","1","0","0","0","0","0","2","0","2","","","","N","","","","","","","","","",""
"2013026546","","1","0","0","0","0","0","0","0","0","8","0","","02","3","2013","3","40.429375","-79.988627","","11","0","0","0","0","0","0","0","0","","0","0","0","","","1","","1","","40 25:45.750","","0","79 59:19.057","8","0","0","0","2301","1","0","0","N","1","0","0","2","02301","0","","1.0","","1","N","N","","0","","0","0","0","","2","","","2","1","0","0","0","1","0","2","0","1","","","","N","","","","","","","","","",""
"2013028658","","2","0","0","0","0","0","0","0","0","4","0","","02","3","2013","2","40.453146","-80.020691","","11","0","0","0","0","0","1","0","0","3","0","0","0","","","0","","1","","40 27:11.325","7","0","80 01:14.487","0","0","0","0","2301","0","0","0","N","0","0","0","2","02301","0","","1.0","","1","N","N","","0","","0","0","0","","3","Y","","2","0","0","0","0","0","0","2","0","2","","","","N","","","","","","","","","",""
"2013026400","","1","0","0","0","0","0","0","0","0","7","0","","02","3","2013","1","40.378931","-79.853061","","11","0","0","0","0","0","0","0","0","1","0","0","0","","","0","","0","","40 22:44.153","2","0","79 51:11.021","9","0","0","0","2303","0","0","0","N","0","0","0","1","02303","0","","5.0","","9","N","N","","0","","0","0","0","","0","Y","","1","0","0","0","0","0","1","2","0","1","","","","N","","","","","","","","","",""
"2013026479","","2","0","0","0","0","0","0","0","0","5","0","","02","3","2013","1","40.49519","-80.065884","","11","0","0","0","0","1","0","0","0","1","0","0","0","","","0","","0","","40 29:42.684","1","0","80 03:57.184","0","0","0","0","2402","0","0","0","N","0","0","0","3","02402","0","","1.0","","1","N","N","","0","","0","0","0","","0","N","","2","0","1","0","0","0","0","2","0","2","","","","N","","","","","","","","","",""
"2013028074","","0","0","0","0","0","0","0","0","0","4","0","","02","3","2013","4","40.438391","-79.772705","","11","0","0","0","0","0","0","0","0","","0","0","0","","","0","","0","","40 26:18.209","","0","79 46:21.737","0","0","0","0","2446","0","0","0","","0","0","0","2","02446","0","","1.0","","7","","","","1","","0","0","1","","0","","","2","0","0","0","0","0","0","2","0","2","","","","N","","","","","","","","","",""
"2013026467","","2","0","0","0","0","0","0","0","0","4","0","","02","3","2013","2","40.216741","-79.843618","","11","0","0","0","1","0","1","0","0","2","0","0","0","","","0","","1","","40 13:00.267","4","8","79 50:37.026","0","0","0","0","2204","0","0","0","N","0","0","0","3","02204","0","","1.0","","1","N","N","","0","","0","0","0","","3","N","","2","0","0","0","0","0","0","1","0","2","","","","N","","","","","","","","","",""
"2013026548","","1","0","0","0","0","0","0","0","0","7","0","","02","3","2013","3","40.466829","-79.83715","","11","0","0","0","0","0","1","0","0","","0","0","0","","","0","","0","","40 28:00.586","","0","79 50:13.741","0","0","0","0","2113","0","0","0","N","0","0","0","1","02113","0","","2.0","","1","N","N","","0","","0","0","0","","0","","","1","0","0","0","0","0","0","2","0","1","","","","N","","","","","","","","","",""
"2013027311","","0","0","0","0","0","0","0","0","0","4","0","","02","3","2013","3","40.664962","-80.100901","","11","0","0","0","0","0","0","0","0","1","0","0","0","","","1","","2","","40 39:53.863","5","0","80 06:03.243","4","0","0","0","2212","0","0","0","N","0","0","0","3","02505","1","","1.0","","1","N","N","","0","","0","0","2","","3","Y","","2","1","0","0","0","0","0","2","0","2","","","","N","","","","","","","","","",""
"2013028676","","2","0","0","0","0","0","0","0","0","4","0","","02","3","2013","2","40.461206","-79.909259","","11","0","0","0","0","0","1","0","0","","0","0","0","","","0","","2","","40 27:40.341","","0","79 54:33.332","0","0","0","0","2301","0","0","0","Y","0","0","0","1","02301","0","","1.0","","9","N","N","","0","","0","0","0","","3","","","2","0","0","0","0","0","0","2","0","2","","","","N","","","","","","","","","",""
"2013027166","","2","0","0","0","0","0","0","0","0","4","0","","02","2","2013","3","40.53874","-79.830103","","11","0","0","1","1","0","0","0","0","1","0","0","0","","","1","","2","","40 32:19.465","2","0","79 49:48.369","4","0","0","0","2208","0","0","0","N","0","0","0","4","02208","1","","1.0","","9","N","N","","0","","0","0","0","","2","Y","","2","1","0","0","0","0","0","2","0","2","","","","N","","","","","","","","","",""
"2013026550","","2","0","0","0","0","0","0","0","0","2","0","","02","3","2013","1","40.475529","-79.848493","","11","0","0","0","0","0","1","0","0","1","0","0","0","","","0","","10","","40 28:31.904","4","0","79 50:54.576","0","0","0","0","2113","0","0","0","N","0","0","0","2","02113","0","","1.0","","1","N","N","","0","","0","0","0","","2","N","","2","0","0","0","0","0","0","2","0","2","","","","N","","","","","","","","","",""
"2013028957","","1","0","0","0","0","0","0","0","0","5","0","","02","2","2013","5","40.442275","-79.823222","","11","0","0","0","0","0","0","1","0","","0","0","0","","","1","","0","","40 26:32.191","","0","79 49:23.600","8","0","0","0","2124","0","0","0","N","0","0","0","3","68B03","0","","1.0","","1","N","N","","0","","0","0","1","","0","","","2","1","0","0","0","1","0","2","0","2","","","","N","","","","","","","","","",""
"2013027870","","0","0","0","0","0","0","0","0","0","0","1","","02","3","2013","4","40.645094","-80.032461","","11","0","0","0","0","0","0","0","0","3","0","1","0","","","0","","0","","40 38:42.337","3","0","80 01:56.860","0","0","0","0","2216","0","0","0","Y","0","0","0","1","68T02","0","","1.0","","7","N","N","","0","","0","0","0","","0","N","","1","0","0","0","0","0","0","2","0","1","","","","N","","","","","","","","","",""
"2013026483","","1","0","0","0","0","0","0","0","0","4","0","","02","3","2013","3","40.382091","-79.819158","","11","0","0","0","0","0","1","0","0","2","0","0","0","","","1","","2","","40 22:55.527","3","0","79 49:08.968","3","0","0","0","2111","0","0","0","N","0","0","0","2","02111","0","","1.0","","1","N","N","","0","","1","0","0","","3","Y","","2","1","0","0","0","0","0","2","1","2","","","","N","","","","","","","","","",""
"2013027314","","3","0","0","0","0","0","0","0","0","5","0","","02","3","2013","5","40.478909","-80.043021","","11","0","0","0","0","0","1","1","0","1","0","0","0","","","0","","1","","40 28:44.074","1","3","80 02:34.876","0","0","0","0","2301","0","0","0","N","0","0","0","6","02301","0","","1.0","","1","N","N","","0","","0","0","1","","2","Y","","5","0","0","0","0","0","0","2","1","5","","","","N","","","","","","","","","",""
"2013028892","","2","0","0","0","0","0","0","0","0","2","0","","02","3","2013","3","40.374295","-80.099014","","11","0","0","0","0","0","1","0","0","","0","0","0","","","0","","0","","40 22:27.461","","7","80 05:56.450","0","0","0","0","2102","0","0","0","N","0","0","0","3","02102","0","","1.0","","9","N","N","","0","","0","0","0","","0","","","2","0","0","0","0","0","0","2","0","2","","","","N","","","","","","","","","",""
"2013028162","","1","0","0","0","0","0","0","0","0","7","0","","02","3","2013","7","40.431111","-80.155","","11","0","0","0","1","0","0","0","0","","0","0","0","","","0","","0","","40 25:52.000","","0","80 09:18.000","0","0","0","0","2115","0","0","0","N","0","0","0","2","02501","0","","2.0","","1","N","N","","0","","0","0","0","","0","","","1","0","0","0","0","0","0","1","0","1","","","","N","","","","","","","","","",""
"2013027455","","3","0","0","0","0","0","0","0","0","1","0","","02","3","2013","5","40.386145","-79.801207","","11","0","0","0","0","0","0","0","1","2","0","0","0","","","2","","0","","40 23:10.122","5","0","79 48:04.345","3","0","0","0","2424","0","0","0","N","0","0","0","6","02424","1","","1.0","","9","N","N","","0","","1","0","0","","0","Y","","3","2","1","0","0","0","0","2","0","3","","","","N","","","","","","","","","",""
"2013026553","","2","0","0","0","0","0","0","0","0","2","0","","02","3","2013","3","40.41796","-79.88013","","11","0","0","0","0","0","1","0","0","2","0","0","0","","","1","","2","","40 25:04.656","7","0","79 52:48.468","4","0","0","0","2463","0","0","0","N","0","0","0","5","02463","1","","1.0","","1","N","N","","0","","0","0","0","","3","Y","","2","1","0","0","0","0","0","2","0","2","","","","N","","","","","","","","","",""
"2013029022","","0","0","0","0","0","0","0","0","0","1","1","","02","3","2013","2","40.654743","-80.068413","","11","0","0","0","0","0","0","0","0","","0","1","0","","","1","","0","","40 39:17.074","","0","80 04:06.286","4","0","0","0","2216","0","0","0","N","0","0","0","5","68T02","1","","1.0","","1","N","N","","0","","0","0","1","","8","","","2","1","0","0","0","0","0","2","0","2","","","","N","","","","","","","","","",""
"2013027940","","2","0","0","0","0","0","0","0","0","2","0","","02","3","2013","6","40.41812","-80.047249","","11","0","0","0","0","0","1","0","0","","0","0","0","","","0","","1","","40 25:05.232","","0","80 02:50.096","0","0","0","0","2435","0","0","0","N","0","0","0","3","02435","0","","1.0","","1","N","N","","0","","0","0","0","","3","","","2","0","0","0","0","0","0","2","0","2","","","","N","","","","","","","","","",""
"2013026486","","1","0","0","0","0","0","0","0","0","4","0","","02","3","2013","3","40.462475","-79.924362","","11","0","0","0","0","0","1","0","0","1","0","0","0","","","0","","2","","40 27:44.910","1","0","79 55:27.703","0","0","0","0","2301","0","0","0","N","0","0","0","2","02301","0","","1.0","","1","N","N","","0","","0","0","1","","3","N","","2","0","0","0","0","0","0","2","0","2","","","","N","","","","","","","","","",""
"2013028017","","1","0","0","0","0","0","0","0","0","6","1","","02","3","2013","7","40.524437","-79.958218","","11","0","0","0","0","0","0","0","1","1","0","1","0","","","0","","0","","40 31:27.972","6","0","79 57:29.586","0","0","0","0","2118","0","0","0","N","0","0","0","2","02118","0","","1.0","","1","N","N","","0","","0","0","0","","0","Y","","2","0","0","0","0","0","0","2","0","2","","","","N","","","","","","","","","",""
"2013028898","","0","0","0","0","0","0","0","0","0","7","0","","02","3","2013","3","40.641865","-79.83954","","11","0","0","0","0","0","1","0","0","","0","0","0","","","1","","0","","40 38:30.714","","0","79 50:22.343","3","0","0","0","2220","0","0","0","N","0","0","0","1","02220","0","","5.0","","1","N","N","","1","","1","0","0","","0","","","1","1","0","0","0","0","0","1","0","1","","","","N","","","","","","","","","",""
"2013027248","","1","0","0","0","0","0","0","0","0","7","0","","02","3","2013","7","40.62535","-80.054299","","11","0","1","0","0","0","0","0","0","1","0","0","0","","","0","","0","","40 37:31.259","2","0","80 03:15.475","0","0","0","0","2216","0","0","0","Y","0","0","0","1","02505","0","","2.0","","9","N","N","","0","","0","0","0","","0","N","","1","0","0","0","0","0","0","2","0","1","","","","N","","","","","","","","","",""
"2013028019","","1","0","0","0","0","0","0","0","0","4","0","","02","3","2013","7","40.437543","-79.998089","","11","0","0","0","0","0","0","0","0","2","0","0","0","","","1","","1","","40 26:15.154","1","0","79 59:53.120","4","0","0","0","2301","0","0","0","N","0","0","0","7","02301","1","","1.0","","1","N","N","","0","","0","0","1","","2","Y","","2","1","0","0","0","0","0","2","0","2","","","","N","","","","","","","","","",""
"2013028819","","1","0","0","0","0","0","0","0","0","4","0","","02","3","2013","3","40.438869","-79.760496","","11","0","0","0","0","0","2","0","0","","0","0","0","","","2","","1","","40 26:19.929","","0","79 45:37.786","3","0","0","0","2446","0","0","0","N","0","0","0","4","02446","0","","1.0","","1","N","N","","1","","2","0","0","","2","","","3","2","0","0","0","0","0","2","1","3","","","","N","","","","","","","","","",""
"2013028902","","1","0","0","0","0","0","0","0","0","5","0","","02","3","2013","3","40.364904","-79.983454","","11","0","0","0","0","0","1","0","0","2","0","0","0","","","0","","0","","40 21:53.655","3","0","79 59:00.435","0","0","0","0","2413","0","0","0","N","0","0","0","2","02413","0","","1.0","","1","N","N","","0","","0","0","1","","0","Y","","2","0","1","0","0","0","0","2","0","2","","","","N","","","","","","","","","",""
"2013026695","","1","0","0","0","0","0","1","0","0","5","2","","02","3","2013","2","40.449992","-79.950906","","11","0","0","0","0","0","0","0","0","1","0","0","0","","","0","","0","","40 26:59.971","2","0","79 57:03.261","0","0","0","0","2301","0","0","0","N","0","0","0","4","02301","0","","1.0","","1","N","N","","0","","0","0","0","","0","N","","2","0","0","0","0","0","0","2","0","2","","","","N","","","","","","","","","",""
"2013029277","","1","0","0","0","0","0","0","0","0","1","0","","02","3","2013","4","40.40131","-80.245231","","11","0","1","0","0","0","0","0","0","2","0","0","0","","","1","","2","","40 24:04.716","3","0","80 14:42.830","4","0","0","0","2214","0","0","0","N","0","0","0","3","02214","1","","1.0","","9","N","N","","0","","0","0","0","","0","N","","2","1","0","0","0","0","0","1","1","2","","","","N","","","","","","","","","",""
"2013028021","","1","0","0","0","0","0","0","0","0","1","1","","02","3","2013","7","40.372778","-79.848761","","11","0","0","0","1","0","0","0","0","","0","1","0","","","0","","0","","40 22:22.000","","0","79 50:55.540","0","0","0","0","2303","0","0","0","N","0","0","0","1","02303","0","","1.0","","1","N","N","","0","","0","0","0","","0","","","2","0","0","0","0","0","0","2","0","2","","","","N","","","","","","","","","",""
"2013026697","","0","0","0","0","0","0","0","0","0","0","0","","02","3","2013","2","40.425514","-80.005118","","11","0","0","0","0","0","1","0","0","","0","0","0","","","0","","2","","40 25:31.850","","0","80 00:18.424","0","0","0","0","2301","0","0","0","N","0","0","0","1","02301","0","","1.0","","1","N","N","","0","","0","0","1","","3","","","1","0","0","0","0","0","0","2","0","1","","","","N","","","","","","","","","",""
"2013029278","","0","0","0","0","0","0","0","0","0","4","0","","02","3","2013","4","40.445305","-80.013532","","11","0","0","0","0","0","0","0","0","","0","0","0","","","1","","2","","40 26:43.098","","0","80 00:48.715","8","0","0","0","2301","0","0","0","N","0","0","0","2","02301","0","","1.0","","1","N","N","","1","","0","0","1","","3","","","2","1","0","0","0","1","0","2","0","2","","","","N","","","","","","","","","",""
"2013026561","","1","0","0","0","0","0","0","0","0","7","0","","02","3","2013","3","40.368618","-80.102405","","11","0","0","0","0","0","0","0","0","1","0","0","0","","","0","","0","","40 22:07.026","3","0","80 06:08.658","0","0","0","0","2102","0","0","0","N","0","0","0","1","02102","0","","5.0","","1","N","N","","0","","0","0","0","","0","N","","1","0","0","0","0","0","0","2","0","1","","","","N","","","","","","","","","",""
"2013027814","","1","0","0","0","0","0","0","0","0","7","0","","02","3","2013","4","40.395711","-80.175842","","11","0","0","0","1","0","0","0","0","2","0","0","0","","","0","","0","","40 23:44.560","7","0","80 10:33.030","0","0","0","0","2119","0","0","0","N","0","0","0","1","02119","0","","2.0","","7","N","N","","0","","0","0","0","","0","Y","","1","0","0","0","0","0","0","2","0","1","","","","N","","","","","","","","","",""
"2013026414","","1","0","0","0","0","0","0","0","0","7","0","","02","2","2013","6","40.653599","-79.724774","","11","0","0","0","0","0","0","0","0","","0","0","0","","","1","","0","","40 39:12.955","","6","79 43:29.186","8","0","0","0","2106","0","0","0","Y","0","0","0","1","68D02","0","","5.0","","2","N","N","","0","","0","0","0","","0","","","1","1","0","0","0","1","0","2","0","1","","","","N","","","","","","","","","",""
"2013026563","","1","0","0","0","0","0","0","0","0","4","1","","02","3","2013","7","40.422217","-80.007709","","11","0","0","0","0","0","0","0","0","","0","1","0","","","0","","1","","40 25:19.981","","0","80 00:27.752","9","0","0","0","2301","0","0","0","N","0","0","0","1","02301","0","","1.0","","1","N","N","","0","","0","0","0","","3","","","2","0","0","0","0","0","1","2","0","2","","","","N","","","","","","","","","",""
"2013028170","","0","0","0","0","0","0","0","0","0","1","1","","02","3","2013","1","40.528931","-79.990193","","11","0","0","0","0","0","0","0","0","","0","1","0","","","0","","0","","40 31:44.150","","0","79 59:24.696","0","0","0","0","2116","0","0","0","N","0","0","0","2","02116","0","","1.0","","9","N","N","","1","","0","0","0","","0","","","2","0","0","0","0","0","0","2","0","2","","","","N","","","","","","","","","",""
"2013027881","","1","0","0","0","0","0","0","0","0","7","0","","02","3","2013","6","40.453767","-79.757969","","11","0","0","0","1","0","0","0","0","2","0","0","0","","","1","","0","","40 27:13.560","6","0","79 45:28.690","4","0","0","0","2446","0","0","0","N","0","0","0","1","02446","1","","5.0","","1","N","N","","0","","0","0","0","","0","Y","","1","1","0","0","0","0","0","2","0","1","","","","N","","","","","","","","","",""
"2013028689","","0","0","0","0","0","0","0","0","0","7","0","","02","3","2013","2","40.435858","-79.975473","","11","0","0","0","0","0","0","0","0","4","0","0","0","","","0","","0","","40 26:09.089","6","0","79 58:31.703","9","0","0","0","2301","0","0","0","N","0","0","0","1","02301","0","","2.0","","1","N","N","","0","","0","0","1","","0","Y","","1","0","0","0","0","0","1","2","0","1","","","","N","","","","","","","","","",""
"2013027961","","1","0","0","0","0","0","0","0","0","4","0","","02","3","2013","7","40.459513","-79.895513","","11","0","0","0","0","0","0","1","0","1","0","0","0","","","0","","1","","40 27:34.246","2","0","79 53:43.846","0","0","0","0","2301","0","0","0","N","0","0","0","2","02301","0","","1.0","","1","N","N","","0","","0","0","1","","3","N","","2","0","0","0","0","0","0","2","0","2","","","","N","","","","","","","","","",""
"2013028025","","1","0","0","0","0","0","0","0","0","1","0","","02","3","2013","7","40.430965","-80.001642","","11","0","0","0","0","0","0","0","0","","0","0","0","","","1","","1","","40 25:51.473","","0","80 00:05.910","4","0","0","0","2301","0","0","0","N","0","0","0","3","02301","1","","1.0","","1","N","N","","0","","0","0","1","","2","","","2","1","0","0","0","0","0","2","0","2","","","","N","","","","","","","","","",""
"2013028908","","2","0","0","0","0","0","0","0","0","1","0","","02","3","2013","2","40.421122","-79.800539","","11","0","0","0","0","0","2","0","0","","0","0","0","","","3","","2","","40 25:16.039","","0","79 48:01.940","4","0","0","0","2446","0","0","0","N","0","0","0","4","02446","3","","1.0","","9","N","N","","0","","0","0","0","","0","","","2","3","0","0","0","0","0","2","0","2","","","","N","","","","","","","","","",""
"2013027962","","2","0","0","0","0","0","0","0","0","4","0","","02","3","2013","7","40.607977","-79.751256","","11","0","0","0","0","0","2","0","0","1","0","0","0","","","2","","2","","40 36:28.717","3","0","79 45:04.521","4","0","0","0","2464","0","0","0","N","0","0","0","4","02464","2","","1.0","","1","N","N","","0","","0","0","0","","0","N","","2","2","0","0","0","0","0","2","0","2","","","","N","","","","","","","","","",""
"2013028026","","0","0","0","0","0","0","0","0","0","7","0","","02","3","2013","7","40.452222","-80.193445","","11","0","0","0","0","0","0","0","0","","0","0","0","","","1","","0","","40 27:07.999","","0","80 11:36.402","3","0","0","1","2214","0","0","0","N","0","0","0","1","02214","0","","2.0","","1","N","N","","0","","1","0","0","","0","","","1","1","0","0","0","0","0","2","0","1","","","","N","","","","","","","","","",""
"2013026567","","1","0","0","0","0","0","0","0","0","7","0","","02","3","2013","6","40.58812","-80.045844","","11","0","1","0","0","0","0","0","0","","0","0","0","","","0","","0","","40 35:17.231","","0","80 02:45.040","0","0","0","0","2108","0","0","0","N","0","0","0","1","02108","0","","4.0","","1","N","N","","0","","0","0","0","","0","","","1","0","0","0","0","0","0","2","0","1","","","","N","","","","","","","","","",""
"2013027329","","2","0","0","0","0","0","0","0","0","2","0","","02","3","2013","2","40.403368","-80.040856","","11","0","0","0","0","0","1","0","0","","0","0","0","","","0","","1","","40 24:12.124","","0","80 02:27.082","0","0","0","0","2301","0","0","0","N","0","0","0","2","02301","0","","1.0","","1","N","N","","0","","0","0","0","","2","","","2","0","0","0","0","0","0","2","0","2","","","","N","","","","","","","","","",""
"2013029284","","3","0","0","0","0","0","0","0","0","4","0","","02","3","2013","3","40.43812","-80.148965","","11","0","0","0","0","0","1","1","0","1","0","0","0","","","2","","1","","40 26:17.232","1","0","80 08:56.273","4","0","0","0","2115","0","0","0","N","0","0","0","4","02115","1","","1.0","","1","N","N","","0","","0","0","0","","2","N","","3","2","0","0","0","1","0","2","0","3","","","","N","","","","","","","","","",""
"2013027952","","1","0","0","0","0","0","0","0","0","7","0","","02","3","2013","6","40.444005","-80.029708","","11","0","0","0","0","0","1","0","0","","0","0","0","","","0","","3","","40 26:38.419","","0","80 01:46.948","0","0","0","0","2301","0","0","0","Y","0","0","0","1","02301","0","","7.0","","1","N","N","","0","","0","0","0","","0","","","1","0","0","0","0","0","0","2","0","1","","","","N","","","","","","","","","",""