"CRN","ARRIVAL_TM","AUTOMOBILE_COUNT","BELTED_DEATH_COUNT","BELTED_SUSP_SERIOUS_INJ_COUNT","BICYCLE_COUNT","BICYCLE_DEATH_COUNT","BICYCLE_SUSP_SERIOUS_INJ_COUNT","BUS_COUNT","CHLDPAS_DEATH_COUNT","CHLDPAS_SUSP_SERIOUS_INJ_COUNT","COLLISION_TYPE","COMM_VEH_COUNT","CONS_ZONE_SPD_LIM","COUNTY","CRASH_MONTH","CRASH_YEAR","DAY_OF_WEEK","DEC_LATITUDE","DEC_LONGITUDE","DISPATCH_TM","DISTRICT","DRIVER_COUNT_16YR","DRIVER_COUNT_17YR","DRIVER_COUNT_18YR","DRIVER_COUNT_19YR","DRIVER_COUNT_20YR","DRIVER_COUNT_50_64YR","DRIVER_COUNT_65_74YR","DRIVER_COUNT_75PLUS","EST_HRS_CLOSED","FATAL_COUNT","HEAVY_TRUCK_COUNT","HORSE_BUGGY_COUNT","HOUR_OF_DAY","ILLUMINATION","INJURY_COUNT","INTERSECTION_RELATED","INTERSECT_TYPE","LANE_CLOSED","LATITUDE","LN_CLOSE_DIR","LOCATION_TYPE","LONGITUDE","MAX_SEVERITY_LEVEL","MCYCLE_DEATH_COUNT","MCYCLE_SUSP_SERIOUS_INJ_COUNT","MOTORCYCLE_COUNT","MUNICIPALITY","NONMOTR_COUNT","NONMOTR_DEATH_COUNT","NONMOTR_SUSP_SERIOUS_INJ_COUNT","NTFY_HIWY_MAINT","PED_COUNT","PED_DEATH_COUNT","PED_SUSP_SERIOUS_INJ_COUNT","PERSON_COUNT","POLICE_AGCY","POSSIBLE_INJ_COUNT","RDWY_SURF_TYPE_CD","RELATION_TO_ROAD","ROADWAY_CLEARED","ROAD_CONDITION","SCH_BUS_IND","SCH_ZONE_IND","SECONDARY_CRASH","SMALL_TRUCK_COUNT","SPEC_JURIS_CD","SUSP_MINOR_INJ_COUNT","SUSP_SERIOUS_INJ_COUNT","SUV_COUNT","TCD_FUNC_CD","TCD_TYPE","TFC_DETOUR_IND","TIME_OF_DAY","TOTAL_UNITS","TOT_INJ_COUNT","UNBELTED_OCC_COUNT","UNB_DEATH_COUNT","UNB_SUSP_SERIOUS_INJ_COUNT","UNK_INJ_DEG_COUNT","UNK_INJ_PER_COUNT","URBAN_RURAL","VAN_COUNT","VEHICLE_COUNT","WEATHER1","WEATHER2","WORKERS_PRES","WORK_ZONE_IND","WORK_ZONE_LOC","WORK_ZONE_TYPE","WZ_CLOSE_DETOUR","WZ_FLAGGER","WZ_LAW_OFFCR_IND","WZ_LN_CLOSURE","WZ_MOVING","WZ_OTHER","WZ_SHLDER_MDN","WZ_WORKERS_INJ_KILLED"
"2013025322","","1","0","0","0","0","0","0","0","0","7","0","","02","3","2013","6","40.550801","-79.934537","","11","0","0","0","0","0","0","0","0","","0","0","0","","","0","","0","","40 33:02.883","","0","79 56:04.333","0","0","0","0","2209","0","0","0","N","0","0","0","1","02209","0","","4.0","","2","N","N","","0","","0","0","0","","0","","","1","0","0","0","0","0","0","2","0","1","","","","N","","","","","","","","","",""
"2013026064","","2","0","0","0","0","0","1","0","0","7","1","","02","3","2013","2","40.423794","-79.988602","","11","0","0","0","0","0","0","0","0","1","0","0","0","","","0","","0","","40 25:25.658","4","0","79 59:18.967","0","0","0","0","2301","0","0","0","N","0","0","0","1","02301","0","","2.0","","9","Y","N","","0","","0","0","0","","0","N","","3","0","0","0","0","0","0","2","0","3","","","","N","","","","","","","","","",""
"2013024648","","1","0","0","0","0","0","0","0","0","7","0","","02","2","2013","5","40.457428","-80.029776","","11","0","0","0","0","0","0","0","0","","0","0","0","","","0","","10","","40 27:26.742","","0","80 01:47.192","9","0","0","0","2301","0","0","0","N","0","0","0","1","02301","0","","1.0","","9","N","N","","0","","0","0","0","","0","","","1","0","0","0","0","0","1","2","0","1","","","","N","","","","","","","","","",""
"2013026131","","2","0","0","0","0","0","0","0","0","1","0","","02","3","2013","2","40.456738","-79.933766","","11","0","0","0","0","0","1","1","0","","0","0","0","","","0","","0","","40 27:24.255","","0","79 56:01.559","0","0","0","0","2301","0","0","0","N","0","0","0","4","02301","0","","1.0","","1","N","N","","0","","0","0","2","","2","","","4","0","2","0","0","0","0","2","0","4","","","","N","","","","","","","","","",""
"2013025445","","2","0","0","0","0","0","0","0","0","7","0","","02","3","2013","6","40.436544","-79.974173","","11","0","0","1","0","0","0","0","0","2","0","0","0","","","1","","3","","40 26:11.560","7","8","79 58:27.023","8","0","0","0","2301","0","0","0","N","0","0","0","6","02301","0","","1.0","","1","N","N","","0","","0","0","1","","0","Y","","3","1","0","0","0","1","0","2","0","3","","","","N","","","","","","","","","",""
"2013027444","","1","0","0","0","0","0","0","0","0","2","0","","02","3","2013","5","40.474371","-80.005042","","11","0","0","0","0","0","1","0","0","2","0","0","0","","","1","","0","","40 28:27.735","2","0","80 00:18.152","8","0","0","0","2301","0","0","0","N","0","0","0","5","02301","0","","1.0","","1","N","N","","1","","0","0","0","","0","N","","2","1","1","0","0","1","3","2","0","2","","","","N","","","","","","","","","",""
"2013028280","","2","0","1","0","0","0","0","0","0","2","0","","02","3","2013","1","40.455584","-79.966241","","11","0","0","0","0","0","0","0","0","","0","0","0","","","1","","5","","40 27:20.104","","0","79 57:58.469","2","0","0","0","2301","0","0","0","N","0","0","0","3","02301","0","","1.0","","1","N","N","","0","","0","1","0","","2","","","2","1","0","0","0","0","2","2","0","2","","","","N","","","","","","","","","",""
"2013027445","","1","0","0","0","0","0","0","0","0","8","0","","02","3","2013","5","40.46713","-80.066879","","11","0","0","0","0","0","0","0","0","1","0","0","0","","","1","","1","","40 28:01.668","7","0","80 04:00.764","8","0","0","0","2444","1","0","0","N","1","0","0","2","02444","0","","1.0","","1","N","N","","0","","0","0","0","","3","Y","","2","1","0","0","0","1","0","2","0","1","","","","N","","","","","","","","","",""
"2013023773","","1","0","0","0","0","0","0","0","0","7","0","","02","2","2013","1","40.400121","-79.937529","","11","0","0","0","1","0","0","0","0","","0","0","0","","","0","","0","","40 24:00.434","","3","79 56:15.103","0","0","0","0","2301","0","0","0","N","0","0","0","1","02301","0","","1.0","","1","N","N","","0","","0","0","0","","0","","","1","0","0","0","0","0","0","2","0","1","","","","N","","","","","","","","","",""
"2013025386","","0","0","0","0","0","0","0","0","0","0","0","","02","2","2013","4","40.493547","-79.901364","","11","0","0","0","0","0","0","0","0","","0","0","0","","","0","","0","","40 29:36.769","","0","79 54:04.911","0","0","0","0","2401","0","0","0","N","0","0","0","4","68D02","0","","1.0","","9","N","N","","0","","0","0","2","","0","","","2","0","0","0","0","0","0","2","0","2","","","","N","","","","","","","","","",""
"2013028282","","1","0","0","0","0","0","0","0","0","7","0","","02","3","2013","2","40.478429","-79.968437","","11","0","0","0","0","0","0","0","0","","0","0","0","","","0","","2","","40 28:42.345","","0","79 58:06.374","0","0","0","0","2445","0","0","0","N","0","0","0","1","02445","0","","5.0","","1","N","N","","0","","0","0","0","","1","","","1","0","0","0","0","0","0","2","0","1","","","","N","","","","","","","","","",""
"2013026069","","2","0","0","0","0","0","0","0","0","1","0","","02","2","2013","4","40.395929","-79.77237","","11","0","0","1","0","0","0","0","0","","0","0","0","","","0","","0","","40 23:45.344","","0","79 46:20.531","0","0","0","0","2446","0","0","0","N","0","0","0","2","02446","0","","1.0","","1","N","N","","0","","0","0","0","","0","","","2","0","0","0","0","0","0","2","0","2","","","","N","","","","","","","","","",""
"2013026148","","2","0","0","0","0","0","0","0","0","1","0","","02","3","2013","6","40.465471","-80.15982","","11","0","0","0","0","0","1","1","0","1","0","0","0","","","2","","0","","40 27:55.697","3","0","80 09:35.352","3","0","0","0","2115","0","0","0","N","0","0","0","2","02115","0","","1.0","","1","N","N","","0","","2","0","0","","0","N","","2","2","1","0","0","0","0","2","0","2","","","","N","","","","","","","","","",""
"2013027448","","1","0","0","0","0","0","1","0","0","4","1","","02","3","2013","5","40.443539","-80.030724","","11","0","0","0","0","0","0","0","0","","0","0","0","","","2","","3","","40 26:36.741","","0","80 01:50.605","3","0","0","0","2301","0","0","0","N","0","0","0","17","02503","1","","1.0","","9","N","N","","0","","1","0","0","","3","","","2","2","0","0","0","0","0","2","0","2","","","","N","","","","","","","","","",""
"2013026751","","1","0","0","0","0","0","0","0","0","5","0","","02","2","2013","3","40.421046","-80.046523","","11","0","0","0","0","0","0","0","0","","0","1","0","","","1","","0","","40 25:15.764","","0","80 02:47.483","4","0","0","0","2435","0","0","0","N","0","0","0","2","68B03","1","","1.0","","1","N","N","","0","","0","0","0","","0","","","2","1","0","0","0","0","1","2","0","2","","","","N","","","","","","","","","",""
"2013024653","","0","0","0","0","0","0","0","0","0","7","0","","02","2","2013","5","40.353037","-79.846618","","11","0","0","0","0","0","0","0","0","1","0","0","0","","","0","","0","","40 21:10.932","4","0","79 50:47.825","0","0","0","0","2304","0","0","0","N","0","0","0","1","02304","0","","5.0","","2","N","N","","0","","0","0","1","","0","N","","1","0","0","0","0","0","0","2","0","1","","","","N","","","","","","","","","",""
"2013026149","","0","0","0","0","0","0","0","0","0","4","0","","02","3","2013","1","40.43812","-80.148965","","11","0","0","0","0","0","1","0","0","","0","0","0","","","0","","1","","40 26:17.232","","0","80 08:56.273","0","0","0","0","2115","0","0","0","N","0","0","0","7","02115","0","","1.0","","1","N","N","","1","","0","0","1","","2","","","2","0","1","0","0","0","0","2","0","2","","","","N","","","","","","","","","",""
"2013026211","","1","0","0","0","0","0","0","0","0","7","0","","02","2","2013","4","40.498103","-79.865711","","11","0","0","0","0","0","0","0","0","","0","0","0","","","0","","0","","40 29:53.172","","0","79 51:56.561","0","0","0","0","2112","0","0","0","N","0","0","0","1","68D02","0","","3.0","","9","N","N","","0","","0","0","0","","0","","","1","0","0","0","0","0","0","2","0","1","","","","N","","","","","","","","","",""
"2013028219","","1","0","0","0","0","0","0","0","0","4","0","","02","3","2013","1","40.444514","-79.813175","","11","0","0","1","0","0","0","0","0","","0","0","0","","","0","","0","","40 26:40.250","","0","79 48:47.430","0","0","0","0","2113","0","0","0","N","0","0","0","3","02113","0","","1.0","","1","N","N","","0","","0","0","1","","0","","","2","0","0","0","0","0","0","2","0","2","","","","N","","","","","","","","","",""
"2013026752","","1","0","0","0","0","0","0","0","0","7","0","","02","2","2013","4","40.442602","-80.182083","","11","0","0","0","0","0","0","0","0","2","0","0","0","","","0","","0","","40 26:33.366","3","0","80 10:55.500","0","0","0","0","2214","0","0","0","N","0","0","0","1","68B03","0","","4.0","","9","N","N","","0","","0","0","0","","0","N","","1","0","0","0","0","0","0","2","0","1","","","","N","","","","","","","","","",""
"2013026071","","1","0","0","0","0","0","0","0","0","5","1","90","02","3","2013","2","40.430269","-80.02846","","11","0","0","0","0","0","1","0","0","","0","1","0","","","1","","3","","40 25:48.968","","0","80 01:42.455","3","0","0","0","2301","0","0","0","N","0","0","0","4","02301","0","","1.0","","1","N","N","","0","","1","0","0","","2","","","2","1","0","0","0","0","0","2","0","2","","","Y","Y","1","2","","","N","","","","Y",""
"2013026137","","2","0","0","0","0","0","0","0","0","4","0","","02","3","2013","2","40.461027","-79.866474","","11","0","0","0","0","0","1","0","0","1","0","0","0","","","0","","0","","40 27:39.697","6","0","79 51:59.307","0","0","0","0","2113","0","0","0","N","0","0","0","2","02113","0","","1.0","","1","N","N","","0","","0","0","0","","0","N","","2","0","0","0","0","0","0","2","0","2","","","","N","","","","","","","","","",""
"2013024654","","1","0","0","0","0","0","0","0","0","7","0","","02","2","2013","4","40.369508","-80.173492","","11","0","0","0","0","0","0","0","0","","0","0","0","","","0","","0","","40 22:10.230","","0","80 10:24.570","0","0","0","0","2119","0","0","0","N","0","0","0","1","02119","0","","3.0","","1","N","N","","0","","0","0","0","","0","","","1","0","0","0","0","0","0","2","0","1","","","","N","","","","","","","","","",""
"2013026150","","3","0","0","0","0","0","0","0","0","1","0","","02","3","2013","1","40.448068","-80.162487","","11","0","0","0","0","0","0","0","1","1","0","0","0","","","0","","1","","40 26:53.043","2","0","80 09:44.953","0","0","0","0","2115","0","0","0","N","0","0","0","3","02115","0","","1.0","","1","N","N","","0","","0","0","0","","2","N","","3","0","0","0","0","0","0","2","0","3","","","","N","","","","","","","","","",""
"2013026753","","0","0","0","0","0","0","0","0","0","99","0","","02","3","2013","1","40.388163","-80.098587","","11","0","0","0","0","0","0","0","0","","0","0","0","","","0","","0","","40 23:17.388","","0","80 05:54.914","0","0","0","0","2102","0","0","0","N","0","0","0","3","68B03","0","","1.0","","1","N","N","","1","","0","0","0","","0","","","1","0","0","0","0","0","0","2","0","1","","","","N","","","","","","","","","",""
"2013028285","","1","0","0","0","0","0","0","0","0","8","0","","02","3","2013","1","40.322525","-79.892471","","11","0","0","0","0","0","0","0","0","","0","0","0","","","1","","0","","40 19:21.090","","0","79 53:32.895","3","0","0","0","2433","1","0","0","N","1","0","0","5","02433","0","","1.0","","1","N","N","","0","","1","0","0","","0","","","2","1","4","0","0","0","0","2","0","1","","","","N","","","","","","","","","",""
"2013023778","","1","0","0","0","0","0","0","0","0","7","0","","02","2","2013","6","40.497685","-80.021764","","11","0","0","0","0","0","0","0","0","","0","0","0","","","0","","0","","40 29:51.665","","0","80 01:18.349","0","0","0","0","2116","0","0","0","N","0","0","0","1","02116","0","","5.0","","1","N","N","","0","","0","0","0","","0","","","1","0","0","0","0","0","0","2","0","1","","","","N","","","","","","","","","",""
"2013026072","","1","0","0","0","0","0","0","0","0","8","0","","02","3","2013","2","40.445629","-79.931226","","11","0","0","0","0","0","1","0","0","1","0","0","0","","","1","","3","","40 26:44.266","4","0","79 55:52.412","8","0","0","0","2301","1","0","0","N","1","0","0","2","02301","0","","1.0","","9","","N","","0","","0","0","0","","2","N","","2","1","0","0","0","1","0","2","0","1","","","","N","","","","","","","","","",""
"2013026138","","1","0","0","0","0","0","0","0","0","8","0","","02","3","2013","2","40.438062","-79.920024","","11","0","0","0","0","0","0","0","0","","0","0","0","","","1","","0","","40 26:17.023","","0","79 55:12.086","4","0","0","0","2301","1","0","0","N","1","0","0","2","02301","1","","1.0","","1","N","N","","0","","0","0","0","","0","","","2","1","0","0","0","0","0","2","0","1","","","","N","","","","","","","","","",""
"2013026151","","0","0","0","0","0","0","0","0","0","7","0","","02","3","2013","2","40.56283","-79.89543","","11","0","0","0","0","0","0","0","0","","0","0","0","","","0","","0","","40 33:46.188","","0","79 53:43.548","0","0","0","0","2209","0","0","0","N","0","0","0","1","02209","0","","2.0","","2","N","N","","0","","0","0","1","","0","","","1","0","0","0","0","0","0","2","0","1","","","","N","","","","","","","","","",""
"2013024668","","1","0","0","0","0","0","0","0","0","1","0","","02","2","2013","3","40.457365","-79.998235","","11","0","0","0","0","0","0","0","0","2","0","0","0","","","0","","0","","40 27:26.515","1","0","79 59:53.646","0","0","0","0","2301","0","0","0","N","0","0","0","3","68B03","0","","1.0","","9","N","N","","0","","0","0","2","","0","N","","3","0","0","0","0","0","0","2","0","3","","","","N","","","","","","","","","",""
"2013027453","","3","0","0","0","0","0","0","0","0","2","0","","02","3","2013","5","40.460664","-79.932397","","11","0","0","0","0","0","0","0","0","","0","0","0","","","0","","1","","40 27:38.390","","0","79 55:56.629","0","0","0","0","2301","0","0","0","N","0","0","0","5","02301","0","","1.0","","1","N","N","","0","","0","0","0","","2","","","3","0","0","0","0","0","0","2","0","3","","","","N","","","","","","","","","",""
"2013026754","","0","0","0","0","0","0","0","0","0","1","0","","02","3","2013","2","40.444334","-79.767444","","11","0","0","0","0","0","0","0","0","2","0","0","0","","","1","","0","","40 26:39.602","4","0","79 46:02.799","4","0","0","0","2446","0","0","0","N","0","0","0","1","68B03","1","","1.0","","1","N","N","","0","","0","0","2","","0","N","","2","1","0","0","0","0","0","2","0","2","","","","N","","","","","","","","","",""
"2013026152","","1","0","0","0","0","0","0","0","0","1","0","","02","2","2013","4","40.343731","-80.033244","","11","0","0","0","0","0","1","0","0","","0","0","0","","","1","","0","","40 20:37.430","","0","80 01:59.680","4","0","0","0","2407","0","0","0","N","0","0","0","3","02407","1","","1.0","","9","N","N","","0","","0","0","1","","0","","","2","1","0","0","0","0","0","2","0","2","","","","N","","","","","","","","","",""
"2013026755","","1","0","0","0","0","0","0","0","0","7","0","","02","3","2013","3","40.374846","-80.103176","","11","0","0","0","0","0","0","0","1","1","0","0","0","","","0","","0","","40 22:29.445","1","0","80 06:11.435","0","0","0","0","2102","0","0","0","Y","0","0","0","1","68B03","0","","4.0","","1","N","N","","0","","0","0","0","","0","N","","1","0","0","0","0","0","0","2","0","1","","","","N","","","","","","","","","",""
"2013025264","","1","0","0","0","0","0","0","0","0","7","0","","02","2","2013","3","40.666594","-79.977106","","11","0","0","0","0","0","0","0","1","","0","0","0","","","0","","0","","40 39:59.738","","0","79 58:37.580","0","0","0","0","2217","0","0","0","N","0","0","0","1","02505","0","","5.0","","7","N","N","","0","","0","0","0","","0","","","1","0","0","0","0","0","0","1","0","1","","","","N","","","","","","","","","",""
"2013026153","","2","0","0","0","0","0","0","0","0","4","0","","02","3","2013","6","40.311086","-80.03299","","11","0","0","0","0","1","0","0","0","1","0","0","0","","","1","","1","","40 18:39.908","3","0","80 01:58.763","4","0","0","0","2407","0","0","0","N","0","0","0","2","02407","1","","1.0","","9","N","N","","0","","0","0","0","","2","N","","2","1","0","0","0","0","0","2","0","2","","","","N","","","","","","","","","",""
"2013025607","","3","0","0","0","0","0","0","0","0","2","0","","02","3","2013","7","40.46111","-79.948012","","11","0","0","0","0","0","1","0","1","","0","0","0","","","2","","0","","40 27:39.996","","0","79 56:52.843","8","0","0","0","2301","0","0","0","N","0","0","0","2","02301","0","","6.0","","1","N","N","","0","","0","0","1","","2","","","4","2","1","0","0","2","0","2","0","4","","","","N","","","","","","","","","",""
"2013026077","","0","0","0","0","0","0","0","0","0","1","0","","02","3","2013","2","40.462853","-79.705628","","11","0","0","0","0","0","0","0","0","","0","0","0","","","0","","0","","40 27:46.270","","0","79 42:20.262","0","0","0","0","2466","0","0","0","","0","0","0","3","02466","0","","1.0","","1","N","N","","0","","0","0","2","","0","","","2","0","0","0","0","0","0","2","0","2","","","","N","","","","","","","","","",""
"2013025609","","2","0","0","0","0","0","0","0","0","4","0","","02","3","2013","6","40.379858","-79.808275","","11","0","0","0","0","0","1","0","0","2","0","0","0","","","0","","2","","40 22:47.487","6","0","79 48:29.789","0","0","0","0","2424","0","0","0","N","0","0","0","2","02424","0","","1.0","","1","N","N","","0","","0","0","0","","2","N","","2","0","0","0","0","0","0","2","0","2","","","","N","","","","","","","","","",""
"2013026079","","0","0","0","0","0","0","0","0","0","8","0","","02","3","2013","2","40.445234","-79.999087","","11","0","0","0","0","0","0","0","0","","0","0","0","","","1","","1","","40 26:42.842","","0","79 59:56.713","8","0","0","0","2301","1","0","0","N","1","0","0","2","02301","0","","1.0","","1","N","N","","0","","0","0","1","","2","","","2","1","0","0","0","1","0","2","0","1","","","","N","","","","","","","","","",""
"2013024064","","2","0","0","0","0","0","0","0","0","2","0","","02","2","2013","6","40.653599","-79.724774","","11","0","0","0","0","0","0","0","0","1","0","0","0","","","1","","0","","40 39:12.955","1","6","79 43:29.186","8","0","0","0","2106","0","0","0","N","0","0","0","1","68D02","0","","2.0","","2","N","N","","0","","0","0","0","","1","N","","2","1","0","0","0","1","0","2","0","2","","","","N","","","","","","","","","",""
"2013026080","","2","0","0","0","0","0","0","0","0","1","0","","02","3","2013","2","40.563766","-80.208617","","11","0","0","0","0","0","1","0","0","1","0","0","0","","","0","","2","","40 33:49.557","2","0","80 12:31.022","0","0","0","0","2441","0","0","0","N","0","0","0","2","02441","0","","1.0","","1","N","N","","0","","0","0","0","","0","N","","2","0","0","0","0","0","0","2","0","2","","","","N","","","","","","","","","",""
"2013026146","","0","0","0","0","0","0","0","0","0","7","0","","02","3","2013","1","40.578406","-80.0376","","11","0","0","0","0","0","0","0","0","2","0","0","0","","","0","","0","","40 34:42.262","2","0","80 02:15.359","0","0","0","0","2108","0","0","0","Y","0","0","0","1","02108","0","","4.0","","9","N","N","","0","","0","0","1","","0","Y","","1","0","0","0","0","0","0","2","0","1","","","","N","","","","","","","","","",""
"2013024610","","1","0","0","0","0","0","0","0","0","1","0","","02","2","2013","7","40.446478","-79.982384","","11","0","0","0","0","1","0","0","0","","0","0","0","","","0","","0","","40 26:47.320","","0","79 58:56.582","0","0","0","0","2301","0","0","0","N","0","0","0","1","02301","0","","6.0","","1","N","N","","0","","0","0","1","","0","","","3","0","0","0","0","0","0","2","1","3","","","","N","","","","","","","","","",""
"2013023924","","1","0","0","0","0","0","0","0","0","4","0","","02","2","2013","3","40.471046","-79.924952","","11","0","0","0","0","0","0","0","0","1","0","0","0","","","1","","1","","40 28:15.765","6","0","79 55:29.827","4","0","0","0","2301","0","0","0","N","0","0","0","3","02301","1","","1.0","","9","N","N","","1","","0","0","0","","3","N","","2","1","0","0","0","0","0","2","0","2","","","","N","","","","","","","","","",""
"2013026341","","1","0","0","0","0","0","0","0","0","4","0","","02","3","2013","7","40.452858","-80.172414","","11","0","0","0","0","0","0","0","0","1","0","0","0","","","1","","1","","40 27:10.290","4","8","80 10:20.689","8","0","0","0","2214","0","0","0","N","0","0","0","4","02214","0","","1.0","","1","N","N","","0","","0","0","0","","2","N","","2","1","0","0","0","1","0","2","1","2","","","","N","","","","","","","","","",""
"2013026147","","2","0","0","0","0","0","0","0","0","4","0","","02","3","2013","6","40.447926","-80.162439","","11","0","0","0","0","0","0","0","0","1","0","0","0","","","0","","1","","40 26:52.534","4","0","80 09:44.781","0","0","0","0","2115","0","0","0","N","0","0","0","3","02115","0","","1.0","","9","N","N","","0","","0","0","0","","2","N","","2","0","0","0","0","0","0","2","0","2","","","","N","","","","","","","","","",""
"2013024751","","1","0","0","0","0","0","0","0","0","1","0","","02","2","2013","4","40.537182","-79.719165","","11","0","0","0","0","0","0","0","0","","0","0","0","","","1","","2","","40 32:13.854","","0","79 43:08.995","4","0","0","0","2466","0","0","0","N","0","0","0","3","02466","1","","1.0","","9","N","N","","0","","0","0","1","","0","","","2","1","0","0","0","0","0","1","0","2","","","","N","","","","","","","","","",""
"2013024615","","2","0","0","0","0","0","0","0","0","4","0","","02","2","2013","4","40.457246","-79.997838","","11","0","0","0","0","0","0","0","0","2","0","0","0","","","1","","1","","40 27:26.085","6","0","79 59:52.216","4","0","0","0","2301","0","0","0","N","0","0","0","5","02301","1","","1.0","","9","N","N","","0","","0","0","0","","2","N","","2","1","0","0","0","0","0","2","0","2","","","","N","","","","","","","","","",""
"2013026085","","1","0","0","0","0","0","0","0","0","7","0","","02","3","2013","7","40.469024","-80.014187","","11","0","0","0","1","0","0","0","0","","0","0","0","","","1","","2","","40 28:08.486","","0","80 00:51.073","8","0","0","0","2301","0","0","0","N","0","0","0","1","02301","0","","5.0","","7","N","N","","0","","0","0","0","","0","","","1","1","0","0","0","1","0","2","0","1","","","","N","","","","","","","","","",""
"2013025474","","1","0","0","0","0","0","0","0","0","7","0","","02","2","2013","6","40.598268","-79.871709","","11","0","0","0","0","0","0","0","0","2","0","0","0","","","0","","0","","40 35:53.764","5","0","79 52:18.154","0","0","0","0","2220","0","0","0","N","0","0","0","1","02220","0","","2.0","","1","N","N","","0","","0","0","0","","0","Y","","1","0","0","0","0","0","0","1","0","1","","","","N","","","","","","","","","",""
"2013027466","","1","0","0","0","0","0","0","0","0","8","0","","02","3","2013","5","40.463471","-79.930682","","11","0","0","0","0","0","0","0","0","","0","0","0","","","1","","1","","40 27:48.495","","0","79 55:50.455","8","0","0","0","2301","1","0","0","N","1","0","0","2","02301","0","","1.0","","1","N","N","","0","","0","0","0","","2","","","2","1","0","0","0","1","0","2","0","1","","","","N","","","","","","","","","",""
"2013028234","","2","0","0","0","0","0","0","0","0","1","0","","02","3","2013","1","40.474536","-79.971494","","11","0","0","0","0","0","0","0","0","","0","0","0","","","0","","2","","40 28:28.330","","8","79 58:17.378","0","0","0","0","2445","0","0","0","","0","0","0","2","02445","0","","1.0","","1","","","","0","","0","0","0","","0","","","2","0","0","0","0","0","0","2","0","2","","","","N","","","","","","","","","",""
"2013026100","","2","0","0","0","0","0","0","0","0","4","0","","02","3","2013","1","40.441366","-80.003939","","11","0","0","0","0","0","0","0","0","2","0","0","0","","","0","","1","","40 26:28.917","4","0","80 00:14.180","0","0","0","0","2301","0","0","0","N","0","0","0","4","02301","0","","1.0","","1","N","N","","0","","0","0","0","","2","N","","2","0","0","0","0","0","0","2","0","2","","","","N","","","","","","","","","",""
"2013026717","","1","0","0","0","0","0","0","0","0","7","0","","02","2","2013","5","40.432428","-80.087672","","11","0","0","0","0","0","0","0","0","","0","0","0","","","1","","0","","40 25:56.740","","0","80 05:15.620","4","0","0","0","2421","0","0","0","N","0","0","0","1","02421","1","","5.0","","1","N","N","","0","","0","0","0","","0","","","1","1","0","0","0","0","0","2","0","1","","","","N","","","","","","","","","",""
"2013027483","","2","0","0","0","0","0","0","0","0","2","0","","02","3","2013","5","40.443015","-80.052733","","11","0","0","0","0","0","1","0","0","","0","0","0","","","0","","2","","40 26:34.854","","0","80 03:09.838","0","0","0","0","2301","0","0","0","N","0","0","0","2","02301","0","","1.0","","1","N","N","","0","","0","0","0","","2","","","2","0","0","0","0","0","0","2","0","2","","","","N","","","","","","","","","",""
"2013025280","","1","0","0","0","0","0","0","0","0","4","0","","02","3","2013","6","40.461056","-79.968002","","11","0","0","0","0","0","2","0","0","","0","0","0","","","0","","0","","40 27:39.801","","0","79 58:04.807","0","0","0","0","2301","0","0","0","N","0","0","0","2","02301","0","","1.0","","1","N","N","","1","","0","0","0","","0","","","2","0","0","0","0","0","0","2","0","2","","","","N","","","","","","","","","",""
"2013026718","","1","0","0","0","0","0","0","0","0","7","0","","02","3","2013","4","40.433486","-80.028384","","11","0","0","0","0","0","0","0","0","","0","0","0","","","0","","0","","40 26:00.550","","0","80 01:42.182","0","0","0","0","2301","0","0","0","N","0","0","0","1","02301","0","","2.0","","2","N","N","","0","","0","0","0","","0","","","1","0","0","0","0","0","0","2","0","1","","","","N","","","","","","","","","",""
"2013027484","","2","0","0","0","0","0","0","0","0","4","0","","02","3","2013","5","40.35923","-79.981851","","11","0","0","0","1","0","2","0","0","1","0","0","0","","","2","","0","","40 21:33.227","1","0","79 58:54.662","3","0","0","0","2454","0","0","0","N","0","0","0","3","02454","1","","1.0","","1","N","N","","1","","1","0","0","","0","Y","","3","2","0","0","0","0","0","2","0","3","","","","N","","","","","","","","","",""
"2013028249","","1","0","0","0","0","0","0","0","0","7","0","","02","3","2013","4","40.268834","-79.815576","","11","0","0","0","0","0","1","0","0","3","0","0","0","","","1","","0","","40 16:07.802","6","0","79 48:56.073","8","0","0","0","2105","0","0","0","N","0","0","0","1","02105","0","","5.0","","7","N","N","","0","","0","0","0","","0","Y","","1","1","0","0","0","1","0","2","0","1","","","","N","","","","","","","","","",""
"2013026102","","1","0","0","0","0","0","0","0","0","4","0","","02","2","2013","4","40.448415","-79.761143","","11","0","0","0","0","0","0","0","0","","0","0","0","","","1","","1","","40 26:54.295","","0","79 45:40.113","4","0","0","0","2446","0","0","0","N","0","0","0","4","02446","1","","1.0","","9","N","N","","0","","0","0","1","","3","","","2","1","0","0","0","0","0","2","0","2","","","","N","","","","","","","","","",""
"2013027485","","2","0","0","0","0","0","0","0","0","4","0","","02","3","2013","6","40.444202","-80.028173","","11","0","0","0","0","0","1","0","0","1","0","0","0","","","0","","1","","40 26:39.126","2","0","80 01:41.424","9","0","0","0","2301","0","0","0","N","0","0","0","1","02301","0","","1.0","","1","N","N","","0","","0","0","0","","2","N","","2","0","0","0","0","0","1","2","0","2","","","","N","","","","","","","","","",""