"CRN","ARRIVAL_TM","AUTOMOBILE_COUNT","BELTED_DEATH_COUNT","BELTED_SUSP_SERIOUS_INJ_COUNT","BICYCLE_COUNT","BICYCLE_DEATH_COUNT","BICYCLE_SUSP_SERIOUS_INJ_COUNT","BUS_COUNT","CHLDPAS_DEATH_COUNT","CHLDPAS_SUSP_SERIOUS_INJ_COUNT","COLLISION_TYPE","COMM_VEH_COUNT","CONS_ZONE_SPD_LIM","COUNTY","CRASH_MONTH","CRASH_YEAR","DAY_OF_WEEK","DEC_LATITUDE","DEC_LONGITUDE","DISPATCH_TM","DISTRICT","DRIVER_COUNT_16YR","DRIVER_COUNT_17YR","DRIVER_COUNT_18YR","DRIVER_COUNT_19YR","DRIVER_COUNT_20YR","DRIVER_COUNT_50_64YR","DRIVER_COUNT_65_74YR","DRIVER_COUNT_75PLUS","EST_HRS_CLOSED","FATAL_COUNT","HEAVY_TRUCK_COUNT","HORSE_BUGGY_COUNT","HOUR_OF_DAY","ILLUMINATION","INJURY_COUNT","INTERSECTION_RELATED","INTERSECT_TYPE","LANE_CLOSED","LATITUDE","LN_CLOSE_DIR","LOCATION_TYPE","LONGITUDE","MAX_SEVERITY_LEVEL","MCYCLE_DEATH_COUNT","MCYCLE_SUSP_SERIOUS_INJ_COUNT","MOTORCYCLE_COUNT","MUNICIPALITY","NONMOTR_COUNT","NONMOTR_DEATH_COUNT","NONMOTR_SUSP_SERIOUS_INJ_COUNT","NTFY_HIWY_MAINT","PED_COUNT","PED_DEATH_COUNT","PED_SUSP_SERIOUS_INJ_COUNT","PERSON_COUNT","POLICE_AGCY","POSSIBLE_INJ_COUNT","RDWY_SURF_TYPE_CD","RELATION_TO_ROAD","ROADWAY_CLEARED","ROAD_CONDITION","SCH_BUS_IND","SCH_ZONE_IND","SECONDARY_CRASH","SMALL_TRUCK_COUNT","SPEC_JURIS_CD","SUSP_MINOR_INJ_COUNT","SUSP_SERIOUS_INJ_COUNT","SUV_COUNT","TCD_FUNC_CD","TCD_TYPE","TFC_DETOUR_IND","TIME_OF_DAY","TOTAL_UNITS","TOT_INJ_COUNT","UNBELTED_OCC_COUNT","UNB_DEATH_COUNT","UNB_SUSP_SERIOUS_INJ_COUNT","UNK_INJ_DEG_COUNT","UNK_INJ_PER_COUNT","URBAN_RURAL","VAN_COUNT","VEHICLE_COUNT","WEATHER1","WEATHER2","WORKERS_PRES","WORK_ZONE_IND","WORK_ZONE_LOC","WORK_ZONE_TYPE","WZ_CLOSE_DETOUR","WZ_FLAGGER","WZ_LAW_OFFCR_IND","WZ_LN_CLOSURE","WZ_MOVING","WZ_OTHER","WZ_SHLDER_MDN","WZ_WORKERS_INJ_KILLED"
"2013024827","","1","0","0","0","0","0","0","0","0","7","0","","02","2","2013","1","40.390806","-79.949766","","11","0","0","0","0","0","0","0","0","","0","0","0","","","1","","0","","40 23:26.901","","0","79 56:59.158","8","0","0","0","2403","0","0","0","N","0","0","0","3","02403","0","","5.0","","1","N","N","","0","","0","0","0","","0","","","1","1","0","0","0","1","0","2","0","1","","","","N","","","","","","","","","",""
"2013025624","","2","0","0","0","0","0","0","0","0","2","0","","02","3","2013","7","40.452607","-80.043764","","11","0","0","0","1","0","0","0","0","","0","0","0","","","0","","0","","40 27:09.385","","0","80 02:37.550","0","0","0","0","2301","0","0","0","N","0","0","0","2","02301","0","","1.0","","1","N","N","","0","","0","0","0","","0","","","2","0","0","0","0","0","0","2","0","2","","","","N","","","","","","","","","",""
"2013025704","","2","0","0","0","0","0","0","0","0","1","0","","02","2","2013","7","40.536939","-79.83918","","11","0","0","0","0","0","1","0","0","1","0","0","0","","","1","","1","","40 32:12.979","2","0","79 50:21.047","8","0","0","0","2208","0","0","0","N","0","0","0","3","02208","0","","1.0","","1","N","N","","0","","0","0","0","","2","Y","","2","1","0","0","0","1","0","2","0","2","","","","N","","","","","","","","","",""
"2013025626","","0","0","0","0","0","0","0","0","0","4","0","","02","3","2013","6","40.669649","-80.036512","","11","0","0","0","0","0","0","0","1","1","0","0","0","","","2","","0","","40 40:10.738","2","0","80 02:11.442","8","0","0","0","2216","0","0","0","N","0","0","0","4","02505","0","","1.0","","9","N","N","","0","","0","0","2","","0","Y","","2","2","0","0","0","2","0","2","0","2","","","","N","","","","","","","","","",""
"2013023467","","1","0","0","0","0","0","0","0","0","7","0","","02","2","2013","2","40.510155","-79.852242","","11","0","0","0","0","0","0","1","0","","0","0","0","","","1","","0","","40 30:36.558","","0","79 51:08.071","8","0","0","0","2112","0","0","0","N","0","0","0","1","02112","0","","5.0","","1","N","N","","0","","0","0","0","","0","","","1","1","0","0","0","1","0","2","0","1","","","","N","","","","","","","","","",""
"2013024278","","0","0","0","0","0","0","0","0","0","1","0","","02","2","2013","2","40.504974","-80.281881","","11","0","0","0","0","0","1","0","0","","0","0","0","","","0","","0","","40 30:17.907","","0","80 16:54.772","0","0","0","0","2203","0","0","0","Y","0","0","0","2","68B03","0","","1.0","","7","N","N","","0","","0","0","2","","0","","","2","0","0","0","0","0","0","1","0","2","","","","N","","","","","","","","","",""
"2013025707","","1","0","0","0","0","0","0","0","0","5","0","","02","3","2013","7","40.45701","-79.955214","","11","0","0","0","0","0","0","0","0","1","0","0","0","","","0","","3","","40 27:25.237","3","0","79 57:18.772","0","0","0","0","2301","0","0","0","N","0","0","0","3","02301","0","","1.0","","1","N","N","","0","","0","0","0","","2","N","","2","0","0","0","0","0","0","2","1","2","","","","N","","","","","","","","","",""
"2013025908","","2","0","1","0","0","0","0","0","0","1","0","","02","3","2013","7","40.334588","-79.98511","","11","0","0","0","0","1","0","0","0","2","0","0","0","","","1","","0","","40 20:04.516","5","0","79 59:06.396","2","0","0","0","2403","0","0","0","N","0","0","0","2","02403","0","","1.0","","9","N","N","","0","","0","1","0","","0","Y","","2","1","0","0","0","0","0","2","0","2","","","","N","","","","","","","","","",""
"2013025115","","3","0","0","0","0","0","0","0","0","1","0","","02","2","2013","4","40.516639","-80.146836","","11","0","0","0","0","0","1","0","0","","0","0","0","","","1","","0","","40 30:59.900","","0","80 08:48.609","8","0","0","0","2110","0","0","0","N","0","0","0","3","02215","0","","1.0","","9","N","N","","0","","0","0","0","","0","","","3","1","0","0","0","1","0","2","0","3","","","","N","","","","","","","","","",""
"2013026359","","1","0","0","0","0","0","0","0","0","4","0","","02","3","2013","2","40.444202","-80.028173","","11","0","0","0","0","0","0","0","0","","0","0","0","","","2","","1","","40 26:39.126","","0","80 01:41.424","3","0","0","0","2301","0","0","0","N","0","0","0","3","02301","1","","1.0","","1","N","N","","0","","1","0","1","","2","","","2","2","0","0","0","0","0","2","0","2","","","","N","","","","","","","","","",""
"2013025646","","0","0","0","0","0","0","0","0","0","7","0","","02","2","2013","2","40.628994","-79.97277","","11","0","0","0","0","0","1","0","0","1","0","0","0","","","0","","0","","40 37:44.380","1","0","79 58:21.971","0","0","0","0","2217","0","0","0","N","0","0","0","4","02505","0","","5.0","","7","N","N","","0","","0","0","0","","0","N","","1","0","0","0","0","0","0","2","1","1","","","","N","","","","","","","","","",""
"2013025116","","1","0","0","0","0","0","0","0","0","4","0","","02","2","2013","5","40.512213","-79.843405","","11","0","0","0","0","0","0","0","0","","0","0","0","","","1","","2","","40 30:43.968","","0","79 50:36.259","8","0","0","0","2451","0","0","0","N","0","0","0","2","02451","0","","1.0","","1","N","N","","1","","0","0","0","","3","","","2","1","1","0","0","1","0","2","0","2","","","","N","","","","","","","","","",""
"2013026361","","2","0","0","0","0","0","0","0","0","2","0","","02","3","2013","2","40.440425","-79.994868","","11","0","0","0","0","0","1","0","0","","0","0","0","","","0","","1","","40 26:25.530","","0","79 59:41.524","0","0","0","0","2301","0","0","0","","0","0","0","2","02301","0","","1.0","","1","","","","0","","0","0","0","","2","","","2","0","0","0","0","0","0","2","0","2","","","","N","","","","","","","","","",""
"2013024217","","2","0","0","0","0","0","0","0","0","4","0","","02","2","2013","1","40.403111","-79.908355","","11","0","0","0","0","0","0","0","0","4","0","0","0","","","1","","1","","40 24:11.199","7","0","79 54:30.078","4","0","0","0","2438","0","0","0","N","0","0","0","2","02438","1","","1.0","","1","N","N","","0","","0","0","0","","2","Y","","2","1","0","0","0","0","0","2","0","2","","","","N","","","","","","","","","",""
"2013025910","","0","0","0","0","0","0","0","0","0","1","0","","02","3","2013","7","40.410432","-79.990382","","11","0","0","0","0","0","0","0","0","","0","0","0","","","1","","1","","40 24:37.555","","0","79 59:25.375","8","0","0","0","2301","0","0","0","N","0","0","0","4","02301","0","","1.0","","1","N","N","","0","","0","0","1","","2","","","2","1","0","0","0","1","0","2","1","2","","","","N","","","","","","","","","",""
"2013025117","","1","0","0","0","0","0","0","0","0","7","0","","02","2","2013","5","40.458182","-79.999264","","11","0","0","1","0","0","0","0","0","1","0","0","0","","","0","","2","","40 27:29.455","4","0","79 59:57.349","0","0","0","0","2301","0","0","0","N","0","0","0","2","02301","0","","2.0","","9","N","N","","0","","0","0","0","","0","N","","1","0","0","0","0","0","0","2","0","1","","","","N","","","","","","","","","",""
"2013024845","","1","0","0","0","0","0","0","0","0","1","1","","02","2","2013","5","40.423461","-79.977714","","11","0","0","0","0","0","0","1","1","","0","0","0","","","3","","10","","40 25:24.459","","0","79 58:39.770","8","0","0","0","2301","0","0","0","N","0","0","0","4","02301","0","","1.0","","9","N","N","","1","","0","0","0","","0","","","2","3","0","0","0","3","0","2","0","2","","","","N","","","","","","","","","",""
"2013024971","","0","0","0","0","0","0","0","0","0","1","0","","02","2","2013","3","40.446015","-79.715046","","11","0","0","0","0","0","0","0","0","1","0","0","0","","","0","","0","","40 26:45.655","2","0","79 42:54.166","0","0","0","0","2446","0","0","0","N","0","0","0","3","02446","0","","1.0","","9","N","N","","1","","0","0","1","","0","N","","2","0","0","0","0","0","0","2","0","2","","","","N","","","","","","","","","",""
"2013024361","","1","0","0","0","0","0","0","0","0","1","0","","02","2","2013","4","40.433343","-79.973409","","11","0","0","0","0","0","0","0","0","1","0","0","0","","","1","","0","","40 26:00.033","1","3","79 58:24.274","3","0","0","0","2301","0","0","0","N","0","0","0","2","02301","0","","1.0","","9","N","N","","0","","1","0","1","","0","N","","2","1","0","0","0","0","0","2","0","2","","","","N","","","","","","","","","",""
"2013025106","","0","0","0","0","0","0","0","0","0","7","0","","02","2","2013","2","40.409937","-79.72432","","11","0","0","0","0","0","0","0","0","2","0","0","0","","","2","","0","","40 24:35.772","3","0","79 43:27.553","4","0","0","0","2446","0","0","0","N","0","0","0","5","68T09","2","","3.0","","1","N","N","","0","","0","0","1","","0","N","","1","2","0","0","0","0","0","2","0","1","","","","N","","","","","","","","","",""
"2013025650","","2","0","0","0","0","0","0","0","0","1","0","","02","3","2013","6","40.336802","-79.948974","","11","0","0","0","0","0","0","0","0","","0","0","0","","","1","","1","","40 20:12.486","","0","79 56:56.306","8","0","0","0","2473","0","0","0","N","0","0","0","5","02473","0","","1.0","","1","N","N","","0","","0","0","0","","2","","","2","1","0","0","0","1","0","2","0","2","","","","N","","","","","","","","","",""
"2013025711","","1","0","0","0","0","0","0","0","0","7","0","","02","3","2013","7","40.493478","-79.946154","","11","0","1","0","0","0","0","0","0","2","0","0","0","","","0","","0","","40 29:36.519","2","3","79 56:46.156","0","0","0","0","2430","0","0","0","N","0","0","0","1","02430","0","","2.0","","2","N","N","","0","","0","0","0","","0","N","","1","0","0","0","0","0","0","2","0","1","","","","N","","","","","","","","","",""
"2013024219","","1","0","0","0","0","0","0","0","0","1","0","","02","2","2013","3","40.600113","-80.077982","","11","0","1","0","0","0","0","1","0","1","0","0","0","","","0","","2","","40 36:00.406","2","0","80 04:40.735","0","0","0","0","2481","0","0","0","N","0","0","0","2","02481","0","","1.0","","6","N","N","","0","","0","0","1","","3","N","","2","0","0","0","0","0","0","2","0","2","","","","N","","","","","","","","","",""
"2013024375","","2","0","0","0","0","0","0","0","0","4","0","","02","2","2013","4","40.627226","-80.049249","","11","0","0","0","0","0","0","1","0","","0","0","0","","","0","","0","","40 37:38.013","","0","80 02:57.296","0","0","0","0","2216","0","0","0","N","0","0","0","3","02505","0","","1.0","","9","N","N","","0","","0","0","0","","0","","","2","0","0","0","0","0","0","1","0","2","","","","N","","","","","","","","","",""
"2013025119","","1","0","0","0","0","0","0","0","0","5","0","","02","2","2013","5","40.445612","-79.998636","","11","0","0","0","0","0","0","0","0","1","0","0","0","","","0","","2","","40 26:44.203","3","0","79 59:55.088","0","0","0","0","2301","0","0","0","N","0","0","0","4","02301","0","","1.0","","9","N","N","","0","","0","0","0","","2","N","","2","0","1","0","0","0","0","2","1","2","","","","N","","","","","","","","","",""
"2013025774","","0","0","0","0","0","0","0","0","0","7","0","","02","3","2013","1","40.46506","-79.729706","","11","0","0","0","0","0","0","0","0","1","0","0","0","","","1","","0","","40 27:54.216","1","0","79 43:46.941","8","0","0","0","2466","0","0","0","N","0","0","0","1","02466","0","","5.0","","9","N","N","","0","","0","0","1","","0","N","","1","1","0","0","0","1","0","2","0","1","","","","N","","","","","","","","","",""
"2013025108","","1","0","0","0","0","0","0","0","0","7","0","","02","2","2013","5","40.575193","-80.093621","","11","1","0","0","0","0","0","0","0","","0","0","0","","","0","","0","","40 34:30.695","","1","80 05:37.035","0","0","0","0","2481","0","0","0","N","0","0","0","2","02481","0","","4.0","","9","N","N","","0","","0","0","0","","0","","","1","0","0","0","0","0","0","2","0","1","","","","N","","","","","","","","","",""
"2013025775","","1","0","0","0","0","0","0","0","0","99","0","","02","3","2013","1","40.595368","-79.934582","","11","0","0","0","0","0","0","0","0","2","0","0","0","","","0","","0","","40 35:43.324","4","0","79 56:04.494","0","0","0","0","2207","0","0","0","N","0","0","0","1","02207","0","","2.0","","9","N","N","","0","","0","0","0","","0","Y","","1","0","0","0","0","0","0","2","0","1","","","","N","","","","","","","","","",""
"2013025714","","1","0","0","0","0","0","0","0","0","7","0","","02","3","2013","7","40.493478","-79.946154","","11","0","0","0","0","1","0","0","0","2","0","0","0","","","1","","0","","40 29:36.519","2","3","79 56:46.156","8","0","0","0","2430","0","0","0","N","0","0","0","1","02430","0","","2.0","","2","N","N","","0","","0","0","0","","0","N","","1","1","0","0","0","1","0","2","0","1","","","","N","","","","","","","","","",""
"2013023411","","2","0","0","0","0","0","0","0","0","1","0","","02","2","2013","2","40.448942","-80.019965","","11","0","0","0","0","0","2","0","0","","0","0","0","","","0","","7","","40 26:56.191","","2","80 01:11.874","0","0","0","0","2301","0","0","0","N","0","0","0","3","02301","0","","1.0","","98","N","N","","0","","0","0","0","","0","","","2","0","0","0","0","0","0","2","0","2","","","","N","","","","","","","","","",""
"2013024839","","3","0","0","0","0","0","0","0","0","1","0","","02","2","2013","5","40.4807","-80.068512","","11","0","0","0","0","0","0","0","0","","0","0","0","","","0","","2","","40 28:50.520","","0","80 04:06.642","0","0","0","0","2122","0","0","0","N","0","0","0","3","02122","0","","1.0","","9","N","N","","0","","0","0","0","","0","","","3","0","1","0","0","0","0","2","0","3","","","","N","","","","","","","","","",""
"2013025655","","1","0","0","0","0","0","0","0","0","1","0","","02","3","2013","6","40.364814","-80.023253","","11","0","0","0","0","0","0","0","0","1","0","0","0","","","2","","0","","40 21:53.329","3","0","80 01:23.710","4","0","0","0","2416","0","0","0","N","0","0","0","3","02416","2","","1.0","","1","N","N","","1","","0","0","0","","0","N","","2","2","0","0","0","0","0","2","0","2","","","","N","","","","","","","","","",""
"2013025716","","1","0","0","0","0","0","0","0","0","1","0","","02","3","2013","7","40.417656","-79.986476","","11","0","0","0","0","0","0","0","0","","0","0","0","","","1","","1","","40 25:03.561","","0","79 59:11.313","4","0","0","0","2301","0","0","0","N","0","0","0","3","02301","1","","1.0","","1","N","N","","0","","0","0","1","","2","","","2","1","0","0","0","0","1","2","0","2","","","","N","","","","","","","","","",""
"2013023480","","1","0","0","0","0","0","0","0","0","4","0","","02","2","2013","7","40.487502","-79.882923","","11","0","1","0","0","0","1","0","0","1","0","0","0","","","3","","1","","40 29:15.007","4","0","79 52:58.523","8","0","0","0","2112","0","0","0","N","0","0","0","5","02112","0","","1.0","","1","N","N","","0","","0","0","2","","2","Y","","3","3","0","0","0","3","0","2","0","3","","","","N","","","","","","","","","",""
"2013025790","","1","0","0","0","0","0","0","0","0","4","0","","02","3","2013","1","40.41953","-80.049504","","11","0","0","0","0","0","0","1","0","1","0","0","0","","","2","","2","","40 25:10.308","2","2","80 02:58.216","8","0","0","0","2435","0","0","0","N","0","0","0","2","02435","0","","1.0","","9","N","N","","0","","0","0","1","","0","Y","","2","2","0","0","0","2","0","2","0","2","","","","N","","","","","","","","","",""
"2013024381","","1","0","0","0","0","0","0","0","0","7","0","","02","2","2013","4","40.393862","-80.082638","","11","0","0","0","0","0","0","1","0","","0","0","0","","","0","","2","","40 23:37.903","","0","80 04:57.496","9","0","0","0","2117","0","0","0","N","0","0","0","1","02117","0","","4.0","","9","N","N","","0","","0","0","0","","0","","","1","0","0","0","0","0","1","2","0","1","","","","N","","","","","","","","","",""
"2013024840","","1","0","0","0","0","0","0","0","0","7","0","","02","2","2013","1","","","","11","0","0","0","1","0","0","0","0","","0","0","0","","","0","","9","","","","6","","0","0","0","0","2455","0","0","0","N","0","0","0","4","02455","0","","5.0","","1","N","N","","0","","0","0","0","","5","","","1","0","0","0","0","0","0","1","0","1","","","","N","","","","","","","","","",""
"2013025127","","1","0","0","0","0","0","0","0","0","7","0","","02","2","2013","2","40.361074","-79.990953","","11","0","0","0","0","0","0","0","0","1","0","0","0","","","0","","1","","40 21:39.868","4","0","79 59:27.431","0","0","0","0","2476","0","0","0","N","0","0","0","2","02476","0","","5.0","","1","N","N","","0","","0","0","0","","0","N","","1","0","0","0","0","0","0","2","0","1","","","","N","","","","","","","","","",""
"2013026370","","1","0","0","0","0","0","0","0","0","7","0","","02","3","2013","2","40.477983","-79.898789","","11","0","0","0","0","0","0","0","0","2","0","0","0","","","0","","0","","40 28:40.740","4","0","79 53:55.640","0","0","0","0","2301","0","0","0","N","0","0","0","0","02301","0","","5.0","","1","N","N","","0","","0","0","0","","0","N","","1","0","0","0","0","0","0","2","0","1","","","","N","","","","","","","","","",""
"2013025718","","0","0","0","0","0","0","0","0","0","0","0","","02","3","2013","7","40.464275","-79.953337","","11","0","1","0","0","0","0","0","0","","0","0","0","","","0","","0","","40 27:51.390","","0","79 57:12.013","0","0","0","0","2301","0","0","0","N","0","0","0","1","02301","0","","1.0","","9","N","N","","1","","0","0","0","","0","","","1","0","0","0","0","0","0","2","0","1","","","","N","","","","","","","","","",""
"2013024227","","1","0","0","0","0","0","0","0","0","7","0","","02","2","2013","1","40.523913","-79.834655","","11","0","0","0","0","0","0","0","0","2","0","0","0","","","1","","0","","40 31:26.087","3","0","79 50:04.758","3","0","0","0","2451","0","0","0","N","0","0","0","1","02451","0","","4.0","","1","N","N","","0","","1","0","0","","0","N","","1","1","1","0","0","0","0","2","0","1","","","","N","","","","","","","","","",""
"2013025114","","0","0","0","0","0","0","0","0","0","1","0","","02","2","2013","5","40.452966","-80.039423","","11","0","0","0","1","0","1","0","0","","0","0","0","","","0","","2","","40 27:10.676","","0","80 02:21.924","0","0","0","0","2301","0","0","0","N","0","0","0","4","02301","0","","1.0","","9","N","N","","1","","0","0","2","","0","","","3","0","0","0","0","0","0","2","0","3","","","","N","","","","","","","","","",""
"2013024240","","0","0","0","0","0","0","0","0","0","7","0","","02","2","2013","5","40.481506","-79.876513","","11","0","0","0","0","0","0","0","0","2","0","0","0","","","0","","0","","40 28:53.420","3","0","79 52:35.445","0","0","0","0","2113","0","0","0","N","0","0","0","1","02113","0","","5.0","","9","N","N","","0","","0","0","1","","0","N","","1","0","0","0","0","0","0","2","0","1","","","","N","","","","","","","","","",""
"2013024371","","2","0","0","0","0","0","0","0","0","1","0","","02","2","2013","3","40.405282","-80.074375","","11","0","0","0","0","0","1","0","0","","0","0","0","","","0","","2","","40 24:19.016","","0","80 04:27.749","0","0","0","0","2415","0","0","0","N","0","0","0","2","02415","0","","1.0","","9","N","N","","0","","0","0","0","","0","","","2","0","0","0","0","0","0","2","0","2","","","","N","","","","","","","","","",""
"2013024384","","0","0","0","0","0","0","0","0","0","8","0","","02","2","2013","3","40.464413","-80.053159","","11","0","0","0","0","0","0","0","0","","0","0","0","","","1","","2","","40 27:51.887","","0","80 03:11.371","3","0","0","0","2301","1","0","0","N","1","0","0","1","02301","0","","1.0","","1","N","N","","1","","1","0","0","","0","","","2","1","0","0","0","0","0","2","0","1","","","","N","","","","","","","","","",""
"2013026372","","1","0","0","0","0","0","0","0","0","4","0","","02","3","2013","1","40.388644","-79.830233","","11","0","0","0","0","0","1","0","0","1","0","0","0","","","2","","2","","40 23:19.117","6","0","79 49:48.839","3","0","0","0","2111","0","0","0","N","0","0","0","2","02111","1","","1.0","","9","N","N","","0","","1","0","1","","2","Y","","2","2","0","0","0","0","0","2","0","2","","","","N","","","","","","","","","",""
"2013024229","","0","0","0","0","0","0","0","0","0","7","0","","02","2","2013","5","40.545081","-80.031033","","11","0","0","0","0","0","0","0","0","1","0","0","0","","","0","","0","","40 32:42.290","3","0","80 01:51.720","0","0","0","0","2116","0","0","0","N","0","0","0","1","02116","0","","2.0","","7","N","N","","0","","0","0","1","","0","N","","1","0","0","0","0","0","0","2","0","1","","","","N","","","","","","","","","",""
"2013025794","","1","0","0","0","0","0","0","0","0","7","0","","02","3","2013","7","40.51256","-80.160771","","11","0","0","0","0","0","0","0","0","","0","0","0","","","0","","10","","40 30:45.217","","0","80 09:38.774","0","0","0","0","2420","0","0","0","","0","0","0","1","02420","0","","2.0","","7","N","N","","0","","0","0","0","","0","","","1","0","0","0","0","0","0","2","0","1","","","","N","","","","","","","","","",""
"2013025734","","0","0","0","0","0","0","0","0","0","7","0","","02","2","2013","4","40.427839","-79.767294","","11","0","0","0","0","0","0","0","0","","0","0","0","","","1","","0","","40 25:40.220","","0","79 46:02.258","8","0","0","0","2446","0","0","0","N","0","0","0","1","02446","0","","5.0","","1","N","N","","0","","0","0","1","","0","","","1","1","0","0","0","1","0","2","0","1","","","","N","","","","","","","","","",""
"2013025795","","1","0","0","0","0","0","0","0","0","1","0","","02","3","2013","6","40.397668","-79.769328","","11","0","0","0","0","0","1","0","0","2","0","0","0","","","0","","1","","40 23:51.606","1","0","79 46:09.579","0","0","0","0","2446","0","0","0","N","0","0","0","5","02446","0","","1.0","","9","N","N","","0","","0","0","0","","2","Y","","2","0","1","0","0","0","0","2","1","2","","","","N","","","","","","","","","",""
"2013023624","","2","0","0","0","0","0","0","0","0","5","0","","02","1","2013","7","40.429992","-79.880453","","11","0","0","0","0","0","0","0","0","","0","0","0","","","0","","0","","40 25:47.972","","0","79 52:49.630","0","0","0","0","2426","0","0","0","N","0","0","0","2","68B03","0","","1.0","","1","N","N","","0","","0","0","0","","0","","","2","0","0","0","0","0","0","2","0","2","","","","N","","","","","","","","","",""
"2013024386","","0","0","0","0","0","0","0","0","0","1","0","","02","2","2013","7","40.450574","-80.066082","","11","0","0","0","0","0","0","0","0","","0","0","0","","","0","","0","","40 27:02.066","","0","80 03:57.895","0","0","0","0","2301","0","0","0","N","0","0","0","1","02301","0","","5.0","","1","N","N","","0","","0","0","2","","0","","","2","0","0","0","0","0","0","2","0","2","","","","N","","","","","","","","","",""
"2013026374","","1","0","0","0","0","0","0","0","0","7","0","","02","3","2013","7","40.437271","-80.034607","","11","0","0","0","0","0","0","0","0","","0","0","0","","","0","","0","","40 26:14.175","","0","80 02:04.585","0","0","0","0","2301","0","0","0","N","0","0","0","1","02301","0","","5.0","","1","N","N","","0","","0","0","0","","0","","","1","0","0","0","0","0","0","2","0","1","","","","N","","","","","","","","","",""
"2013025590","","1","0","0","0","0","0","0","0","0","4","0","","02","3","2013","7","40.459466","-79.936724","","11","0","0","0","0","0","0","0","0","","0","0","0","","","0","","1","","40 27:34.077","","0","79 56:12.206","0","0","0","0","2301","0","0","0","N","0","0","0","1","02301","0","","1.0","","2","N","N","","1","","0","0","0","","3","","","2","0","0","0","0","0","0","2","0","2","","","","N","","","","","","","","","",""
"2013025722","","2","0","0","0","0","0","0","0","0","1","0","","02","3","2013","7","40.430325","-79.8065","","11","0","0","0","0","0","1","0","1","","0","0","0","","","3","","0","","40 25:49.170","","0","79 48:23.400","4","0","0","0","2446","0","0","0","N","0","0","0","6","02446","3","","1.0","","1","N","N","","0","","0","0","0","","2","","","3","3","0","0","0","0","0","2","1","3","","","","N","","","","","","","","","",""
"2013068527","","1","0","0","0","0","0","0","0","0","7","0","","02","7","2013","7","40.454825","-79.994438","","11","0","0","0","0","0","0","0","0","","0","0","0","","","0","","0","","40 27:17.371","","0","79 59:39.975","0","0","0","0","2301","0","0","0","N","0","0","0","1","02301","0","","4.0","","1","N","N","","0","","0","0","0","","0","","","1","0","0","0","0","0","0","2","0","1","","","","N","","","","","","","","","",""
"2013068321","","1","0","0","0","0","0","0","0","0","4","0","","02","7","2013","6","40.451508","-80.018919","","11","0","0","0","0","0","0","0","0","","0","0","0","","","0","","1","","40 27:05.428","","0","80 01:08.107","0","0","0","0","2301","0","0","0","N","0","0","0","2","02301","0","","1.0","","1","N","N","","0","","0","0","1","","2","","","2","0","0","0","0","0","0","2","0","2","","","","N","","","","","","","","","",""
"2013068528","","1","0","0","0","0","0","0","0","0","7","0","","02","7","2013","1","40.456635","-79.939475","","11","0","0","0","0","0","0","0","0","","0","0","0","","","0","","0","","40 27:23.886","","0","79 56:22.109","9","0","0","0","2301","0","0","0","N","0","0","0","1","02301","0","","5.0","","1","N","N","","0","","0","0","0","","0","","","1","0","0","0","0","0","1","2","0","1","","","","N","","","","","","","","","",""
"2013025217","","1","0","0","0","0","0","0","0","0","4","0","","02","2","2013","5","40.435758","-79.771175","","11","0","1","0","0","0","0","0","0","1","0","0","0","","","1","","0","","40 26:08.728","3","0","79 46:16.230","8","0","0","0","2446","0","0","0","N","0","0","0","2","02446","0","","1.0","","9","N","N","","0","","0","0","0","","2","N","","2","1","0","0","0","1","0","2","1","2","","","","N","","","","","","","","","",""
"2013068400","","1","0","0","0","0","0","0","0","0","1","0","","02","7","2013","7","40.459991","-79.972851","","11","0","0","0","0","0","0","0","0","","0","0","0","","","0","","0","","40 27:35.967","","0","79 58:22.263","0","0","0","0","2301","0","0","0","N","0","0","0","1","02301","0","","2.0","","1","N","N","","0","","0","0","0","","0","","","2","0","0","0","0","0","0","2","1","2","","","","N","","","","","","","","","",""
"2013068401","","1","0","0","0","0","0","0","0","0","4","0","","02","7","2013","6","40.526932","-79.988275","","11","0","0","0","0","0","0","0","0","1","0","0","0","","","0","","2","","40 31:36.955","2","0","79 59:17.790","0","0","0","0","2116","0","0","0","N","0","0","0","4","02116","0","","1.0","","1","N","N","","1","","0","0","0","","3","N","","2","0","0","0","0","0","0","2","0","2","","","","N","","","","","","","","","",""
"2013025145","","1","0","0","0","0","0","0","0","0","5","0","","02","2","2013","1","40.437379","-79.777598","","11","0","0","1","1","0","0","0","0","","0","0","0","","","0","","0","","40 26:14.564","","0","79 46:39.352","0","0","0","0","2446","0","0","0","N","0","0","0","6","02446","0","","1.0","","1","N","N","","1","","0","0","0","","0","","","2","0","0","0","0","0","0","2","0","2","","","","N","","","","","","","","","",""
"2013025945","","1","0","0","0","0","0","0","0","0","7","0","","02","3","2013","1","40.549104","-80.19678","","11","0","0","0","0","0","0","0","0","","0","0","0","","","0","N","0","","40 32:56.776","","0","80 11:48.407","0","0","0","0","2427","0","0","0","N","0","0","0","1","02427","0","","2.0","","9","N","N","","0","","0","0","0","","0","","","1","0","0","0","0","0","0","2","0","1","","","","N","","","","","","","","","",""
"2013025211","","1","0","0","0","0","0","0","0","0","5","1","","02","2","2013","2","40.671296","-80.100124","","11","0","0","0","0","0","0","0","0","","0","1","0","","","0","","0","","40 40:16.664","","0","80 06:00.447","0","0","0","0","2212","0","0","0","N","0","0","0","2","68T02","0","","1.0","","1","N","N","","0","","0","0","0","","0","","","2","0","1","0","0","0","0","2","0","2","","","","N","","","","","","","","","",""