"CRN","ARRIVAL_TM","AUTOMOBILE_COUNT","BELTED_DEATH_COUNT","BELTED_SUSP_SERIOUS_INJ_COUNT","BICYCLE_COUNT","BICYCLE_DEATH_COUNT","BICYCLE_SUSP_SERIOUS_INJ_COUNT","BUS_COUNT","CHLDPAS_DEATH_COUNT","CHLDPAS_SUSP_SERIOUS_INJ_COUNT","COLLISION_TYPE","COMM_VEH_COUNT","CONS_ZONE_SPD_LIM","COUNTY","CRASH_MONTH","CRASH_YEAR","DAY_OF_WEEK","DEC_LATITUDE","DEC_LONGITUDE","DISPATCH_TM","DISTRICT","DRIVER_COUNT_16YR","DRIVER_COUNT_17YR","DRIVER_COUNT_18YR","DRIVER_COUNT_19YR","DRIVER_COUNT_20YR","DRIVER_COUNT_50_64YR","DRIVER_COUNT_65_74YR","DRIVER_COUNT_75PLUS","EST_HRS_CLOSED","FATAL_COUNT","HEAVY_TRUCK_COUNT","HORSE_BUGGY_COUNT","HOUR_OF_DAY","ILLUMINATION","INJURY_COUNT","INTERSECTION_RELATED","INTERSECT_TYPE","LANE_CLOSED","LATITUDE","LN_CLOSE_DIR","LOCATION_TYPE","LONGITUDE","MAX_SEVERITY_LEVEL","MCYCLE_DEATH_COUNT","MCYCLE_SUSP_SERIOUS_INJ_COUNT","MOTORCYCLE_COUNT","MUNICIPALITY","NONMOTR_COUNT","NONMOTR_DEATH_COUNT","NONMOTR_SUSP_SERIOUS_INJ_COUNT","NTFY_HIWY_MAINT","PED_COUNT","PED_DEATH_COUNT","PED_SUSP_SERIOUS_INJ_COUNT","PERSON_COUNT","POLICE_AGCY","POSSIBLE_INJ_COUNT","RDWY_SURF_TYPE_CD","RELATION_TO_ROAD","ROADWAY_CLEARED","ROAD_CONDITION","SCH_BUS_IND","SCH_ZONE_IND","SECONDARY_CRASH","SMALL_TRUCK_COUNT","SPEC_JURIS_CD","SUSP_MINOR_INJ_COUNT","SUSP_SERIOUS_INJ_COUNT","SUV_COUNT","TCD_FUNC_CD","TCD_TYPE","TFC_DETOUR_IND","TIME_OF_DAY","TOTAL_UNITS","TOT_INJ_COUNT","UNBELTED_OCC_COUNT","UNB_DEATH_COUNT","UNB_SUSP_SERIOUS_INJ_COUNT","UNK_INJ_DEG_COUNT","UNK_INJ_PER_COUNT","URBAN_RURAL","VAN_COUNT","VEHICLE_COUNT","WEATHER1","WEATHER2","WORKERS_PRES","WORK_ZONE_IND","WORK_ZONE_LOC","WORK_ZONE_TYPE","WZ_CLOSE_DETOUR","WZ_FLAGGER","WZ_LAW_OFFCR_IND","WZ_LN_CLOSURE","WZ_MOVING","WZ_OTHER","WZ_SHLDER_MDN","WZ_WORKERS_INJ_KILLED"
"2013068997","","2","0","0","0","0","0","0","0","0","4","0","","02","7","2013","2","40.456659","-80.000113","","11","0","0","0","0","0","1","0","0","","0","0","0","","","0","","1","","40 27:23.972","","0","80 00:00.406","0","0","0","0","2301","0","0","0","N","0","0","0","4","02301","0","","1.0","","1","N","N","","0","","0","0","0","","3","","","2","0","0","0","0","0","0","2","0","2","","","","N","","","","","","","","","",""
"2013070695","","2","0","0","0","0","0","0","0","0","2","0","","02","7","2013","1","40.344122","-79.985149","","11","0","0","2","0","0","0","0","0","2","0","0","0","","","0","","2","","40 20:38.839","2","0","79 59:06.536","0","0","0","0","2403","0","0","0","N","0","0","0","2","02403","0","","1.0","","1","N","N","","0","","0","0","0","","0","Y","","2","0","0","0","0","0","0","2","0","2","","","","N","","","","","","","","","",""
"2013068538","","0","0","0","0","0","0","0","0","0","5","0","","02","7","2013","1","40.419931","-79.987119","","11","0","0","0","0","0","0","0","0","1","0","0","0","","","0","","0","","40 25:11.751","2","0","79 59:13.628","0","0","0","0","2301","0","0","0","N","0","0","0","3","02301","0","","1.0","","1","N","N","","2","","0","0","0","","0","N","","2","0","0","0","0","0","0","2","0","2","","","","N","","","","","","","","","",""
"2013023726","","1","0","0","0","0","0","0","0","0","4","0","","02","2","2013","2","40.444202","-80.028173","","11","0","0","0","0","0","0","0","0","","0","0","0","","","1","","1","","40 26:39.126","","0","80 01:41.424","8","0","0","0","2301","0","0","0","N","0","0","0","4","02301","0","","1.0","","1","N","N","","0","","0","0","1","","0","","","2","1","0","0","0","1","0","2","0","2","","","","N","","","","","","","","","",""
"2013069857","","0","0","0","0","0","0","0","0","0","7","0","","02","7","2013","5","40.49082","-79.836196","","11","0","0","0","0","0","0","0","0","3","0","0","0","","","2","","0","","40 29:26.952","6","0","79 50:10.305","2","0","0","0","2113","0","0","0","N","0","0","0","2","02113","0","","2.0","","8","N","N","","0","","0","2","1","","0","Y","","1","2","1","0","1","0","0","2","0","1","","","","N","","","","","","","","","",""
"2013070696","","2","0","0","0","0","0","0","0","0","4","0","","02","7","2013","5","40.448921","-79.946697","","11","0","0","0","0","0","0","0","0","","0","0","0","","","0","","2","","40 26:56.115","","0","79 56:48.109","0","0","0","0","2301","0","0","0","N","0","0","0","3","02301","0","","1.0","","1","N","N","","0","","0","0","0","","3","","","2","0","0","0","0","0","0","2","0","2","","","","N","","","","","","","","","",""
"2013025148","","1","0","0","0","0","0","0","0","0","4","0","","02","2","2013","5","40.37884","-80.041687","","11","0","0","0","0","0","0","0","0","","0","0","0","","","0","","0","","40 22:43.824","","0","80 02:30.073","0","0","0","0","2109","0","0","0","N","0","0","0","1","02109","0","","1.0","","6","N","N","","0","","0","0","1","","0","","","2","0","0","0","0","0","0","2","0","2","","","","N","","","","","","","","","",""
"2013068406","","0","0","0","0","0","0","0","0","0","7","0","","02","7","2013","7","40.44506","-79.818935","","11","0","0","0","0","0","0","0","0","4","1","0","0","","","0","","0","","40 26:42.215","5","0","79 49:08.166","1","1","0","1","2113","0","0","0","N","0","0","0","1","02113","0","2","4.0","","1","N","N","","0","0","0","0","0","","0","Y","","1","0","0","0","0","0","0","2","0","1","","","","N","","","","","","","","","",""
"2013070697","","1","0","0","0","0","0","0","0","0","4","0","","02","7","2013","5","40.463186","-79.955134","","11","0","0","0","0","0","1","0","0","","0","0","0","","","1","","2","","40 27:47.469","","0","79 57:18.482","8","0","0","0","2301","0","0","0","N","0","0","0","3","02301","0","","1.0","","1","N","N","","1","","0","0","0","","0","","","2","1","0","0","0","1","0","2","0","2","","","","N","","","","","","","","","",""
"2013025228","","1","0","0","0","0","0","0","0","0","4","0","","02","3","2013","6","40.394529","-79.996306","","11","0","0","0","0","1","1","0","0","1","0","0","0","","","1","","2","","40 23:40.304","3","0","79 59:46.701","8","0","0","0","2301","0","0","0","N","0","0","0","2","02301","0","","1.0","","9","N","N","","0","","0","0","0","","3","N","","2","1","0","0","0","1","0","2","1","2","","","","N","","","","","","","","","",""
"2013068407","","0","0","0","0","0","0","0","0","0","7","0","","02","6","2013","4","40.336775","-79.961323","","11","0","0","0","0","0","0","0","0","","0","0","0","","","0","","0","","40 20:12.390","","0","79 57:40.762","0","0","0","0","2454","0","0","0","N","0","0","0","1","02454","0","","5.0","","1","N","N","","1","","0","0","0","","0","","","1","0","0","0","0","0","0","2","0","1","","","","N","","","","","","","","","",""
"2013070698","","2","0","0","0","0","0","0","0","0","2","0","","02","7","2013","5","40.447956","-80.002082","","11","0","0","0","0","0","0","0","0","","0","0","0","","","0","","1","","40 26:52.641","","0","80 00:07.495","0","0","0","0","2301","0","0","0","N","0","0","0","4","02301","0","","1.0","","1","N","N","","0","","0","0","0","","0","","","2","0","0","0","0","0","0","2","0","2","","","","N","","","","","","","","","",""
"2013068541","","3","0","0","0","0","0","0","0","0","5","0","35","02","6","2013","3","40.371172","-80.049536","","11","0","0","0","0","0","0","0","0","1","0","0","0","","","0","","2","","40 22:16.219","2","0","80 02:58.329","0","0","0","0","2109","0","0","0","Y","0","0","0","3","02109","0","","1.0","","1","N","N","","0","","0","0","0","","2","N","","3","0","0","0","0","0","0","2","0","3","","","Y","Y","4","1","N","N","N","N","N","N","Y",""
"2013070751","","1","0","0","0","0","0","0","0","0","7","0","","02","7","2013","5","40.415488","-79.877603","","11","0","0","0","0","0","0","0","0","","0","0","0","","","0","","10","","40 24:55.756","","0","79 52:39.370","0","0","0","0","2463","0","0","0","N","0","0","0","0","02463","0","","9.0","","1","N","N","","0","","0","0","0","","0","","","1","0","0","0","0","0","0","2","0","1","","","","N","","","","","","","","","",""
"2013069003","","2","0","0","0","0","0","0","0","0","4","0","","02","7","2013","1","40.556287","-80.039057","","11","0","0","0","0","0","2","0","0","","0","0","0","","","1","","2","","40 33:22.633","","0","80 02:20.606","4","0","0","0","2108","0","0","0","N","0","0","0","2","02108","1","","1.0","","1","N","N","","0","","0","0","0","","2","","","2","1","0","0","0","0","0","2","0","2","","","","N","","","","","","","","","",""
"2013069796","","1","0","0","0","0","0","0","0","0","4","0","","02","7","2013","4","40.47354","-80.062688","","11","0","0","0","0","0","1","0","0","1","0","0","0","","","1","","0","","40 28:24.744","1","0","80 03:45.677","8","0","0","0","2444","0","0","0","N","0","0","0","2","02444","0","","1.0","","1","N","N","","1","","0","0","0","","0","Y","","2","1","0","0","0","1","0","2","0","2","","","","N","","","","","","","","","",""
"2013069797","","1","0","0","0","0","0","0","0","0","1","1","","02","7","2013","7","40.435433","-80.001804","","11","0","0","0","0","0","1","0","0","1","0","0","0","","","1","","0","","40 26:07.557","2","3","80 00:06.494","4","0","0","0","2301","0","0","0","N","0","0","0","4","02301","1","","1.0","","9","N","N","","0","","0","0","1","","2","N","","3","1","0","0","0","0","0","2","1","3","","","","N","","","","","","","","","",""
"2013070702","","1","0","0","0","0","0","0","0","0","4","0","","02","7","2013","5","40.417905","-79.979539","","11","0","0","0","0","0","0","0","0","","0","0","0","","","0","","0","","40 25:04.458","","0","79 58:46.340","0","0","0","0","2301","0","0","0","N","0","0","0","2","02301","0","","1.0","","1","N","N","","1","","0","0","0","","0","","","2","0","0","0","0","0","0","2","0","2","","","","N","","","","","","","","","",""
"2013025170","","1","0","0","0","0","0","0","0","0","6","0","","02","2","2013","1","40.464564","-79.938599","","11","0","0","0","0","0","0","0","0","1","0","0","0","","","0","","1","","40 27:52.430","7","0","79 56:18.956","0","0","0","0","2301","0","0","0","","0","0","0","2","02301","0","","1.0","","1","","","","0","","0","0","1","","1","N","","2","0","0","0","0","0","0","2","0","2","","","","N","","","","","","","","","",""
"2013025233","","0","0","0","0","0","0","0","0","0","7","0","","02","3","2013","6","40.368491","-79.99415","","11","0","0","0","0","0","1","0","0","3","0","0","0","","","0","","2","","40 22:06.567","6","0","79 59:38.940","0","0","0","0","2476","0","0","0","N","0","0","0","1","02476","0","","2.0","","2","N","N","","0","","0","0","1","","0","Y","","1","0","0","0","0","0","0","2","0","1","","","","N","","","","","","","","","",""
"2013068339","","2","0","0","0","0","0","0","0","0","4","0","","02","7","2013","6","40.460514","-79.866446","","11","0","0","0","0","0","0","0","0","","0","0","0","","","2","","0","","40 27:37.851","","0","79 51:59.205","4","0","0","0","2113","0","0","0","N","0","0","0","5","02113","2","","1.0","","1","N","N","","0","","0","0","0","","0","","","2","2","0","0","0","0","0","2","0","2","","","","N","","","","","","","","","",""
"2013069798","","0","0","0","0","0","0","0","0","0","7","0","","02","7","2013","2","40.519972","-80.025897","","11","0","1","0","0","0","0","0","0","1","0","0","0","","","0","","2","","40 31:11.899","1","0","80 01:33.229","0","0","0","0","2474","0","0","0","N","0","0","0","4","02474","0","","5.0","","1","N","N","","0","","0","0","1","","3","Y","","1","0","0","0","0","0","0","2","0","1","","","","N","","","","","","","","","",""
"2013069865","","1","0","0","0","0","0","0","0","0","7","0","","02","7","2013","5","40.437847","-79.930741","","11","0","0","0","0","0","0","0","0","1","0","0","0","","","0","","1","","40 26:16.249","3","0","79 55:50.667","0","0","0","0","2301","0","0","0","N","0","0","0","1","02301","0","","2.0","","1","N","N","","0","","0","0","0","","0","N","","1","0","0","0","0","0","0","2","0","1","","","","N","","","","","","","","","",""
"2013023721","","1","0","0","0","0","0","0","0","0","7","0","","02","2","2013","2","40.533617","-79.821285","","11","0","0","0","0","0","0","0","0","","0","0","0","","","0","","0","","40 32:01.021","","0","79 49:16.627","0","0","0","0","2466","0","0","0","N","0","0","0","2","68T02","0","","2.0","","1","N","N","","0","","0","0","0","","0","","","2","0","0","0","0","0","0","1","0","1","","","","N","","","","","","","","","",""
"2013068413","","2","0","0","0","0","0","0","0","0","4","0","","02","7","2013","7","40.437972","-79.960592","","11","0","0","0","0","0","1","0","0","","0","0","0","","","1","","0","","40 26:16.699","","0","79 57:38.131","3","0","0","0","2301","0","0","0","N","0","0","0","2","02301","0","","1.0","","1","N","N","","0","","1","0","0","","3","","","2","1","0","0","0","0","0","2","0","2","","","","N","","","","","","","","","",""
"2013069799","","2","0","0","0","0","0","0","0","0","4","0","","02","7","2013","4","40.461042","-79.866402","","11","0","0","0","0","0","1","0","0","1","0","0","0","","","0","","0","","40 27:39.751","4","0","79 51:59.048","9","0","0","0","2113","0","0","0","N","0","0","0","3","02113","0","","1.0","","1","N","N","","0","","0","0","0","","0","Y","","2","0","0","0","0","0","1","2","0","2","","","","N","","","","","","","","","",""
"2013069144","","0","0","0","0","0","0","0","0","0","7","0","","02","7","2013","1","40.403542","-79.804196","","11","0","0","0","0","0","0","0","0","2","0","0","0","","","0","","0","","40 24:12.751","2","0","79 48:15.105","0","0","0","0","2446","0","0","0","N","0","0","0","1","02446","0","","5.0","","1","N","N","","1","","0","0","0","","0","N","","1","0","0","0","0","0","0","2","0","1","","","","N","","","","","","","","","",""
"2013068414","","2","0","0","0","0","0","0","0","0","1","0","","02","7","2013","3","40.315421","-79.939732","","11","0","0","0","0","0","1","0","0","","0","0","0","","","0","","0","","40 18:55.514","","0","79 56:23.036","0","0","0","0","2440","0","0","0","N","0","0","0","2","02440","0","","1.0","","1","N","N","","0","","0","0","0","","0","","","2","0","0","0","0","0","0","2","0","2","","","","N","","","","","","","","","",""
"2013068484","","2","0","0","0","0","0","0","0","0","4","0","","02","7","2013","7","40.467721","-80.085945","","11","0","0","0","0","1","1","0","0","2","0","0","0","","","5","","0","","40 28:03.794","6","0","80 05:09.402","8","0","0","0","2126","0","0","0","N","0","0","0","5","02126","0","","1.0","","1","N","N","","0","","0","0","0","","0","Y","","2","5","0","0","0","5","0","2","0","2","","","","N","","","","","","","","","",""
"2013024425","","1","0","0","0","0","0","0","0","0","4","0","","02","2","2013","1","40.442933","-79.772979","","11","0","0","0","0","0","2","0","0","1","0","0","0","","","1","","1","","40 26:34.558","4","0","79 46:22.724","4","0","0","0","2446","0","0","0","N","0","0","0","3","02446","1","","1.0","","1","N","N","","0","","0","0","1","","3","N","","2","1","0","0","0","0","0","2","0","2","","","","N","","","","","","","","","",""
"2013069802","","3","0","0","0","0","0","0","0","0","1","0","","02","7","2013","1","40.516893","-80.004617","","11","0","0","1","0","0","0","0","0","1","0","0","0","","","0","","2","","40 31:00.814","2","0","80 00:16.621","0","0","0","0","2116","0","0","0","N","0","0","0","7","02116","0","","1.0","","1","N","N","","0","","0","0","0","","0","N","","3","0","0","0","0","0","0","2","0","3","","","","N","","","","","","","","","",""
"2013069146","","1","0","0","0","0","0","0","0","0","7","0","","02","7","2013","2","40.673686","-80.116262","","11","0","0","0","1","0","0","0","0","1","0","0","0","","","0","","2","","40 40:25.269","2","0","80 06:58.543","0","0","0","0","2212","0","0","0","N","0","0","0","1","02505","0","","2.0","","1","N","N","","0","","0","0","0","","3","Y","","1","0","0","0","0","0","0","2","0","1","","","","N","","","","","","","","","",""
"2013025957","","2","0","0","0","0","0","0","0","0","5","0","","02","3","2013","1","40.422091","-80.024626","","11","0","0","0","0","0","0","0","0","","0","0","0","","","0","","0","","40 25:19.527","","1","80 01:28.653","9","0","0","0","2301","0","0","0","N","0","0","0","2","02301","0","","1.0","","9","N","N","","0","","0","0","1","","0","","","3","0","1","0","0","0","1","2","0","3","","","","N","","","","","","","","","",""
"2013025174","","2","0","0","0","0","0","0","0","0","2","0","","02","2","2013","6","40.646011","-79.709635","","11","0","0","0","0","0","0","1","1","1","0","0","0","","","1","","2","","40 38:45.640","2","7","79 42:34.686","4","0","0","0","2106","0","0","0","N","0","0","0","2","02106","1","","1.0","","9","N","N","","0","","0","0","0","","3","N","","2","1","2","0","0","0","0","2","0","2","","","","N","","","","","","","","","",""
"2013025238","","1","0","0","0","0","0","0","0","0","7","0","","02","3","2013","6","40.337041","-79.821748","","11","0","0","0","0","0","0","1","0","1","0","0","0","","","1","","2","","40 20:13.347","3","0","79 49:18.292","8","0","0","0","2304","0","0","0","N","0","0","0","1","02304","0","","5.0","","1","N","N","","0","","0","0","0","","0","N","","1","1","0","0","0","1","0","2","0","1","","","","N","","","","","","","","","",""
"2013068356","","2","0","0","0","0","0","0","0","0","4","0","","02","7","2013","7","40.461055","-79.909788","","11","0","0","0","0","1","0","0","0","3","0","0","0","","","0","","1","","40 27:39.798","7","0","79 54:35.236","0","0","0","0","2301","0","0","0","N","0","0","0","2","02301","0","","1.0","","9","N","N","","0","","0","0","0","","2","Y","","2","0","0","0","0","0","0","2","0","2","","","","N","","","","","","","","","",""
"2013068416","","1","0","0","0","0","0","0","0","0","4","0","","02","7","2013","7","40.498343","-80.013383","","11","0","0","0","0","0","0","0","0","","0","0","0","","","0","","7","","40 29:54.033","","2","80 00:48.177","0","0","0","0","2301","0","0","0","N","0","0","0","2","02301","0","","1.0","","1","N","N","","1","","0","0","0","","3","","","2","0","0","0","0","0","0","2","0","2","","","","N","","","","","","","","","",""
"2013068486","","3","0","0","0","0","0","0","0","0","1","0","","02","7","2013","7","40.400927","-80.0484","","11","0","0","0","0","0","1","0","0","1","0","0","0","","","2","","1","","40 24:03.337","4","0","80 02:54.240","4","0","0","0","2301","0","0","0","N","0","0","0","3","02301","2","","1.0","","1","N","N","","0","","0","0","0","","2","N","","3","2","0","0","0","0","0","2","0","3","","","","N","","","","","","","","","",""
"2013068500","","0","0","0","0","0","0","0","0","0","4","0","","02","7","2013","5","40.447403","-80.009514","","11","0","0","0","0","0","0","0","0","1","0","0","0","","","1","","0","","40 26:50.650","4","7","80 00:34.250","8","0","0","0","2301","0","0","0","N","0","0","0","5","02301","0","","1.0","","1","N","N","","0","","0","0","2","","0","N","","2","1","0","0","0","1","2","2","0","2","","","","N","","","","","","","","","",""
"2013069161","","0","0","0","0","0","0","0","0","0","7","1","","02","7","2013","2","40.462876","-80.267406","","11","0","0","1","0","0","0","0","0","3","0","1","0","","","0","","0","","40 27:46.354","6","0","80 16:02.663","0","0","0","0","2203","0","0","0","N","0","0","0","1","02203","0","","4.0","","1","N","N","","1","","0","0","0","","0","Y","","4","0","1","0","0","0","0","1","0","4","","","","N","","","","","","","","","",""
"2013025960","","2","0","0","0","0","0","0","0","0","1","0","","02","2","2013","4","40.429267","-79.999168","","11","0","0","0","0","0","1","0","0","2","0","0","0","","","1","","1","","40 25:45.362","1","4","79 59:57.003","3","0","0","0","2301","0","0","0","N","0","0","0","2","02301","0","","1.0","","9","N","N","","0","","1","0","0","","2","N","","2","1","0","0","0","0","0","2","0","2","","","","N","","","","","","","","","",""
"2013068357","","1","0","0","0","0","0","0","0","0","7","0","","02","7","2013","7","40.409981","-79.944085","","11","0","0","0","0","0","0","0","0","","0","0","0","","","1","","2","","40 24:35.933","","0","79 56:38.705","8","0","0","0","2301","0","0","0","N","0","0","0","2","02301","0","","5.0","","9","N","N","","0","","0","0","0","","1","","","1","1","2","0","0","1","0","2","0","1","","","","N","","","","","","","","","",""
"2013024428","","0","0","0","0","0","0","0","0","0","7","0","","02","2","2013","4","40.422362","-80.016285","","11","0","0","0","0","0","0","0","0","1","0","0","0","","","0","","0","","40 25:20.502","1","0","80 00:58.626","0","0","0","0","2301","0","0","0","N","0","0","0","5","02301","0","","1.0","","9","N","N","","0","","0","0","1","","0","N","","1","0","0","0","0","0","0","2","0","1","","","","N","","","","","","","","","",""
"2013069668","","3","0","0","0","0","0","0","0","0","1","0","","02","7","2013","4","40.454646","-79.977345","","11","0","0","0","0","0","0","0","0","","0","0","0","","","0","","0","","40 27:16.725","","0","79 58:38.443","0","0","0","0","2301","0","0","0","N","0","0","0","3","02301","0","","1.0","","9","N","N","","0","","0","0","0","","0","","","3","0","0","0","0","0","0","2","0","3","","","","N","","","","","","","","","",""
"2013068358","","0","0","1","0","0","0","0","0","0","7","0","","02","7","2013","5","40.481467","-79.941276","","11","0","0","0","0","0","0","0","0","","0","0","0","","","1","","0","","40 28:53.281","","0","79 56:28.593","2","0","0","0","2301","0","0","0","N","0","0","0","1","02301","0","","4.0","","1","N","N","","0","","0","1","1","","0","","","1","1","0","0","0","0","0","2","0","1","","","","N","","","","","","","","","",""
"2013069669","","1","0","0","0","0","0","0","0","0","2","0","","02","7","2013","4","40.445554","-79.998962","","11","0","0","0","0","0","1","0","0","1","0","0","0","","","2","","3","","40 26:43.993","4","0","79 59:56.263","4","0","0","0","2301","0","0","0","N","0","0","0","4","02301","2","","1.0","","9","N","N","","0","","0","0","1","","2","N","","2","2","0","0","0","0","0","2","0","2","","","","N","","","","","","","","","",""
"2013069807","","0","0","0","1","0","0","0","0","0","8","0","","02","7","2013","4","40.457603","-79.996075","","11","0","0","0","0","0","0","0","0","1","0","0","0","","","1","","2","","40 27:27.370","3","0","79 59:45.870","3","0","0","0","2301","1","0","0","N","0","0","0","4","02301","0","","1.0","","9","N","N","","0","","1","0","1","","0","N","","2","1","3","0","0","0","0","2","0","1","","","","N","","","","","","","","","",""
"2013068489","","0","0","0","0","0","0","0","0","0","4","1","","02","7","2013","7","","","","11","0","0","1","0","0","1","0","0","1","0","1","0","","","0","","0","","","1","0","","0","0","0","0","2427","0","0","0","N","0","0","0","2","02427","0","","1.0","","1","N","N","","0","","0","0","1","","0","N","","2","0","0","0","0","0","0","1","0","2","","","","N","","","","","","","","","",""
"2013069150","","0","0","0","0","0","0","0","0","0","2","0","","02","7","2013","2","40.444484","-79.811951","","11","0","0","0","0","0","0","0","0","","0","0","0","","","0","","0","","40 26:40.141","","0","79 48:43.023","0","0","0","0","2113","0","0","0","N","0","0","0","5","02113","0","","1.0","","1","N","N","","0","","0","0","2","","0","","","2","0","0","0","0","0","0","2","0","2","","","","N","","","","","","","","","",""
"2013068503","","0","0","0","0","0","0","0","0","0","1","0","","02","7","2013","7","40.430965","-80.001642","","11","0","0","1","0","0","0","0","0","","0","0","0","","","0","","1","","40 25:51.473","","0","80 00:05.910","0","0","0","0","2301","0","0","0","N","0","0","0","2","02301","0","","1.0","","1","N","N","","0","","0","0","2","","2","","","2","0","0","0","0","0","0","2","0","2","","","","N","","","","","","","","","",""
"2013069164","","1","0","0","0","0","0","0","0","0","7","0","","02","7","2013","2","40.435216","-79.789654","","11","0","1","0","0","0","0","0","0","1","0","0","0","","","0","","0","","40 26:06.777","4","0","79 47:22.755","0","0","0","0","2446","0","0","0","N","0","0","0","3","02446","0","","2.0","","1","N","N","","0","","0","0","0","","0","N","","1","0","0","0","0","0","0","2","0","1","","","","N","","","","","","","","","",""
"2013025165","","0","0","0","0","0","0","0","0","0","6","0","","02","2","2013","6","40.440466","-79.991536","","11","0","0","0","0","0","1","0","0","","0","0","0","","","2","","1","","40 26:25.678","","0","79 59:29.530","4","0","0","0","2301","0","0","0","N","0","0","0","4","02301","2","","1.0","","1","N","N","","0","","0","0","2","","2","","","2","2","0","0","0","0","0","2","0","2","","","","N","","","","","","","","","",""
"2013024430","","0","0","0","0","0","0","0","0","0","4","0","","02","2","2013","3","40.603863","-80.050393","","11","0","0","0","0","0","1","0","0","","0","1","0","","","0","","0","","40 36:13.906","","0","80 03:01.416","0","0","0","0","2108","0","0","0","N","0","0","0","2","02108","0","","1.0","","9","N","N","","0","","0","0","1","","0","","","2","0","0","0","0","0","0","2","0","2","","","","N","","","","","","","","","",""
"2013023741","","3","0","0","0","0","0","0","0","0","4","0","","02","2","2013","2","40.402564","-80.095124","","11","0","0","0","0","0","0","0","1","1","0","0","0","","","2","","1","","40 24:09.230","2","0","80 05:42.445","4","0","0","0","2415","0","0","0","N","0","0","0","5","02415","2","","1.0","","1","N","N","","0","","0","0","1","","3","N","","4","2","0","0","0","0","0","2","0","4","","","","N","","","","","","","","","",""
"2013069151","","1","0","0","0","0","0","0","0","0","7","0","","02","7","2013","2","40.540232","-79.82336","","11","0","0","0","0","0","0","0","0","2","0","0","0","","","0","","0","","40 32:24.836","2","1","79 49:24.095","0","0","0","0","2208","0","0","0","Y","0","0","0","1","02208","0","","3.0","","1","N","N","","0","","0","0","0","","0","N","","1","0","0","0","0","0","0","2","0","1","","","","N","","","","","","","","","",""
"2013024431","","4","0","0","0","0","0","0","0","0","1","0","","02","2","2013","2","40.341701","-80.039622","","11","0","0","0","0","0","1","0","1","2","0","0","0","","","1","","2","","40 20:30.123","3","0","80 02:22.639","4","0","0","0","2407","0","0","0","N","0","0","0","4","02407","1","","1.0","","1","N","N","","0","","0","0","0","","3","N","","4","1","1","0","0","0","0","2","0","4","","","","N","","","","","","","","","",""
"2013025243","","1","0","0","0","0","0","0","0","0","7","0","","02","3","2013","6","40.561208","-79.932222","","11","0","0","0","0","0","0","0","0","2","0","0","0","","","0","","0","","40 33:40.348","5","0","79 55:55.999","0","0","0","0","2207","0","0","0","N","0","0","0","1","02207","0","","2.0","","2","N","N","","0","","0","0","0","","0","N","","1","0","0","0","0","0","0","2","0","1","","","","N","","","","","","","","","",""
"2013069672","","2","0","0","0","0","0","0","0","0","1","0","","02","7","2013","2","40.461092","-80.151506","","11","0","0","0","0","1","0","0","0","","0","0","0","","","0","","2","","40 27:39.931","","0","80 09:05.422","0","0","0","0","2115","0","0","0","N","0","0","0","2","02115","0","","1.0","","1","N","N","","0","","0","0","0","","0","","","2","0","0","0","0","0","0","2","0","2","","","","N","","","","","","","","","",""
"2013069673","","0","0","0","0","0","0","0","0","0","7","0","","02","7","2013","4","40.431897","-80.096158","","11","0","0","0","0","0","0","0","0","","0","0","0","","","0","","0","","40 25:54.830","","0","80 05:46.170","0","0","0","0","2115","0","0","0","N","0","0","0","1","02115","0","","2.0","","9","N","N","","1","","0","0","0","","0","","","1","0","0","0","0","0","0","2","0","1","","","","N","","","","","","","","","",""
"2013023744","","1","0","0","0","0","0","0","0","0","8","0","","02","2","2013","2","40.475094","-80.035118","","11","0","0","0","0","0","0","0","0","1","0","0","0","","","1","","3","","40 28:30.338","5","0","80 02:06.424","8","0","0","0","2301","1","0","0","N","1","0","0","2","02301","0","","1.0","","1","N","N","","0","","0","0","0","","0","Y","","2","1","0","0","0","1","0","2","0","1","","","","N","","","","","","","","","",""
"2013025245","","1","0","0","0","0","0","0","0","0","7","0","","02","3","2013","6","40.629452","-80.002586","","11","0","0","0","0","0","0","1","0","1","0","0","0","","","0","","0","","40 37:46.027","5","0","80 00:09.309","0","0","0","0","2216","0","0","0","N","0","0","0","1","02505","0","","5.0","","2","N","N","","0","","0","0","0","","0","N","","1","0","0","0","0","0","0","2","0","1","","","","N","","","","","","","","","",""
"2013069674","","1","0","0","0","0","0","0","0","0","1","0","","02","7","2013","4","40.364458","-80.022808","","11","0","0","0","0","0","1","1","0","","0","0","0","","","1","","1","","40 21:52.047","","0","80 01:22.110","8","0","0","0","2416","0","0","0","N","0","0","0","2","02416","0","","1.0","","9","N","N","","0","","0","0","1","","2","","","2","1","0","0","0","1","0","2","0","2","","","","N","","","","","","","","","",""
"2013068423","","2","0","0","0","0","0","0","0","0","4","0","","02","7","2013","7","40.435146","-79.944982","","11","0","0","0","0","0","0","0","0","2","0","0","0","","","0","","3","","40 26:06.525","3","0","79 56:41.935","0","0","0","0","2301","0","0","0","N","0","0","0","2","02301","0","","1.0","","1","N","N","","0","","0","0","0","","3","N","","2","0","0","0","0","0","0","2","0","2","","","","N","","","","","","","","","",""