"CRN","ARRIVAL_TM","AUTOMOBILE_COUNT","BELTED_DEATH_COUNT","BELTED_SUSP_SERIOUS_INJ_COUNT","BICYCLE_COUNT","BICYCLE_DEATH_COUNT","BICYCLE_SUSP_SERIOUS_INJ_COUNT","BUS_COUNT","CHLDPAS_DEATH_COUNT","CHLDPAS_SUSP_SERIOUS_INJ_COUNT","COLLISION_TYPE","COMM_VEH_COUNT","CONS_ZONE_SPD_LIM","COUNTY","CRASH_MONTH","CRASH_YEAR","DAY_OF_WEEK","DEC_LATITUDE","DEC_LONGITUDE","DISPATCH_TM","DISTRICT","DRIVER_COUNT_16YR","DRIVER_COUNT_17YR","DRIVER_COUNT_18YR","DRIVER_COUNT_19YR","DRIVER_COUNT_20YR","DRIVER_COUNT_50_64YR","DRIVER_COUNT_65_74YR","DRIVER_COUNT_75PLUS","EST_HRS_CLOSED","FATAL_COUNT","HEAVY_TRUCK_COUNT","HORSE_BUGGY_COUNT","HOUR_OF_DAY","ILLUMINATION","INJURY_COUNT","INTERSECTION_RELATED","INTERSECT_TYPE","LANE_CLOSED","LATITUDE","LN_CLOSE_DIR","LOCATION_TYPE","LONGITUDE","MAX_SEVERITY_LEVEL","MCYCLE_DEATH_COUNT","MCYCLE_SUSP_SERIOUS_INJ_COUNT","MOTORCYCLE_COUNT","MUNICIPALITY","NONMOTR_COUNT","NONMOTR_DEATH_COUNT","NONMOTR_SUSP_SERIOUS_INJ_COUNT","NTFY_HIWY_MAINT","PED_COUNT","PED_DEATH_COUNT","PED_SUSP_SERIOUS_INJ_COUNT","PERSON_COUNT","POLICE_AGCY","POSSIBLE_INJ_COUNT","RDWY_SURF_TYPE_CD","RELATION_TO_ROAD","ROADWAY_CLEARED","ROAD_CONDITION","SCH_BUS_IND","SCH_ZONE_IND","SECONDARY_CRASH","SMALL_TRUCK_COUNT","SPEC_JURIS_CD","SUSP_MINOR_INJ_COUNT","SUSP_SERIOUS_INJ_COUNT","SUV_COUNT","TCD_FUNC_CD","TCD_TYPE","TFC_DETOUR_IND","TIME_OF_DAY","TOTAL_UNITS","TOT_INJ_COUNT","UNBELTED_OCC_COUNT","UNB_DEATH_COUNT","UNB_SUSP_SERIOUS_INJ_COUNT","UNK_INJ_DEG_COUNT","UNK_INJ_PER_COUNT","URBAN_RURAL","VAN_COUNT","VEHICLE_COUNT","WEATHER1","WEATHER2","WORKERS_PRES","WORK_ZONE_IND","WORK_ZONE_LOC","WORK_ZONE_TYPE","WZ_CLOSE_DETOUR","WZ_FLAGGER","WZ_LAW_OFFCR_IND","WZ_LN_CLOSURE","WZ_MOVING","WZ_OTHER","WZ_SHLDER_MDN","WZ_WORKERS_INJ_KILLED"
"2013068493","","1","0","0","0","0","0","0","0","0","8","0","","02","7","2013","5","40.430529","-79.79243","","11","0","1","0","0","0","0","0","0","","0","0","0","","","1","","10","","40 25:49.904","","7","79 47:32.748","8","0","0","0","2446","1","0","0","N","1","0","0","2","02446","0","","1.0","","1","N","N","","0","","0","0","0","","0","","","2","1","0","0","0","1","0","2","0","1","","","","N","","","","","","","","","",""
"2013069825","","1","0","0","0","0","0","0","0","0","7","0","","02","7","2013","4","40.349731","-79.874974","","11","0","0","0","0","0","0","0","0","1","0","0","0","","","1","","0","","40 20:59.031","6","0","79 52:29.906","3","0","0","0","2304","0","0","0","N","0","0","0","1","02304","0","","2.0","","9","N","N","","0","","1","0","0","","0","N","","1","1","0","0","0","0","0","2","0","1","","","","N","","","","","","","","","",""
"2013025980","","2","0","0","0","0","0","0","0","0","5","0","","02","3","2013","2","40.444423","-79.94854","","11","0","0","0","0","0","0","1","0","2","0","0","0","","","1","","0","","40 26:39.922","6","0","79 56:54.745","8","0","0","0","2301","0","0","0","N","0","0","0","3","02301","0","","1.0","","7","N","N","","0","","0","0","0","","0","Y","","2","1","0","0","0","1","0","2","0","2","","","","N","","","","","","","","","",""
"2013068425","","1","0","0","0","0","0","0","0","0","1","1","","02","7","2013","6","40.505707","-79.995824","","11","0","0","0","1","0","1","0","0","2","0","1","0","","","1","","0","","40 30:20.544","6","0","79 59:44.965","4","0","0","0","2116","0","0","0","N","0","0","0","4","02116","1","","1.0","","1","N","N","","0","","0","0","0","","0","Y","","2","1","2","0","0","0","0","2","0","2","","","","N","","","","","","","","","",""
"2013069826","","1","0","0","0","0","0","0","0","0","8","0","","02","7","2013","4","40.47152","-79.926282","","11","0","0","0","0","0","1","0","0","","0","0","0","","","1","","1","","40 28:17.472","","0","79 55:34.615","8","0","0","0","2301","1","0","0","N","1","0","0","2","02301","0","","1.0","","9","N","N","","0","","0","0","0","","2","","","2","1","1","0","0","1","0","2","0","1","","","","N","","","","","","","","","",""
"2013069169","","0","0","0","0","0","0","0","0","0","0","0","","02","7","2013","5","40.418919","-79.99885","","11","0","0","0","0","0","0","0","0","2","0","0","0","","","0","","0","","40 25:08.108","4","0","79 59:55.860","0","0","0","0","2301","0","0","0","N","0","0","0","1","02301","0","","1.0","","1","N","N","","0","","0","0","1","","0","N","","1","0","0","0","0","0","0","2","0","1","","","","N","","","","","","","","","",""
"2013025918","","1","0","0","0","0","0","0","0","0","7","0","","02","3","2013","1","40.456279","-79.904737","","11","0","0","0","0","0","1","0","0","","0","0","0","","","0","","1","","40 27:22.605","","0","79 54:17.052","0","0","0","0","2301","0","0","0","N","0","0","0","1","02301","0","","2.0","","9","N","N","","0","","0","0","0","","2","","","1","0","0","0","0","0","0","2","0","1","","","","N","","","","","","","","","",""
"2013025247","","2","0","0","0","0","0","0","0","0","4","0","","02","3","2013","6","40.481055","-80.010354","","11","0","0","0","0","0","1","0","0","","0","0","0","","","0","","0","","40 28:51.798","","0","80 00:37.274","0","0","0","0","2301","0","0","0","N","0","0","0","4","02301","0","","1.0","","9","N","N","","0","","0","0","0","","0","","","2","0","0","0","0","0","0","2","0","2","","","","N","","","","","","","","","",""
"2013068353","","2","0","0","0","0","0","0","0","0","1","0","","02","7","2013","6","40.401814","-80.067748","","11","0","0","0","0","0","0","0","0","","0","0","0","","","1","","1","","40 24:06.530","","0","80 04:03.893","4","0","0","0","2415","0","0","0","N","0","0","0","3","02415","1","","1.0","","1","N","N","","0","","0","0","0","","0","","","2","1","1","0","0","0","0","2","0","2","","","","N","","","","","","","","","",""
"2013069814","","1","0","0","0","0","0","0","0","0","1","0","","02","7","2013","4","40.354097","-79.836674","","11","0","0","0","0","0","0","0","0","1","0","0","0","","","0","","2","","40 21:14.750","3","7","79 50:12.027","0","0","0","0","2304","0","0","0","N","0","0","0","2","02304","0","","1.0","","1","N","","","0","","0","0","1","","1","N","","2","0","0","0","0","0","0","2","0","2","","","","N","","","","","","","","","",""
"2013068510","","2","0","0","0","0","0","0","0","0","4","0","","02","7","2013","7","40.403368","-80.040856","","11","0","0","0","0","0","0","0","0","1","0","0","0","","","2","","1","","40 24:12.124","6","0","80 02:27.082","4","0","0","0","2301","0","0","0","N","0","0","0","3","02301","2","","1.0","","1","N","N","","0","","0","0","0","","2","N","","2","2","0","0","0","0","0","2","0","2","","","","N","","","","","","","","","",""
"2013023749","","1","0","0","0","0","0","0","0","0","8","0","","02","2","2013","2","40.457449","-79.831056","","11","0","0","0","0","0","0","0","0","2","0","0","0","","","1","","0","","40 27:26.816","6","0","79 49:51.801","3","0","0","0","2113","1","0","0","N","1","0","0","2","02113","0","","1.0","","1","N","N","","0","","1","0","0","","0","Y","","2","1","0","0","0","0","1","2","0","1","","","","N","","","","","","","","","",""
"2013025251","","1","0","0","0","0","0","0","0","0","7","0","","02","3","2013","6","40.430997","-79.761275","","11","0","0","0","0","0","0","1","0","","0","0","0","","","1","","0","","40 25:51.589","","0","79 45:40.590","8","0","0","0","2446","0","0","0","N","0","0","0","1","02446","0","","5.0","","9","N","N","","0","","0","0","0","","0","","","1","1","0","0","0","1","0","2","0","1","","","","N","","","","","","","","","",""
"2013025921","","2","0","0","0","0","0","0","0","0","4","0","","02","2","2013","3","40.456421","-79.891913","","11","0","0","0","0","0","1","1","0","1","0","0","0","","","0","","1","","40 27:23.115","2","0","79 53:30.886","0","0","0","0","2301","0","0","0","N","0","0","0","2","02301","0","","1.0","","1","N","N","","0","","0","0","0","","3","N","","2","0","0","0","0","0","0","2","0","2","","","","N","","","","","","","","","",""
"2013023750","","1","0","0","0","0","0","0","0","0","4","0","","02","2","2013","7","40.354469","-79.91386","","11","0","0","0","0","0","0","1","0","1","0","0","0","","","0","","3","","40 21:16.090","3","0","79 54:49.896","0","0","0","0","2473","0","0","0","N","0","0","0","2","02473","0","","1.0","","1","N","N","","0","","0","0","1","","0","N","","2","0","0","0","0","0","0","2","0","2","","","","N","","","","","","","","","",""
"2013069817","","1","0","0","0","0","0","0","0","0","2","0","","02","7","2013","4","40.461092","-79.947905","","11","0","0","0","0","0","1","0","0","","0","0","0","","","0","","0","","40 27:39.931","","0","79 56:52.458","0","0","0","0","2301","0","0","0","N","0","0","0","1","02301","0","","1.0","","9","N","N","","0","","0","0","2","","0","","","3","0","0","0","0","0","0","2","0","3","","","","N","","","","","","","","","",""
"2013025253","","0","0","0","0","0","0","0","0","0","7","0","","02","3","2013","6","40.340451","-80.052668","","11","0","0","0","0","0","1","0","0","9","0","0","0","","","0","","0","","40 20:25.622","2","0","80 03:09.605","0","0","0","0","2407","0","0","0","N","0","0","0","1","02503","0","","2.0","","2","N","N","","0","","0","0","1","","0","N","","1","0","0","0","0","0","0","2","0","1","","","","N","","","","","","","","","",""
"2013068369","","0","0","0","0","0","0","0","0","0","7","0","","02","6","2013","1","40.438173","-79.755809","","11","0","0","0","0","0","1","0","0","","0","0","0","","","0","","3","","40 26:17.422","","0","79 45:20.914","0","0","0","0","2446","0","0","0","Y","0","0","0","1","68B03","0","","4.0","","1","N","N","","0","","0","0","0","","0","","","1","0","0","0","0","0","0","2","1","1","","","","N","","","","","","","","","",""
"2013068432","","2","0","0","0","0","0","0","0","0","2","0","","02","7","2013","7","40.449817","-79.884234","","11","0","0","0","0","0","0","0","0","1","0","0","0","","","0","","0","","40 26:59.341","1","0","79 53:03.242","9","0","0","0","2301","0","0","0","N","0","0","0","1","02301","0","","6.0","","1","N","N","","0","","0","0","0","","0","Y","","2","0","0","0","0","0","1","2","0","2","","","","N","","","","","","","","","",""
"2013023688","","1","0","0","0","0","0","0","0","0","1","0","","02","2","2013","4","40.438753","-79.748411","","11","0","0","0","0","0","0","1","0","","0","0","0","","","0","","0","","40 26:19.510","","0","79 44:54.280","0","0","0","0","2446","0","0","0","N","0","0","0","3","68Z99","0","","1.0","","1","N","N","","0","","0","0","1","","0","","","2","0","0","0","0","0","0","2","0","2","","","","N","","","","","","","","","",""
"2013025189","","1","0","0","0","0","0","0","0","0","7","0","","02","2","2013","2","40.490695","-79.88047","","11","0","0","0","0","0","1","0","0","2","0","0","0","","","0","","0","","40 29:26.503","2","0","79 52:49.691","0","0","0","0","2112","0","0","0","N","0","0","0","2","68D02","0","","4.0","","1","N","N","","0","","0","0","1","","0","N","","2","0","0","0","0","0","0","2","0","2","","","","N","","","","","","","","","",""
"2013025986","","1","0","0","0","0","0","0","0","0","7","0","","02","3","2013","6","40.438759","-80.191788","","11","0","0","0","0","0","0","0","0","","0","0","0","","","1","","0","","40 26:19.532","","3","80 11:30.438","4","0","0","0","2214","0","0","0","Y","0","0","0","1","68B03","1","","2.0","","2","N","N","","0","","0","0","0","","0","","","1","1","0","0","0","0","0","1","0","1","","","","N","","","","","","","","","",""
"2013025254","","1","0","0","0","0","0","0","0","0","1","0","","02","2","2013","2","40.416822","-80.017564","","11","0","0","0","0","0","2","0","0","","0","0","0","","","1","","0","","40 25:00.559","","0","80 01:03.230","8","0","0","0","2301","0","0","0","N","0","0","0","2","02301","0","","1.0","","9","N","Y","","0","","0","0","1","","0","","","2","1","0","0","0","1","0","2","0","2","","","","N","","","","","","","","","",""
"2013068370","","1","0","0","0","0","0","0","0","0","1","0","","02","6","2013","2","40.420005","-80.034564","","11","0","0","0","0","0","0","0","0","2","0","0","0","","","3","","0","","40 25:12.019","4","0","80 02:04.429","4","0","0","0","2301","0","0","0","Y","0","0","0","3","68B03","3","","1.0","","1","N","N","","0","","0","0","1","","0","N","","3","3","1","0","0","0","0","2","1","3","","","","N","","","","","","","","","",""
"2013069819","","2","0","0","0","0","0","0","0","0","4","0","","02","7","2013","4","40.420636","-80.046403","","11","0","0","0","0","0","0","0","0","1","0","0","0","","","2","","2","","40 25:14.289","2","2","80 02:47.050","4","0","0","0","2435","0","0","0","N","0","0","0","2","02435","2","","1.0","","1","N","N","","0","","0","0","0","","2","N","","2","2","0","0","0","0","0","2","0","2","","","","N","","","","","","","","","",""
"2013025255","","2","0","0","0","0","0","0","0","0","1","0","","02","2","2013","5","40.369219","-79.982961","","11","0","0","0","0","0","0","0","1","1","0","0","0","","","1","","0","","40 22:09.187","1","0","79 58:58.660","4","0","0","0","2413","0","0","0","N","0","0","0","1","02413","1","","6.0","","9","N","N","","0","","0","0","0","","0","N","","2","1","0","0","0","0","0","2","0","2","","","","N","","","","","","","","","",""
"2013068515","","1","0","0","0","0","0","0","0","0","7","0","","02","7","2013","7","40.443358","-80.066776","","11","0","0","0","0","0","0","0","0","","0","0","0","","","0","","0","","40 26:36.088","","0","80 04:00.392","9","0","0","0","2439","0","0","0","","0","0","0","1","02439","0","","5.0","","1","","","","0","","0","0","0","","0","","","1","0","0","0","0","0","1","2","0","1","","","","N","","","","","","","","","",""
"2013069177","","2","0","0","0","0","0","0","0","0","4","0","","02","7","2013","3","40.500715","-79.819803","","11","0","0","0","0","0","0","0","0","","0","0","0","","","0","","0","","40 30:02.574","","0","79 49:11.290","0","0","0","0","2113","0","0","0","N","0","0","0","1","02113","0","","1.0","","9","N","N","","0","","0","0","0","","0","","","2","0","0","0","0","0","0","2","0","2","","","","N","","","","","","","","","",""
"2013068976","","1","0","0","0","0","0","0","0","0","4","0","","02","7","2013","1","40.454076","-79.996814","","11","0","0","0","0","1","0","0","0","1","0","0","0","","","1","","1","","40 27:14.672","4","0","79 59:48.532","4","0","0","0","2301","0","0","0","N","0","0","0","2","02301","1","","1.0","","1","N","N","","0","","0","0","0","","2","N","","2","1","0","0","0","0","0","2","1","2","","","","N","","","","","","","","","",""
"2013025926","","1","0","0","0","0","0","0","0","0","7","0","","02","3","2013","1","40.46497","-80.074396","","11","0","0","0","0","0","0","0","0","","0","0","0","","","0","","2","","40 27:53.892","","0","80 04:27.825","9","0","0","0","2444","0","0","0","N","0","0","0","2","02301","0","","5.0","","1","N","N","","0","","0","0","0","","2","","","1","0","0","0","0","0","2","2","0","1","","","","N","","","","","","","","","",""
"2013069823","","2","0","0","0","0","0","0","0","0","4","0","","02","7","2013","4","40.450672","-80.023482","","11","0","0","0","0","0","2","0","0","1","0","0","0","","","0","","1","","40 27:02.419","1","0","80 01:24.535","0","0","0","0","2301","0","0","0","N","0","0","0","4","02301","0","","1.0","","9","N","N","","0","","0","0","0","","2","N","","2","0","0","0","0","0","0","2","0","2","","","","N","","","","","","","","","",""
"2013068517","","4","0","0","0","0","0","0","0","0","5","0","","02","7","2013","7","40.501864","-80.051131","","11","0","0","0","0","0","0","0","0","2","0","0","0","","","1","","0","","40 30:06.710","2","0","80 03:04.070","3","0","0","0","2404","0","0","0","N","0","0","0","1","02404","0","","4.0","","1","N","N","","0","","1","0","0","","0","N","","4","1","0","0","0","0","0","2","0","4","","","","N","","","","","","","","","",""
"2013068518","","1","0","0","0","0","0","0","0","0","7","0","","02","7","2013","7","40.395737","-79.899696","","11","0","0","0","0","0","0","0","0","1","0","0","0","","","0","","0","","40 23:44.654","1","0","79 53:58.907","0","0","0","0","2448","0","0","0","N","0","0","0","1","02448","0","","4.0","","1","N","N","","0","","0","0","0","","0","N","","1","0","0","0","0","0","0","2","0","1","","","","N","","","","","","","","","",""
"2013068582","","1","0","0","0","0","0","0","0","0","7","0","","02","6","2013","1","40.456848","-79.975654","","11","0","0","0","0","0","0","0","0","2","0","0","0","","","0","","1","","40 27:24.652","3","0","79 58:32.354","0","0","0","0","2301","0","0","0","N","0","0","0","2","02301","0","","5.0","","9","N","N","","0","","0","0","0","","0","Y","","1","0","0","0","0","0","0","2","0","1","","","","N","","","","","","","","","",""
"2013068454","","0","0","0","0","0","0","0","0","0","0","0","","02","7","2013","7","40.299813","-79.971695","","11","0","0","0","0","0","1","0","0","1","0","0","0","","","1","","2","","40 17:59.326","1","0","79 58:18.102","4","0","0","1","2440","0","0","0","N","0","0","0","2","02440","1","","1.0","","1","N","N","","0","","0","0","1","","3","N","","2","1","1","0","0","0","0","2","0","2","","","","N","","","","","","","","","",""
"2013068442","","1","0","0","0","0","0","0","0","0","4","0","","02","7","2013","7","40.451993","-79.969503","","11","0","0","0","0","0","1","0","0","","0","0","0","","","0","","2","","40 27:07.174","","0","79 58:10.210","0","0","0","0","2301","0","0","0","N","0","0","0","2","02301","0","","1.0","","1","N","N","","0","","0","0","1","","0","","","2","0","0","0","0","0","0","2","0","2","","","","N","","","","","","","","","",""
"2013025261","","0","0","0","0","0","0","0","0","0","0","0","","02","2","2013","2","40.425541","-80.019509","","11","0","0","0","0","0","0","0","0","","0","0","0","","","0","","0","","40 25:31.948","","0","80 01:10.234","0","0","0","0","2301","0","0","0","N","0","0","0","2","02301","0","","1.0","","1","N","N","","0","","0","0","2","","0","","","2","0","0","0","0","0","0","2","0","2","","","","N","","","","","","","","","",""
"2013068982","","1","0","0","0","0","0","0","0","0","7","0","","02","6","2013","7","40.506634","-80.007149","","11","0","0","0","0","0","0","0","1","1","0","0","0","","","0","","0","","40 30:23.884","2","0","80 00:25.737","0","0","0","0","2116","0","0","0","Y","0","0","0","1","02116","0","","2.0","","1","N","N","","0","","0","0","0","","0","N","","1","0","0","0","0","0","0","2","0","1","","","","N","","","","","","","","","",""
"2013069841","","0","0","0","0","0","0","0","0","0","7","0","","02","7","2013","6","40.512061","-80.034967","","11","0","0","0","0","0","0","0","0","2","0","0","0","","","0","","0","","40 30:43.420","2","0","80 02:05.880","0","0","0","0","2116","0","0","0","N","0","0","0","1","02116","0","","4.0","","1","N","N","","0","","0","0","1","","0","N","","1","0","0","0","0","0","0","2","0","1","","","","N","","","","","","","","","",""
"2013068522","","1","0","0","0","0","0","0","0","0","1","0","","02","7","2013","3","40.333221","-80.001183","","11","0","0","0","0","0","1","0","0","","0","0","0","","","1","","0","","40 19:59.594","","0","80 00:04.259","4","0","0","0","2219","0","0","0","N","0","0","0","2","02219","1","","1.0","","1","N","N","","0","","0","0","0","","0","","","2","1","0","0","0","0","0","2","1","2","","","","N","","","","","","","","","",""
"2013068316","","2","0","0","0","0","0","0","0","0","1","0","","02","7","2013","5","40.442533","-80.071827","","11","0","1","0","0","0","0","0","0","","0","0","0","","","0","","1","","40 26:33.118","","0","80 04:18.577","0","0","0","0","2439","0","0","0","N","0","0","0","2","02439","0","","1.0","","1","N","N","","0","","0","0","0","","0","","","2","0","0","0","0","0","0","2","0","2","","","","N","","","","","","","","","",""
"2013068446","","1","0","0","0","0","0","0","0","0","8","0","","02","7","2013","6","40.392961","-80.063215","","11","0","0","0","0","0","0","0","0","","0","0","0","","","1","","0","","40 23:34.659","","0","80 03:47.574","8","0","0","0","2117","1","0","0","N","1","0","0","3","02117","0","","2.0","","1","N","N","","0","","0","0","0","","0","","","2","1","0","0","0","1","0","2","0","1","","","","N","","","","","","","","","",""
"2013068523","","0","0","0","0","0","0","0","0","0","7","0","","02","6","2013","1","40.305482","-80.012542","","11","0","0","1","0","0","0","0","0","6","0","0","0","","","3","","2","","40 18:19.734","5","0","80 00:45.151","2","0","0","0","2219","0","0","0","N","0","0","0","3","02219","1","","5.0","","1","N","N","","0","","1","1","1","","0","Y","","1","3","0","0","0","0","0","2","0","1","","","","N","","","","","","","","","",""
"2013069186","","0","0","0","0","0","0","0","0","0","8","0","","02","7","2013","3","40.473785","-80.035217","","11","0","0","0","0","0","0","0","0","3","0","0","0","","","1","","0","","40 28:25.626","5","0","80 02:06.781","8","0","0","0","2301","1","0","0","N","1","0","0","2","02301","0","","9.0","","9","N","N","","0","","0","0","0","","0","Y","","2","1","0","0","0","1","1","2","0","1","","","","N","","","","","","","","","",""
"2013068447","","0","0","0","0","0","0","0","0","0","7","0","","02","7","2013","7","40.352575","-79.819542","","11","0","0","0","0","0","0","0","0","","0","0","0","","","0","","0","","40 21:09.270","","0","79 49:10.351","0","0","0","0","2477","0","0","0","N","0","0","0","1","02477","0","","5.0","","1","N","N","","0","","0","0","1","","0","","","1","0","0","0","0","0","0","2","0","1","","","","N","","","","","","","","","",""
"2013068462","","2","0","0","0","0","0","0","0","0","1","0","","02","7","2013","3","40.385199","-79.994906","","11","0","0","0","0","0","1","0","0","","0","0","0","","","1","","0","","40 23:06.718","","0","79 59:41.663","4","0","0","0","2301","0","0","0","N","0","0","0","2","02301","1","","1.0","","1","N","N","","0","","0","0","0","","0","","","2","1","0","0","0","0","0","2","0","2","","","","N","","","","","","","","","",""
"2013069846","","1","0","0","0","0","0","0","0","0","6","0","","02","7","2013","4","40.378251","-79.922044","","11","0","0","0","0","0","0","1","0","","0","0","0","","","0","","0","","40 22:41.703","","0","79 55:19.359","0","0","0","0","2301","0","0","0","N","0","0","0","3","02301","0","","1.0","","9","N","N","","0","","0","0","1","","0","","","2","0","0","0","0","0","0","2","0","2","","","","N","","","","","","","","","",""
"2013070578","","1","0","0","0","0","0","0","0","0","4","0","","02","7","2013","4","40.449468","-80.107379","","11","0","0","0","0","0","1","0","0","1","0","0","0","","","2","","1","","40 26:58.083","3","0","80 06:26.566","4","0","0","0","2115","0","0","0","N","0","0","0","2","02115","1","","1.0","","1","N","N","","1","","0","0","0","","2","N","","2","2","0","0","0","1","0","2","0","2","","","","N","","","","","","","","","",""
"2013068607","","1","0","0","0","0","0","0","0","0","7","0","","02","7","2013","1","40.435991","-79.994591","","11","0","0","0","0","0","1","0","0","1","0","0","0","","","0","","3","","40 26:09.568","1","2","79 59:40.527","0","0","0","0","2301","0","0","0","N","0","0","0","1","02301","0","","1.0","","9","N","N","","0","","0","0","0","","0","Y","","1","0","0","0","0","0","0","2","0","1","","","","N","","","","","","","","","",""
"2013070579","","0","0","0","1","0","0","0","0","0","8","0","","02","7","2013","6","40.342043","-80.016278","","11","0","0","0","0","0","0","0","0","","0","0","0","","","1","","0","","40 20:31.354","","0","80 00:58.602","4","0","0","0","2407","1","0","0","N","0","0","0","2","02407","1","","2.0","","1","N","N","","0","","0","0","1","","0","","","2","1","0","0","0","0","0","2","0","1","","","","N","","","","","","","","","",""
"2013069269","","1","0","0","0","0","0","0","0","0","1","1","","02","7","2013","3","40.435707","-79.994409","","11","0","0","0","0","0","1","0","0","","0","1","0","","","1","","2","","40 26:08.545","","2","79 59:39.872","4","0","0","0","2301","0","0","0","N","0","0","0","3","02301","1","","1.0","","1","N","N","","0","","0","0","0","","3","","","2","1","0","0","0","0","0","2","0","2","","","","N","","","","","","","","","",""
"2013068150","","0","0","0","0","0","0","0","0","0","4","0","","02","7","2013","6","40.457157","-79.937718","","11","0","0","0","0","0","1","0","0","","0","0","0","","","0","","0","","40 27:25.765","","0","79 56:15.783","0","0","0","0","2301","0","0","0","N","0","0","0","6","02301","0","","1.0","","1","N","N","","0","","0","0","2","","0","","","2","0","0","0","0","0","0","2","0","2","","","","N","","","","","","","","","",""
"2013068611","","1","0","0","0","0","0","0","0","0","7","0","","02","7","2013","7","40.437833","-79.77385","","11","0","0","0","0","0","0","1","0","","0","0","0","","","0","","0","","40 26:16.200","","7","79 46:25.860","0","0","0","0","2446","0","0","0","N","0","0","0","3","02446","0","","1.0","","1","N","N","","0","","0","0","0","","0","","","1","0","0","0","0","0","0","2","0","1","","","","N","","","","","","","","","",""
"2013069478","","1","0","0","0","0","0","0","0","0","1","0","","02","7","2013","3","40.446263","-80.030788","","11","0","0","0","1","0","0","0","0","","0","0","0","","","0","","0","","40 26:46.546","","0","80 01:50.836","9","0","0","0","2301","0","0","0","N","0","0","0","2","02301","0","","1.0","","9","N","N","","0","","0","0","0","","0","","","2","0","0","0","0","0","1","2","1","2","","","","N","","","","","","","","","",""
"2013068829","","1","0","0","0","0","0","0","0","0","1","0","","02","6","2013","2","40.426466","-79.893227","","11","0","0","0","0","0","1","0","1","","0","0","0","","","1","","0","","40 25:35.277","","0","79 53:35.616","8","0","0","0","2301","0","0","0","N","0","0","0","3","68B03","0","","1.0","","1","N","N","","0","","0","0","0","","0","","","3","1","0","0","0","1","1","2","1","3","","","","N","","","","","","","","","",""
"2013068613","","1","0","0","0","0","0","0","0","0","1","0","","02","7","2013","1","40.444202","-80.028173","","11","0","0","0","0","0","0","0","0","1","0","0","0","","","3","","1","","40 26:39.126","2","3","80 01:41.424","8","0","0","0","2301","0","0","0","N","0","0","0","4","02301","0","","1.0","","1","N","N","","1","","0","0","0","","0","N","","2","3","1","0","0","3","0","2","0","2","","","","N","","","","","","","","","",""
"2013068830","","1","0","0","0","0","0","0","0","0","99","0","","02","6","2013","6","40.507308","-80.280863","","11","0","0","0","0","1","0","0","0","2","0","0","0","","","0","","0","","40 30:26.310","4","0","80 16:51.105","0","0","0","0","2203","0","0","0","N","0","0","0","1","68B03","0","","1.0","","1","N","N","","0","","0","0","0","","0","N","","1","0","0","0","0","0","0","1","0","1","","","","N","","","","","","","","","",""
"2013068831","","2","0","0","0","0","0","0","0","0","1","0","","02","6","2013","7","40.431092","-80.025726","","11","0","0","0","0","0","1","0","0","","0","0","0","","","1","","0","","40 25:51.931","","0","80 01:32.615","4","0","0","0","2301","0","0","0","N","0","0","0","4","68B03","1","","1.0","","1","N","N","","0","","0","0","0","","0","","","3","1","0","0","0","0","0","2","1","3","","","","N","","","","","","","","","",""
"2013068820","","2","0","0","0","0","0","0","0","0","1","0","","02","7","2013","1","40.391382","-80.023219","","11","0","0","0","0","0","0","0","0","","0","0","0","","","0","","0","","40 23:28.975","","0","80 01:23.588","9","0","0","0","2301","0","0","0","N","0","0","0","1","02301","0","","1.0","","1","N","N","","0","","0","0","0","","0","","","2","0","1","0","0","0","1","2","0","2","","","","N","","","","","","","","","",""
"2013068170","","2","0","0","0","0","0","0","0","0","4","0","","02","7","2013","6","40.438545","-80.005761","","11","0","0","0","0","0","0","0","0","","0","0","0","","","0","","1","","40 26:18.761","","0","80 00:20.738","0","0","0","0","2301","0","0","0","N","0","0","0","3","02301","0","","1.0","","1","N","N","","0","","0","0","0","","2","","","2","0","0","0","0","0","0","2","0","2","","","","N","","","","","","","","","",""
"2013068753","","2","0","0","0","0","0","0","0","0","4","0","","02","7","2013","1","40.454077","-79.96322","","11","0","0","0","0","0","0","0","0","","0","0","0","","","2","","2","","40 27:14.677","","0","79 57:47.592","8","0","0","0","2301","0","0","0","N","0","0","0","4","02301","0","","1.0","","1","N","N","","0","","0","0","0","","0","","","2","2","0","0","0","2","0","2","0","2","","","","N","","","","","","","","","",""
"2013068619","","2","0","0","0","0","0","0","0","0","1","0","","02","7","2013","1","40.393618","-80.018118","","11","0","0","0","0","0","0","0","0","","0","0","0","","","0","","0","","40 23:37.024","","0","80 01:05.224","0","0","0","0","2301","0","0","0","N","0","0","0","1","02301","0","","1.0","","9","N","N","","0","","0","0","0","","0","","","2","0","0","0","0","0","0","2","0","2","","","","N","","","","","","","","","",""
"2013068160","","0","0","0","0","0","0","0","0","0","7","0","","02","7","2013","5","40.375425","-80.209139","","11","0","1","0","0","0","0","0","0","","0","0","0","","","1","","0","","40 22:31.531","","0","80 12:32.901","8","0","0","1","2119","0","0","0","N","0","0","0","1","02119","0","","5.0","","1","N","N","","0","","0","0","0","","0","","","1","1","0","0","0","1","0","1","0","1","","","","N","","","","","","","","","",""