"CRN","ARRIVAL_TM","AUTOMOBILE_COUNT","BELTED_DEATH_COUNT","BELTED_SUSP_SERIOUS_INJ_COUNT","BICYCLE_COUNT","BICYCLE_DEATH_COUNT","BICYCLE_SUSP_SERIOUS_INJ_COUNT","BUS_COUNT","CHLDPAS_DEATH_COUNT","CHLDPAS_SUSP_SERIOUS_INJ_COUNT","COLLISION_TYPE","COMM_VEH_COUNT","CONS_ZONE_SPD_LIM","COUNTY","CRASH_MONTH","CRASH_YEAR","DAY_OF_WEEK","DEC_LATITUDE","DEC_LONGITUDE","DISPATCH_TM","DISTRICT","DRIVER_COUNT_16YR","DRIVER_COUNT_17YR","DRIVER_COUNT_18YR","DRIVER_COUNT_19YR","DRIVER_COUNT_20YR","DRIVER_COUNT_50_64YR","DRIVER_COUNT_65_74YR","DRIVER_COUNT_75PLUS","EST_HRS_CLOSED","FATAL_COUNT","HEAVY_TRUCK_COUNT","HORSE_BUGGY_COUNT","HOUR_OF_DAY","ILLUMINATION","INJURY_COUNT","INTERSECTION_RELATED","INTERSECT_TYPE","LANE_CLOSED","LATITUDE","LN_CLOSE_DIR","LOCATION_TYPE","LONGITUDE","MAX_SEVERITY_LEVEL","MCYCLE_DEATH_COUNT","MCYCLE_SUSP_SERIOUS_INJ_COUNT","MOTORCYCLE_COUNT","MUNICIPALITY","NONMOTR_COUNT","NONMOTR_DEATH_COUNT","NONMOTR_SUSP_SERIOUS_INJ_COUNT","NTFY_HIWY_MAINT","PED_COUNT","PED_DEATH_COUNT","PED_SUSP_SERIOUS_INJ_COUNT","PERSON_COUNT","POLICE_AGCY","POSSIBLE_INJ_COUNT","RDWY_SURF_TYPE_CD","RELATION_TO_ROAD","ROADWAY_CLEARED","ROAD_CONDITION","SCH_BUS_IND","SCH_ZONE_IND","SECONDARY_CRASH","SMALL_TRUCK_COUNT","SPEC_JURIS_CD","SUSP_MINOR_INJ_COUNT","SUSP_SERIOUS_INJ_COUNT","SUV_COUNT","TCD_FUNC_CD","TCD_TYPE","TFC_DETOUR_IND","TIME_OF_DAY","TOTAL_UNITS","TOT_INJ_COUNT","UNBELTED_OCC_COUNT","UNB_DEATH_COUNT","UNB_SUSP_SERIOUS_INJ_COUNT","UNK_INJ_DEG_COUNT","UNK_INJ_PER_COUNT","URBAN_RURAL","VAN_COUNT","VEHICLE_COUNT","WEATHER1","WEATHER2","WORKERS_PRES","WORK_ZONE_IND","WORK_ZONE_LOC","WORK_ZONE_TYPE","WZ_CLOSE_DETOUR","WZ_FLAGGER","WZ_LAW_OFFCR_IND","WZ_LN_CLOSURE","WZ_MOVING","WZ_OTHER","WZ_SHLDER_MDN","WZ_WORKERS_INJ_KILLED"
"2013068173","","1","0","0","0","0","0","0","0","0","4","0","","02","7","2013","6","40.400188","-79.93783","","11","0","0","0","0","0","0","0","0","1","0","0","0","","","0","","2","","40 24:00.676","4","0","79 56:16.187","0","0","0","0","2301","0","0","0","N","0","0","0","2","02301","0","","1.0","","1","N","N","","0","","0","0","1","","0","N","","2","0","0","0","0","0","0","2","0","2","","","","N","","","","","","","","","",""
"2013069566","","2","0","0","0","0","0","0","0","0","1","0","","02","7","2013","4","40.448623","-80.0153","","11","0","0","0","0","0","0","0","0","","0","0","0","","","2","","0","","40 26:55.044","","0","80 00:55.080","4","0","0","0","2301","0","0","0","N","0","0","0","2","02301","1","","1.0","","9","N","N","","0","","0","0","0","","0","","","2","2","0","0","0","1","0","2","0","2","","","","N","","","","","","","","","",""
"2013068620","","1","0","0","0","0","0","0","0","0","7","0","","02","7","2013","1","40.435315","-79.993069","","11","0","0","0","0","0","1","0","0","2","0","0","0","","","1","","7","","40 26:07.135","1","2","79 59:35.048","8","0","0","0","2301","0","0","0","N","0","0","0","1","02301","0","","4.0","","9","N","N","","0","","0","0","0","","0","Y","","1","1","0","0","0","1","0","2","0","1","","","","N","","","","","","","","","",""
"2013068621","","3","0","0","0","0","0","0","0","0","1","0","","02","7","2013","7","40.456769","-79.709376","","11","0","0","0","0","0","1","0","0","2","0","0","0","","","0","","0","","40 27:24.367","3","0","79 42:33.755","0","0","0","0","2466","0","0","0","N","0","0","0","5","02466","0","","1.0","","1","N","N","","0","","0","0","0","","0","Y","","3","0","0","0","0","0","0","2","0","3","","","","N","","","","","","","","","",""
"2013068622","","0","0","0","0","0","0","0","0","0","7","0","","02","7","2013","2","40.389648","-79.7968","","11","0","0","0","0","0","0","0","0","","0","0","0","","","0","","0","","40 23:22.732","","0","79 47:48.480","0","0","0","0","2111","0","0","0","N","0","0","0","1","02111","0","","5.0","","1","N","N","","1","","0","0","0","","0","","","1","0","1","0","0","0","0","2","0","1","","","","N","","","","","","","","","",""
"2013069281","","1","0","0","0","0","0","0","0","0","7","0","","02","7","2013","3","40.422596","-79.878988","","11","0","0","0","0","0","0","0","0","","0","0","0","","","1","","0","","40 25:21.345","","0","79 52:44.356","4","0","0","0","2463","0","0","0","N","0","0","0","2","02463","1","","4.0","","1","N","N","","0","","0","0","0","","0","","","1","1","1","0","0","0","0","2","0","1","","","","N","","","","","","","","","",""
"2013068178","","2","0","0","0","0","0","0","0","0","1","0","","02","7","2013","4","40.475427","-80.097399","","11","0","0","0","1","0","0","0","0","","0","0","0","","","1","","1","","40 28:31.537","","0","80 05:50.636","4","0","0","0","2126","0","0","0","N","0","0","0","2","02126","1","","1.0","","1","N","N","","0","","0","0","0","","2","","","2","1","0","0","0","0","0","2","0","2","","","","N","","","","","","","","","",""
"2013068626","","2","0","0","0","0","0","0","0","0","4","0","","02","7","2013","7","40.413959","-79.804701","","11","0","0","1","0","0","0","0","0","2","0","0","0","","","0","","1","","40 24:50.252","1","0","79 48:16.923","0","0","0","0","2446","0","0","0","N","0","0","0","4","02446","0","","1.0","","1","N","N","","0","","0","0","0","","3","Y","","2","0","1","0","0","0","0","2","0","2","","","","N","","","","","","","","","",""
"2013070012","","2","0","0","0","0","0","1","0","0","4","0","","02","7","2013","5","40.431144","-79.959222","","11","0","0","0","0","0","2","1","0","2","0","0","0","","","0","","1","","40 25:52.118","1","0","79 57:33.198","0","0","0","0","2301","0","0","0","N","0","0","0","6","02301","0","","1.0","","1","N","N","","0","","0","0","0","","2","N","","3","0","0","0","0","0","0","2","0","3","","","","N","","","","","","","","","",""
"2013068907","","3","0","0","0","0","0","0","0","0","1","0","","02","7","2013","1","40.540794","-80.078811","","11","0","0","0","0","0","1","0","0","1","0","0","0","","","0","","0","","40 32:26.858","1","0","80 04:43.719","0","0","0","0","2215","0","0","0","N","0","0","0","3","02215","0","","1.0","","1","N","N","","0","","0","0","0","","0","N","","3","0","0","0","0","0","0","2","0","3","","","","N","","","","","","","","","",""
"2013068763","","2","0","0","0","0","0","0","0","0","2","0","","02","7","2013","1","40.283433","-79.837209","","11","0","1","0","0","0","0","0","0","2","0","0","0","","","0","","2","","40 17:00.360","1","0","79 50:13.954","0","0","0","0","2105","0","0","0","N","0","0","0","5","02105","0","","1.0","","1","N","N","","0","","0","0","0","","3","N","","2","0","1","0","0","0","0","1","0","2","","","","N","","","","","","","","","",""
"2013069305","","0","0","0","0","0","0","0","0","0","4","0","","02","7","2013","1","40.393222","-79.980139","","11","0","0","1","0","0","0","0","0","","0","0","0","","","0","","2","","40 23:35.599","","0","79 58:48.500","0","0","0","0","2301","0","0","0","N","0","0","0","5","02301","0","","1.0","","1","N","N","","0","","0","0","2","","0","","","2","0","1","0","0","0","0","2","0","2","","","","N","","","","","","","","","",""
"2013068909","","1","0","0","0","0","0","0","0","0","5","0","","02","7","2013","2","40.360348","-79.907708","","11","0","0","0","0","0","1","0","0","1","0","0","0","","","1","","0","","40 21:37.251","1","0","79 54:27.747","4","0","0","0","2473","0","0","0","N","0","0","0","2","02473","1","","1.0","","1","N","N","","1","","0","0","1","","2","Y","","3","1","0","0","0","0","0","2","0","3","","","","N","","","","","","","","","",""
"2013068629","","0","0","0","0","0","0","0","0","0","7","0","","02","7","2013","1","40.450559","-79.93008","","11","0","0","0","0","0","0","0","0","","0","0","0","","","0","","1","","40 27:02.012","","0","79 55:48.288","0","0","0","0","2301","0","0","0","N","0","0","0","2","02301","0","","5.0","","1","N","N","","0","","0","0","1","","3","","","1","0","0","0","0","0","0","2","0","1","","","","N","","","","","","","","","",""
"2013070151","","1","0","0","0","0","0","0","0","0","4","0","","02","7","2013","5","40.472689","-79.935741","","11","0","0","0","0","0","1","0","0","2","0","1","0","","","0","","3","","40 28:21.680","3","0","79 56:08.667","0","0","0","0","2301","0","0","0","N","0","0","0","3","02301","0","","1.0","","1","N","N","","0","","0","0","0","","3","N","","2","0","0","0","0","0","0","2","0","2","","","","N","","","","","","","","","",""
"2013068186","","1","0","0","0","0","0","0","0","0","7","0","","02","7","2013","5","40.585503","-80.036023","","11","0","0","0","0","0","0","0","0","","0","0","0","","","0","","1","","40 35:07.811","","0","80 02:09.684","0","0","0","0","2108","0","0","0","Y","0","0","0","2","02108","0","","2.0","","1","N","N","","0","","0","0","0","","2","","","1","0","0","0","0","0","0","2","0","1","","","","N","","","","","","","","","",""
"2013069307","","2","0","0","0","0","0","0","0","0","4","0","","02","7","2013","2","40.505517","-80.019064","","11","0","0","0","0","0","0","0","0","1","0","0","0","","","0","","0","","40 30:19.860","7","0","80 01:08.630","0","0","0","0","2116","0","0","0","N","0","0","0","5","02116","0","","2.0","","1","N","N","","0","","0","0","0","","0","Y","","2","0","0","0","0","0","0","2","0","2","","","","N","","","","","","","","","",""
"2013068187","","1","0","0","0","0","0","0","0","0","4","0","","02","6","2013","3","40.509141","-80.250513","","11","1","0","0","0","0","0","1","0","2","0","0","0","","","1","","2","","40 30:32.908","1","2","80 15:01.846","4","0","0","0","2213","0","0","0","N","0","0","0","4","02213","1","","1.0","","1","N","N","","0","","0","0","1","","3","N","","2","1","0","0","0","0","0","2","0","2","","","","N","","","","","","","","","",""
"2013069947","","1","0","0","0","0","0","0","0","0","4","0","","02","7","2013","4","40.501589","-79.851822","","11","0","0","0","0","0","2","0","0","","0","0","0","","","0","","0","","40 30:05.720","","0","79 51:06.559","0","0","0","0","2301","0","0","0","N","0","0","0","2","02301","0","","1.0","","1","N","N","","0","","0","0","1","","0","","","2","0","0","0","0","0","0","2","0","2","","","","N","","","","","","","","","",""
"2013068633","","2","0","0","0","0","0","0","0","0","4","0","","02","7","2013","1","40.391554","-80.060434","","11","0","0","0","0","0","2","0","0","","0","0","0","","","2","","0","","40 23:29.596","","0","80 03:37.562","8","0","0","0","2117","0","0","0","N","0","0","0","3","02117","0","","1.0","","9","N","N","","0","","0","0","0","","0","","","2","2","0","0","0","2","0","2","0","2","","","","N","","","","","","","","","",""
"2013069515","","0","0","0","0","0","0","0","0","0","5","0","","02","7","2013","1","40.428044","-79.948182","","11","0","0","0","0","0","1","0","0","","0","0","0","","","1","","0","","40 25:40.957","","0","79 56:53.456","4","0","0","0","2301","0","0","0","N","0","0","0","2","68B03","1","","1.0","","9","N","N","","1","","0","0","1","","0","","","2","1","0","0","0","0","0","2","0","2","","","","N","","","","","","","","","",""
"2013068634","","2","0","0","0","0","0","0","0","0","6","0","","02","7","2013","1","40.485183","-79.856869","","11","0","0","0","0","0","0","0","0","","0","0","0","","","2","","2","","40 29:06.657","","0","79 51:24.730","4","0","0","0","2113","0","0","0","Y","0","0","0","2","02113","1","","1.0","","1","N","N","","0","","0","0","0","","2","","","2","2","0","0","0","1","0","2","0","2","","","","N","","","","","","","","","",""
"2013069952","","1","0","0","0","0","0","0","0","0","1","0","","02","7","2013","4","40.349336","-80.100236","","11","0","0","0","0","0","0","0","1","2","0","0","0","","","1","","2","","40 20:57.611","3","0","80 06:00.850","4","0","0","0","2123","0","0","0","N","0","0","0","2","02123","1","","1.0","","1","N","N","","1","","0","0","0","","0","N","","2","1","0","0","0","0","0","2","0","2","","","","N","","","","","","","","","",""
"2013070709","","1","0","0","0","0","0","0","0","0","4","0","","02","7","2013","2","40.52379","-80.071917","","11","0","0","1","0","0","0","0","0","1","0","0","0","","","3","","1","","40 31:25.645","3","0","80 04:18.901","3","0","0","0","2215","0","0","0","N","0","0","0","4","02215","1","","1.0","","1","N","N","","1","","2","0","0","","2","Y","","2","3","0","0","0","0","0","2","0","2","","","","N","","","","","","","","","",""
"2013069312","","0","0","0","0","0","0","0","0","0","1","0","","02","7","2013","3","40.478296","-80.042524","","11","0","0","0","0","0","0","0","0","2","0","0","0","","","1","","0","","40 28:41.864","1","0","80 02:33.086","4","0","0","0","2301","0","0","0","N","0","0","0","3","02301","1","","1.0","","1","N","N","","2","","0","0","1","","0","N","","3","1","0","0","0","0","0","2","0","3","","","","N","","","","","","","","","",""
"2013070710","","1","0","0","0","0","0","0","0","0","4","0","","02","6","2013","1","40.440699","-79.745473","","11","0","0","0","0","0","0","0","0","","0","0","0","","","1","","2","","40 26:26.516","","0","79 44:43.702","4","0","0","0","2446","0","0","0","N","0","0","0","1","02446","1","","1.0","","1","N","N","","1","","0","0","1","","0","","","3","1","0","0","0","0","0","2","0","3","","","","N","","","","","","","","","",""
"2013069969","","2","0","0","0","0","0","0","0","0","4","0","","02","7","2013","5","40.407087","-80.034183","","11","0","0","0","0","0","0","0","1","","0","0","0","","","0","","1","","40 24:25.512","","0","80 02:03.059","0","0","0","0","2301","0","0","0","Y","0","0","0","2","02301","0","","1.0","","1","","","","0","","0","0","0","","2","","","2","0","0","0","0","0","0","2","0","2","","","","N","","","","","","","","","",""
"2013069316","","1","0","0","0","0","0","0","0","0","6","0","","02","7","2013","3","40.671234","-80.069819","","11","0","0","0","0","0","0","0","0","2","0","0","0","","","0","","0","","40 40:16.442","2","0","80 04:11.348","0","0","0","0","2216","0","0","0","N","0","0","0","2","02505","0","","1.0","","1","N","N","","0","","0","0","1","","0","Y","","2","0","0","0","0","0","0","2","0","2","","","","N","","","","","","","","","",""
"2013068792","","1","0","0","0","0","0","0","0","0","2","0","","02","6","2013","4","40.421983","-79.959399","","11","0","0","0","0","0","0","0","0","","0","0","0","","","2","","0","","40 25:19.140","","0","79 57:33.838","4","0","0","0","2301","0","0","0","N","0","0","0","3","02301","2","","1.0","","1","N","N","","0","","0","0","1","","0","","","2","2","0","0","0","0","1","2","0","2","","","","N","","","","","","","","","",""
"2013068572","","1","0","0","0","0","0","0","0","0","1","0","","02","7","2013","3","40.492966","-79.862806","","11","0","0","0","0","0","0","0","0","","0","0","0","","","0","","0","","40 29:34.677","","0","79 51:46.101","0","0","0","0","2408","0","0","0","","0","0","0","2","02408","0","","6.0","","1","N","N","","1","","0","0","0","","2","","","2","0","0","0","0","0","0","2","0","2","","","","N","","","","","","","","","",""
"2013068130","","2","0","0","0","0","0","0","0","0","5","0","","02","7","2013","6","40.454076","-79.996814","","11","0","0","0","0","0","0","0","1","","0","0","0","","","0","","1","","40 27:14.672","","0","79 59:48.532","0","0","0","0","2301","0","0","0","N","0","0","0","2","02301","0","","1.0","","1","N","N","","0","","0","0","0","","2","","","2","0","0","0","0","0","0","2","0","2","","","","N","","","","","","","","","",""
"2013068794","","1","0","0","0","0","0","0","0","0","7","0","","02","7","2013","1","40.464487","-79.854575","","11","0","0","0","0","0","0","0","0","1","0","0","0","","","1","","0","","40 27:52.153","6","0","79 51:16.470","8","0","0","0","2113","0","0","0","N","0","0","0","1","02113","0","","2.0","","1","N","N","","0","","0","0","0","","0","N","","1","1","1","0","0","1","0","2","0","1","","","","N","","","","","","","","","",""
"2013068921","","2","0","0","0","0","0","0","0","0","4","0","","02","7","2013","1","40.343801","-79.938441","","11","0","0","0","0","0","0","1","0","2","0","0","0","","","2","","1","","40 20:37.683","1","0","79 56:18.387","4","0","0","0","2473","0","0","0","N","0","0","0","3","02473","1","","1.0","","1","N","N","","0","","0","0","0","","2","Y","","2","2","1","0","0","1","0","2","0","2","","","","N","","","","","","","","","",""
"2013070716","","0","0","0","0","0","0","0","0","0","5","1","","02","7","2013","5","40.441056","-80.006785","","11","0","0","0","0","0","0","0","0","2","0","1","0","","","0","","1","","40 26:27.803","7","0","80 00:24.425","0","0","0","0","2301","0","0","0","N","0","0","0","4","02301","0","","1.0","","1","N","N","","0","","0","0","0","","2","Y","","2","0","0","0","0","0","0","2","1","2","","","","N","","","","","","","","","",""
"2013068796","","2","0","0","0","0","0","0","0","0","1","0","","02","7","2013","1","40.437704","-79.972679","","11","0","0","0","0","0","0","0","0","","0","0","0","","","0","","1","","40 26:15.734","","3","79 58:21.645","0","0","0","0","2301","0","0","0","N","0","0","0","4","02301","0","","1.0","","1","N","N","","0","","0","0","1","","2","","","3","0","0","0","0","0","0","2","0","3","","","","N","","","","","","","","","",""
"2013069457","","1","0","0","0","0","0","0","0","0","4","0","","02","7","2013","3","40.448933","-80.000739","","11","0","0","0","0","0","1","0","0","","0","0","0","","","0","","1","","40 26:56.157","","0","80 00:02.660","0","0","0","0","2301","0","0","0","N","0","0","0","2","02301","0","","1.0","","1","N","N","","0","","0","0","1","","2","","","2","0","0","0","0","0","0","2","0","2","","","","N","","","","","","","","","",""
"2013069458","","1","0","0","0","0","0","0","0","0","4","0","","02","7","2013","3","40.466333","-79.846871","","11","0","0","0","0","0","0","0","1","1","0","0","0","","","1","","2","","40 27:58.797","5","0","79 50:48.734","8","0","0","0","2113","0","0","0","N","0","0","0","3","02113","0","","1.0","","1","N","N","","1","","0","0","0","","3","N","","2","1","1","0","0","1","0","2","0","2","","","","N","","","","","","","","","",""
"2013069963","","1","0","0","0","0","0","0","0","0","1","1","","02","7","2013","3","40.337004","-79.809465","","11","0","0","0","0","1","0","0","0","1","0","1","0","","","0","","2","","40 20:13.214","3","0","79 48:34.074","0","0","0","0","2477","0","0","0","N","0","0","0","3","02477","0","","1.0","","1","N","N","","0","","0","0","0","","3","Y","","2","0","1","0","0","0","0","2","0","2","","","","N","","","","","","","","","",""
"2013069459","","3","0","0","0","0","0","0","0","0","1","0","","02","7","2013","3","40.483309","-80.041034","","11","0","0","0","0","0","0","0","0","","0","0","0","","","1","","2","","40 28:59.912","","0","80 02:27.722","3","0","0","0","2301","0","0","0","N","0","0","0","2","02301","0","","1.0","","1","N","N","","0","","1","0","0","","0","","","3","1","0","0","0","0","0","2","0","3","","","","N","","","","","","","","","",""
"2013069978","","2","0","0","0","0","0","0","0","0","1","0","","02","7","2013","5","40.469633","-79.755052","","11","0","0","0","0","0","0","0","1","2","0","0","0","","","2","","0","","40 28:10.678","1","0","79 45:18.188","8","0","0","0","2466","0","0","0","N","0","0","0","2","02466","0","","1.0","","1","N","N","","0","","0","0","0","","0","Y","","2","2","0","0","0","2","0","2","0","2","","","","N","","","","","","","","","",""
"2013070720","","2","0","0","0","0","0","0","0","0","1","0","","02","7","2013","5","40.530376","-79.776323","","11","0","0","0","0","0","0","0","0","","0","0","0","","","1","","0","","40 31:49.353","","0","79 46:34.761","4","0","0","0","2466","0","0","0","","0","0","0","3","02466","1","","1.0","","1","N","N","","0","","0","0","0","","0","","","2","1","0","0","0","0","0","2","0","2","","","","N","","","","","","","","","",""
"2013070721","","1","0","0","0","0","0","0","0","0","8","0","","02","7","2013","4","40.472554","-80.06177","","11","0","0","0","0","0","0","0","0","2","0","0","0","","","1","","0","","40 28:21.195","2","0","80 03:42.371","3","0","0","0","2122","1","0","0","N","1","0","0","2","02122","0","","1.0","","9","N","N","","0","","1","0","0","","0","N","","2","1","0","0","0","0","0","2","0","1","","","","N","","","","","","","","","",""
"2013068660","","1","0","0","0","0","0","0","0","0","1","0","","02","7","2013","4","40.425958","-79.89765","","11","0","0","0","0","0","0","0","0","2","0","0","0","","","1","","0","","40 25:33.449","3","0","79 53:51.541","8","0","0","0","2463","0","0","0","N","0","0","0","5","68B03","0","","1.0","","1","N","N","","0","","0","0","1","","0","N","","3","1","0","0","0","1","0","2","1","3","","","","N","","","","","","","","","",""
"2013069324","","1","0","0","0","0","0","0","0","0","4","0","","02","7","2013","3","40.396195","-80.023707","","11","0","0","0","1","0","0","0","0","","0","0","0","","","0","","1","","40 23:46.302","","0","80 01:25.345","0","0","0","0","2301","0","0","0","N","0","0","0","2","02301","0","","1.0","","1","N","N","","0","","0","0","1","","2","","","2","0","1","0","0","0","0","2","0","2","","","","N","","","","","","","","","",""
"2013068137","","1","0","0","0","0","0","0","0","0","1","0","","02","7","2013","6","40.44595","-79.996489","","11","0","0","0","0","0","2","0","0","1","0","0","0","","","2","","0","","40 26:45.420","2","0","79 59:47.360","4","0","0","0","2301","0","0","0","N","0","0","0","3","02301","2","","1.0","","1","N","N","","0","","0","0","1","","0","N","","2","2","0","0","0","0","0","2","0","2","","","","N","","","","","","","","","",""
"2013068597","","2","0","0","0","0","0","0","0","0","5","0","","02","7","2013","1","40.387092","-79.902341","","11","0","0","0","0","0","0","0","0","","0","0","0","","","0","","0","","40 23:13.531","","0","79 54:08.427","0","0","0","0","2448","0","0","0","N","0","0","0","1","02448","0","","4.0","","1","N","N","","0","","0","0","0","","0","","","2","0","0","0","0","0","0","2","0","2","","","","N","","","","","","","","","",""
"2013069248","","0","0","0","0","0","0","0","0","0","7","0","","02","7","2013","3","40.492535","-80.049406","","11","0","0","0","0","1","0","0","0","1","0","0","0","","","0","","2","","40 29:33.126","1","0","80 02:57.861","0","0","0","0","2404","0","0","0","N","0","0","0","2","02404","0","","2.0","","9","N","N","","0","","0","0","1","","2","Y","","1","0","0","0","0","0","0","2","0","1","","","","N","","","","","","","","","",""
"2013069983","","2","0","0","0","0","0","0","0","0","4","0","","02","7","2013","4","40.397052","-80.065961","","11","0","0","0","0","0","0","0","1","","0","0","0","","","1","","2","","40 23:49.386","","0","80 03:57.459","4","0","0","0","2117","0","0","0","N","0","0","0","2","02117","1","","1.0","","1","N","N","","0","","0","0","0","","0","","","2","1","0","0","0","0","0","2","0","2","","","","N","","","","","","","","","",""
"2013069327","","0","0","0","0","0","0","0","0","0","7","0","","02","7","2013","3","40.333629","-79.836412","","11","0","0","0","0","0","0","0","0","2","0","0","0","","","0","","0","","40 20:01.064","5","0","79 50:11.083","0","0","0","0","2304","0","0","0","","0","0","0","1","02304","0","","5.0","","1","","","","0","","0","0","1","","0","Y","","1","0","1","0","0","0","0","2","0","1","","","","N","","","","","","","","","",""
"2013068665","","1","0","0","0","0","0","0","0","0","5","1","","02","7","2013","4","40.562766","-79.79955","","11","0","0","0","0","0","0","0","0","2","0","1","0","","","1","","0","","40 33:45.957","1","0","79 47:58.381","4","0","0","0","2206","0","0","0","Y","0","0","0","4","68D02","1","","4.0","","1","N","N","","0","","0","0","0","","0","Y","","3","1","0","0","0","0","0","2","0","2","","","","N","","","","","","","","","",""
"2013070572","","0","0","0","0","0","0","0","0","0","7","0","","02","7","2013","6","40.335208","-79.8633","","11","0","0","0","0","0","0","0","0","","0","0","0","","","1","","0","","40 20:06.748","","0","79 51:47.880","3","0","0","0","2455","0","0","0","N","0","0","0","1","02455","0","","2.0","","1","N","N","","0","","1","0","0","","0","","","1","1","0","0","0","0","0","2","1","1","","","","N","","","","","","","","","",""
"2013069986","","1","0","0","0","0","0","0","0","0","7","0","","02","7","2013","4","40.428072","-80.25026","","11","0","0","0","0","0","0","0","0","","0","0","0","","","0","","0","","40 25:41.059","","0","80 15:00.936","0","0","0","0","2214","0","0","0","N","0","0","0","3","02214","0","","5.0","","9","N","N","","0","","0","0","1","","0","","","2","0","0","0","0","0","0","1","0","2","","","","N","","","","","","","","","",""
"2013069330","","1","0","0","0","0","0","0","0","0","1","0","","02","7","2013","3","40.461142","-80.168645","","11","0","0","0","0","0","2","0","0","","0","0","0","","","1","","2","","40 27:40.111","","0","80 10:07.121","4","0","0","0","2213","0","0","0","N","0","0","0","3","02213","1","","1.0","","1","N","N","","1","","0","0","1","","0","","","3","1","0","0","0","0","0","2","0","3","","","","N","","","","","","","","","",""
"2013068806","","2","0","0","0","0","0","0","0","0","5","0","","02","7","2013","5","40.414292","-79.993114","","11","0","0","0","0","0","0","0","0","","0","0","0","","","0","","0","","40 24:51.450","","0","79 59:35.210","9","0","0","0","2301","0","0","0","N","0","0","0","1","02301","0","","1.0","","1","N","N","","0","","0","0","0","","0","","","2","0","0","0","0","0","1","2","0","2","","","","N","","","","","","","","","",""
"2013069331","","0","0","0","0","0","0","0","0","0","7","0","","02","7","2013","6","40.491923","-80.194939","","11","0","0","0","0","0","0","0","0","2","0","0","0","","","1","","0","","40 29:30.922","3","0","80 11:41.780","8","0","0","0","2213","0","0","0","N","0","0","0","1","02213","0","","2.0","","1","N","N","","1","","0","0","0","","0","N","","1","1","0","0","0","1","0","2","0","1","","","","N","","","","","","","","","",""
"2013070192","","2","0","0","0","0","0","0","0","0","4","0","","02","7","2013","4","40.420636","-80.046403","","11","0","0","0","0","0","0","0","0","1","0","0","0","","","1","","2","","40 25:14.289","2","0","80 02:47.050","4","0","0","0","2435","0","0","0","N","0","0","0","3","02435","1","","1.0","","9","N","N","","0","","0","0","0","","2","N","","2","1","0","0","0","0","0","2","0","2","","","","N","","","","","","","","","",""
"2013069989","","1","0","0","0","0","0","0","0","0","7","0","","02","7","2013","5","40.522722","-79.957519","","11","0","0","0","1","0","0","0","0","","0","0","0","","","0","","0","","40 31:21.799","","0","79 57:27.068","0","0","0","0","2118","0","0","0","N","0","0","0","1","02118","0","","5.0","","1","N","N","","0","","0","0","0","","0","","","1","0","0","0","0","0","0","2","0","1","","","","N","","","","","","","","","",""
"2013070730","","1","0","0","0","0","0","0","0","0","1","0","","02","7","2013","5","40.487902","-79.920338","","11","0","0","0","0","0","0","0","0","1","0","0","0","","","2","","2","","40 29:16.447","3","0","79 55:13.218","8","0","0","0","2301","0","0","0","N","0","0","0","2","02301","0","","1.0","","1","N","N","","1","","0","0","0","","2","N","","2","2","0","0","0","2","0","2","0","2","","","","N","","","","","","","","","",""
"2013068808","","2","0","0","0","0","0","0","0","0","5","0","","02","6","2013","7","40.494179","-79.918711","","11","0","0","0","0","0","0","0","0","","0","0","0","","","0","","0","","40 29:39.044","","0","79 55:07.360","0","0","0","0","2461","0","0","0","N","0","0","0","2","02461","0","","6.0","","1","N","N","","0","","0","0","0","","0","","","2","0","0","0","0","0","0","2","0","2","","","","N","","","","","","","","","",""
"2013068591","","1","0","0","0","0","0","0","0","0","1","0","","02","6","2013","1","40.406115","-79.912107","","11","0","0","0","0","0","1","0","0","","0","0","0","","","1","","1","","40 24:22.014","","3","79 54:43.585","8","0","0","0","2438","0","0","0","N","0","0","0","2","02438","0","","1.0","","1","N","N","","0","","0","0","1","","2","","","2","1","0","0","0","1","0","2","0","2","","","","N","","","","","","","","","",""
"2013068146","","0","0","0","0","0","0","0","0","0","7","0","","02","7","2013","5","40.36334","-79.868601","","11","0","0","0","0","0","1","0","0","2","0","0","0","","","1","","0","","40 21:48.024","2","0","79 52:06.963","8","0","0","0","2473","0","0","0","N","0","0","0","1","02473","0","","4.0","","1","N","N","","0","","0","0","1","","0","N","","1","1","1","0","0","1","0","2","0","1","","","","N","","","","","","","","","",""
"2013070577","","1","0","0","0","0","0","0","0","0","1","0","","02","7","2013","2","40.524297","-80.071025","","11","0","0","0","0","0","1","0","0","","0","0","0","","","1","","1","","40 31:27.468","","1","80 04:15.691","4","0","0","1","2215","0","0","0","N","0","0","0","2","02215","1","","1.0","","1","N","N","","0","","0","0","0","","2","","","2","1","0","0","0","0","0","2","0","2","","","","N","","","","","","","","","",""
"2013069991","","1","0","0","0","0","0","0","0","0","4","1","","02","7","2013","5","40.452349","-79.983949","","11","0","0","0","0","0","1","0","0","1","0","1","0","","","2","","2","","40 27:08.456","2","0","79 59:02.216","8","0","0","0","2301","0","0","0","N","0","0","0","6","02301","0","","1.0","","1","N","N","","0","","0","0","0","","3","N","","2","2","0","0","0","2","0","2","0","2","","","","N","","","","","","","","","",""