"CRN","ARRIVAL_TM","AUTOMOBILE_COUNT","BELTED_DEATH_COUNT","BELTED_SUSP_SERIOUS_INJ_COUNT","BICYCLE_COUNT","BICYCLE_DEATH_COUNT","BICYCLE_SUSP_SERIOUS_INJ_COUNT","BUS_COUNT","CHLDPAS_DEATH_COUNT","CHLDPAS_SUSP_SERIOUS_INJ_COUNT","COLLISION_TYPE","COMM_VEH_COUNT","CONS_ZONE_SPD_LIM","COUNTY","CRASH_MONTH","CRASH_YEAR","DAY_OF_WEEK","DEC_LATITUDE","DEC_LONGITUDE","DISPATCH_TM","DISTRICT","DRIVER_COUNT_16YR","DRIVER_COUNT_17YR","DRIVER_COUNT_18YR","DRIVER_COUNT_19YR","DRIVER_COUNT_20YR","DRIVER_COUNT_50_64YR","DRIVER_COUNT_65_74YR","DRIVER_COUNT_75PLUS","EST_HRS_CLOSED","FATAL_COUNT","HEAVY_TRUCK_COUNT","HORSE_BUGGY_COUNT","HOUR_OF_DAY","ILLUMINATION","INJURY_COUNT","INTERSECTION_RELATED","INTERSECT_TYPE","LANE_CLOSED","LATITUDE","LN_CLOSE_DIR","LOCATION_TYPE","LONGITUDE","MAX_SEVERITY_LEVEL","MCYCLE_DEATH_COUNT","MCYCLE_SUSP_SERIOUS_INJ_COUNT","MOTORCYCLE_COUNT","MUNICIPALITY","NONMOTR_COUNT","NONMOTR_DEATH_COUNT","NONMOTR_SUSP_SERIOUS_INJ_COUNT","NTFY_HIWY_MAINT","PED_COUNT","PED_DEATH_COUNT","PED_SUSP_SERIOUS_INJ_COUNT","PERSON_COUNT","POLICE_AGCY","POSSIBLE_INJ_COUNT","RDWY_SURF_TYPE_CD","RELATION_TO_ROAD","ROADWAY_CLEARED","ROAD_CONDITION","SCH_BUS_IND","SCH_ZONE_IND","SECONDARY_CRASH","SMALL_TRUCK_COUNT","SPEC_JURIS_CD","SUSP_MINOR_INJ_COUNT","SUSP_SERIOUS_INJ_COUNT","SUV_COUNT","TCD_FUNC_CD","TCD_TYPE","TFC_DETOUR_IND","TIME_OF_DAY","TOTAL_UNITS","TOT_INJ_COUNT","UNBELTED_OCC_COUNT","UNB_DEATH_COUNT","UNB_SUSP_SERIOUS_INJ_COUNT","UNK_INJ_DEG_COUNT","UNK_INJ_PER_COUNT","URBAN_RURAL","VAN_COUNT","VEHICLE_COUNT","WEATHER1","WEATHER2","WORKERS_PRES","WORK_ZONE_IND","WORK_ZONE_LOC","WORK_ZONE_TYPE","WZ_CLOSE_DETOUR","WZ_FLAGGER","WZ_LAW_OFFCR_IND","WZ_LN_CLOSURE","WZ_MOVING","WZ_OTHER","WZ_SHLDER_MDN","WZ_WORKERS_INJ_KILLED"
"2013068953","","0","0","0","0","0","0","0","0","0","4","1","","02","7","2013","2","40.42822","-79.979199","","11","0","0","0","0","1","0","0","1","2","0","1","0","","","0","","1","","40 25:41.592","2","0","79 58:45.116","0","0","0","0","2301","0","0","0","N","0","0","0","2","02301","0","","1.0","","1","N","N","","0","","0","0","1","","0","N","","2","0","1","0","0","0","0","2","0","2","","","","N","","","","","","","","","",""
"2013055286","","1","0","0","0","0","0","0","0","0","7","0","","02","5","2013","2","40.438224","-79.999906","","11","0","0","0","0","0","0","0","1","","0","0","0","","","1","","1","","40 26:17.606","","0","79 59:59.661","4","0","0","0","2301","0","0","0","N","0","0","0","1","02301","1","","4.0","","1","N","N","","0","","0","0","0","","2","","","1","1","0","0","0","0","0","2","0","1","","","","N","","","","","","","","","",""
"2013054416","","0","0","0","0","0","0","0","0","0","7","0","","02","5","2013","1","40.382318","-79.881749","","11","0","0","1","0","0","0","0","0","2","0","0","0","","","0","","0","","40 22:56.343","6","0","79 52:54.298","0","0","0","0","2473","0","0","0","N","0","0","0","1","02473","0","","5.0","","1","N","N","","0","","0","0","1","","0","Y","","1","0","0","0","0","0","0","2","0","1","","","","N","","","","","","","","","",""
"2013053517","","0","0","0","0","0","0","0","0","0","7","0","","02","5","2013","3","40.460644","-79.777703","","11","0","0","0","0","0","1","0","0","1","0","0","0","","","0","","0","","40 27:38.319","6","0","79 46:39.729","9","0","0","0","2466","0","0","0","N","0","0","0","1","02466","0","","5.0","","1","N","N","","1","","0","0","0","","0","N","","1","0","0","0","0","0","1","2","0","1","","","","N","","","","","","","","","",""
"2013055013","","2","0","0","0","0","0","0","0","0","4","0","","02","5","2013","6","40.414687","-80.104267","","11","0","0","0","0","0","0","0","0","","0","0","0","","","0","","0","","40 24:52.873","","0","80 06:15.362","9","0","0","0","2115","0","0","0","N","0","0","0","4","68B03","0","","1.0","","1","N","N","","0","","0","0","0","","0","","","2","0","0","0","0","0","1","2","0","2","","","","N","","","","","","","","","",""
"2013055161","","1","0","0","0","0","0","0","0","0","7","0","","02","5","2013","4","40.425038","-80.066808","","11","0","0","0","0","0","0","0","0","1","0","0","0","","","0","","0","","40 25:30.136","2","0","80 04:00.508","0","0","0","0","2301","0","0","0","N","0","0","0","1","02301","0","","5.0","","1","N","N","","0","","0","0","0","","0","N","","1","0","0","0","0","0","0","2","0","1","","","","N","","","","","","","","","",""
"2013055289","","2","0","0","0","0","0","0","0","0","4","0","","02","5","2013","5","40.525558","-80.069754","","11","0","0","0","0","0","1","0","0","","0","0","0","","","1","","2","","40 31:32.010","","0","80 04:11.114","4","0","0","0","2215","0","0","0","N","0","0","0","2","02215","1","","1.0","","1","N","N","","0","","0","0","0","","2","","","2","1","0","0","0","0","0","2","0","2","","","","N","","","","","","","","","",""
"2013056078","","0","0","0","0","0","0","0","0","0","7","0","","02","6","2013","7","40.438078","-79.994416","","11","0","0","0","0","0","0","1","0","","0","0","0","","","1","","2","","40 26:17.079","","0","79 59:39.896","4","0","0","0","2301","0","0","0","N","0","0","0","3","02301","1","","1.0","","1","N","N","","0","","0","0","1","","2","","","1","1","3","0","0","0","0","2","0","1","","","","N","","","","","","","","","",""
"2013069628","","1","0","0","0","0","0","0","0","0","1","0","","02","7","2013","5","40.45194","-79.923965","","11","0","0","0","0","0","0","0","0","","0","0","0","","","1","","1","","40 27:06.984","","0","79 55:26.274","4","0","0","0","2301","0","0","0","N","0","0","0","3","02301","1","","1.0","","1","N","N","","0","","0","0","1","","2","","","2","1","0","0","0","0","0","2","0","2","","","","N","","","","","","","","","",""
"2013055014","","2","0","0","0","0","0","0","0","0","5","0","","02","5","2013","2","40.588499","-80.099343","","11","0","0","0","0","0","1","0","0","","0","0","0","","","0","","0","","40 35:18.596","","0","80 05:57.633","0","0","0","0","2481","0","0","0","N","0","0","0","2","68B03","0","","1.0","","1","N","N","","0","","0","0","0","","0","","","2","0","0","0","0","0","0","2","0","2","","","","N","","","","","","","","","",""
"2013053450","","1","0","0","0","0","0","0","0","0","7","0","","02","5","2013","5","40.437704","-79.972679","","11","0","0","0","0","0","0","0","0","","0","0","0","","","0","","1","","40 26:15.734","","0","79 58:21.645","9","0","0","0","2301","0","0","0","N","0","0","0","1","02301","0","","5.0","","9","N","N","","0","","0","0","0","","2","","","1","0","0","0","0","0","1","2","0","1","","","","N","","","","","","","","","",""
"2013055150","","1","0","0","0","0","0","0","0","0","7","0","","02","5","2013","4","40.458696","-79.888619","","11","0","0","0","0","0","1","0","0","1","0","0","0","","","0","","2","","40 27:31.305","1","0","79 53:19.028","9","0","0","0","2301","0","0","0","N","0","0","0","1","02301","0","","5.0","","1","N","N","","0","","0","0","0","","0","N","","1","0","0","0","0","0","1","2","0","1","","","","N","","","","","","","","","",""
"2013053657","","1","0","0","0","0","0","0","0","0","5","0","","02","5","2013","5","40.347588","-79.864219","","11","0","0","0","0","0","1","0","0","2","0","0","0","","","1","","0","","40 20:51.315","5","0","79 51:51.188","8","0","0","0","2304","0","0","0","N","0","0","0","1","02304","0","","1.0","","1","N","N","","0","","0","0","1","","0","Y","","2","1","0","0","0","1","0","2","0","2","","","","N","","","","","","","","","",""
"2013054419","","2","0","0","0","0","0","0","0","0","4","0","","02","5","2013","4","40.350637","-79.924567","","11","0","0","1","0","0","0","0","0","1","0","0","0","","","0","","2","","40 21:02.294","3","0","79 55:28.441","0","0","0","0","2473","0","0","0","N","0","0","0","3","02473","0","","1.0","","1","N","N","","0","","0","0","0","","3","N","","2","0","1","0","0","0","0","2","0","2","","","","N","","","","","","","","","",""
"2013053723","","1","0","0","0","0","0","0","0","0","4","0","","02","5","2013","3","40.449156","-79.762252","","11","0","0","0","0","0","1","1","0","2","0","0","0","","","0","","1","","40 26:56.961","2","0","79 45:44.107","0","0","0","0","2446","0","0","0","N","0","0","0","2","02446","0","","1.0","","98","N","N","","1","","0","0","0","","3","Y","","2","0","0","0","0","0","0","2","0","2","","","","N","","","","","","","","","",""
"2013055015","","2","0","0","0","0","0","0","0","0","1","0","","02","5","2013","3","40.438009","-80.004648","","11","0","0","1","0","0","0","0","0","","0","0","0","","","0","","0","","40 26:16.831","","0","80 00:16.733","0","0","0","0","2301","0","0","0","N","0","0","0","4","68B03","0","","1.0","","1","N","N","","0","","0","0","0","","0","","","3","0","0","0","0","0","0","2","1","3","","","","N","","","","","","","","","",""
"2013055291","","0","0","0","0","0","0","0","0","0","6","0","","02","5","2013","3","40.53874","-79.830103","","11","0","0","0","0","0","1","0","0","","0","0","0","","","0","","2","","40 32:19.465","","0","79 49:48.369","0","0","0","0","2208","0","0","0","N","0","0","0","3","02208","0","","1.0","","1","N","N","","1","","0","0","1","","0","","","2","0","0","0","0","0","0","2","0","2","","","","N","","","","","","","","","",""
"2013053585","","1","0","0","0","0","0","0","0","0","0","0","","02","5","2013","2","40.499464","-80.120857","","11","0","0","0","0","0","0","0","0","","0","0","0","","","1","","0","","40 29:58.069","","0","80 07:15.085","4","0","0","0","2115","0","0","0","N","0","0","0","1","68B03","1","","2.0","","1","N","N","","0","","0","0","0","","0","","","1","1","0","0","0","0","0","2","0","1","","","","N","","","","","","","","","",""
"2013055152","","1","0","0","0","0","0","0","0","0","7","0","","02","5","2013","4","","","","11","0","0","0","0","0","0","0","0","2","0","0","0","","","0","","0","","","6","0","","0","0","0","0","2102","0","0","0","N","0","0","0","2","02102","0","","2.0","","1","N","N","","0","","0","0","0","","0","Y","","1","0","1","0","0","0","0","1","0","1","","","","N","","","","","","","","","",""
"2013055164","","2","0","0","0","0","0","0","0","0","4","0","","02","5","2013","3","40.456479","-80.027132","","11","0","0","0","0","0","0","0","0","","0","0","0","","","0","","0","","40 27:23.325","","0","80 01:37.674","0","0","0","0","2301","0","0","0","N","0","0","0","0","02301","0","","1.0","","1","N","N","","0","","0","0","0","","0","","","2","0","0","0","0","0","0","2","0","2","","","","N","","","","","","","","","",""
"2013055292","","1","0","0","0","0","0","0","0","0","5","0","","02","5","2013","5","40.467831","-79.895334","","11","0","0","0","0","0","0","0","0","1","0","0","0","","","1","","0","","40 28:04.191","6","0","79 53:43.202","8","0","0","0","2301","0","0","0","N","0","0","0","2","02301","0","","6.0","","1","N","N","","0","","0","0","1","","0","Y","","2","1","0","0","0","1","0","2","0","2","","","","N","","","","","","","","","",""
"2013055017","","0","0","0","0","0","0","0","0","0","99","0","","02","5","2013","3","40.421864","-80.097678","","11","0","0","0","0","0","0","0","0","","0","0","0","","","0","","0","","40 25:18.711","","0","80 05:51.640","0","0","0","0","2115","0","0","0","N","0","0","0","1","68B03","0","","1.0","","1","N","N","","1","","0","0","0","","0","","","1","0","0","0","0","0","0","2","0","1","","","","N","","","","","","","","","",""
"2013053454","","2","0","0","0","0","0","0","0","0","4","0","","02","5","2013","7","40.426598","-79.968835","","11","0","0","0","0","0","0","0","0","","0","0","0","","","0","","1","","40 25:35.752","","0","79 58:07.806","0","0","0","0","2301","0","0","0","N","0","0","0","2","02301","0","","1.0","","1","N","N","","0","","0","0","0","","3","","","2","0","0","0","0","0","0","2","0","2","","","","N","","","","","","","","","",""
"2013053661","","2","0","0","0","0","0","0","0","0","2","0","","02","5","2013","6","40.457861","-79.903155","","11","0","0","0","0","0","0","0","0","1","0","0","0","","","1","","0","","40 27:28.299","6","0","79 54:11.358","8","0","0","0","2301","0","0","0","N","0","0","0","2","02301","0","","1.0","","1","N","N","","0","","0","0","0","","0","Y","","2","1","0","0","0","1","0","2","0","2","","","","N","","","","","","","","","",""
"2013056032","","1","0","0","0","0","0","0","0","0","1","0","","02","5","2013","2","40.350637","-79.924567","","11","0","0","0","0","0","0","0","0","","0","0","0","","","0","","2","","40 21:02.294","","0","79 55:28.441","0","0","0","0","2473","0","0","0","N","0","0","0","2","02473","0","","1.0","","1","N","N","","1","","0","0","0","","0","","","2","0","0","0","0","0","0","2","0","2","","","","N","","","","","","","","","",""
"2013053525","","2","0","0","0","0","0","0","0","0","4","0","","02","5","2013","5","40.432592","-79.751806","","11","0","0","0","0","0","1","0","0","1","0","0","0","","","0","","0","","40 25:57.331","2","0","79 45:06.500","0","0","0","0","2446","0","0","0","N","0","0","0","3","02446","0","","1.0","","9","N","N","","0","","0","0","1","","0","N","","3","0","0","0","0","0","0","2","0","3","","","","N","","","","","","","","","",""
"2013055168","","1","0","0","0","0","0","0","0","0","7","0","","02","5","2013","1","40.397513","-79.92381","","11","0","0","0","0","0","0","0","0","","0","0","0","","","1","","0","","40 23:51.048","","0","79 55:25.715","4","0","0","0","2472","0","0","0","N","0","0","0","2","02472","1","","2.0","","1","N","N","","0","","0","0","2","","0","","","3","1","0","0","0","0","0","2","0","3","","","","N","","","","","","","","","",""
"2013053741","","0","0","0","0","0","0","0","0","0","1","0","","02","5","2013","7","40.585155","-80.076304","","11","0","1","0","0","0","0","0","0","","0","0","0","","","1","","0","","40 35:06.558","","0","80 04:34.694","4","0","0","0","2481","1","0","0","N","1","0","0","2","02481","1","","1.0","","1","N","N","","0","","0","0","2","","0","","","3","1","0","0","0","0","0","2","0","2","","","","N","","","","","","","","","",""
"2013069635","","1","0","0","0","0","0","0","0","0","1","0","","02","7","2013","4","40.617082","-80.089444","","11","0","0","0","0","0","1","0","0","","0","0","0","","","0","","2","","40 37:01.494","","0","80 05:21.998","0","0","0","0","2212","0","0","0","N","0","0","0","2","02505","0","","1.0","","1","N","N","","0","","0","0","1","","1","","","2","0","0","0","0","0","0","2","0","2","","","","N","","","","","","","","","",""
"2013055715","","0","0","0","0","0","0","0","0","0","1","0","","02","5","2013","4","40.438511","-80.012046","","11","0","0","0","1","0","0","0","0","","0","0","0","","","0","","0","","40 26:18.639","","3","80 00:43.366","0","0","0","0","2301","0","0","0","N","0","0","0","3","68B03","0","","1.0","","1","N","N","","0","","0","0","3","","0","","","3","0","0","0","0","0","0","2","0","3","","","","N","","","","","","","","","",""
"2013053730","","1","0","0","0","0","0","0","0","0","7","0","","02","5","2013","5","40.441719","-79.993459","","11","0","0","0","0","0","0","1","0","","0","0","0","","","0","","0","","40 26:30.190","","2","79 59:36.453","0","0","0","0","2301","0","0","0","N","0","0","0","1","02301","0","","2.0","","9","N","N","","0","","0","0","0","","0","","","1","0","1","0","0","0","0","2","0","1","","","","N","","","","","","","","","",""
"2013055170","","1","0","0","0","0","0","0","0","0","7","0","","02","5","2013","5","40.461618","-79.966776","","11","0","0","0","0","0","0","0","0","","0","0","0","","","0","","0","","40 27:41.826","","0","79 58:00.395","0","0","0","0","2301","0","0","0","N","0","0","0","0","02301","0","","2.0","","1","N","N","","0","","0","0","0","","0","","","1","0","0","0","0","0","0","2","0","1","","","","N","","","","","","","","","",""
"2013054428","","2","0","0","0","0","0","0","0","0","1","0","","02","5","2013","2","40.429953","-79.957778","","11","0","0","0","0","0","0","0","0","1","0","0","0","","","0","","2","","40 25:47.831","2","0","79 57:27.999","0","0","0","0","2301","0","0","0","N","0","0","0","3","02301","0","","1.0","","1","N","N","","0","","0","0","0","","2","N","","2","0","0","0","0","0","0","2","0","2","","","","N","","","","","","","","","",""
"2013056023","","1","0","0","0","0","0","0","0","0","7","0","","02","5","2013","6","40.344263","-79.830004","","11","0","0","0","0","0","0","0","0","","0","0","0","","","1","","0","","40 20:39.346","","0","79 49:48.014","3","0","0","0","2304","0","0","0","N","0","0","0","1","02304","0","","2.0","","1","N","N","","0","","1","0","0","","0","","","1","1","0","0","0","0","0","2","0","1","","","","N","","","","","","","","","",""
"2013056036","","0","0","0","0","0","0","0","0","0","7","0","","02","5","2013","5","40.296496","-79.865181","","11","0","0","0","0","0","1","0","0","1","0","0","0","","","1","","0","","40 17:47.384","1","7","79 51:54.652","4","0","0","0","2443","0","0","0","N","0","0","0","1","02443","1","","2.0","","1","N","N","","1","","0","0","0","","0","N","","1","1","0","0","0","0","0","1","0","1","","","","N","","","","","","","","","",""
"2013053667","","0","0","0","0","0","0","0","0","0","8","0","","02","5","2013","6","40.428108","-79.970851","","11","0","0","0","0","1","0","0","0","","0","0","0","","","1","","0","","40 25:41.188","","0","79 58:15.064","3","0","0","0","2301","1","0","0","N","1","0","0","2","02301","0","","1.0","","1","N","N","","0","","1","0","1","","2","","","2","1","0","0","0","0","0","2","0","1","","","","N","","","","","","","","","",""
"2013056024","","0","0","0","0","0","0","0","0","0","8","0","","02","5","2013","6","40.404807","-79.990618","","11","0","0","0","1","0","0","0","0","","0","0","0","","","1","","0","","40 24:17.305","","7","79 59:26.224","3","0","0","0","2301","1","0","0","N","1","0","0","2","02301","0","","1.0","","1","N","N","","0","","1","0","1","","0","","","2","1","0","0","0","0","0","2","0","1","","","","N","","","","","","","","","",""
"2013055173","","1","0","0","0","0","0","0","0","0","1","0","","02","5","2013","4","40.440743","-79.995968","","11","0","0","0","0","0","1","0","0","","0","0","0","","","0","","1","","40 26:26.674","","0","79 59:45.484","0","0","0","0","2301","0","0","0","N","0","0","0","2","02301","0","","1.0","","1","N","N","","0","","0","0","0","","2","","","2","0","0","0","0","0","0","2","1","2","","","","N","","","","","","","","","",""
"2013056025","","1","0","0","0","0","0","0","0","0","4","1","","02","5","2013","5","40.447425","-79.942471","","11","0","0","0","1","0","0","0","0","","0","1","0","","","0","","1","","40 26:50.730","","0","79 56:32.895","0","0","0","0","2301","0","0","0","N","0","0","0","2","02301","0","","1.0","","1","N","N","","0","","0","0","0","","2","","","2","0","0","0","0","0","0","2","0","2","","","","N","","","","","","","","","",""
"2013054290","","1","0","0","0","0","0","0","0","0","1","0","","02","5","2013","2","40.449007","-79.900883","","11","0","0","0","0","0","0","0","0","","0","0","0","","","1","","0","","40 26:56.425","","0","79 54:03.179","3","0","0","0","2301","0","0","0","N","0","0","0","4","02301","0","","1.0","","1","N","N","","1","","1","0","0","","0","","","2","1","0","0","0","0","0","2","0","2","","","","N","","","","","","","","","",""
"2013056028","","0","0","0","0","0","0","0","0","0","1","0","","02","5","2013","2","40.34837","-79.944808","","11","0","0","1","0","0","0","0","0","1","0","0","0","","","0","","1","","40 20:54.133","3","0","79 56:41.310","0","0","0","0","2473","0","0","0","N","0","0","0","3","02473","0","","1.0","","1","N","N","","1","","0","0","1","","2","N","","2","0","0","0","0","0","0","2","0","2","","","","N","","","","","","","","","",""
"2013054444","","1","0","0","0","0","0","0","0","0","7","0","","02","5","2013","1","40.535005","-80.010974","","11","0","0","0","0","0","0","0","0","","0","0","0","","","1","","0","","40 32:06.018","","0","80 00:39.505","8","0","0","0","2116","0","0","0","","0","0","0","2","02116","0","","5.0","","1","","","","0","","0","0","0","","0","","","2","1","0","0","0","1","0","2","0","1","","","","N","","","","","","","","","",""
"2013055041","","1","0","0","0","0","0","0","0","0","7","0","","02","5","2013","2","40.551586","-79.817428","","11","0","0","0","0","0","0","0","0","2","0","0","0","","","0","","0","","40 33:05.710","2","0","79 49:02.740","0","0","0","0","2208","0","0","0","N","0","0","0","2","68D02","0","","4.0","","1","N","N","","0","","0","0","0","","0","N","","1","0","0","0","0","0","0","2","0","1","","","","N","","","","","","","","","",""
"2013056029","","1","0","0","0","0","0","0","0","0","7","0","","02","5","2013","6","40.437499","-80.246853","","11","0","0","0","1","0","0","0","0","1","0","0","0","","","1","","0","","40 26:14.995","3","0","80 14:48.672","4","0","0","0","2214","0","0","0","N","0","0","0","1","02214","1","","2.0","","1","N","N","","0","","0","0","0","","0","N","","1","1","0","0","0","0","0","2","0","1","","","","N","","","","","","","","","",""
"2013054445","","0","0","0","0","0","0","0","0","0","7","0","","02","5","2013","7","40.371808","-79.808833","","11","0","0","0","0","0","0","0","0","2","0","0","0","","","1","","0","","40 22:18.509","2","0","79 48:31.800","4","0","0","0","2111","0","0","0","N","0","0","0","2","02111","1","","2.0","","1","N","N","","1","","0","0","0","","0","N","","1","1","0","0","0","0","0","2","0","1","","","","N","","","","","","","","","",""
"2013056042","","1","0","0","0","0","0","0","0","0","4","0","","02","5","2013","5","","","","11","0","0","0","0","0","1","0","1","2","0","0","0","","","2","","1","","","4","0","","8","0","0","0","2473","0","0","0","N","0","0","0","3","02473","0","","1.0","","1","N","N","","1","","0","0","0","","2","Y","","2","2","0","0","0","2","0","1","0","2","","","","N","","","","","","","","","",""
"2013056030","","1","0","0","0","0","0","0","0","0","7","0","","02","5","2013","2","40.501919","-79.760136","","11","0","0","0","0","0","0","0","0","2","0","0","0","","","2","","0","","40 30:06.909","5","0","79 45:36.491","4","0","0","0","2466","0","0","0","Y","0","0","0","3","02466","2","","2.0","","1","N","N","","0","","0","0","0","","0","Y","","1","2","0","0","0","0","0","2","0","1","","","","N","","","","","","","","","",""
"2013054512","","0","0","0","0","0","0","0","0","0","7","0","","02","5","2013","3","40.431923","-79.844896","","11","0","0","0","0","0","0","0","1","","0","0","0","","","0","","2","","40 25:54.922","","0","79 50:41.625","0","0","0","0","2419","0","0","0","N","0","0","0","1","02419","0","","5.0","","9","N","N","","0","","0","0","0","","3","","","1","0","0","0","0","0","0","2","1","1","","","","N","","","","","","","","","",""
"2013053470","","1","0","0","0","0","0","0","0","0","2","0","","02","5","2013","6","40.333537","-80.133396","","11","0","0","0","0","0","1","0","0","","0","0","0","","","2","","2","","40 20:00.732","","0","80 08:00.226","8","0","0","0","2119","0","0","0","N","0","0","0","2","02119","0","","1.0","","1","N","N","","0","","0","0","1","","0","","","2","2","0","0","0","2","0","2","0","2","","","","N","","","","","","","","","",""
"2013053751","","2","0","0","0","0","0","0","0","0","4","0","","02","5","2013","6","40.545819","-79.962152","","11","0","0","0","0","0","0","1","1","1","0","0","0","","","1","","2","","40 32:44.950","2","0","79 57:43.746","8","0","0","0","2118","0","0","0","N","0","0","0","2","02118","0","","1.0","","1","N","N","","0","","0","0","0","","2","N","","2","1","0","0","0","1","0","2","0","2","","","","N","","","","","","","","","",""
"2013054513","","0","0","0","0","0","0","0","0","0","4","0","","02","5","2013","5","40.51721","-80.160536","","11","0","0","0","0","0","2","0","0","1","0","0","0","","","0","","5","","40 31:01.957","4","0","80 09:37.930","0","0","0","0","2420","0","0","0","N","0","0","0","2","02420","0","","1.0","","9","N","N","","0","","0","0","1","","2","N","","2","0","0","0","0","0","0","2","1","2","","","","N","","","","","","","","","",""
"2013069593","","1","0","0","0","0","0","0","0","0","4","0","","02","7","2013","4","40.414461","-79.988582","","11","0","0","0","0","0","1","0","0","","0","0","0","","","1","","2","","40 24:52.059","","0","79 59:18.895","4","0","0","1","2301","0","0","0","N","0","0","0","2","02301","1","","1.0","","1","N","N","","0","","0","0","0","","0","","","2","1","0","0","0","0","1","2","0","2","","","","N","","","","","","","","","",""
"2013053679","","2","0","0","0","0","0","0","0","0","5","0","","02","5","2013","7","40.429267","-79.999168","","11","0","0","0","0","0","0","0","0","1","0","0","0","","","1","","1","","40 25:45.362","1","4","79 59:57.003","4","0","0","0","2301","0","0","0","Y","0","0","0","3","02301","1","","1.0","","1","N","N","","0","","0","0","0","","0","N","","2","1","0","0","0","0","0","2","0","2","","","","N","","","","","","","","","",""
"2013056045","","1","0","0","0","0","0","0","0","0","1","0","","02","5","2013","6","40.352562","-79.85101","","11","0","0","0","0","0","1","0","0","1","0","0","0","","","1","","2","","40 21:09.223","4","0","79 51:03.637","8","0","0","1","2304","0","0","0","N","0","0","0","2","02304","0","","1.0","","1","N","N","","0","","0","0","0","","2","Y","","2","1","0","0","0","1","0","2","0","2","","","","N","","","","","","","","","",""
"2013055181","","1","0","0","0","0","0","0","0","0","7","0","","02","5","2013","3","40.306944","-79.935652","","11","0","0","0","0","0","0","0","0","","0","0","0","","","0","","0","","40 18:24.997","","0","79 56:08.346","9","0","0","0","2440","0","0","0","N","0","0","0","2","02440","0","","4.0","","1","N","N","","1","","0","0","0","","0","","","2","0","0","0","0","0","1","2","0","2","","","","N","","","","","","","","","",""
"2013056048","","0","0","0","0","0","0","0","0","0","7","0","","02","5","2013","5","40.438976","-79.831899","","11","0","0","0","0","0","0","0","0","","0","0","0","","","1","","0","","40 26:20.313","","0","79 49:54.835","2","0","1","1","2419","0","0","0","N","0","0","0","1","02419","0","","5.0","","1","N","N","","0","","0","1","0","","0","","","1","1","0","0","0","0","0","2","0","1","","","","N","","","","","","","","","",""
"2013054309","","0","0","0","0","0","0","0","0","0","6","0","","02","5","2013","2","40.340675","-79.964437","","11","0","0","1","0","0","1","0","0","2","0","0","0","","","0","","1","","40 20:26.431","2","0","79 57:51.974","0","0","0","0","2454","0","0","0","N","0","0","0","4","02454","0","","1.0","","1","N","N","","0","","0","0","2","","2","N","","2","0","0","0","0","0","0","2","0","2","","","","N","","","","","","","","","",""
"2013054438","","1","0","0","0","0","0","0","0","0","7","0","","02","5","2013","2","40.568922","-79.962111","","11","0","0","1","0","0","0","0","0","","0","0","0","","","0","","0","","40 34:08.118","","0","79 57:43.598","0","0","0","0","2207","0","0","0","","0","0","0","1","02207","0","","5.0","","1","N","N","","0","","0","0","0","","0","","","1","0","1","0","0","0","0","2","0","1","","","","N","","","","","","","","","",""
"2013053754","","1","0","0","0","0","0","0","0","0","4","0","","02","5","2013","7","40.401308","-79.880656","","11","0","0","0","1","0","0","0","0","","0","0","0","","","0","","2","","40 24:04.710","","0","79 52:50.363","0","0","0","0","2475","0","0","0","N","0","0","0","4","02475","0","","1.0","","1","N","N","","0","","0","0","1","","2","","","2","0","0","0","0","0","0","2","0","2","","","","N","","","","","","","","","",""
"2013054310","","2","0","0","0","0","0","0","0","0","4","0","","02","5","2013","2","","","","11","0","0","0","0","1","1","0","0","1","0","0","0","","","1","","0","","","1","0","","8","0","0","0","2301","0","0","0","N","0","0","0","4","02301","0","","1.0","","1","N","N","","0","","0","0","0","","2","N","","2","1","0","0","0","1","0","1","0","2","","","","N","","","","","","","","","",""
"2013053695","","1","0","0","0","0","0","0","0","0","7","0","","02","5","2013","5","40.416996","-80.057048","","11","0","0","0","0","0","1","0","0","","0","0","0","","","1","","0","","40 25:01.185","","0","80 03:25.374","8","0","0","0","2435","0","0","0","Y","0","0","0","1","68B03","0","","2.0","","9","N","N","","0","","0","0","0","","0","","","1","1","0","0","0","1","0","2","0","1","","","","N","","","","","","","","","",""
"2013053755","","1","0","0","0","0","0","0","0","0","5","0","","02","5","2013","7","40.454076","-79.932181","","11","0","0","0","0","0","0","0","0","","0","0","0","","","0","","0","","40 27:14.673","","0","79 55:55.851","0","0","0","0","2301","0","0","0","N","0","0","0","1","02301","0","","1.0","","1","N","N","","2","","0","0","1","","0","","","4","0","0","0","0","0","0","2","0","4","","","","N","","","","","","","","","",""
"2013055803","","2","0","0","0","0","0","0","0","0","1","0","90","02","5","2013","6","40.486778","-80.106472","","11","0","0","0","0","0","0","1","1","","0","0","0","","","0","","0","","40 29:12.400","","0","80 06:23.300","0","0","0","0","2126","0","0","0","N","0","0","0","2","02126","0","","1.0","","1","N","N","","0","","0","0","0","","7","","","2","0","0","0","0","0","0","2","0","2","","","Y","Y","4","3","","Y","N","Y","","","Y",""
"2013053554","","1","0","0","0","0","0","0","0","0","6","0","","02","5","2013","6","40.39584","-80.03308","","11","0","0","0","0","0","2","0","0","1","0","0","0","","","1","","0","","40 23:45.025","2","0","80 01:59.087","8","0","0","1","2301","0","0","0","N","0","0","0","2","02301","0","","1.0","","1","N","N","","0","","0","0","0","","2","N","","2","1","0","0","0","1","0","2","0","2","","","","N","","","","","","","","","",""