"CRN","ARRIVAL_TM","AUTOMOBILE_COUNT","BELTED_DEATH_COUNT","BELTED_SUSP_SERIOUS_INJ_COUNT","BICYCLE_COUNT","BICYCLE_DEATH_COUNT","BICYCLE_SUSP_SERIOUS_INJ_COUNT","BUS_COUNT","CHLDPAS_DEATH_COUNT","CHLDPAS_SUSP_SERIOUS_INJ_COUNT","COLLISION_TYPE","COMM_VEH_COUNT","CONS_ZONE_SPD_LIM","COUNTY","CRASH_MONTH","CRASH_YEAR","DAY_OF_WEEK","DEC_LATITUDE","DEC_LONGITUDE","DISPATCH_TM","DISTRICT","DRIVER_COUNT_16YR","DRIVER_COUNT_17YR","DRIVER_COUNT_18YR","DRIVER_COUNT_19YR","DRIVER_COUNT_20YR","DRIVER_COUNT_50_64YR","DRIVER_COUNT_65_74YR","DRIVER_COUNT_75PLUS","EST_HRS_CLOSED","FATAL_COUNT","HEAVY_TRUCK_COUNT","HORSE_BUGGY_COUNT","HOUR_OF_DAY","ILLUMINATION","INJURY_COUNT","INTERSECTION_RELATED","INTERSECT_TYPE","LANE_CLOSED","LATITUDE","LN_CLOSE_DIR","LOCATION_TYPE","LONGITUDE","MAX_SEVERITY_LEVEL","MCYCLE_DEATH_COUNT","MCYCLE_SUSP_SERIOUS_INJ_COUNT","MOTORCYCLE_COUNT","MUNICIPALITY","NONMOTR_COUNT","NONMOTR_DEATH_COUNT","NONMOTR_SUSP_SERIOUS_INJ_COUNT","NTFY_HIWY_MAINT","PED_COUNT","PED_DEATH_COUNT","PED_SUSP_SERIOUS_INJ_COUNT","PERSON_COUNT","POLICE_AGCY","POSSIBLE_INJ_COUNT","RDWY_SURF_TYPE_CD","RELATION_TO_ROAD","ROADWAY_CLEARED","ROAD_CONDITION","SCH_BUS_IND","SCH_ZONE_IND","SECONDARY_CRASH","SMALL_TRUCK_COUNT","SPEC_JURIS_CD","SUSP_MINOR_INJ_COUNT","SUSP_SERIOUS_INJ_COUNT","SUV_COUNT","TCD_FUNC_CD","TCD_TYPE","TFC_DETOUR_IND","TIME_OF_DAY","TOTAL_UNITS","TOT_INJ_COUNT","UNBELTED_OCC_COUNT","UNB_DEATH_COUNT","UNB_SUSP_SERIOUS_INJ_COUNT","UNK_INJ_DEG_COUNT","UNK_INJ_PER_COUNT","URBAN_RURAL","VAN_COUNT","VEHICLE_COUNT","WEATHER1","WEATHER2","WORKERS_PRES","WORK_ZONE_IND","WORK_ZONE_LOC","WORK_ZONE_TYPE","WZ_CLOSE_DETOUR","WZ_FLAGGER","WZ_LAW_OFFCR_IND","WZ_LN_CLOSURE","WZ_MOVING","WZ_OTHER","WZ_SHLDER_MDN","WZ_WORKERS_INJ_KILLED"
"2013061158","","1","0","0","0","0","0","0","0","0","7","0","","02","6","2013","7","40.438062","-80.049436","","11","0","0","0","0","0","0","0","0","1","0","0","0","","","0","","2","","40 26:17.024","6","0","80 02:57.970","0","0","0","0","2301","0","0","0","N","0","0","0","1","02301","0","","2.0","","1","N","N","","0","","0","0","0","","0","N","","1","0","0","0","0","0","0","2","0","1","","","","N","","","","","","","","","",""
"2013059748","","1","0","0","1","0","0","0","0","0","8","0","","02","6","2013","2","40.447062","-79.947299","","11","0","0","0","0","0","0","0","0","1","0","0","0","","","1","","1","","40 26:49.423","3","0","79 56:50.276","3","0","0","0","2301","1","0","0","N","0","0","0","2","02301","0","","1.0","","1","N","N","","0","","1","0","0","","2","N","","2","1","0","0","0","0","1","2","0","1","","","","N","","","","","","","","","",""
"2013054902","","1","0","0","0","0","0","0","0","0","7","0","","02","5","2013","4","40.471581","-80.026549","","11","0","0","0","0","0","0","0","0","","0","0","0","","","1","","0","","40 28:17.692","","0","80 01:35.578","8","0","0","0","2301","0","0","0","N","0","0","0","1","02301","0","","5.0","","1","N","N","","0","","0","0","0","","0","","","1","1","0","0","0","1","0","2","0","1","","","","N","","","","","","","","","",""
"2013060294","","1","0","0","0","0","0","0","0","0","1","0","","02","5","2013","6","40.323554","-79.787886","","11","0","0","0","0","0","0","0","0","","0","0","0","","","0","","0","","40 19:24.794","","0","79 47:16.391","0","0","0","0","2477","0","0","0","N","0","0","0","4","02477","0","","1.0","","1","N","","","0","","0","0","2","","0","","","3","0","0","0","0","0","0","2","0","3","","","","N","","","","","","","","","",""
"2013061173","","2","0","0","0","0","0","0","0","0","1","0","","02","6","2013","7","40.521615","-79.840893","","11","1","0","0","0","0","0","0","0","","0","0","0","","","0","","0","","40 31:17.814","","0","79 50:27.214","0","0","0","0","2451","0","0","0","N","0","0","0","1","02451","0","","4.0","","1","N","N","","0","","0","0","0","","0","","","2","0","1","0","0","0","0","2","0","2","","","","N","","","","","","","","","",""
"2013062046","","1","0","0","0","0","0","0","0","0","8","0","","02","6","2013","5","40.462146","-79.949958","","11","0","0","0","0","0","1","0","0","","0","0","0","","","1","","1","","40 27:43.725","","0","79 56:59.848","3","0","0","0","2301","1","0","0","N","1","0","0","2","02301","0","","1.0","","1","N","N","","0","","1","0","0","","2","","","2","1","0","0","0","0","0","2","0","1","","","","N","","","","","","","","","",""
"2013061730","","1","0","0","0","0","0","0","0","0","1","0","","02","6","2013","2","40.604304","-79.757375","","11","0","0","0","0","0","0","0","0","","0","0","0","","","1","","0","","40 36:15.494","","0","79 45:26.550","8","0","0","0","2464","0","0","0","N","0","0","0","2","02464","0","","1.0","","1","N","N","","0","","0","0","1","","2","","","2","1","0","0","0","1","0","2","0","2","","","","N","","","","","","","","","",""
"2013059485","","1","0","0","1","0","0","0","0","0","8","0","","02","6","2013","2","40.454901","-80.014852","","11","0","0","0","0","0","0","0","0","","0","0","0","","","1","","0","","40 27:17.643","","0","80 00:53.467","8","0","0","0","2301","1","0","0","N","0","0","0","2","02301","0","","6.0","","1","N","N","","0","","0","0","0","","0","","","2","1","1","0","0","1","0","2","0","1","","","","N","","","","","","","","","",""
"2013061235","","0","0","0","0","0","0","0","0","0","8","0","","02","6","2013","7","40.405346","-80.083643","","11","0","0","0","0","0","1","0","0","","0","0","0","","","2","","0","","40 24:19.244","","0","80 05:01.116","2","0","0","0","2415","1","0","0","N","1","0","0","2","02415","0","","4.0","","1","N","N","","0","","1","1","0","","0","","","2","2","1","0","1","0","0","2","1","1","","","","N","","","","","","","","","",""
"2013060501","","1","0","0","0","0","0","0","0","0","7","0","","02","6","2013","5","40.454244","-79.883877","","11","0","0","0","0","0","0","0","0","3","0","0","0","","","0","","0","","40 27:15.280","3","0","79 53:01.957","9","0","0","0","2301","0","0","0","N","0","0","0","1","02301","0","","4.0","","9","N","N","","0","","0","0","0","","0","Y","","1","0","0","0","0","0","1","2","0","1","","","","N","","","","","","","","","",""
"2013061236","","0","0","0","0","0","0","0","0","0","7","0","","02","6","2013","7","40.44139","-80.040458","","11","0","0","0","0","0","0","0","0","","0","0","0","","","0","","2","","40 26:29.004","","0","80 02:25.648","9","0","0","0","2301","0","0","0","N","0","0","0","1","02301","0","","5.0","","1","N","N","","0","","0","0","0","","0","","","1","0","0","0","0","0","1","2","1","1","","","","N","","","","","","","","","",""
"2013053436","","1","0","0","0","0","0","0","0","0","4","0","","02","5","2013","6","40.530875","-79.770156","","11","0","0","0","0","0","1","0","0","","0","0","0","","","1","","0","","40 31:51.150","","0","79 46:12.563","4","0","0","0","2466","0","0","0","N","0","0","0","2","02466","1","","1.0","","9","N","N","","1","","0","0","0","","0","","","2","1","0","0","0","0","0","1","0","2","","","","N","","","","","","","","","",""
"2013059753","","1","0","0","0","0","0","0","0","0","99","0","","02","6","2013","2","40.427861","-79.980668","","11","0","0","0","0","0","0","0","0","","0","0","0","","","0","","1","","40 25:40.299","","0","79 58:50.404","0","0","0","0","2301","0","0","0","N","0","0","0","4","02301","0","","1.0","","1","N","N","","1","","0","0","0","","2","","","2","0","0","0","0","0","0","2","0","2","","","","N","","","","","","","","","",""
"2013054202","","2","0","0","0","0","0","0","0","0","4","0","","02","5","2013","4","40.419978","-80.09148","","11","0","0","0","0","0","1","0","0","1","0","0","0","","","0","","0","","40 25:11.920","4","0","80 05:29.328","0","0","0","0","2457","0","0","0","N","0","0","0","4","68B03","0","","1.0","","1","N","N","","0","","0","0","0","","0","N","","2","0","0","0","0","0","0","2","0","2","","","","N","","","","","","","","","",""
"2013060977","","1","0","0","0","0","0","0","0","0","4","0","","02","6","2013","7","40.393163","-80.050345","","11","0","0","1","0","0","0","1","0","1","0","0","0","","","1","","1","","40 23:35.386","5","0","80 03:01.242","4","0","0","0","2109","0","0","0","N","0","0","0","4","02109","1","","1.0","","1","N","N","","0","","0","0","1","","3","Y","","2","1","2","0","0","0","0","2","0","2","","","","N","","","","","","","","","",""
"2013054203","","2","0","0","0","0","0","0","0","0","7","0","","02","5","2013","4","40.429546","-79.956872","","11","0","0","0","0","0","0","0","0","1","0","0","0","","","2","","2","","40 25:46.365","3","0","79 57:24.738","4","0","0","0","2301","0","0","0","N","0","0","0","2","68B03","2","","4.0","","1","N","N","","0","","0","0","0","","0","N","","2","2","0","0","0","0","0","2","0","2","","","","N","","","","","","","","","",""
"2013060978","","0","0","0","0","0","0","0","0","0","7","0","","02","6","2013","2","40.389069","-80.055713","","11","0","0","0","0","0","0","0","0","","0","0","0","","","0","","0","","40 23:20.648","","0","80 03:20.566","0","0","0","0","2109","0","0","0","N","0","0","0","3","02109","0","","5.0","","9","N","N","","0","","0","0","1","","0","","","1","0","0","0","0","0","0","2","0","1","","","","N","","","","","","","","","",""
"2013054204","","1","0","0","0","0","0","0","0","0","7","0","","02","5","2013","5","40.443278","-79.782769","","11","0","0","0","0","0","0","0","0","","0","0","0","","","0","","0","","40 26:35.801","","0","79 46:57.969","0","0","0","0","2446","0","0","0","N","0","0","0","1","68B03","0","","4.0","","9","N","N","","0","","0","0","0","","0","","","1","0","0","0","0","0","0","2","0","1","","","","N","","","","","","","","","",""
"2013060979","","1","0","0","0","0","0","0","0","0","7","0","","02","6","2013","3","40.384548","-80.033388","","11","1","0","0","0","0","0","0","0","2","0","0","0","","","0","","2","","40 23:04.372","1","0","80 02:00.196","0","0","0","0","2109","0","0","0","N","0","0","0","1","02109","0","","4.0","","1","N","N","","0","","0","0","0","","0","N","","1","0","0","0","0","0","0","2","0","1","","","","N","","","","","","","","","",""
"2013059490","","2","0","0","0","0","0","0","0","0","1","0","","02","6","2013","2","40.438301","-79.897062","","11","0","0","0","0","0","1","0","0","","0","0","0","","","0","","1","","40 26:17.883","","0","79 53:49.423","0","0","0","0","2301","0","0","0","N","0","0","0","2","02301","0","","1.0","","1","N","N","","0","","0","0","0","","0","","","2","0","0","0","0","0","0","2","0","2","","","","N","","","","","","","","","",""
"2013060301","","2","0","0","0","0","0","0","0","0","1","0","","02","6","2013","4","40.442213","-79.760137","","11","0","0","0","0","0","1","0","0","","0","0","0","","","1","","0","","40 26:31.967","","0","79 45:36.494","8","0","0","0","2446","0","0","0","N","0","0","0","3","02446","0","","1.0","","1","N","N","","0","","0","0","0","","0","","","2","1","0","0","0","1","0","2","0","2","","","","N","","","","","","","","","",""
"2013060380","","0","0","0","0","0","0","0","0","0","7","0","","02","6","2013","6","40.330922","-80.138874","","11","0","0","0","0","0","0","0","0","3","0","0","0","","","0","","0","","40 19:51.319","2","0","80 08:19.948","0","0","0","0","2119","0","0","0","Y","0","0","0","1","68B03","0","","3.0","","1","N","N","","0","","0","0","1","","0","N","","1","0","1","0","0","0","0","2","0","1","","","","N","","","","","","","","","",""
"2013061179","","1","0","0","0","0","0","0","0","0","5","1","","02","6","2013","5","40.633093","-80.097955","","11","0","0","0","1","0","1","0","0","2","0","1","0","","","0","","0","","40 37:59.135","2","0","80 05:52.639","0","0","0","0","2212","0","0","0","Y","0","0","0","2","68B03","0","","1.0","","1","N","N","","0","","0","0","0","","0","N","","2","0","0","0","0","0","0","2","0","2","","","","N","","","","","","","","","",""
"2013060980","","1","0","0","0","0","0","0","0","0","1","0","","02","6","2013","4","40.372151","-80.077541","","11","0","0","0","0","0","2","0","0","1","0","0","0","","","0","","0","","40 22:19.745","4","0","80 04:39.148","0","0","0","0","2109","0","0","0","N","0","0","0","2","02109","0","","1.0","","1","N","N","","0","","0","0","1","","2","Y","","2","0","0","0","0","0","0","2","0","2","","","","N","","","","","","","","","",""
"2013060381","","1","0","0","0","0","0","0","0","0","99","0","","02","6","2013","7","40.431035","-80.137283","","11","0","0","0","0","0","0","0","0","","0","0","0","","","0","","0","","40 25:51.725","","0","80 08:14.219","0","0","0","0","2115","0","0","0","Y","0","0","0","1","68B03","0","","1.0","","1","N","N","","0","","0","0","0","","0","","","1","0","0","0","0","0","0","2","0","1","","","","N","","","","","","","","","",""
"2013061180","","0","0","0","0","0","0","0","0","0","99","0","","02","6","2013","5","40.40746","-80.107806","","11","0","0","0","0","0","0","0","0","","0","0","0","","","0","","0","","40 24:26.856","","0","80 06:28.101","0","0","0","0","2102","0","0","0","N","0","0","0","1","68B03","0","","1.0","","1","N","N","","0","","0","0","1","","0","","","1","0","0","0","0","0","0","2","0","1","","","","N","","","","","","","","","",""
"2013062053","","1","0","0","0","0","0","0","0","0","2","0","","02","6","2013","3","40.345179","-79.976607","","11","0","0","0","0","0","0","0","0","2","0","0","0","","","1","","0","","40 20:42.646","4","0","79 58:35.786","8","0","0","0","2476","0","0","0","N","0","0","0","2","02476","0","","1.0","","1","N","N","","0","","0","0","1","","0","Y","","2","1","0","0","0","1","0","2","0","2","","","","N","","","","","","","","","",""
"2013060522","","1","0","0","0","0","0","0","0","0","1","0","","02","6","2013","3","40.442026","-80.159073","","11","0","0","1","0","0","1","0","0","1","0","0","0","","","2","","0","","40 26:31.293","3","0","80 09:32.663","4","0","0","0","2115","0","0","0","N","0","0","0","3","68B03","2","","1.0","","1","N","N","","0","","0","0","1","","0","Y","","2","2","0","0","0","0","0","2","0","2","","","","N","","","","","","","","","",""
"2013060582","","0","0","0","0","0","0","0","0","0","0","0","","02","1","2013","5","40.32441","-79.907978","","11","0","0","0","0","0","0","0","0","1","0","0","0","","","1","","0","","40 19:27.876","4","0","79 54:28.720","4","0","0","0","2473","0","0","0","N","0","0","0","1","02473","1","","4.0","","1","N","N","","0","","0","0","1","","0","N","","1","1","0","0","0","0","0","2","0","1","","","","N","","","","","","","","","",""
"2013060594","","1","0","0","0","0","0","0","0","0","4","0","","02","6","2013","5","40.438078","-79.994416","","11","0","0","0","0","0","0","0","0","","0","0","0","","","1","","1","","40 26:17.079","","0","79 59:39.896","4","0","0","0","2301","0","0","0","N","0","0","0","2","02301","1","","1.0","","9","N","N","","0","","0","0","1","","2","","","2","1","0","0","0","0","0","2","0","2","","","","N","","","","","","","","","",""
"2013059157","","1","0","0","0","0","0","0","0","0","99","0","","02","6","2013","1","40.310094","-79.937281","","11","0","0","0","0","0","0","0","0","","0","0","0","","","0","","0","","40 18:36.339","","0","79 56:14.213","0","0","0","0","2440","0","0","0","N","0","0","0","1","02440","0","","1.0","","1","N","N","","0","","0","0","0","","0","","","1","0","0","0","0","0","0","2","0","1","","","","N","","","","","","","","","",""
"2013059914","","1","0","0","0","0","0","0","0","0","7","0","","02","6","2013","2","40.383719","-79.95453","","11","0","1","0","0","0","0","0","0","1","0","0","0","","","1","","0","","40 23:01.388","6","0","79 57:16.308","8","0","0","0","2403","0","0","0","N","0","0","0","1","02403","0","","5.0","","9","N","N","","0","","0","0","0","","0","Y","","1","1","0","0","0","1","0","2","0","1","","","","N","","","","","","","","","",""
"2013060523","","1","0","0","0","0","0","0","0","0","1","0","","02","6","2013","3","40.388117","-80.098565","","11","0","0","0","0","0","0","0","0","","0","0","0","","","0","","0","","40 23:17.220","","0","80 05:54.835","0","0","0","0","2102","0","0","0","N","0","0","0","2","68B03","0","","1.0","","1","N","N","","0","","0","0","1","","0","","","2","0","0","0","0","0","0","2","0","2","","","","N","","","","","","","","","",""
"2013060524","","1","0","0","0","0","0","0","0","0","99","0","","02","6","2013","4","40.332618","-80.137655","","11","0","0","0","0","0","0","0","0","","0","0","0","","","0","","0","","40 19:57.423","","0","80 08:15.557","0","0","0","0","2119","0","0","0","N","0","0","0","1","68B03","0","","1.0","","1","N","N","","0","","0","0","0","","0","","","1","0","0","0","0","0","0","2","0","1","","","","N","","","","","","","","","",""
"2013059916","","1","0","0","0","0","0","0","0","0","1","0","","02","6","2013","3","40.526186","-79.843571","","11","0","0","0","0","0","0","0","0","","0","0","0","","","1","","2","","40 31:34.268","","0","79 50:36.856","8","0","0","0","2451","0","0","0","N","0","0","0","3","02451","0","","1.0","","9","N","N","","0","","0","0","1","","0","","","2","1","0","0","0","1","0","2","0","2","","","","N","","","","","","","","","",""
"2013061529","","0","0","0","0","0","0","0","0","0","7","0","","02","6","2013","1","40.39851","-80.027607","","11","0","0","0","0","0","0","0","0","1","0","0","0","","","0","","2","","40 23:54.636","3","0","80 01:39.385","0","0","0","0","2301","0","0","0","N","0","0","0","1","02301","0","","5.0","","1","N","N","","0","","0","0","1","","0","Y","","1","0","0","0","0","0","0","2","0","1","","","","N","","","","","","","","","",""
"2013061544","","1","0","0","1","0","0","0","0","0","8","0","","02","6","2013","1","40.449819","-79.929656","","11","0","0","0","0","0","0","0","0","1","0","0","0","","","1","","2","","40 26:59.348","2","0","79 55:46.761","3","0","0","0","2301","1","0","0","N","0","0","0","2","02301","0","","1.0","","1","N","N","","0","","1","0","0","","2","N","","2","1","0","0","0","0","0","2","0","1","","","","N","","","","","","","","","",""
"2013060525","","1","0","0","0","0","0","0","0","0","1","0","","02","6","2013","4","40.439524","-80.228021","","11","0","0","0","0","1","0","0","0","","0","0","0","","","2","","0","","40 26:22.285","","0","80 13:40.875","8","0","0","0","2214","0","0","0","N","0","0","0","2","68B03","0","","1.0","","1","N","N","","0","","0","0","0","","0","","","2","2","0","0","0","2","0","2","1","2","","","","N","","","","","","","","","",""
"2013059147","","0","0","0","0","0","0","0","0","0","7","0","","02","5","2013","3","40.381588","-79.817861","","11","0","0","0","0","0","0","1","0","1","0","0","0","","","0","","0","","40 22:53.718","1","0","79 49:04.299","0","0","0","0","2111","0","0","0","Y","0","0","0","2","02111","0","","2.0","","9","N","N","","2","","0","0","0","","0","N","","2","0","0","0","0","0","0","2","0","2","","","","N","","","","","","","","","",""
"2013059917","","1","0","0","0","0","0","0","0","0","4","0","","02","6","2013","3","40.460301","-79.842632","","11","0","0","0","0","1","0","0","0","","0","0","0","","","0","","0","","40 27:37.085","","7","79 50:33.475","0","0","0","0","2113","0","0","0","N","0","0","0","2","02113","0","","1.0","","9","N","N","","0","","0","0","0","","0","","","2","0","0","0","0","0","0","2","1","2","","","","N","","","","","","","","","",""
"2013060666","","1","0","0","0","0","0","0","0","0","7","0","","02","6","2013","4","40.434836","-79.889388","","11","0","0","0","0","0","1","0","0","2","0","0","0","","","1","","2","","40 26:05.409","6","0","79 53:21.796","4","0","0","0","2426","0","0","0","N","0","0","0","1","02426","1","","5.0","","1","N","N","","0","","0","0","0","","3","Y","","1","1","0","0","0","0","0","2","0","1","","","","N","","","","","","","","","",""
"2013061325","","2","0","0","0","0","0","0","0","0","1","0","90","02","6","2013","7","40.448082","-79.991587","","11","0","0","0","0","0","1","0","0","2","0","0","0","","","0","","3","","40 26:53.095","4","2","79 59:29.714","0","0","0","0","2301","0","0","0","N","0","0","0","2","02301","0","","1.0","","1","N","N","","0","","0","0","0","","3","N","","2","0","0","0","0","0","0","2","0","2","","","N","Y","2","2","","","N","Y","","","",""
"2013061532","","0","0","0","0","0","0","0","0","0","7","0","","02","6","2013","1","40.585182","-80.068807","","11","0","0","0","0","0","0","0","0","4","0","0","0","","","0","","2","","40 35:06.655","2","0","80 04:07.705","0","0","0","0","2481","0","0","0","N","0","0","0","1","02481","0","","5.0","","9","N","N","","0","","0","0","1","","0","N","","1","0","0","0","0","0","0","2","0","1","","","","N","","","","","","","","","",""
"2013060804","","1","0","0","0","0","0","0","0","0","7","0","","02","6","2013","5","40.576345","-80.107195","","11","0","0","0","0","0","1","0","0","1","0","0","0","","","1","","0","","40 34:34.843","1","0","80 06:25.902","3","0","0","0","2481","0","0","0","N","0","0","0","1","02481","0","","2.0","","1","N","N","","0","","1","0","0","","0","N","","1","1","0","0","0","0","0","2","0","1","","","","N","","","","","","","","","",""
"2013060588","","2","0","0","0","0","0","0","0","0","6","0","","02","6","2013","5","40.451671","-80.041968","","11","0","0","0","0","0","0","0","0","","0","0","0","","","1","","2","","40 27:06.015","","0","80 02:31.084","4","0","0","0","2301","0","0","0","N","0","0","0","2","02301","1","","1.0","","1","N","N","","0","","0","0","0","","9","","","2","1","0","0","0","0","0","2","0","2","","","","N","","","","","","","","","",""
"2013059305","","3","0","0","0","0","0","0","0","0","4","0","","02","6","2013","3","40.433147","-79.918439","","11","0","0","0","0","0","0","0","0","","0","0","0","","","0","","0","","40 25:59.329","","0","79 55:06.380","0","0","0","0","2301","0","0","0","N","0","0","0","1","02301","0","","1.0","","1","N","N","","0","","0","0","0","","0","","","3","0","0","0","0","0","0","2","0","3","","","","N","","","","","","","","","",""
"2013060805","","2","0","0","0","0","0","0","0","0","4","0","","02","6","2013","5","40.438871","-79.760628","","11","0","0","0","0","0","1","0","0","1","0","0","0","","","0","","0","","40 26:19.934","2","0","79 45:38.259","0","0","0","0","2446","0","0","0","N","0","0","0","2","02446","0","","1.0","","9","N","N","","0","","0","0","0","","0","N","","2","0","0","0","0","0","0","2","0","2","","","","N","","","","","","","","","",""
"2013061534","","1","0","0","0","0","0","0","0","0","8","0","","02","6","2013","1","40.331467","-79.84445","","11","0","0","0","0","0","0","0","0","","0","0","0","","","1","","0","","40 19:53.281","","0","79 50:40.019","8","0","0","0","2304","1","0","0","N","1","0","0","2","02304","0","","1.0","","1","N","N","","0","","0","0","0","","0","","","2","1","0","0","0","1","0","2","0","1","","","","N","","","","","","","","","",""
"2013059858","","0","0","0","0","0","0","0","0","0","7","0","","02","6","2013","3","40.352081","-79.844852","","11","0","0","0","0","0","0","0","0","","0","0","0","","","0","","2","","40 21:07.491","","0","79 50:41.467","0","0","0","0","2304","0","0","0","N","0","0","0","1","02304","0","","5.0","","9","N","N","","1","","0","0","0","","0","","","1","0","1","0","0","0","0","2","0","1","","","","N","","","","","","","","","",""
"2013061408","","1","0","0","0","0","0","0","0","0","1","0","","02","6","2013","1","40.351868","-79.850907","","11","0","0","0","0","0","0","0","0","","0","0","0","","","1","","0","","40 21:06.724","","0","79 51:03.265","8","0","0","0","2304","0","0","0","N","0","0","0","3","02304","0","","1.0","","9","N","N","","0","","0","0","0","","0","","","2","1","0","0","0","1","0","2","1","2","","","","N","","","","","","","","","",""
"2013059307","","0","0","0","0","0","0","0","0","0","7","0","","02","6","2013","2","40.62673","-79.896216","","11","0","0","0","0","0","0","0","0","1","0","0","0","","","0","","0","","40 37:36.227","5","0","79 53:46.377","0","0","0","0","2220","0","0","0","Y","0","0","0","1","02220","0","","2.0","","9","N","N","","0","","0","0","0","","0","N","","1","0","0","0","0","0","0","1","1","1","","","","N","","","","","","","","","",""
"2013061410","","1","0","0","0","0","0","0","0","0","1","0","","02","6","2013","1","40.465625","-79.825133","","11","0","0","0","0","0","0","0","0","","0","0","0","","","0","","2","","40 27:56.249","","0","79 49:30.480","0","0","0","0","2113","0","0","0","N","0","0","0","2","02113","0","","1.0","","9","N","N","","1","","0","0","0","","2","","","2","0","0","0","0","0","0","2","0","2","","","","N","","","","","","","","","",""
"2013059166","","1","0","0","0","0","0","0","0","0","1","0","","02","6","2013","4","40.330631","-79.945518","","11","0","0","0","0","0","0","0","0","3","0","0","0","","","1","","0","","40 19:50.270","7","0","79 56:43.864","8","0","0","1","2454","0","0","0","N","0","0","0","3","02454","0","","1.0","","1","N","N","","0","","0","0","1","","0","Y","","3","1","0","0","0","1","0","2","0","3","","","","N","","","","","","","","","",""
"2013061475","","2","0","0","0","0","0","0","0","0","5","0","","02","5","2013","4","40.563224","-80.08803","","11","0","0","0","0","0","1","0","0","","0","0","0","","","1","","0","","40 33:47.607","","0","80 05:16.909","4","0","0","0","2481","0","0","0","N","0","0","0","2","68B03","1","","1.0","","1","N","N","","0","","0","0","0","","0","","","2","1","0","0","0","0","0","2","0","2","","","","N","","","","","","","","","",""
"2013059168","","1","0","0","0","0","0","0","0","0","1","0","","02","6","2013","1","40.352558","-79.839606","","11","0","0","0","0","0","2","0","0","","0","0","0","","","0","","0","","40 21:09.208","","0","79 50:22.582","0","0","0","0","2304","0","0","0","N","0","0","0","2","02304","0","","1.0","","1","N","N","","1","","0","0","0","","2","","","2","0","0","0","0","0","0","2","0","2","","","","N","","","","","","","","","",""
"2013061476","","2","0","0","0","0","0","0","0","0","1","0","","02","6","2013","2","40.448424","-80.008367","","11","0","0","0","0","0","0","0","0","","0","0","0","","","0","","0","","40 26:54.326","","2","80 00:30.120","0","0","0","0","2301","0","0","0","N","0","0","0","2","68B03","0","","1.0","","1","N","N","","0","","0","0","0","","4","","","2","0","0","0","0","0","0","2","0","2","","","","N","","","","","","","","","",""
"2013062082","","2","0","0","0","0","0","0","0","0","5","0","","02","6","2013","7","40.356637","-79.896448","","11","0","0","0","0","0","1","0","0","1","0","0","0","","","1","","2","","40 21:23.894","4","7","79 53:47.212","8","0","0","0","2304","0","0","0","N","0","0","0","4","02304","0","","1.0","","1","N","N","","0","","0","0","0","","0","Y","","2","1","0","0","0","1","0","2","0","2","","","","N","","","","","","","","","",""
"2013060593","","0","0","0","0","0","0","0","0","0","7","0","","02","6","2013","5","40.45424","-80.00418","","11","0","0","0","0","0","0","0","0","","0","0","0","","","0","","0","","40 27:15.265","","0","80 00:15.048","0","0","0","0","2301","0","0","0","N","0","0","0","1","02301","0","","5.0","","1","N","N","","0","","0","0","0","","0","","","1","0","0","0","0","0","0","2","1","1","","","","N","","","","","","","","","",""
"2013059106","","1","0","0","0","0","0","0","0","0","2","0","","02","6","2013","7","40.434321","-79.749672","","11","0","0","0","0","1","0","0","0","","0","0","0","","","0","","0","","40 26:03.556","","0","79 44:58.819","0","0","0","0","2446","0","0","0","N","0","0","0","2","02446","0","","1.0","","1","N","N","","0","","0","0","0","","0","","","2","0","0","0","0","0","0","2","1","2","","","","N","","","","","","","","","",""
"2013059861","","0","0","0","0","0","0","0","0","0","4","0","","02","6","2013","2","40.449764","-80.176203","","11","0","0","0","0","0","1","0","0","","0","0","0","","","0","","2","","40 26:59.150","","7","80 10:34.330","0","0","0","0","2214","0","0","0","N","0","0","0","3","02214","0","","1.0","","9","N","N","","1","","0","0","0","","2","","","2","0","0","0","0","0","0","2","1","2","","","","N","","","","","","","","","",""
"2013061477","","1","0","0","0","0","0","0","0","0","1","0","","02","6","2013","5","40.429153","-79.943635","","11","0","0","0","0","0","1","1","0","","0","0","0","","","1","","0","","40 25:44.949","","0","79 56:37.086","4","0","0","0","2301","0","0","0","N","0","0","0","2","68B03","1","","1.0","","1","N","N","","1","","0","0","0","","0","","","2","1","0","0","0","0","0","2","0","2","","","","N","","","","","","","","","",""
"2013062003","","2","0","1","0","0","0","0","0","0","6","1","","02","6","2013","3","40.459781","-79.971364","","11","0","0","0","0","0","2","0","0","1","0","1","0","","","2","","1","","40 27:35.212","3","0","79 58:16.911","2","0","0","0","2301","0","0","0","N","0","0","0","4","02301","0","","1.0","","1","N","N","","0","","1","1","0","","1","Y","","3","2","0","0","0","0","0","2","0","3","","","","N","","","","","","","","","",""
"2013061414","","1","0","0","0","0","0","0","0","0","1","0","15","02","6","2013","2","40.458659","-79.985847","","11","0","0","0","0","0","0","0","1","2","0","0","0","","","0","","0","","40 27:31.171","6","99","79 59:09.049","9","0","0","0","2301","0","0","0","Y","0","0","0","3","02301","0","","1.0","","9","N","N","","0","","0","0","0","","8","N","","3","0","0","0","0","0","2","2","0","3","","","U","Y","1","1","","","N","Y","","","Y",""