"CRN","ARRIVAL_TM","AUTOMOBILE_COUNT","BELTED_DEATH_COUNT","BELTED_SUSP_SERIOUS_INJ_COUNT","BICYCLE_COUNT","BICYCLE_DEATH_COUNT","BICYCLE_SUSP_SERIOUS_INJ_COUNT","BUS_COUNT","CHLDPAS_DEATH_COUNT","CHLDPAS_SUSP_SERIOUS_INJ_COUNT","COLLISION_TYPE","COMM_VEH_COUNT","CONS_ZONE_SPD_LIM","COUNTY","CRASH_MONTH","CRASH_YEAR","DAY_OF_WEEK","DEC_LATITUDE","DEC_LONGITUDE","DISPATCH_TM","DISTRICT","DRIVER_COUNT_16YR","DRIVER_COUNT_17YR","DRIVER_COUNT_18YR","DRIVER_COUNT_19YR","DRIVER_COUNT_20YR","DRIVER_COUNT_50_64YR","DRIVER_COUNT_65_74YR","DRIVER_COUNT_75PLUS","EST_HRS_CLOSED","FATAL_COUNT","HEAVY_TRUCK_COUNT","HORSE_BUGGY_COUNT","HOUR_OF_DAY","ILLUMINATION","INJURY_COUNT","INTERSECTION_RELATED","INTERSECT_TYPE","LANE_CLOSED","LATITUDE","LN_CLOSE_DIR","LOCATION_TYPE","LONGITUDE","MAX_SEVERITY_LEVEL","MCYCLE_DEATH_COUNT","MCYCLE_SUSP_SERIOUS_INJ_COUNT","MOTORCYCLE_COUNT","MUNICIPALITY","NONMOTR_COUNT","NONMOTR_DEATH_COUNT","NONMOTR_SUSP_SERIOUS_INJ_COUNT","NTFY_HIWY_MAINT","PED_COUNT","PED_DEATH_COUNT","PED_SUSP_SERIOUS_INJ_COUNT","PERSON_COUNT","POLICE_AGCY","POSSIBLE_INJ_COUNT","RDWY_SURF_TYPE_CD","RELATION_TO_ROAD","ROADWAY_CLEARED","ROAD_CONDITION","SCH_BUS_IND","SCH_ZONE_IND","SECONDARY_CRASH","SMALL_TRUCK_COUNT","SPEC_JURIS_CD","SUSP_MINOR_INJ_COUNT","SUSP_SERIOUS_INJ_COUNT","SUV_COUNT","TCD_FUNC_CD","TCD_TYPE","TFC_DETOUR_IND","TIME_OF_DAY","TOTAL_UNITS","TOT_INJ_COUNT","UNBELTED_OCC_COUNT","UNB_DEATH_COUNT","UNB_SUSP_SERIOUS_INJ_COUNT","UNK_INJ_DEG_COUNT","UNK_INJ_PER_COUNT","URBAN_RURAL","VAN_COUNT","VEHICLE_COUNT","WEATHER1","WEATHER2","WORKERS_PRES","WORK_ZONE_IND","WORK_ZONE_LOC","WORK_ZONE_TYPE","WZ_CLOSE_DETOUR","WZ_FLAGGER","WZ_LAW_OFFCR_IND","WZ_LN_CLOSURE","WZ_MOVING","WZ_OTHER","WZ_SHLDER_MDN","WZ_WORKERS_INJ_KILLED"
"2013056108","","1","0","0","0","0","0","0","0","0","7","0","","02","5","2013","4","40.519978","-80.057878","","11","0","0","0","0","1","0","0","0","","0","0","0","","","0","","0","","40 31:11.921","","0","80 03:28.361","0","0","0","0","2116","0","0","0","Y","0","0","0","1","68B03","0","","4.0","","1","N","N","","0","","0","0","0","","0","","","1","0","0","0","0","0","0","2","0","1","","","","N","","","","","","","","","",""
"2013058373","","2","0","0","0","0","0","0","0","0","1","0","","02","6","2013","5","40.460608","-79.947061","","11","0","0","0","0","0","0","0","0","","0","0","0","","","0","","1","","40 27:38.188","","0","79 56:49.419","0","0","0","0","2301","0","0","0","N","0","0","0","3","02301","0","","1.0","","9","N","N","","0","","0","0","0","","0","","","2","0","0","0","0","0","0","2","0","2","","","","N","","","","","","","","","",""
"2013056110","","2","0","0","0","0","0","0","0","0","1","0","","02","5","2013","6","40.417017","-80.103005","","11","0","0","0","0","0","1","0","0","","0","0","0","","","1","","0","","40 25:01.262","","0","80 06:10.817","8","0","0","0","2115","0","0","0","N","0","0","0","2","68B03","0","","1.0","","1","N","N","","0","","0","0","0","","0","","","2","1","0","0","0","1","0","2","0","2","","","","N","","","","","","","","","",""
"2013058579","","1","0","0","0","0","0","0","0","0","7","0","","02","6","2013","6","40.37983","-79.911571","","11","0","0","0","0","0","0","0","0","","0","0","0","","","1","","0","","40 22:47.388","","0","79 54:41.655","4","0","0","0","2301","0","0","0","N","0","0","0","1","02301","1","","2.0","","1","N","N","","0","","0","0","0","","0","","","1","1","0","0","0","0","0","2","0","1","","","","N","","","","","","","","","",""
"2013056752","","2","0","0","0","0","0","0","0","0","6","0","","02","5","2013","7","40.52176","-80.046575","","11","0","0","0","0","0","1","0","0","","0","0","0","","","0","","0","","40 31:18.336","","0","80 02:47.670","0","0","0","0","2474","0","0","0","N","0","0","0","3","02474","0","","1.0","","1","N","N","","0","","0","0","0","","0","","","2","0","0","0","0","0","0","2","0","2","","","","N","","","","","","","","","",""
"2013057507","","2","0","0","0","0","0","0","0","0","2","0","","02","6","2013","3","40.420388","-79.79284","","11","0","0","0","0","0","0","0","0","2","0","0","0","","","1","","0","","40 25:13.396","6","0","79 47:34.224","4","0","0","0","2446","0","0","0","N","0","0","0","2","02446","1","","1.0","","1","N","N","","0","","0","0","0","","0","Y","","2","1","0","0","0","0","0","2","0","2","","","","N","","","","","","","","","",""
"2013058438","","2","0","0","0","0","0","0","0","0","4","0","","02","6","2013","6","40.490748","-79.905113","","11","0","0","1","0","0","0","0","0","1","0","0","0","","","0","","0","","40 29:26.692","3","0","79 54:18.407","0","0","0","0","2468","0","0","0","N","0","0","0","1","02468","0","","6.0","","1","N","N","","0","","0","0","0","","3","N","","2","0","1","0","0","0","0","2","0","2","","","","N","","","","","","","","","",""
"2013057721","","0","0","0","0","0","0","0","0","0","4","0","","02","6","2013","2","40.630601","-79.972347","","11","0","0","0","0","0","0","0","0","","0","1","0","","","0","","1","","40 37:50.163","","0","79 58:20.448","0","0","0","0","2217","0","0","0","N","0","0","0","2","02505","0","","1.0","","1","N","N","","1","","0","0","0","","3","","","2","0","0","0","0","0","0","2","0","2","","","","N","","","","","","","","","",""
"2013058375","","1","0","0","1","0","0","0","0","0","4","0","","02","6","2013","7","40.518196","-80.163154","","11","0","0","0","0","0","0","0","0","","0","0","0","","","1","","0","","40 31:05.506","","7","80 09:47.354","8","0","0","0","2420","1","0","0","","0","0","0","2","02420","0","","6.0","","1","","","","0","","0","0","0","","0","","","2","1","1","0","0","1","0","2","0","1","","","","N","","","","","","","","","",""
"2013057031","","1","0","0","0","0","0","0","0","0","4","0","","02","6","2013","2","40.490437","-79.78317","","11","0","0","0","0","0","0","0","0","","0","0","0","","","1","","2","","40 29:25.573","","0","79 46:59.412","4","0","0","0","2466","0","0","0","N","0","0","0","4","02466","1","","1.0","","1","N","N","","1","","0","0","0","","3","","","2","1","0","0","0","0","0","2","0","2","","","","N","","","","","","","","","",""
"2013058376","","0","0","0","0","0","0","0","0","0","7","0","","02","6","2013","5","40.399939","-79.936192","","11","0","1","0","0","0","0","0","0","1","0","0","0","","","0","","0","","40 23:59.782","2","3","79 56:10.290","0","0","0","0","2301","0","0","0","N","0","0","0","2","02301","0","","1.0","","9","N","N","","0","","0","0","1","","0","N","","1","0","0","0","0","0","0","2","0","1","","","","N","","","","","","","","","",""
"2013056190","","2","0","0","0","0","0","0","0","0","4","0","","02","5","2013","5","40.456288","-79.937308","","11","0","0","0","0","0","0","0","0","","0","0","0","","","1","","0","","40 27:22.636","","7","79 56:14.308","3","0","0","0","2301","0","0","0","N","0","0","0","2","02301","0","","1.0","","1","N","N","","0","","1","0","0","","0","","","2","1","0","0","0","0","0","2","0","2","","","","N","","","","","","","","","",""
"2013056742","","2","0","0","0","0","0","0","0","0","2","0","","02","6","2013","2","40.274918","-79.797617","","11","0","0","0","0","0","0","1","0","","0","0","0","","","0","","0","","40 16:29.703","","0","79 47:51.422","0","0","0","0","2117","0","0","0","N","0","0","0","2","02117","0","","1.0","","1","N","N","","0","","0","0","0","","0","","","2","0","0","0","0","0","0","2","0","2","","","","N","","","","","","","","","",""
"2013058453","","0","0","0","0","0","0","0","0","0","7","1","","02","6","2013","5","40.472223","-80.21211","","11","0","0","0","0","0","1","0","0","2","0","1","0","","","0","","0","","40 28:20.003","3","0","80 12:43.595","0","0","0","0","2203","0","0","0","N","0","0","0","1","68B03","0","","4.0","","9","N","N","","0","","0","0","0","","0","N","","1","0","0","0","0","0","0","2","0","1","","","","N","","","","","","","","","",""
"2013057724","","1","0","0","0","0","0","0","0","0","1","0","","02","6","2013","3","40.428843","-79.981994","","11","0","0","0","0","0","2","0","0","","0","0","0","","","0","","1","","40 25:43.833","","0","79 58:55.177","0","0","0","0","2301","0","0","0","N","0","0","0","2","02301","0","","1.0","","1","N","N","","1","","0","0","0","","2","","","2","0","0","0","0","0","0","2","0","2","","","","N","","","","","","","","","",""
"2013059073","","1","0","0","0","0","0","0","0","0","7","0","","02","6","2013","7","40.436561","-79.963933","","11","0","0","0","0","0","0","0","0","2","0","0","0","","","0","","0","","40 26:11.619","1","0","79 57:50.159","0","0","0","0","2301","0","0","0","N","0","0","0","1","02301","0","","4.0","","9","N","N","","0","","0","0","0","","0","N","","1","0","0","0","0","0","0","2","0","1","","","","N","","","","","","","","","",""
"2013056260","","2","0","0","0","0","0","0","0","0","4","0","","02","6","2013","7","40.440466","-79.991536","","11","0","0","0","0","0","0","0","0","2","0","0","0","","","0","","1","","40 26:25.678","3","2","79 59:29.530","0","0","0","0","2301","0","0","0","N","0","0","0","3","02301","0","","1.0","","1","N","N","","0","","0","0","0","","2","N","","2","0","0","0","0","0","0","2","0","2","","","","N","","","","","","","","","",""
"2013059074","","1","0","0","0","0","0","0","0","0","2","0","","02","6","2013","7","40.452351","-80.076351","","11","0","0","0","0","0","0","0","0","3","0","0","0","","","0","","0","","40 27:08.463","7","0","80 04:34.863","0","0","0","0","2301","0","0","0","N","0","0","0","1","02301","0","","4.0","","1","N","N","","0","","0","0","0","","0","Y","","2","0","0","0","0","0","0","2","1","2","","","","N","","","","","","","","","",""
"2013058392","","2","0","0","0","0","0","0","0","0","4","0","","02","6","2013","5","40.629942","-79.968718","","11","0","1","0","0","0","1","0","0","","0","0","0","","","1","","2","","40 37:47.792","","0","79 58:07.385","8","0","0","0","2217","0","0","0","N","0","0","0","3","02505","0","","1.0","","9","N","N","","0","","0","0","0","","0","","","2","1","0","0","0","1","0","2","0","2","","","","N","","","","","","","","","",""
"2013056745","","2","0","0","0","0","0","0","0","0","4","0","","02","6","2013","2","40.48045","-80.089171","","11","0","0","0","0","0","0","1","1","","0","0","0","","","0","","2","","40 28:49.620","","0","80 05:21.017","0","0","0","0","2126","0","0","0","N","0","0","0","2","02126","0","","1.0","","1","N","N","","0","","0","0","0","","3","","","2","0","0","0","0","0","0","2","0","2","","","","N","","","","","","","","","",""
"2013058380","","0","0","0","0","0","0","0","0","0","1","0","30","02","6","2013","5","40.344572","-79.884414","","11","0","0","0","0","0","1","0","0","1","0","0","0","","","1","","0","","40 20:40.460","2","3","79 53:03.890","4","0","0","0","2304","0","0","0","N","0","0","0","11","02304","1","","1.0","","9","N","N","","0","","0","0","2","","2","Y","","3","1","0","0","0","0","0","2","1","3","","","N","Y","4","1","Y","","N","","","Y","",""
"2013058517","","1","0","0","0","0","0","0","0","0","7","1","25","02","6","2013","6","40.458776","-79.985821","","11","0","0","0","0","0","0","0","0","2","0","1","0","","","0","","0","","40 27:31.592","4","0","79 59:08.957","0","0","0","0","2301","0","0","0","N","0","0","0","2","02301","0","","1.0","","1","N","N","","0","","0","0","0","","0","Y","","2","0","0","0","0","0","0","2","0","2","","","Y","Y","4","1","","","N","Y","","Y","Y",""
"2013056262","","2","0","0","0","0","0","0","0","0","5","0","","02","6","2013","7","40.409246","-79.899427","","11","0","0","0","0","0","0","0","0","","0","0","0","","","0","","0","","40 24:33.286","","0","79 53:57.937","0","0","0","0","2448","0","0","0","N","0","0","0","3","02448","0","","1.0","","1","N","N","","1","","0","0","0","","0","","","3","0","0","0","0","0","0","2","0","3","","","","N","","","","","","","","","",""
"2013057584","","0","0","0","0","0","0","0","0","0","4","0","","02","5","2013","6","40.477294","-79.956689","","11","0","0","0","0","0","0","0","0","","0","0","0","","","1","","3","","40 28:38.257","","0","79 57:24.080","4","0","0","1","2301","0","0","0","N","0","0","0","2","02301","1","","1.0","","1","N","N","","0","","0","0","0","","2","","","2","1","0","0","0","0","1","2","1","2","","","","N","","","","","","","","","",""
"2013058382","","2","0","0","0","0","0","0","0","0","1","0","","02","6","2013","5","40.461333","-79.906117","","11","0","0","0","0","0","0","1","0","","0","0","0","","","1","","0","","40 27:40.798","","0","79 54:22.021","8","0","0","0","2301","0","0","0","N","0","0","0","3","02301","0","","1.0","","9","N","N","","0","","0","0","0","","0","","","2","1","0","0","0","1","0","2","0","2","","","","N","","","","","","","","","",""
"2013058396","","1","0","0","0","0","0","0","0","0","7","0","","02","6","2013","5","40.462446","-80.030273","","11","0","0","0","0","0","0","0","0","","0","0","0","","","0","","2","","40 27:44.805","","0","80 01:48.982","9","0","0","0","2301","0","0","0","N","0","0","0","1","02301","0","","4.0","","9","N","N","","0","","0","0","0","","0","","","1","0","0","0","0","0","1","2","0","1","","","","N","","","","","","","","","",""
"2013056196","","0","0","0","0","0","0","0","0","0","7","0","","02","6","2013","7","","","","11","0","0","0","0","0","1","0","0","","0","0","0","","","1","","0","","","","0","","2","0","1","1","2301","0","0","0","N","0","0","0","1","02301","0","","2.0","","1","N","N","","0","","0","1","0","","0","","","1","1","0","0","0","0","0","1","0","1","","","","N","","","","","","","","","",""
"2013057730","","4","0","0","0","0","0","0","0","0","7","0","","02","6","2013","4","40.378317","-79.852186","","11","0","0","0","0","0","0","0","0","","0","0","0","","","2","","0","","40 22:41.941","","0","79 51:07.869","2","0","0","0","2303","0","0","0","N","0","0","0","2","02303","0","","5.0","","1","N","N","","0","","1","1","0","","0","","","4","2","2","0","1","0","0","2","0","4","","","","N","","","","","","","","","",""
"2013056264","","1","0","0","0","0","0","0","0","0","7","0","","02","5","2013","2","40.572793","-79.821221","","11","0","0","0","0","0","0","0","0","","0","0","0","","","0","","0","","40 34:22.053","","0","79 49:16.397","0","0","0","0","2209","0","0","0","N","0","0","0","1","02209","0","","2.0","","1","N","N","","0","","0","0","0","","0","","","1","0","0","0","0","0","0","2","0","1","","","","N","","","","","","","","","",""
"2013058535","","1","0","0","0","0","0","0","0","0","1","0","","02","6","2013","5","40.485471","-79.910174","","11","0","0","0","0","0","1","0","0","","0","0","0","","","1","","0","","40 29:07.696","","0","79 54:36.627","4","0","0","0","2301","0","0","0","N","0","0","0","2","02301","1","","1.0","","1","N","N","","1","","0","0","0","","0","","","2","1","0","0","0","0","0","2","0","2","","","","N","","","","","","","","","",""
"2013058384","","2","0","0","0","0","0","0","0","0","1","0","","02","6","2013","5","40.430703","-80.025877","","11","0","0","0","0","0","1","0","0","1","0","0","0","","","0","","10","","40 25:50.529","1","4","80 01:33.157","9","0","0","0","2301","0","0","0","Y","0","0","0","2","02301","0","","1.0","","9","N","N","","0","","0","0","0","","2","N","","2","0","0","0","0","0","1","2","0","2","","","","N","","","","","","","","","",""
"2013056199","","2","0","0","0","0","0","0","0","0","4","0","","02","5","2013","3","40.626808","-80.055046","","11","0","0","0","0","0","0","1","1","1","0","0","0","","","1","","0","","40 37:36.510","1","0","80 03:18.167","4","0","0","0","2216","0","0","0","N","0","0","0","2","02505","1","","1.0","","9","N","N","","0","","0","0","0","","0","N","","2","1","0","0","0","0","0","2","0","2","","","","N","","","","","","","","","",""
"2013057521","","1","0","0","0","0","0","0","0","0","7","0","","02","6","2013","3","40.427156","-79.938714","","11","0","0","0","0","0","0","0","1","1","0","0","0","","","1","","3","","40 25:37.761","1","3","79 56:19.370","8","0","0","0","2301","0","0","0","N","0","0","0","1","02301","0","","5.0","","1","N","N","","0","","0","0","0","","2","Y","","1","1","0","0","0","1","0","2","0","1","","","","N","","","","","","","","","",""
"2013056348","","1","0","0","0","0","0","0","0","0","4","0","","02","6","2013","7","40.363848","-79.842953","","11","0","0","0","0","0","0","0","0","2","0","0","0","","","1","","1","","40 21:49.853","2","0","79 50:34.629","2","0","1","1","2303","0","0","0","N","0","0","0","3","02303","0","","2.0","","1","N","N","","0","","0","1","0","","2","Y","","2","1","0","0","0","0","0","2","0","2","","","","N","","","","","","","","","",""
"2013058387","","1","0","0","0","0","0","0","0","0","1","0","","02","5","2013","5","40.411835","-79.944989","","11","0","1","0","0","0","0","1","0","","0","0","0","","","0","","1","","40 24:42.607","","0","79 56:41.961","0","0","0","0","2301","0","0","0","N","0","0","0","3","02301","0","","1.0","","1","N","N","","0","","0","0","1","","2","","","2","0","0","0","0","0","0","2","0","2","","","","N","","","","","","","","","",""
"2013057043","","1","0","0","0","0","0","0","0","0","2","0","","02","6","2013","2","40.475326","-79.918287","","11","0","0","0","0","0","1","0","0","1","0","0","0","","","0","","0","","40 28:31.173","1","0","79 55:05.833","0","0","0","0","2301","0","0","0","N","0","0","0","1","02301","0","","2.0","","1","N","N","","1","","0","0","0","","0","N","","2","0","1","0","0","0","0","2","0","2","","","","N","","","","","","","","","",""
"2013057592","","2","0","0","0","0","0","0","0","0","4","0","","02","6","2013","3","40.366757","-80.014506","","11","0","0","0","0","0","0","0","0","","0","0","0","","","0","","0","","40 22:00.324","","0","80 00:52.222","0","0","0","0","2416","0","0","0","N","0","0","0","2","02416","0","","1.0","","1","N","N","","0","","0","0","0","","0","","","2","0","0","0","0","0","0","2","0","2","","","","N","","","","","","","","","",""
"2013056770","","0","0","0","0","0","0","0","0","0","7","0","","02","5","2013","4","40.409821","-79.986525","","11","0","0","0","0","0","1","0","0","","0","0","0","","","1","","2","","40 24:35.355","","0","79 59:11.490","8","0","0","0","2447","0","0","0","N","0","0","0","3","02447","0","","5.0","","1","N","N","","0","","0","0","0","","3","","","1","1","2","0","0","1","0","2","1","1","","","","N","","","","","","","","","",""
"2013056771","","0","0","0","0","0","0","0","0","0","6","0","","02","6","2013","2","40.272913","-79.902085","","11","0","0","0","0","0","0","0","0","2","0","0","0","","","2","","0","","40 16:22.486","5","0","79 54:07.506","8","0","0","0","2440","0","0","0","N","0","0","0","2","02440","0","","1.0","","1","N","N","","0","","0","0","2","","0","Y","","2","2","1","0","0","2","0","2","0","2","","","","N","","","","","","","","","",""
"2013056222","","1","0","0","0","0","0","0","0","0","99","0","","02","5","2013","2","40.544688","-80.039904","","11","0","0","0","0","0","1","0","0","2","0","0","0","","","1","","0","","40 32:40.878","6","0","80 02:23.654","2","0","0","0","2116","0","0","0","N","0","0","0","1","02116","0","","5.0","","1","N","N","","0","","0","1","0","","0","Y","","1","1","0","0","0","0","0","2","0","1","","","","N","","","","","","","","","",""
"2013058546","","2","0","0","0","0","0","0","0","0","4","0","","02","6","2013","5","40.427197","-79.962553","","11","0","0","0","1","0","1","0","0","","0","0","0","","","0","","1","","40 25:37.909","","0","79 57:45.190","0","0","0","0","2301","0","0","0","N","0","0","0","3","02301","0","","1.0","","1","N","N","","0","","0","0","0","","2","","","2","0","0","0","0","0","0","2","0","2","","","","N","","","","","","","","","",""
"2013057741","","2","0","0","0","0","0","0","0","0","4","0","","02","6","2013","4","40.547125","-80.195034","","11","0","0","0","0","0","0","0","0","","0","0","0","","","1","","2","","40 32:49.649","","0","80 11:42.121","4","0","0","0","2427","0","0","0","N","0","0","0","2","02427","1","","1.0","","1","N","N","","0","","0","0","0","","3","","","2","1","0","0","0","0","0","2","0","2","","","","N","","","","","","","","","",""
"2013056223","","2","0","0","0","0","0","0","0","0","2","0","","02","6","2013","7","40.476078","-79.703873","","11","0","0","0","0","0","1","0","0","","0","0","0","","","0","","0","","40 28:33.880","","0","79 42:13.942","0","0","0","0","2466","0","0","0","N","0","0","0","1","02466","0","","1.0","","1","N","N","","0","","0","0","0","","0","","","2","0","0","0","0","0","0","2","0","2","","","","N","","","","","","","","","",""
"2013057754","","2","0","0","0","0","0","0","0","0","4","0","","02","6","2013","4","40.441758","-79.897271","","11","0","0","0","0","0","0","2","0","","0","0","0","","","0","","2","","40 26:30.328","","0","79 53:50.175","0","0","0","0","2301","0","0","0","N","0","0","0","2","02301","0","","1.0","","1","N","N","","0","","0","0","0","","0","","","2","0","0","0","0","0","0","2","0","2","","","","N","","","","","","","","","",""
"2013057051","","0","0","0","0","0","0","0","0","0","7","0","","02","6","2013","1","40.383205","-79.977065","","11","0","0","0","0","0","1","0","0","","0","0","0","","","0","","0","","40 22:59.538","","0","79 58:37.434","0","0","0","0","2413","0","0","0","N","0","0","0","2","02413","0","","5.0","","1","N","N","","0","","0","0","1","","0","","","1","0","0","0","0","0","0","2","0","1","","","","N","","","","","","","","","",""
"2013056774","","1","0","0","0","0","0","0","0","0","1","0","25","02","6","2013","2","40.353479","-79.845145","","11","0","0","0","0","0","1","0","0","","0","0","0","","","1","","6","","40 21:12.526","","8","79 50:42.521","3","0","0","0","2304","0","0","0","N","0","0","0","3","02304","0","","1.0","","1","N","N","","1","","1","0","1","","0","","","3","1","0","0","0","0","0","2","0","3","","","Y","Y","4","1","","","N","","","Y","",""
"2013057609","","1","0","0","0","0","0","0","0","0","7","0","","02","4","2013","4","40.549836","-80.086525","","11","0","0","0","0","0","0","0","0","2","0","0","0","","","0","","0","","40 32:59.409","2","3","80 05:11.490","0","0","0","0","2215","0","0","0","N","0","0","0","1","68B03","0","","4.0","","9","N","N","","0","","0","0","0","","0","N","","1","0","0","0","0","0","0","2","0","1","","","","N","","","","","","","","","",""
"2013058409","","0","0","0","0","0","0","0","0","0","99","0","","02","6","2013","5","40.393266","-80.065674","","11","0","0","0","0","0","1","0","0","1","0","0","0","","","0","","2","","40 23:35.758","1","0","80 03:56.427","0","0","0","0","2117","0","0","0","Y","0","0","0","1","02117","0","","5.0","","9","N","N","","1","","0","0","0","","0","N","","1","0","0","0","0","0","0","2","0","1","","","","N","","","","","","","","","",""
"2013058410","","1","0","0","0","0","0","0","0","0","7","0","","02","6","2013","5","40.444025","-80.027922","","11","0","0","0","0","0","1","0","0","1","0","0","0","","","1","","0","","40 26:38.489","3","0","80 01:40.520","8","0","0","0","2301","0","0","0","N","0","0","0","3","02301","0","","5.0","","1","N","N","","0","","0","0","0","","0","N","","1","1","0","0","0","1","0","2","0","1","","","","N","","","","","","","","","",""
"2013056226","","1","0","0","0","0","0","0","0","0","7","0","","02","5","2013","1","40.582338","-79.779173","","11","0","0","0","0","0","0","0","0","","0","0","0","","","0","","0","","40 34:56.418","","0","79 46:45.022","0","0","0","0","2104","0","0","0","Y","0","0","0","1","02104","0","","2.0","","1","N","N","","0","","0","0","0","","0","","","1","0","0","0","0","0","0","2","0","1","","","","N","","","","","","","","","",""
"2013058270","","0","0","0","0","0","0","0","0","0","7","0","","02","4","2013","1","40.422446","-80.105893","","11","1","0","0","0","0","0","0","0","","0","0","0","","","0","","0","","40 25:20.805","","0","80 06:21.216","0","0","0","0","2115","0","0","0","Y","0","0","0","1","68B03","0","","5.0","","9","N","Y","","0","","0","0","1","","0","","","1","0","0","0","0","0","0","2","0","1","","","","N","","","","","","","","","",""
"2013056842","","2","0","0","0","0","0","0","0","0","5","0","","02","5","2013","7","40.461812","-79.999778","","11","0","0","0","0","1","0","0","0","","0","0","0","","","0","","0","","40 27:42.524","","0","79 59:59.201","0","0","0","0","2301","0","0","0","N","0","0","0","3","68B03","0","","2.0","","1","N","N","","0","","0","0","0","","0","","","2","0","0","0","0","0","0","2","0","2","","","","N","","","","","","","","","",""
"2013058271","","1","0","0","0","0","0","0","0","0","7","0","","02","5","2013","2","40.445027","-79.850887","","11","0","0","0","0","0","0","0","0","","0","0","0","","","1","","0","","40 26:42.098","","0","79 51:03.194","4","0","0","0","2419","0","0","0","N","0","0","0","1","68B03","1","","4.0","","1","N","N","","0","","0","0","0","","0","","","1","1","0","0","0","0","0","2","0","1","","","","N","","","","","","","","","",""
"2013058632","","1","0","0","0","0","0","0","0","0","4","0","","02","6","2013","4","40.552863","-80.105886","","11","0","0","0","0","0","0","0","0","","0","0","0","","","0","","3","","40 33:10.308","","0","80 06:21.190","0","0","0","0","2215","0","0","0","N","0","0","0","4","02215","0","","1.0","","1","N","N","","0","","0","0","1","","3","","","2","0","0","0","0","0","0","2","0","2","","","","N","","","","","","","","","",""
"2013056376","","1","0","0","0","0","0","0","0","0","7","0","","02","5","2013","6","40.668973","-80.032852","","11","0","0","0","0","0","0","0","0","","0","0","0","","","0","","2","","40 40:08.304","","0","80 01:58.266","0","0","0","0","2216","0","0","0","N","0","0","0","1","02505","0","","3.0","","1","N","N","","0","","0","0","0","","3","","","1","0","0","0","0","0","0","2","0","1","","","","N","","","","","","","","","",""
"2013057901","","2","0","0","0","0","0","0","0","0","4","0","","02","6","2013","4","40.347627","-79.83256","","11","0","0","0","0","0","0","0","0","","0","0","0","","","1","","1","","40 20:51.457","","0","79 49:57.216","8","0","0","0","2304","0","0","0","N","0","0","0","2","02304","0","","1.0","","1","N","N","","0","","0","0","0","","0","","","2","1","0","0","0","1","0","2","0","2","","","","N","","","","","","","","","",""
"2013057962","","2","0","0","0","0","0","0","0","0","4","0","","02","5","2013","2","40.614972","-79.932165","","11","0","0","0","0","0","0","1","0","2","0","0","0","","","3","","0","","40 36:53.898","6","0","79 55:55.793","3","0","0","0","2207","0","0","0","N","0","0","0","3","02207","1","","1.0","","1","N","N","","0","","2","0","0","","0","Y","","2","3","0","0","0","0","0","2","0","2","","","","N","","","","","","","","","",""
"2013063218","","0","0","0","0","0","0","0","0","0","7","0","","02","6","2013","5","40.469158","-79.859835","","11","0","0","0","0","0","0","0","0","2","0","0","0","","","1","","0","","40 28:08.968","5","0","79 51:35.407","4","0","0","0","2113","0","0","0","N","0","0","0","1","02113","1","","5.0","","1","N","N","","0","","0","0","0","","0","Y","","1","1","0","0","0","0","0","2","1","1","","","","N","","","","","","","","","",""
"2013064789","","0","0","0","0","0","0","0","0","0","8","0","","02","6","2013","3","40.423223","-79.928693","","11","0","0","0","0","0","0","0","0","1","0","0","0","","","1","","1","","40 25:23.602","2","0","79 55:43.294","8","0","0","0","2301","1","0","0","N","1","0","0","2","02301","0","","1.0","","9","N","N","","0","","0","0","1","","2","N","","2","1","0","0","0","1","0","2","0","1","","","","N","","","","","","","","","",""
"2013063219","","1","0","0","0","0","0","0","0","0","7","0","","02","6","2013","3","40.447047","-79.934644","","11","0","0","0","0","0","0","1","0","","0","0","0","","","1","","0","","40 26:49.370","","0","79 56:04.720","3","0","0","0","2301","0","0","0","N","0","0","0","1","02301","0","","5.0","","1","N","N","","0","","1","0","0","","0","","","1","1","0","0","0","0","0","2","0","1","","","","N","","","","","","","","","",""
"2013064790","","0","0","0","0","0","0","0","0","0","7","0","","02","6","2013","3","40.418996","-79.926825","","11","0","0","0","0","0","0","0","0","","0","0","0","","","2","","0","","40 25:08.385","","0","79 55:36.570","3","0","0","1","2301","0","0","0","","0","0","0","2","02301","0","","1.0","","9","","","","0","","2","0","0","","0","","","2","2","0","0","0","0","0","2","0","1","","","","N","","","","","","","","","",""
"2013063354","","1","0","0","0","0","0","0","0","0","7","0","","02","6","2013","5","40.536405","-79.759351","","11","0","0","0","0","0","0","0","0","","0","0","0","","","0","","0","","40 32:11.059","","0","79 45:33.664","0","0","0","0","2466","0","0","0","N","0","0","0","1","02466","0","","2.0","","1","N","N","","0","","0","0","0","","0","","","1","0","0","0","0","0","0","2","0","1","","","","N","","","","","","","","","",""
"2013064157","","1","0","0","0","0","0","0","0","0","4","0","","02","6","2013","5","40.332422","-79.933883","","11","0","0","0","1","0","0","0","0","1","0","0","0","","","0","","1","","40 19:56.719","2","0","79 56:01.978","0","0","0","0","2473","0","0","0","N","0","0","0","2","02473","0","","1.0","","1","N","N","","0","","0","0","1","","2","Y","","2","0","0","0","0","0","0","2","0","2","","","","N","","","","","","","","","",""
"2013064172","","2","0","0","0","0","0","0","0","0","2","0","","02","6","2013","2","40.382938","-79.857483","","11","0","0","0","0","0","0","0","0","","0","0","0","","","3","","1","","40 22:58.576","","0","79 51:26.939","3","0","0","0","2303","0","0","0","N","0","0","0","3","02303","1","","1.0","","1","N","N","","0","","1","0","0","","2","","","2","3","0","0","0","1","0","2","0","2","","","","N","","","","","","","","","",""