"CRN","ARRIVAL_TM","AUTOMOBILE_COUNT","BELTED_DEATH_COUNT","BELTED_SUSP_SERIOUS_INJ_COUNT","BICYCLE_COUNT","BICYCLE_DEATH_COUNT","BICYCLE_SUSP_SERIOUS_INJ_COUNT","BUS_COUNT","CHLDPAS_DEATH_COUNT","CHLDPAS_SUSP_SERIOUS_INJ_COUNT","COLLISION_TYPE","COMM_VEH_COUNT","CONS_ZONE_SPD_LIM","COUNTY","CRASH_MONTH","CRASH_YEAR","DAY_OF_WEEK","DEC_LATITUDE","DEC_LONGITUDE","DISPATCH_TM","DISTRICT","DRIVER_COUNT_16YR","DRIVER_COUNT_17YR","DRIVER_COUNT_18YR","DRIVER_COUNT_19YR","DRIVER_COUNT_20YR","DRIVER_COUNT_50_64YR","DRIVER_COUNT_65_74YR","DRIVER_COUNT_75PLUS","EST_HRS_CLOSED","FATAL_COUNT","HEAVY_TRUCK_COUNT","HORSE_BUGGY_COUNT","HOUR_OF_DAY","ILLUMINATION","INJURY_COUNT","INTERSECTION_RELATED","INTERSECT_TYPE","LANE_CLOSED","LATITUDE","LN_CLOSE_DIR","LOCATION_TYPE","LONGITUDE","MAX_SEVERITY_LEVEL","MCYCLE_DEATH_COUNT","MCYCLE_SUSP_SERIOUS_INJ_COUNT","MOTORCYCLE_COUNT","MUNICIPALITY","NONMOTR_COUNT","NONMOTR_DEATH_COUNT","NONMOTR_SUSP_SERIOUS_INJ_COUNT","NTFY_HIWY_MAINT","PED_COUNT","PED_DEATH_COUNT","PED_SUSP_SERIOUS_INJ_COUNT","PERSON_COUNT","POLICE_AGCY","POSSIBLE_INJ_COUNT","RDWY_SURF_TYPE_CD","RELATION_TO_ROAD","ROADWAY_CLEARED","ROAD_CONDITION","SCH_BUS_IND","SCH_ZONE_IND","SECONDARY_CRASH","SMALL_TRUCK_COUNT","SPEC_JURIS_CD","SUSP_MINOR_INJ_COUNT","SUSP_SERIOUS_INJ_COUNT","SUV_COUNT","TCD_FUNC_CD","TCD_TYPE","TFC_DETOUR_IND","TIME_OF_DAY","TOTAL_UNITS","TOT_INJ_COUNT","UNBELTED_OCC_COUNT","UNB_DEATH_COUNT","UNB_SUSP_SERIOUS_INJ_COUNT","UNK_INJ_DEG_COUNT","UNK_INJ_PER_COUNT","URBAN_RURAL","VAN_COUNT","VEHICLE_COUNT","WEATHER1","WEATHER2","WORKERS_PRES","WORK_ZONE_IND","WORK_ZONE_LOC","WORK_ZONE_TYPE","WZ_CLOSE_DETOUR","WZ_FLAGGER","WZ_LAW_OFFCR_IND","WZ_LN_CLOSURE","WZ_MOVING","WZ_OTHER","WZ_SHLDER_MDN","WZ_WORKERS_INJ_KILLED"
"2013065107","0600","1","0","0","0","0","0","0","0","0","4","0","","02","6","2013","4","40.403368","-80.040856","0556","11","0","0","0","0","0","1","0","0","","0","0","0","","","0","","1","","40 24:12.124","","0","80 02:27.082","0","0","0","0","2301","0","0","0","N","0","0","0","3","02301","0","","1.0","","9","N","N","","0","","0","0","1","","1","","","2","0","0","0","0","0","0","2","0","2","","","","N","","","","","","","","","",""
"2013063637","1737","1","0","0","0","0","0","0","0","0","1","0","","02","6","2013","6","40.494894","-79.906077","1720","11","0","0","0","0","0","2","0","0","","0","0","0","","","0","","0","","40 29:41.620","","0","79 54:21.878","0","0","0","0","2401","0","0","0","N","0","0","0","2","68D02","0","","1.0","","1","N","N","","0","","0","0","1","","0","","","2","0","0","0","0","0","0","2","0","2","","","","N","","","","","","","","","",""
"2013064442","1540","2","0","0","0","0","0","0","0","0","1","0","","02","6","2013","2","40.436773","-79.994334","1530","11","0","0","0","0","0","1","0","0","1","0","0","0","","","0","","0","","40 26:12.382","7","0","79 59:39.603","0","0","0","0","2301","0","0","0","N","0","0","0","3","02301","0","","1.0","","1","N","N","","0","","0","0","1","","0","N","","3","0","0","0","0","0","0","2","0","3","","","","N","","","","","","","","","",""
"2013064456","2217","1","0","0","0","0","0","0","0","0","7","0","","02","6","2013","2","40.394215","-79.986434","2212","11","0","0","0","0","0","0","0","0","","0","0","0","","","0","","2","","40 23:39.174","","0","79 59:11.162","0","0","0","0","2301","0","0","0","N","0","0","0","1","02301","0","","4.0","","1","N","N","","0","","0","0","0","","3","","","1","0","0","0","0","0","0","2","0","1","","","","N","","","","","","","","","",""
"2013064444","1725","1","0","0","0","0","0","0","0","0","4","0","","02","6","2013","2","40.409509","-80.080223","1719","11","0","0","0","0","0","1","0","0","","0","0","0","","","0","","2","","40 24:34.231","","0","80 04:48.802","0","0","0","0","2415","0","0","0","N","0","0","0","2","02415","0","","1.0","","1","N","N","","1","","0","0","0","","3","","","2","0","2","0","0","0","0","2","0","2","","","","N","","","","","","","","","",""
"2013064244","1719","2","0","0","0","0","0","0","0","0","4","0","","02","6","2013","2","40.463488","-79.953862","1709","11","0","0","0","0","0","1","0","0","","0","0","0","","","1","","0","","40 27:48.556","","0","79 57:13.903","4","0","0","0","2301","0","0","0","N","0","0","0","3","02301","1","","1.0","","1","N","N","","0","","0","0","0","","2","","","2","1","0","0","0","0","0","2","0","2","","","","N","","","","","","","","","",""
"2013062883","0600","2","0","0","0","0","0","0","0","0","1","0","","02","6","2013","4","40.406275","-80.018461","0555","11","0","0","0","0","0","0","0","0","","0","0","0","","","0","","0","","40 24:22.589","","0","80 01:06.460","0","0","0","0","2301","0","0","0","N","0","0","0","2","02301","0","","1.0","","1","N","N","","0","","0","0","0","","0","","","2","0","0","0","0","0","0","2","0","2","","","","N","","","","","","","","","",""
"2013064459","1519","2","0","0","0","0","0","0","0","0","1","0","","02","6","2013","2","40.64415","-80.053839","1511","11","0","0","0","0","0","1","0","0","","0","0","0","","","0","","0","","40 38:38.940","","0","80 03:13.820","0","0","0","0","2216","0","0","0","N","0","0","0","2","02505","0","","1.0","","1","N","N","","0","","0","0","0","","0","","","2","0","0","0","0","0","0","2","0","2","","","","N","","","","","","","","","",""
"2013064246","1538","0","0","0","0","0","0","0","0","0","7","0","","02","6","2013","2","40.482187","-79.870047","1530","11","0","0","0","0","0","1","0","0","","0","0","0","","","1","","0","","40 28:55.872","","0","79 52:12.170","4","0","0","0","2113","0","0","0","N","0","0","0","1","02113","1","","5.0","","1","N","N","","0","","0","0","1","","0","","","1","1","0","0","0","0","0","2","0","1","","","","N","","","","","","","","","",""
"2013063578","1743","2","0","0","0","0","0","0","0","0","4","0","","02","6","2013","6","40.470295","-80.220373","1740","11","0","0","0","0","0","2","0","0","","0","0","0","","","0","","1","","40 28:13.061","","0","80 13:13.344","0","0","0","0","2203","0","0","0","N","0","0","0","2","02203","0","","1.0","","1","N","N","","0","","0","0","0","","2","","","2","0","0","0","0","0","0","2","0","2","","","","N","","","","","","","","","",""
"2013062292","0259","1","0","0","0","0","0","0","0","0","7","0","","02","6","2013","3","40.336753","-80.181293","0256","11","0","0","0","0","0","0","0","0","3","0","0","0","","","1","","0","","40 20:12.311","7","0","80 10:52.653","4","0","0","0","2119","0","0","0","N","0","0","0","1","02119","1","","2.0","","1","N","N","","0","","0","0","0","","0","N","","1","1","0","0","0","0","0","1","0","1","","","","N","","","","","","","","","",""
"2013063448","1605","3","0","0","0","0","0","0","0","0","4","0","","02","6","2013","6","40.46905","-79.962697","1550","11","0","0","0","0","0","0","0","0","","0","0","0","","","0","","0","","40 28:08.580","","7","79 57:45.710","0","0","0","0","2301","0","0","0","N","0","0","0","5","02301","0","","1.0","","1","N","N","","0","","0","0","0","","0","","","3","0","1","0","0","0","0","2","0","3","","","","N","","","","","","","","","",""
"2013063025","1422","1","0","0","0","0","0","0","0","0","4","0","","02","6","2013","4","40.454696","-79.88068","1419","11","0","0","0","0","0","0","0","1","2","0","0","0","","","1","","1","","40 27:16.907","1","0","79 52:50.447","4","0","0","0","2301","0","0","0","N","0","0","0","5","02301","1","","1.0","","1","N","N","","0","","0","0","0","","2","N","","2","1","0","0","0","0","0","2","1","2","","","","N","","","","","","","","","",""
"2013063726","1038","1","0","0","0","0","0","0","0","0","6","0","","02","6","2013","7","40.395517","-80.024115","1037","11","0","0","0","0","0","1","0","0","","0","0","0","","","0","","2","","40 23:43.861","","0","80 01:26.814","0","0","0","0","2301","0","0","0","N","0","0","0","5","02301","0","","1.0","","1","N","N","","0","","0","0","1","","0","","","2","0","0","0","0","0","0","2","0","2","","","","N","","","","","","","","","",""
"2013062891","0425","1","0","0","0","0","0","0","0","0","7","0","","02","6","2013","1","40.368748","-79.917156","0417","11","0","0","0","0","1","0","0","0","","0","0","0","","","0","","0","","40 22:07.492","","0","79 55:01.761","0","0","0","0","2301","0","0","0","N","0","0","0","1","02301","0","","5.0","","9","N","N","","1","","0","0","1","","0","","","3","0","0","0","0","0","0","2","0","3","","","","N","","","","","","","","","",""
"2013063803","1912","2","0","0","0","0","0","0","0","0","5","0","","02","6","2013","7","40.43735","-79.977734","1905","11","0","0","0","0","0","0","0","0","","0","0","0","","","0","","1","","40 26:14.460","","0","79 58:39.842","0","0","0","0","2301","0","0","0","N","0","0","0","3","02301","0","","1.0","","1","N","N","","0","","0","0","0","","0","","","2","0","0","0","0","0","0","2","0","2","","","","N","","","","","","","","","",""
"2013064690","1235","3","0","0","0","0","0","0","0","0","1","0","","02","6","2013","1","40.412749","-80.079066","1222","11","0","0","0","0","0","1","0","0","2","0","0","0","","","1","","0","","40 24:45.895","4","0","80 04:44.637","4","0","0","0","2117","0","0","0","N","0","0","0","6","68B03","1","","1.0","","1","N","N","","0","","0","0","0","","0","N","","4","1","0","0","0","0","0","2","1","4","","","","N","","","","","","","","","",""
"2013063948","1556","1","0","0","0","0","0","0","0","0","8","0","","02","6","2013","1","40.38518","-79.992824","1553","11","0","0","0","0","0","0","0","0","","0","0","0","","","1","","2","","40 23:06.648","","0","79 59:34.166","4","0","0","0","2301","1","0","0","N","1","0","0","2","02301","1","","1.0","","1","N","N","","0","","0","0","0","","0","","","2","1","0","0","0","0","0","2","0","1","","","","N","","","","","","","","","",""
"2013062892","0015","0","0","0","0","0","0","0","0","0","0","0","","02","6","2013","5","40.391546","-79.933698","0001","11","0","0","0","0","0","0","0","0","3","0","0","0","","","1","","0","","40 23:29.567","7","3","79 56:01.312","3","0","0","1","2301","0","0","0","N","0","0","0","1","02301","0","","1.0","","1","N","N","","0","","1","0","0","","0","Y","","1","1","0","0","0","0","0","2","0","1","","","","N","","","","","","","","","",""
"2013063870","1018","1","0","0","0","0","0","0","0","0","4","0","","02","6","2013","2","40.552677","-80.037864","1004","11","0","0","0","0","1","0","0","1","","0","0","0","","","0","","2","","40 33:09.636","","0","80 02:16.310","0","0","0","0","2116","0","0","0","N","0","0","0","4","02116","0","","1.0","","1","N","N","","1","","0","0","0","","2","","","2","0","0","0","0","0","0","2","0","2","","","","N","","","","","","","","","",""
"2013063729","1108","1","0","0","0","0","0","0","0","0","1","0","","02","6","2013","7","40.463654","-79.906177","1105","11","0","0","0","0","0","2","0","0","","0","0","0","","","1","","0","","40 27:49.154","","0","79 54:22.237","3","0","0","1","2301","0","0","0","N","0","0","0","2","02301","0","","1.0","","1","N","","","0","","1","0","0","","0","","","2","1","0","0","0","0","0","2","0","2","","","","N","","","","","","","","","",""
"2013064996","2107","0","0","0","0","0","0","0","0","0","1","0","","02","6","2013","2","40.447539","-80.165035","2054","11","0","0","0","0","0","1","0","0","1","0","0","0","","","1","","3","","40 26:51.140","4","2","80 09:54.126","3","0","0","0","2115","0","0","0","N","0","0","0","3","68B03","0","","1.0","","1","N","N","","1","","1","0","1","","4","N","","2","1","0","0","0","0","0","2","0","2","","","","N","","","","","","","","","",""
"2013063589","1511","1","0","0","0","0","0","0","0","0","1","0","","02","6","2013","4","40.411014","-80.005933","1509","11","0","0","0","0","0","0","0","0","2","0","0","0","","","0","","2","","40 24:39.651","1","0","80 00:21.360","0","0","0","0","2301","0","0","0","N","0","0","0","2","02301","0","","1.0","","1","N","N","","1","","0","0","0","","2","N","","2","0","0","0","0","0","0","2","0","2","","","","N","","","","","","","","","",""
"2013064472","2341","1","0","0","0","0","0","0","0","0","2","0","","02","6","2013","2","40.42364","-79.891471","2341","11","0","0","0","0","0","0","0","0","","0","0","0","","","0","","1","","40 25:25.104","","0","79 53:29.295","0","0","0","0","2463","0","0","0","N","0","0","0","2","02463","0","","1.0","","1","N","N","","1","","0","0","0","","2","","","2","0","0","0","0","0","0","2","0","2","","","","N","","","","","","","","","",""
"2013062289","1612","1","0","0","0","0","0","0","0","0","1","0","","02","6","2013","2","40.613246","-79.947402","1608","11","0","0","0","1","0","1","0","0","2","0","0","0","","","0","","0","","40 36:47.685","1","0","79 56:50.647","0","0","0","1","2207","0","0","0","N","0","0","0","3","02207","0","","1.0","","1","N","N","","1","","0","0","0","","0","N","","3","0","0","0","0","0","0","2","0","3","","","","N","","","","","","","","","",""
"2013063742","1054","1","0","0","0","0","0","0","0","0","4","0","","02","6","2013","7","40.430701","-80.025875","1046","11","0","0","0","0","0","0","1","0","1","0","0","0","","","0","","3","","40 25:50.523","1","0","80 01:33.150","0","0","0","0","2301","0","0","0","N","0","0","0","2","02301","0","","1.0","","1","N","N","","1","","0","0","0","","0","N","","2","0","0","0","0","0","0","2","0","2","","","","N","","","","","","","","","",""
"2013063045","0731","1","0","0","0","0","0","0","0","0","4","0","","02","6","2013","5","40.406363","-80.018435","0722","11","0","0","0","0","0","0","0","0","1","0","0","0","","","0","","0","","40 24:22.906","1","0","80 01:06.366","0","0","0","0","2301","0","0","0","N","0","0","0","2","02301","0","","1.0","","1","N","N","","0","","0","0","1","","0","N","","2","0","0","0","0","0","0","2","0","2","","","","N","","","","","","","","","",""
"2013064612","1215","1","0","0","1","0","0","0","0","0","8","0","","02","6","2013","3","40.465642","-79.955211","1208","11","0","0","0","0","0","0","0","0","","0","0","0","","","1","","1","","40 27:56.311","","0","79 57:18.759","8","0","0","0","2301","1","0","0","N","0","0","0","2","02301","0","","1.0","","1","N","N","","0","","0","0","0","","2","","","2","1","0","0","0","1","0","2","0","1","","","","N","","","","","","","","","",""
"2013064997","1247","2","0","0","0","0","0","0","0","0","1","0","","02","6","2013","2","40.669086","-80.094039","1212","11","0","0","0","0","0","2","0","0","1","0","0","0","","","1","","0","","40 40:08.708","2","0","80 05:38.542","3","0","0","1","2212","0","0","0","N","0","0","0","3","68B03","0","","1.0","","1","N","N","","0","","1","0","0","","0","N","","3","1","0","0","0","0","0","2","0","3","","","","N","","","","","","","","","",""
"2013063603","0625","1","0","0","0","0","0","0","0","0","1","0","","02","6","2013","6","40.45641","-79.990375","0621","11","0","0","0","0","0","1","1","0","1","0","0","0","","","0","","3","","40 27:23.076","1","2","79 59:25.351","0","0","0","0","2301","0","0","0","N","0","0","0","2","02301","0","","1.0","","1","N","N","","1","","0","0","0","","4","N","","2","0","0","0","0","0","0","2","0","2","","","","N","","","","","","","","","",""
"2013062909","2309","0","0","0","0","0","0","0","0","0","7","0","","02","6","2013","4","40.597126","-79.930321","2307","11","0","0","0","0","0","1","0","0","1","0","0","0","","","1","","2","","40 35:49.652","1","0","79 55:49.157","3","0","0","0","2207","0","0","0","N","0","0","0","1","02207","0","","2.0","","1","N","N","","0","","1","0","1","","3","Y","","1","1","0","0","0","0","0","1","0","1","","","","N","","","","","","","","","",""
"2013064473","1925","2","0","0","0","0","0","0","0","0","5","0","","02","6","2013","4","40.401316","-80.06324","1921","11","0","0","0","0","0","0","0","1","","0","0","0","","","0","","2","","40 24:04.737","","0","80 03:47.664","0","0","0","0","2117","0","0","0","N","0","0","0","3","02117","0","","1.0","","1","N","N","","0","","0","0","0","","0","","","2","0","0","0","0","0","0","2","0","2","","","","N","","","","","","","","","",""
"2013064998","1708","2","0","0","0","0","0","0","0","0","1","0","","02","6","2013","3","40.524828","-80.071314","1641","11","0","0","0","0","0","0","0","0","","0","0","0","","","1","","0","","40 31:29.381","","2","80 04:16.729","8","0","0","0","2215","0","0","0","N","0","0","0","2","68B03","0","","1.0","","1","N","N","","0","","0","0","0","","0","","","2","1","0","0","0","1","0","2","0","2","","","","N","","","","","","","","","",""
"2013064474","0314","1","0","0","0","0","0","0","0","0","7","0","","02","6","2013","3","40.381103","-79.81608","0313","11","0","0","0","0","0","0","0","0","1","0","0","0","","","1","","0","","40 22:51.970","4","0","79 48:57.888","8","0","0","0","2111","0","0","0","Y","0","0","0","1","02111","0","","4.0","","1","N","N","","0","","0","0","0","","0","N","","1","1","0","0","0","1","0","2","0","1","","","","N","","","","","","","","","",""
"2013064999","1905","0","0","0","0","0","0","0","0","0","7","0","","02","6","2013","3","40.568906","-80.116086","1902","11","1","0","0","0","0","0","0","0","","0","0","0","","","0","","0","","40 34:08.063","","0","80 06:57.909","0","0","0","0","2460","0","0","0","N","0","0","0","2","68B03","0","","4.0","","9","N","N","","0","","0","0","1","","0","","","1","0","0","0","0","0","0","2","0","1","","","","N","","","","","","","","","",""
"2013062846","1755","3","0","0","0","0","0","0","0","0","1","0","25","02","6","2013","4","40.434095","-79.989679","1748","11","0","1","0","0","0","0","0","0","","0","0","0","","","0","","0","","40 26:02.741","","3","79 59:22.845","0","0","0","0","2301","0","0","0","N","0","0","0","4","02301","0","","1.0","","1","N","N","","0","","0","0","0","","2","","","3","0","0","0","0","0","0","2","0","3","","","Y","Y","4","1","","","N","Y","","","",""
"2013063049","0830","1","0","0","0","0","0","0","0","0","1","0","","02","6","2013","5","40.408331","-79.894203","0823","11","0","0","0","0","0","2","0","0","","0","0","0","","","0","","2","","40 24:29.992","","0","79 53:39.132","0","0","0","0","2448","0","0","0","N","0","0","0","2","02448","0","","1.0","","1","N","N","","1","","0","0","0","","2","","","2","0","0","0","0","0","0","2","0","2","","","","N","","","","","","","","","",""
"2013062914","2342","1","0","0","0","0","0","0","0","0","0","0","","02","6","2013","4","40.500749","-79.942259","2338","11","0","0","0","0","0","0","0","0","1","0","0","0","","","0","","0","","40 30:02.696","5","0","79 56:32.133","0","0","0","0","2430","0","0","0","N","0","0","0","1","02430","0","","1.0","","1","N","N","","0","","0","0","0","","0","Y","","1","0","1","0","0","0","0","2","0","1","","","","N","","","","","","","","","",""
"2013063594","1941","2","0","0","0","0","0","0","0","0","4","0","","02","6","2013","6","40.400927","-80.0484","1931","11","0","0","0","0","0","0","0","0","","0","0","0","","","0","","1","","40 24:03.337","","0","80 02:54.240","0","0","0","0","2301","0","0","0","N","0","0","0","4","02301","0","","1.0","","1","N","N","","0","","0","0","0","","2","","","2","0","0","0","0","0","0","2","0","2","","","","N","","","","","","","","","",""
"2013063608","0215","1","0","0","0","0","0","0","0","0","7","0","","02","6","2013","7","40.461443","-79.86219","0213","11","0","0","0","0","0","0","0","0","","0","0","0","","","0","","0","","40 27:41.194","","0","79 51:43.884","0","0","0","0","2113","0","0","0","N","0","0","0","1","02113","0","","5.0","","1","N","N","","0","","0","0","0","","0","","","1","0","0","0","0","0","0","2","0","1","","","","N","","","","","","","","","",""
"2013063596","2130","1","0","0","0","0","0","0","0","0","8","0","","02","6","2013","6","40.462625","-79.95083","2124","11","0","0","0","0","0","0","1","0","","0","0","0","","","1","","1","","40 27:45.450","","0","79 57:02.988","4","0","0","0","2301","1","0","0","N","1","0","0","2","02301","1","","1.0","","1","N","N","","0","","0","0","0","","2","","","2","1","0","0","0","0","0","2","0","1","","","","N","","","","","","","","","",""
"2013063737","0938","0","0","0","0","0","0","0","0","0","5","1","","02","6","2013","7","40.350009","-79.872117","0935","11","0","0","0","0","0","0","0","0","2","0","1","0","","","0","","0","","40 21:00.032","4","0","79 52:19.620","0","0","0","0","2304","0","0","0","N","0","0","0","2","02304","0","","1.0","","1","N","N","","1","","0","0","0","","0","N","","2","0","0","0","0","0","0","2","0","2","","","","N","","","","","","","","","",""
"2013062309","0047","1","0","0","0","0","0","0","0","0","7","0","","02","6","2013","2","40.408522","-79.816931","0046","11","0","0","0","0","0","0","0","0","","0","0","0","","","0","","0","","40 24:30.679","","0","79 49:00.951","0","0","0","0","2467","0","0","0","N","0","0","0","0","02467","0","","5.0","","1","N","N","","0","","0","0","0","","0","","","1","0","0","0","0","0","0","2","0","1","","","","N","","","","","","","","","",""
"2013063053","0805","2","0","0","0","0","0","0","0","0","4","0","","02","6","2013","5","40.431389","-79.787903","0801","11","0","0","0","0","0","0","0","0","","0","0","0","","","2","","0","","40 25:53.000","","7","79 47:16.450","3","0","0","0","2446","0","0","0","N","0","0","0","2","02446","0","","1.0","","1","N","N","","0","","2","0","0","","0","","","2","2","0","0","0","0","0","2","0","2","","","","N","","","","","","","","","",""
"2013063465","2121","2","0","0","0","0","0","0","0","0","4","0","","02","6","2013","2","40.444174","-80.147117","2121","11","0","1","0","0","1","0","0","0","1","0","0","0","","","0","","2","","40 26:39.028","2","0","80 08:49.622","0","0","0","0","2115","0","0","0","N","0","0","0","2","02115","0","","1.0","","1","N","N","","0","","0","0","0","","2","N","","2","0","0","0","0","0","0","2","0","2","","","","N","","","","","","","","","",""
"2013063752","1626","1","0","0","0","0","0","0","0","0","1","0","","02","6","2013","6","40.66734","-80.096368","1626","11","0","0","1","0","0","1","0","0","","0","0","0","","","1","","2","","40 40:02.423","","0","80 05:46.925","8","0","0","0","2212","0","0","0","N","0","0","0","2","02505","0","","1.0","","1","N","N","","1","","0","0","0","","2","","","2","1","0","0","0","1","0","2","0","2","","","","N","","","","","","","","","",""
"2013065080","1845","2","0","0","0","0","0","0","0","0","1","0","","02","6","2013","4","40.427642","-79.961739","1834","11","0","0","0","1","0","0","0","0","1","0","0","0","","","0","","0","","40 25:39.510","1","3","79 57:42.260","0","0","0","0","2301","0","0","0","N","0","0","0","2","02301","0","","1.0","","1","N","N","","0","","0","0","0","","0","N","","2","0","0","0","0","0","0","2","0","2","","","","N","","","","","","","","","",""
"2013063600","0710","1","0","0","0","0","0","0","0","0","7","0","","02","6","2013","1","40.497077","-80.286279","0708","11","0","0","0","0","0","0","0","0","","0","0","0","","","0","","0","","40 29:49.478","","7","80 17:10.605","0","0","0","0","2203","0","0","0","N","0","0","0","3","02203","0","","5.0","","1","N","N","","0","","0","0","0","","3","","","1","0","0","0","0","0","0","2","0","1","","","","N","","","","","","","","","",""
"2013062854","1905","2","0","0","0","0","0","0","0","0","1","0","","02","6","2013","4","40.486077","-79.914106","1853","11","0","0","0","0","0","0","0","0","1","0","0","0","","","1","","0","","40 29:09.878","3","3","79 54:50.781","4","0","0","0","2301","0","0","0","N","0","0","0","3","02301","1","","1.0","","1","N","N","","0","","0","0","1","","0","N","","3","1","0","0","0","0","0","2","0","3","","","","N","","","","","","","","","",""
"2013063057","1431","1","0","0","0","0","0","0","0","0","7","0","","02","6","2013","1","40.539128","-80.006444","1427","11","0","0","0","0","0","0","0","0","","0","0","0","","","0","","0","","40 32:20.860","","0","80 00:23.200","0","0","0","0","2116","0","0","0","N","0","0","0","1","02116","0","","5.0","","9","N","N","","0","","0","0","0","","0","","","1","0","1","0","0","0","0","2","0","1","","","","N","","","","","","","","","",""
"2013065081","1908","0","0","0","1","0","0","0","0","0","8","0","","02","6","2013","4","40.467021","-79.964123","1905","11","0","0","0","0","0","1","0","0","","0","0","0","","","1","","0","","40 28:01.274","","0","79 57:50.842","4","0","0","0","2301","1","0","0","N","0","0","0","2","02301","1","","1.0","","1","N","N","","0","","0","0","0","","0","","","2","1","0","0","0","0","0","2","1","1","","","","N","","","","","","","","","",""
"2013063613","2341","0","0","0","0","0","0","0","0","0","7","0","","02","6","2013","6","40.395688","-79.997644","2333","11","0","0","0","0","0","0","0","0","2","0","0","0","","","0","","0","","40 23:44.478","1","0","79 59:51.517","0","0","0","0","2301","0","0","0","N","0","0","0","1","02301","0","","5.0","","1","N","N","","0","","0","0","1","","0","Y","","1","0","0","0","0","0","0","2","0","1","","","","N","","","","","","","","","",""
"2013062313","1000","1","0","0","0","0","0","0","0","0","5","0","","02","6","2013","6","40.405565","-79.88572","1000","11","0","0","0","0","0","0","1","0","","0","0","0","","","0","","2","","40 24:20.035","","2","79 53:08.591","0","0","0","0","2475","0","0","0","N","0","0","0","3","02475","0","","1.0","","1","N","N","","1","","0","0","0","","4","","","3","0","0","0","0","0","0","2","1","3","","","","N","","","","","","","","","",""
"2013064485","1449","1","0","0","0","0","0","0","0","0","99","0","","02","6","2013","2","40.534415","-80.064548","1443","11","0","0","0","0","0","0","0","1","2","0","0","0","","","0","","0","","40 32:03.893","7","7","80 03:52.371","0","0","0","0","2215","0","0","0","N","0","0","0","3","02215","0","","1.0","","9","N","N","","1","","0","0","0","","0","N","","2","0","0","0","0","0","0","2","0","2","","","","N","","","","","","","","","",""
"2013064560","1350","1","0","0","0","0","0","0","0","0","5","0","","02","6","2013","2","40.399629","-80.000319","1342","11","0","0","0","0","0","0","1","0","","0","0","0","","","1","","0","","40 23:58.666","","0","80 00:01.150","8","0","0","0","2301","0","0","0","N","0","0","0","3","02301","0","","1.0","","1","N","N","","1","","0","0","0","","0","","","2","1","0","0","0","1","0","2","0","2","","","","N","","","","","","","","","",""
"2013063615","2312","2","0","0","0","0","0","0","0","0","1","0","","02","6","2013","6","40.431622","-79.997616","2307","11","0","0","0","0","0","0","0","0","2","0","0","0","","","0","","0","","40 25:53.838","2","3","79 59:51.416","0","0","0","0","2301","0","0","0","N","0","0","0","3","02301","0","","1.0","","1","N","N","","0","","0","0","0","","0","N","","2","0","0","0","0","0","0","2","0","2","","","","N","","","","","","","","","",""
"2013063756","1829","2","0","0","0","0","0","0","0","0","1","0","","02","6","2013","6","40.527276","-79.846865","1815","11","0","0","0","1","0","0","0","0","","0","0","0","","","0","","0","","40 31:38.192","","3","79 50:48.713","0","0","0","0","2208","0","0","0","N","0","0","0","3","02208","0","","1.0","","1","N","N","","0","","0","0","0","","0","","","2","0","0","0","0","0","0","1","0","2","","","","N","","","","","","","","","",""
"2013062315","0358","2","0","0","0","0","0","0","0","0","5","0","35","02","6","2013","1","40.460946","-79.983101","0343","11","0","0","0","0","0","0","0","0","2","0","0","0","","","1","","0","","40 27:39.407","2","0","79 58:59.164","2","0","0","0","2301","0","0","0","N","0","0","0","2","02301","0","","1.0","","1","N","Y","","0","","0","1","0","","0","N","","2","1","1","0","1","0","0","2","0","2","","","N","Y","4","1","","","N","Y","","Y","Y",""
"2013065084","1536","1","0","0","0","0","0","0","0","0","7","0","","02","6","2013","4","40.533929","-80.09617","1528","11","0","0","0","0","0","1","0","0","","0","0","0","","","1","","0","","40 32:02.144","","0","80 05:46.212","8","0","0","0","2215","0","0","0","N","0","0","0","1","02215","0","","2.0","","1","N","N","","0","","0","0","0","","0","","","1","1","0","0","0","1","0","2","0","1","","","","N","","","","","","","","","",""
"2013062859","2228","2","0","0","0","0","0","0","0","0","1","0","","02","6","2013","2","40.393571","-79.997424","2221","11","0","0","0","0","0","0","0","0","1","0","0","0","","","1","","0","","40 23:36.854","2","0","79 59:50.726","8","0","0","0","2301","0","0","0","N","0","0","0","3","02301","0","","1.0","","1","N","N","","0","","0","0","0","","0","N","","2","1","0","0","0","1","0","2","0","2","","","","N","","","","","","","","","",""
"2013063616","2256","0","0","0","0","0","0","0","0","0","2","0","","02","6","2013","6","40.441662","-80.213714","2253","11","0","0","0","0","0","0","0","0","","0","0","0","","","0","","0","","40 26:29.983","","0","80 12:49.370","0","0","0","0","2214","0","0","0","N","0","0","0","1","02214","0","","1.0","","1","N","N","","0","","0","0","2","","0","","","2","0","0","0","0","0","0","2","0","2","","","","N","","","","","","","","","",""
"2013064500","0822","0","0","0","0","0","0","0","0","0","7","0","","02","6","2013","3","40.42847","-79.936654","0822","11","0","0","0","1","0","0","0","0","2","0","1","0","","","1","","0","","40 25:42.492","3","0","79 56:11.954","4","0","0","0","2301","0","0","0","Y","0","0","0","1","68B03","1","","4.0","","1","N","N","","0","","0","0","0","","0","N","","1","1","0","0","0","0","0","2","0","1","","","","N","","","","","","","","","",""