"CRN","ARRIVAL_TM","AUTOMOBILE_COUNT","BELTED_DEATH_COUNT","BELTED_SUSP_SERIOUS_INJ_COUNT","BICYCLE_COUNT","BICYCLE_DEATH_COUNT","BICYCLE_SUSP_SERIOUS_INJ_COUNT","BUS_COUNT","CHLDPAS_DEATH_COUNT","CHLDPAS_SUSP_SERIOUS_INJ_COUNT","COLLISION_TYPE","COMM_VEH_COUNT","CONS_ZONE_SPD_LIM","COUNTY","CRASH_MONTH","CRASH_YEAR","DAY_OF_WEEK","DEC_LATITUDE","DEC_LONGITUDE","DISPATCH_TM","DISTRICT","DRIVER_COUNT_16YR","DRIVER_COUNT_17YR","DRIVER_COUNT_18YR","DRIVER_COUNT_19YR","DRIVER_COUNT_20YR","DRIVER_COUNT_50_64YR","DRIVER_COUNT_65_74YR","DRIVER_COUNT_75PLUS","EST_HRS_CLOSED","FATAL_COUNT","HEAVY_TRUCK_COUNT","HORSE_BUGGY_COUNT","HOUR_OF_DAY","ILLUMINATION","INJURY_COUNT","INTERSECTION_RELATED","INTERSECT_TYPE","LANE_CLOSED","LATITUDE","LN_CLOSE_DIR","LOCATION_TYPE","LONGITUDE","MAX_SEVERITY_LEVEL","MCYCLE_DEATH_COUNT","MCYCLE_SUSP_SERIOUS_INJ_COUNT","MOTORCYCLE_COUNT","MUNICIPALITY","NONMOTR_COUNT","NONMOTR_DEATH_COUNT","NONMOTR_SUSP_SERIOUS_INJ_COUNT","NTFY_HIWY_MAINT","PED_COUNT","PED_DEATH_COUNT","PED_SUSP_SERIOUS_INJ_COUNT","PERSON_COUNT","POLICE_AGCY","POSSIBLE_INJ_COUNT","RDWY_SURF_TYPE_CD","RELATION_TO_ROAD","ROADWAY_CLEARED","ROAD_CONDITION","SCH_BUS_IND","SCH_ZONE_IND","SECONDARY_CRASH","SMALL_TRUCK_COUNT","SPEC_JURIS_CD","SUSP_MINOR_INJ_COUNT","SUSP_SERIOUS_INJ_COUNT","SUV_COUNT","TCD_FUNC_CD","TCD_TYPE","TFC_DETOUR_IND","TIME_OF_DAY","TOTAL_UNITS","TOT_INJ_COUNT","UNBELTED_OCC_COUNT","UNB_DEATH_COUNT","UNB_SUSP_SERIOUS_INJ_COUNT","UNK_INJ_DEG_COUNT","UNK_INJ_PER_COUNT","URBAN_RURAL","VAN_COUNT","VEHICLE_COUNT","WEATHER1","WEATHER2","WORKERS_PRES","WORK_ZONE_IND","WORK_ZONE_LOC","WORK_ZONE_TYPE","WZ_CLOSE_DETOUR","WZ_FLAGGER","WZ_LAW_OFFCR_IND","WZ_LN_CLOSURE","WZ_MOVING","WZ_OTHER","WZ_SHLDER_MDN","WZ_WORKERS_INJ_KILLED"
"2013065982","1546","1","0","0","0","0","0","0","0","0","1","0","","02","6","2013","6","40.481989","-79.85079","1536","11","0","0","0","0","0","0","0","0","","0","0","0","","","1","","0","","40 28:55.160","","0","79 51:02.843","4","0","0","0","2113","0","0","0","N","0","0","0","5","02113","1","","1.0","","1","N","N","","0","","0","0","1","","0","","","3","1","0","0","0","0","0","2","1","3","","","","N","","","","","","","","","",""
"2013067542","1938","2","0","0","0","0","0","0","0","0","4","0","","02","7","2013","3","40.524329","-79.829123","1934","11","0","0","0","0","0","0","0","1","","0","0","0","","","0","","0","","40 31:27.586","","7","79 49:44.841","0","0","0","0","2451","0","0","0","N","0","0","0","1","02451","0","","6.0","","1","N","N","","0","","0","0","0","","0","","","3","0","0","0","0","0","0","2","1","3","","","","N","","","","","","","","","",""
"2013067963","1235","1","0","0","0","0","0","0","0","0","1","0","","02","6","2013","5","40.426033","-79.775122","1232","11","0","0","0","0","0","0","0","1","","0","0","0","","","2","","0","","40 25:33.720","","7","79 46:30.440","8","0","0","0","2446","0","0","0","N","0","0","0","2","02446","0","","6.0","","1","N","N","","1","","0","0","0","","0","","","2","2","0","0","0","2","0","2","0","2","","","","N","","","","","","","","","",""
"2013068091","0105","4","0","0","0","0","0","0","0","0","4","0","","02","7","2013","6","40.39406","-80.01574","0057","11","0","0","0","0","0","1","0","0","1","0","0","0","","","0","","0","","40 23:38.616","5","0","80 00:56.664","0","0","0","0","2301","0","0","0","N","0","0","0","1","02301","0","","1.0","","1","N","N","","1","","0","0","3","","0","N","","8","0","0","0","0","0","0","2","0","8","","","","N","","","","","","","","","",""
"2013065248","1240","2","0","0","0","0","0","0","0","0","1","0","","02","6","2013","5","40.393704","-80.019936","1230","11","0","0","0","0","0","1","1","0","","0","0","0","","","2","","2","","40 23:37.334","","0","80 01:11.769","4","0","0","0","2301","0","0","0","","0","0","0","4","02301","2","","1.0","","9","","","","0","","0","0","0","","1","","","2","2","1","0","0","0","0","2","0","2","","","","N","","","","","","","","","",""
"2013065237","1039","1","0","0","0","0","0","0","0","0","4","0","","02","6","2013","5","40.363039","-79.984877","1036","11","0","0","0","0","0","0","0","0","","0","0","0","","","1","","1","","40 21:46.940","","0","79 59:05.557","3","0","0","0","2413","0","0","0","N","0","0","0","3","02413","0","","1.0","","9","N","N","","0","","1","0","1","","3","","","2","1","0","0","0","0","0","2","0","2","","","","N","","","","","","","","","",""
"2013065987","0732","0","0","0","0","0","0","0","0","0","1","0","","02","6","2013","5","40.565144","-79.994626","0725","11","0","0","0","0","0","1","0","0","1","0","0","0","","","0","","2","","40 33:54.520","3","0","79 59:40.654","0","0","0","0","2108","0","0","0","N","0","0","0","2","02108","0","","1.0","","9","N","N","","1","","0","0","1","","0","N","","2","0","0","0","0","0","0","2","0","2","","","","N","","","","","","","","","",""
"2013065922","0909","2","0","0","0","0","0","0","0","0","4","0","","02","6","2013","3","40.509788","-79.991671","0904","11","0","0","0","0","0","0","1","1","1","0","0","0","","","0","","2","","40 30:35.235","2","0","79 59:30.016","0","0","0","0","2116","0","0","0","N","0","0","0","2","02116","0","","1.0","","1","N","N","","0","","0","0","0","","3","N","","2","0","0","0","0","0","0","2","0","2","","","","N","","","","","","","","","",""
"2013065988","0709","0","0","0","0","0","0","0","0","0","0","1","","02","6","2013","6","40.537897","-80.20001","0705","11","0","0","0","0","0","1","0","0","","0","1","0","","","0","","2","","40 32:16.429","","0","80 12:00.037","0","0","0","0","2213","0","0","0","N","0","0","0","1","02213","0","","1.0","","1","N","N","","0","","0","0","0","","2","","","1","0","0","0","0","0","0","2","0","1","","","","N","","","","","","","","","",""
"2013065250","1256","1","0","0","0","0","0","0","0","0","4","0","","02","6","2013","5","40.489569","-80.018355","1251","11","0","0","1","0","0","1","0","0","1","0","0","0","","","1","","5","","40 29:22.450","2","0","80 01:06.078","3","0","0","0","2301","0","0","0","N","0","0","0","2","02301","0","","1.0","","1","N","N","","0","","1","0","1","","2","N","","2","1","0","0","0","0","0","2","0","2","","","","N","","","","","","","","","",""
"2013065989","2326","0","0","0","0","0","0","0","0","0","8","0","","02","6","2013","6","40.373789","-80.006338","2324","11","0","0","0","0","0","0","0","0","2","0","0","0","","","1","","1","","40 22:25.642","1","0","80 00:22.817","2","0","0","0","2416","1","0","1","N","1","0","1","2","02416","0","","1.0","","1","N","N","","0","","0","1","1","","2","N","","2","1","0","0","0","0","1","2","0","1","","","","N","","","","","","","","","",""
"2013068029","1603","2","0","0","0","0","0","0","0","0","4","0","","02","7","2013","5","40.483178","-79.908019","1557","11","0","0","0","0","0","1","0","0","","0","0","0","","","0","","0","","40 28:59.442","","0","79 54:28.867","0","0","0","0","2301","0","0","0","N","0","0","0","2","02301","0","","1.0","","1","N","N","","0","","0","0","0","","0","","","2","0","0","0","0","0","0","2","0","2","","","","N","","","","","","","","","",""
"2013066546","1758","1","0","0","0","0","0","0","0","0","5","0","","02","6","2013","2","40.366589","-80.106033","1457","11","0","0","1","0","0","0","0","0","1","0","0","0","","","0","","0","","40 21:59.719","3","0","80 06:21.717","0","0","0","0","2102","0","0","0","N","0","0","0","5","02102","0","","1.0","","1","N","N","","1","","0","0","1","","0","Y","","3","0","0","0","0","0","0","2","0","3","","","","N","","","","","","","","","",""
"2013065240","0842","1","0","0","0","0","0","0","0","0","7","0","","02","6","2013","4","40.647985","-79.762845","0842","11","0","0","0","0","0","0","0","0","","0","0","0","","","1","","0","","40 38:52.747","","0","79 45:46.241","4","0","0","0","2202","0","0","0","N","0","0","0","1","02202","1","","4.0","","9","N","N","","0","","0","0","0","","0","","","1","1","0","0","0","0","0","1","0","1","","","","N","","","","","","","","","",""
"2013065711","1756","2","0","0","0","0","0","0","0","0","1","0","","02","6","2013","5","40.497977","-80.060508","1755","11","0","0","0","0","0","3","0","0","1","0","0","0","","","1","","0","","40 29:52.717","6","0","80 03:37.828","4","0","0","0","2404","0","0","0","N","0","0","0","3","02404","1","","1.0","","1","N","N","","0","","0","0","1","","0","Y","","3","1","0","0","0","0","0","2","0","3","","","","N","","","","","","","","","",""
"2013065253","1324","0","0","0","0","0","0","0","0","0","4","0","","02","6","2013","4","40.351741","-80.011492","1323","11","0","0","0","0","0","1","0","0","1","0","0","0","","","0","","1","","40 21:06.266","2","0","80 00:41.371","0","0","0","0","2476","0","0","0","N","0","0","0","2","02476","0","","1.0","","1","N","N","","0","","0","0","2","","1","N","","2","0","0","0","0","0","0","2","0","2","","","","N","","","","","","","","","",""
"2013066763","","1","0","0","0","0","0","0","0","0","1","0","","02","3","2013","7","40.389708","-79.933338","","11","0","0","0","0","0","0","0","0","","0","0","0","","","1","","1","","40 23:22.947","1","0","79 56:00.018","8","0","0","0","2301","0","0","0","N","0","0","0","4","00000","0","","1.0","","1","N","N","","0","","0","0","0","","2","N","","3","1","0","0","0","1","0","2","1","3","","","","N","","","","","","","","","",""
"2013065926","1118","1","0","0","0","0","0","0","0","0","1","0","","02","6","2013","6","40.438793","-79.92771","1115","11","0","0","0","0","0","1","0","0","2","0","0","0","","","1","","2","","40 26:19.654","6","0","79 55:39.756","8","0","0","0","2301","0","0","0","N","0","0","0","1","02301","0","","1.0","","1","N","N","","1","","0","0","1","","0","N","","3","1","0","0","0","1","0","2","0","3","","","","N","","","","","","","","","",""
"2013066067","1255","1","0","0","0","0","0","0","0","0","4","1","","02","6","2013","3","40.338142","-79.949764","1253","11","0","0","0","0","0","0","0","0","","0","1","0","","","0","","0","","40 20:17.310","","7","79 56:59.150","0","0","0","0","2473","0","0","0","N","0","0","0","4","02473","0","","1.0","","1","N","N","","0","","0","0","0","","3","","","2","0","0","0","0","0","0","2","0","2","","","","N","","","","","","","","","",""
"2013066549","0150","1","0","0","0","0","0","0","0","0","1","0","","02","6","2013","7","40.369295","-79.867924","0146","11","0","0","0","0","0","0","0","0","","0","0","0","","","2","","0","","40 22:09.463","","0","79 52:04.527","3","0","0","0","2473","0","0","0","N","0","0","0","2","02473","1","","5.0","","1","N","N","","1","","1","0","0","","0","","","2","2","2","0","0","0","0","2","0","2","","","","N","","","","","","","","","",""
"2013065255","1701","2","0","0","0","0","0","0","0","0","1","0","","02","6","2013","4","40.322199","-79.925998","1655","11","0","0","0","0","0","0","0","1","2","0","0","0","","","2","","2","","40 19:19.915","1","0","79 55:33.594","8","0","0","0","2440","0","0","0","N","0","0","0","3","02440","0","","1.0","","1","N","N","","0","","0","0","0","","0","N","","2","2","0","0","0","2","0","2","0","2","","","","N","","","","","","","","","",""
"2013066068","1851","2","0","0","0","0","0","0","0","0","5","0","","02","6","2013","5","40.518399","-80.037028","1849","11","0","0","0","0","0","0","0","0","1","0","0","0","","","0","","0","","40 31:06.236","3","0","80 02:13.300","0","0","0","0","2474","0","0","0","N","0","0","0","2","02474","0","","1.0","","1","N","N","","0","","0","0","0","","0","Y","","2","0","0","0","0","0","0","2","0","2","","","","N","","","","","","","","","",""
"2013066847","1452","0","0","0","0","0","0","0","0","0","0","0","","02","6","2013","1","40.322543","-79.99485","1435","11","0","0","0","0","0","1","0","0","1","0","0","0","","","1","","0","","40 19:21.156","1","0","79 59:41.460","4","0","0","1","2219","0","0","0","N","0","0","0","1","02219","1","","1.0","","9","N","N","","0","","0","0","0","","0","N","","1","1","0","0","0","0","0","2","0","1","","","","N","","","","","","","","","",""
"2013067353","1032","1","0","0","0","0","0","0","0","0","2","0","","02","7","2013","3","40.321148","-79.942158","1030","11","0","0","0","0","0","0","0","1","1","0","0","0","","","2","","1","","40 19:16.133","1","0","79 56:31.769","8","0","0","0","2454","0","0","0","N","0","0","0","2","02454","0","","1.0","","1","N","N","","0","","0","0","1","","2","N","","2","2","0","0","0","2","0","2","0","2","","","","N","","","","","","","","","",""
"2013066624","1320","2","0","0","0","0","0","0","0","0","5","0","","02","6","2013","1","40.526526","-80.159078","1308","11","0","0","0","0","0","0","0","0","1","0","0","0","","","1","","1","","40 31:35.492","1","0","80 09:32.680","8","0","0","0","2436","0","0","0","N","0","0","0","2","68B03","0","","1.0","","1","N","N","","0","","0","0","0","","2","N","","3","1","0","0","0","1","0","2","0","2","","","","N","","","","","","","","","",""
"2013065928","1150","1","0","0","0","0","0","0","0","0","1","0","","02","6","2013","6","40.458134","-79.90838","1150","11","0","0","0","0","1","0","0","0","","0","0","0","","","0","","2","","40 27:29.281","","0","79 54:30.168","0","0","0","0","2301","0","0","0","N","0","0","0","2","02301","0","","1.0","","1","N","N","","0","","0","0","1","","0","","","2","0","0","0","0","0","0","2","0","2","","","","N","","","","","","","","","",""
"2013065729","1636","2","0","0","0","0","0","0","0","0","5","0","","02","6","2013","6","40.402012","-80.000594","1630","11","0","0","0","0","0","0","0","0","","0","0","0","","","1","","1","","40 24:07.244","","0","80 00:02.139","4","0","0","0","2301","0","0","0","N","0","0","0","2","02301","1","","1.0","","1","N","N","","0","","0","0","0","","2","","","2","1","0","0","0","0","0","2","0","2","","","","N","","","","","","","","","",""
"2013066767","1025","1","0","0","0","0","0","0","0","0","7","0","","02","7","2013","2","40.51887","-79.865175","1021","11","0","0","0","1","0","0","0","0","","0","0","0","","","0","","0","","40 31:07.932","","0","79 51:54.630","0","0","0","0","2112","0","0","0","N","0","0","0","1","02112","0","","4.0","","9","N","N","","0","","0","0","0","","0","","","1","0","0","0","0","0","0","2","0","1","","","","N","","","","","","","","","",""
"2013068036","1617","0","0","0","0","0","0","0","0","0","7","0","","02","7","2013","5","40.469574","-79.795181","1609","11","0","0","0","0","0","0","0","0","2","0","0","0","","","0","","0","","40 28:10.466","3","0","79 47:42.651","0","0","0","0","2113","0","0","0","N","0","0","0","1","02113","0","","5.0","","1","N","N","","0","","0","0","0","","0","N","","1","0","0","0","0","0","0","2","1","1","","","","N","","","","","","","","","",""
"2013067356","0702","2","0","0","0","0","0","0","0","0","1","0","30","02","7","2013","2","40.344564","-79.883611","0658","11","0","0","0","0","0","1","0","0","","0","0","0","","","0","","3","","40 20:40.430","","3","79 53:01.000","0","0","0","0","2304","0","0","0","Y","0","0","0","2","02304","0","","1.0","","9","N","N","","0","","0","0","0","","2","","","2","0","0","0","0","0","0","2","0","2","","","Y","Y","4","1","","","N","","","","",""
"2013066769","0911","1","0","0","0","0","0","0","0","0","5","1","","02","7","2013","2","40.410061","-80.080742","0906","11","0","0","0","0","0","2","0","0","","0","1","0","","","1","","1","","40 24:36.218","","0","80 04:50.671","8","0","0","0","2415","0","0","0","N","0","0","0","2","02415","0","","1.0","","9","N","N","","0","","0","0","0","","0","","","2","1","0","0","0","1","0","2","0","2","","","","N","","","","","","","","","",""
"2013068038","1455","1","0","0","0","0","0","0","0","0","4","0","","02","7","2013","5","40.606671","-79.947163","1446","11","0","0","0","0","0","0","0","0","2","0","0","0","","","0","","0","","40 36:24.014","1","0","79 56:49.786","0","0","0","0","2207","0","0","0","N","0","0","0","3","02207","0","","1.0","","1","N","N","","1","","0","0","0","","0","N","","2","0","0","0","0","0","0","2","0","2","","","","N","","","","","","","","","",""
"2013068104","0541","2","0","0","0","0","0","0","0","0","2","0","","02","7","2013","6","40.477105","-79.846924","0538","11","0","0","0","0","0","1","0","0","2","0","0","0","","","2","","0","","40 28:37.579","4","0","79 50:48.928","8","0","0","0","2113","0","0","0","N","0","0","0","2","02113","0","","1.0","","1","N","N","","0","","0","0","0","","0","Y","","2","2","0","0","0","2","0","2","0","2","","","","N","","","","","","","","","",""
"2013066568","2300","0","0","0","0","0","0","0","0","0","7","0","","02","6","2013","1","40.387934","-79.996376","2257","11","0","0","0","0","0","0","0","0","1","0","0","0","","","0","","1","","40 23:16.562","1","0","79 59:46.954","9","0","0","0","2301","0","0","0","N","0","0","0","1","02301","0","","2.0","","1","N","N","","1","","0","0","0","","2","N","","1","0","0","0","0","0","1","2","0","1","","","","N","","","","","","","","","",""
"2013066569","1817","1","0","0","0","0","0","0","0","0","7","0","","02","6","2013","6","40.42341","-79.989198","1816","11","0","0","0","1","0","0","0","0","","0","0","0","","","0","","0","","40 25:24.276","","0","79 59:21.112","0","0","0","0","2301","0","0","0","N","0","0","0","2","02301","0","","2.0","","9","N","N","","0","","0","0","0","","0","","","1","0","0","0","0","0","0","2","0","1","","","","N","","","","","","","","","",""
"2013067372","2237","1","0","0","0","0","0","0","0","0","4","0","","02","6","2013","7","40.49051","-80.050372","2236","11","0","0","1","0","0","0","0","0","1","0","0","0","","","1","","0","","40 29:25.836","1","0","80 03:01.339","4","0","0","0","2404","0","0","0","N","0","0","0","1","02404","1","","1.0","","1","N","N","","0","","0","0","0","","0","N","","2","1","0","0","0","0","0","2","1","2","","","","N","","","","","","","","","",""
"2013066693","1500","1","0","0","0","0","0","0","0","0","1","0","","02","6","2013","7","40.384273","-79.994367","1500","11","0","0","0","0","0","2","0","0","","0","0","0","","","0","","0","","40 23:03.382","","0","79 59:39.721","0","0","0","0","2301","0","0","0","N","0","0","0","2","02301","0","","1.0","","1","N","N","","0","","0","0","1","","0","","","2","0","0","0","0","0","0","2","0","2","","","","N","","","","","","","","","",""
"2013065264","1427","1","0","0","0","0","0","0","0","0","4","0","","02","6","2013","5","40.491708","-80.06127","1425","11","0","0","0","0","0","0","0","0","1","0","0","0","","","1","","0","","40 29:30.148","5","0","80 03:40.573","8","0","0","0","2404","0","0","0","N","0","0","0","2","02404","0","","1.0","","9","N","N","","0","","0","0","0","","0","Y","","2","1","0","0","0","1","0","2","1","2","","","","N","","","","","","","","","",""
"2013068041","1339","1","0","0","0","0","0","0","0","0","4","0","","02","7","2013","4","40.619485","-79.730383","1334","11","0","0","0","0","0","1","0","1","","0","0","0","","","1","","1","","40 37:10.146","","0","79 43:49.380","8","0","0","0","2106","0","0","0","N","0","0","0","2","02106","0","","1.0","","1","N","N","","0","","0","0","1","","3","","","2","1","0","0","0","1","0","2","0","2","","","","N","","","","","","","","","",""
"2013065735","0101","1","0","0","0","0","0","1","0","0","6","1","","02","6","2013","5","40.447137","-79.895168","0051","11","0","0","0","0","0","0","1","0","","0","0","0","","","1","","1","","40 26:49.694","","0","79 53:42.603","8","0","0","0","2301","0","0","0","N","0","0","0","3","02503","0","","1.0","","1","N","N","","1","","0","0","0","","2","","","3","1","1","0","0","1","0","2","0","3","","","","N","","","","","","","","","",""
"2013066570","2334","2","0","0","0","0","0","0","0","0","4","0","","02","6","2013","1","40.415035","-80.011273","2331","11","0","0","1","0","0","0","0","0","1","0","0","0","","","1","","2","","40 24:54.125","1","0","80 00:40.583","4","0","0","0","2301","0","0","0","N","0","0","0","6","02301","1","","1.0","","1","N","N","","0","","0","0","0","","2","Y","","2","1","0","0","0","0","0","2","0","2","","","","N","","","","","","","","","",""
"2013065265","0230","2","0","0","0","0","0","0","0","0","6","0","","02","6","2013","2","40.372626","-79.852995","0230","11","0","0","0","0","0","0","0","0","","0","0","0","","","0","","0","","40 22:21.454","","0","79 51:10.783","9","0","0","0","2303","0","0","0","","0","0","0","1","02303","0","","6.0","","1","","","","0","","0","0","0","","0","","","2","0","0","0","0","0","1","2","0","2","","","","N","","","","","","","","","",""
"2013066013","0548","1","0","0","0","0","0","0","0","0","7","0","","02","6","2013","7","40.57886","-80.116483","0525","11","0","0","0","0","0","0","0","0","","0","0","0","","","0","","0","","40 34:43.896","","0","80 06:59.339","0","0","0","0","2481","0","0","0","N","0","0","0","1","68B03","0","","2.0","","1","N","N","","0","","0","0","0","","0","","","1","0","0","0","0","0","0","2","0","1","","","","N","","","","","","","","","",""
"2013066425","1055","0","0","0","0","0","0","0","0","0","7","0","","02","6","2013","1","40.453384","-79.879054","1044","11","0","0","0","0","0","0","1","0","","0","0","0","","","0","","0","","40 27:12.182","","0","79 52:44.594","0","0","0","0","2301","0","0","0","N","0","0","0","1","02301","0","","2.0","","1","N","N","","0","","0","0","1","","0","","","1","0","0","0","0","0","0","2","0","1","","","","N","","","","","","","","","",""
"2013068042","1514","1","0","0","0","0","0","0","0","0","7","0","","02","6","2013","1","40.340328","-80.053286","1501","11","0","0","0","0","0","1","0","0","","0","0","0","","","0","","0","","40 20:25.180","","0","80 03:11.830","0","0","0","0","2407","0","0","0","N","0","0","0","1","02407","0","","2.0","","9","N","N","","0","","0","0","0","","0","","","1","0","0","0","0","0","0","2","0","1","","","","N","","","","","","","","","",""
"2013066710","1512","1","0","0","0","0","0","0","0","0","1","0","","02","6","2013","6","40.498559","-79.854001","1505","11","0","0","0","1","0","0","0","0","1","0","0","0","","","0","","0","","40 29:54.814","2","0","79 51:14.403","0","0","0","0","2301","0","0","0","N","0","0","0","3","02301","0","","1.0","","1","N","N","","1","","0","0","0","","0","N","","2","0","0","0","0","0","0","2","0","2","","","","N","","","","","","","","","",""
"2013066014","1230","1","0","0","0","0","0","0","0","0","1","0","","02","6","2013","2","40.432348","-80.023473","1220","11","0","0","0","0","0","0","0","0","1","0","1","0","","","1","","0","","40 25:56.453","3","4","80 01:24.503","4","0","0","0","2301","0","0","0","N","0","0","0","3","68B03","1","","1.0","","1","N","N","","0","","0","0","1","","0","N","","3","1","0","0","0","0","0","2","0","3","","","","N","","","","","","","","","",""
"2013066426","1335","0","0","0","0","0","0","0","0","0","8","0","","02","6","2013","1","40.448413","-79.934205","1330","11","0","0","0","0","0","0","1","0","","0","0","0","","","1","","2","","40 26:54.286","","0","79 56:03.138","3","0","0","0","2301","1","0","0","N","1","0","0","3","02301","0","","1.0","","1","N","N","","1","","1","0","0","","2","","","2","1","0","0","0","0","0","2","0","1","","","","N","","","","","","","","","",""
"2013067977","0720","2","0","0","0","0","0","0","0","0","2","0","","02","7","2013","5","40.448031","-79.894553","0710","11","0","0","0","0","0","0","0","0","","0","0","0","","","3","","1","","40 26:52.911","","0","79 53:40.390","3","0","0","0","2301","0","0","0","N","0","0","0","3","02301","2","","1.0","","9","N","N","","0","","1","0","0","","2","","","2","3","0","0","0","0","0","2","0","2","","","","N","","","","","","","","","",""
"2013066696","","0","0","0","0","0","0","0","0","0","1","0","","02","1","2013","6","40.394212","-80.027124","","11","0","0","0","0","0","0","0","0","","0","0","0","","","0","","2","","40 23:39.163","","7","80 01:37.646","0","0","0","0","2301","0","0","0","N","0","0","0","2","00000","0","","1.0","","1","N","N","","0","","0","0","2","","0","","","2","0","0","0","0","0","0","2","0","2","","","","N","","","","","","","","","",""
"2013066015","2242","1","0","0","0","0","0","0","0","0","4","0","","02","6","2013","2","40.369058","-80.118879","2231","11","0","0","0","0","0","1","0","0","","0","0","0","","","0","","0","","40 22:08.610","","0","80 07:07.965","0","0","0","0","2102","0","0","0","N","0","0","0","2","68B03","0","","1.0","","1","N","N","","0","","0","0","1","","0","","","2","0","0","0","0","0","0","2","0","2","","","","N","","","","","","","","","",""
"2013066560","1825","0","0","0","0","0","0","0","0","0","2","0","","02","6","2013","5","40.368175","-80.103183","1824","11","0","1","0","0","0","0","0","0","1","0","0","0","","","0","","0","","40 22:05.431","3","0","80 06:11.459","0","0","0","0","2102","0","0","0","N","0","0","0","4","02102","0","","1.0","","1","N","N","","0","","0","0","2","","0","N","","2","0","0","0","0","0","0","2","0","2","","","","N","","","","","","","","","",""
"2013067978","0950","1","0","0","0","0","0","0","0","0","4","0","","02","7","2013","4","40.641492","-79.939639","0942","11","0","1","0","0","0","0","1","0","","0","0","0","","","1","","0","","40 38:29.370","","0","79 56:22.700","4","0","0","0","2217","0","0","0","N","0","0","0","2","02505","1","","1.0","","1","N","N","","1","","0","0","0","","0","","","2","1","0","0","0","0","0","2","0","2","","","","N","","","","","","","","","",""
"2013066016","1707","0","0","0","0","0","0","0","0","0","1","0","","02","6","2013","3","40.446122","-80.165242","1646","11","0","0","0","1","0","0","0","1","","0","0","0","","","0","","0","","40 26:46.040","","0","80 09:54.871","0","0","0","0","2115","0","0","0","N","0","0","0","3","68B03","0","","1.0","","1","N","N","","1","","0","0","1","","0","","","2","0","0","0","0","0","0","2","0","2","","","","N","","","","","","","","","",""
"2013067377","1430","0","0","0","0","0","0","0","0","0","7","0","","02","7","2013","3","40.21277","-79.841411","1423","11","0","0","0","0","0","1","0","0","2","0","0","0","","","0","","0","","40 12:45.972","1","0","79 50:29.079","0","0","0","0","2204","0","0","0","N","0","0","0","1","64103","0","","5.0","","1","N","N","","1","","0","0","0","","0","N","","1","0","1","0","0","0","0","1","0","1","","","","N","","","","","","","","","",""
"2013066713","0718","4","0","0","0","0","0","0","0","0","1","0","","02","7","2013","2","40.432378","-79.730679","0709","11","0","0","0","0","1","2","0","0","1","0","0","0","","","1","","0","","40 25:56.562","1","0","79 43:50.443","3","0","0","0","2446","0","0","0","N","0","0","0","4","02446","0","","1.0","","9","N","N","","0","","1","0","0","","0","N","","4","1","1","0","0","0","0","2","0","4","","","","N","","","","","","","","","",""
"2013066017","1734","3","0","0","0","0","0","0","0","0","1","0","","02","6","2013","3","40.427797","-80.129422","1725","11","0","0","0","0","0","1","0","0","1","0","0","0","","","2","","0","","40 25:40.070","4","0","80 07:45.920","4","0","0","0","2102","0","0","0","N","0","0","0","5","68B03","2","","1.0","","1","N","N","","0","","0","0","0","","0","N","","3","2","0","0","0","0","0","2","0","3","","","","N","","","","","","","","","",""
"2013068114","0710","1","0","0","0","0","0","0","0","0","7","0","","02","7","2013","6","40.438737","-79.769099","0705","11","0","0","0","0","0","0","0","0","1","0","0","0","","","0","","0","","40 26:19.454","4","0","79 46:08.758","0","0","0","0","2446","0","0","0","N","0","0","0","1","02446","0","","5.0","","1","N","N","","0","","0","0","0","","0","N","","1","0","0","0","0","0","0","2","0","1","","","","N","","","","","","","","","",""
"2013066575","0351","2","0","0","0","0","0","0","0","0","1","0","","02","6","2013","1","40.452381","-79.826323","0351","11","0","0","0","1","0","0","0","0","","0","0","0","","","0","","0","","40 27:08.570","","0","79 49:34.762","0","0","0","0","2113","0","0","0","N","0","0","0","5","02113","0","","1.0","","1","N","N","","0","","0","0","0","","0","","","2","0","1","0","0","0","0","2","0","2","","","","N","","","","","","","","","",""
"2013065956","1358","2","0","0","0","0","0","0","0","0","1","0","","02","6","2013","6","40.354126","-79.824292","1355","11","0","0","0","0","0","1","0","0","","0","0","0","","","1","","0","","40 21:14.852","","0","79 49:27.452","4","0","0","0","2477","0","0","0","N","0","0","0","3","02477","1","","1.0","","9","N","N","","0","","0","0","0","","0","","","2","1","2","0","0","0","0","2","0","2","","","","N","","","","","","","","","",""
"2013066018","0916","1","0","0","0","0","0","0","0","0","7","0","","02","6","2013","5","40.474035","-80.005796","0852","11","0","0","0","0","0","0","0","0","1","0","0","0","","","0","","0","","40 28:26.525","1","0","80 00:20.864","0","0","0","0","2301","0","0","0","N","0","0","0","2","68B03","0","","3.0","","9","N","N","","0","","0","0","0","","0","N","","1","0","0","0","0","0","0","2","0","1","","","","N","","","","","","","","","",""
"2013068115","0730","1","0","0","0","0","0","0","0","0","7","0","","02","7","2013","5","40.486311","-79.913597","0720","11","0","0","0","0","0","0","0","0","2","0","0","0","","","0","","3","","40 29:10.718","2","3","79 54:48.949","9","0","0","0","2301","0","0","0","N","0","0","0","1","02301","0","","1.0","","1","N","N","","0","","0","0","0","","0","Y","","1","0","0","0","0","0","1","2","0","1","","","","N","","","","","","","","","",""