"CRN","ARRIVAL_TM","AUTOMOBILE_COUNT","BELTED_DEATH_COUNT","BELTED_SUSP_SERIOUS_INJ_COUNT","BICYCLE_COUNT","BICYCLE_DEATH_COUNT","BICYCLE_SUSP_SERIOUS_INJ_COUNT","BUS_COUNT","CHLDPAS_DEATH_COUNT","CHLDPAS_SUSP_SERIOUS_INJ_COUNT","COLLISION_TYPE","COMM_VEH_COUNT","CONS_ZONE_SPD_LIM","COUNTY","CRASH_MONTH","CRASH_YEAR","DAY_OF_WEEK","DEC_LATITUDE","DEC_LONGITUDE","DISPATCH_TM","DISTRICT","DRIVER_COUNT_16YR","DRIVER_COUNT_17YR","DRIVER_COUNT_18YR","DRIVER_COUNT_19YR","DRIVER_COUNT_20YR","DRIVER_COUNT_50_64YR","DRIVER_COUNT_65_74YR","DRIVER_COUNT_75PLUS","EST_HRS_CLOSED","FATAL_COUNT","HEAVY_TRUCK_COUNT","HORSE_BUGGY_COUNT","HOUR_OF_DAY","ILLUMINATION","INJURY_COUNT","INTERSECTION_RELATED","INTERSECT_TYPE","LANE_CLOSED","LATITUDE","LN_CLOSE_DIR","LOCATION_TYPE","LONGITUDE","MAX_SEVERITY_LEVEL","MCYCLE_DEATH_COUNT","MCYCLE_SUSP_SERIOUS_INJ_COUNT","MOTORCYCLE_COUNT","MUNICIPALITY","NONMOTR_COUNT","NONMOTR_DEATH_COUNT","NONMOTR_SUSP_SERIOUS_INJ_COUNT","NTFY_HIWY_MAINT","PED_COUNT","PED_DEATH_COUNT","PED_SUSP_SERIOUS_INJ_COUNT","PERSON_COUNT","POLICE_AGCY","POSSIBLE_INJ_COUNT","RDWY_SURF_TYPE_CD","RELATION_TO_ROAD","ROADWAY_CLEARED","ROAD_CONDITION","SCH_BUS_IND","SCH_ZONE_IND","SECONDARY_CRASH","SMALL_TRUCK_COUNT","SPEC_JURIS_CD","SUSP_MINOR_INJ_COUNT","SUSP_SERIOUS_INJ_COUNT","SUV_COUNT","TCD_FUNC_CD","TCD_TYPE","TFC_DETOUR_IND","TIME_OF_DAY","TOTAL_UNITS","TOT_INJ_COUNT","UNBELTED_OCC_COUNT","UNB_DEATH_COUNT","UNB_SUSP_SERIOUS_INJ_COUNT","UNK_INJ_DEG_COUNT","UNK_INJ_PER_COUNT","URBAN_RURAL","VAN_COUNT","VEHICLE_COUNT","WEATHER1","WEATHER2","WORKERS_PRES","WORK_ZONE_IND","WORK_ZONE_LOC","WORK_ZONE_TYPE","WZ_CLOSE_DETOUR","WZ_FLAGGER","WZ_LAW_OFFCR_IND","WZ_LN_CLOSURE","WZ_MOVING","WZ_OTHER","WZ_SHLDER_MDN","WZ_WORKERS_INJ_KILLED"
"2013066019","1609","1","0","0","0","0","0","0","0","0","7","0","","02","6","2013","5","40.517946","-80.130662","1528","11","0","0","0","0","0","1","0","0","1","0","0","0","","","0","","0","","40 31:04.606","1","0","80 07:50.383","0","0","0","0","2434","0","0","0","N","0","0","0","1","68B03","0","","2.0","","8","N","N","","0","","0","0","0","","0","Y","","1","0","0","0","0","0","0","2","0","1","","","","N","","","","","","","","","",""
"2013066716","1316","1","0","0","0","0","0","0","0","0","7","0","","02","6","2013","1","40.397871","-79.792272","1314","11","0","0","0","0","0","0","0","0","","0","0","0","","","1","","0","","40 23:52.334","","0","79 47:32.178","8","0","0","0","2446","0","0","0","N","0","0","0","1","02446","0","","5.0","","1","N","N","","0","","0","0","0","","0","","","1","1","0","0","0","1","0","2","0","1","","","","N","","","","","","","","","",""
"2013067983","0740","0","0","0","0","0","0","0","0","0","1","1","","02","6","2013","4","40.408436","-80.004647","0740","11","0","0","1","0","0","0","0","0","","0","1","0","","","1","","0","","40 24:30.370","","0","80 00:16.730","8","0","0","0","2301","0","0","0","N","0","0","0","3","02301","0","","1.0","","1","N","N","","0","","0","0","1","","0","","","2","1","0","0","0","1","0","2","0","2","","","","N","","","","","","","","","",""
"2013066578","0601","1","0","0","0","0","0","0","0","0","7","0","","02","6","2013","6","40.477446","-79.743944","0556","11","0","0","0","0","0","0","0","0","","0","0","0","","","0","","0","","40 28:38.805","","0","79 44:38.198","0","0","0","0","2466","0","0","0","N","0","0","0","1","02466","0","","2.0","","1","N","N","","0","","0","0","0","","0","","","1","0","0","0","0","0","0","2","0","1","","","","N","","","","","","","","","",""
"2013065133","2339","1","0","0","0","0","0","0","0","0","4","0","","02","6","2013","4","40.348237","-79.890144","2334","11","0","0","0","0","0","0","1","0","1","0","0","0","","","0","","1","","40 20:53.653","4","0","79 53:24.518","0","0","0","0","2423","0","0","0","N","0","0","0","6","02304","0","","1.0","","1","N","N","","0","","0","0","1","","3","N","","2","0","0","0","0","0","0","2","0","2","","","","N","","","","","","","","","",""
"2013065276","1835","0","0","0","0","0","0","0","0","0","4","0","","02","6","2013","4","40.455884","-80.004602","1831","11","0","0","0","0","0","1","0","0","4","1","0","0","","","0","","2","","40 27:21.182","7","0","80 00:16.567","1","1","0","1","2301","0","0","0","N","0","0","0","2","02301","0","9","1.0","","1","N","N","","0","0","0","0","0","","2","Y","","2","0","0","0","0","0","0","2","1","2","","","","N","","","","","","","","","",""
"2013066782","0904","2","0","0","0","0","0","0","0","0","1","0","","02","7","2013","2","40.352131","-79.977519","0901","11","0","0","0","0","0","0","0","0","","0","0","0","","","0","","1","","40 21:07.670","","0","79 58:39.070","0","0","0","0","2476","0","0","0","N","0","0","0","3","02476","0","","1.0","","9","N","N","","0","","0","0","0","","2","","","2","0","0","0","0","0","0","2","0","2","","","","N","","","","","","","","","",""
"2013066580","0511","1","0","0","0","0","0","0","0","0","7","0","","02","6","2013","1","40.481888","-79.780525","0509","11","0","0","0","0","1","0","0","0","","0","0","0","","","0","","0","","40 28:54.798","","0","79 46:49.889","0","0","0","0","2113","0","0","0","N","0","0","0","1","02113","0","","4.0","","1","N","N","","0","","0","0","0","","0","","","1","0","0","0","0","0","0","2","0","1","","","","N","","","","","","","","","",""
"2013067383","1646","2","0","0","0","0","0","0","0","0","4","0","","02","7","2013","2","40.399677","-79.804111","1641","11","0","0","0","1","0","0","0","0","","0","0","0","","","1","","2","","40 23:58.837","","0","79 48:14.799","8","0","0","0","2446","0","0","0","N","0","0","0","4","02446","0","","1.0","","1","N","N","","0","","0","0","0","","0","","","2","1","1","0","0","1","0","2","0","2","","","","N","","","","","","","","","",""
"2013065961","1242","2","0","0","0","0","0","0","0","0","1","0","","02","6","2013","6","40.454955","-80.021506","1236","11","0","0","0","0","0","0","0","0","1","0","0","0","","","1","","0","","40 27:17.838","3","0","80 01:17.421","4","0","0","0","2301","0","0","0","N","0","0","0","1","02301","1","","6.0","","1","N","N","","0","","0","0","0","","0","Y","","2","1","1","0","0","0","0","2","0","2","","","","N","","","","","","","","","",""
"2013065277","2241","1","0","0","0","0","0","0","0","0","4","1","","02","6","2013","4","40.437157","-79.963045","2235","11","0","1","0","0","0","0","0","0","1","0","0","0","","","0","","1","","40 26:13.765","3","0","79 57:46.962","0","0","0","0","2301","0","0","0","N","0","0","0","4","02301","0","","1.0","","1","N","N","","0","","0","0","0","","2","N","","2","0","1","0","0","0","0","2","1","2","","","","N","","","","","","","","","",""
"2013067986","0810","1","0","0","0","0","0","0","0","0","1","0","","02","7","2013","5","40.421551","-79.984443","0805","11","0","0","0","0","1","0","0","1","","0","0","0","","","0","","2","","40 25:17.583","","0","79 59:03.994","0","0","0","0","2301","0","0","0","N","0","0","0","2","02301","0","","1.0","","1","N","N","","0","","0","0","1","","0","","","2","0","0","0","0","0","0","2","0","2","","","","N","","","","","","","","","",""
"2013065135","0140","0","0","0","0","0","0","0","0","0","1","0","","02","6","2013","5","40.378331","-79.989661","0137","11","0","0","0","0","0","0","0","0","","0","0","0","","","1","","2","","40 22:41.993","","0","79 59:22.778","8","0","0","0","2301","0","0","0","N","0","0","0","2","02301","0","","1.0","","1","N","N","","1","","0","0","1","","0","","","2","1","0","0","0","1","0","2","0","2","","","","N","","","","","","","","","",""
"2013065197","0642","1","0","0","0","0","0","0","0","0","7","0","","02","6","2013","5","40.476047","-79.899158","0639","11","0","0","0","0","0","0","0","0","1","0","0","0","","","0","","0","","40 28:33.770","5","0","79 53:56.970","0","0","0","0","2301","0","0","0","N","0","0","0","1","02301","0","","5.0","","9","N","N","","0","","0","0","0","","0","N","","1","0","0","0","0","0","0","2","0","1","","","","N","","","","","","","","","",""
"2013068055","1840","3","0","0","0","0","0","0","0","0","1","0","","02","7","2013","3","40.514049","-79.959061","1834","11","0","1","0","0","0","1","0","0","","0","0","0","","","0","","0","","40 30:50.578","","0","79 57:32.618","0","0","0","0","2118","0","0","0","N","0","0","0","4","02118","0","","1.0","","1","N","N","","0","","0","0","0","","0","","","3","0","2","0","0","0","0","2","0","3","","","","N","","","","","","","","","",""
"2013065747","1732","1","0","0","0","0","0","0","0","0","4","0","","02","6","2013","6","40.385629","-79.864294","1727","11","0","0","0","0","0","1","0","0","","0","0","0","","","0","","0","","40 23:08.265","","0","79 51:51.460","0","0","0","0","2473","0","0","0","N","0","0","0","2","02473","0","","1.0","","1","N","N","","0","","0","0","1","","0","","","2","0","0","0","0","0","0","2","0","2","","","","N","","","","","","","","","",""
"2013067323","0942","1","0","0","0","0","0","0","0","0","4","0","","02","7","2013","2","40.344774","-79.961234","0940","11","0","0","0","0","0","1","0","0","1","0","0","0","","","2","","1","","40 20:41.186","6","0","79 57:40.443","8","0","0","0","2473","0","0","0","N","0","0","0","3","02473","0","","1.0","","9","N","N","","1","","0","0","1","","0","N","","3","2","1","0","0","2","0","2","0","3","","","","N","","","","","","","","","",""
"2013065896","1350","2","0","0","0","0","0","0","0","0","4","0","","02","6","2013","4","40.431947","-79.789406","1348","11","0","0","0","0","0","0","1","0","","0","0","0","","","0","","0","","40 25:55.010","","0","79 47:21.860","0","0","0","0","2446","0","0","0","N","0","0","0","4","02446","0","","1.0","","1","N","N","","0","","0","0","0","","0","","","2","0","0","0","0","0","0","2","0","2","","","","N","","","","","","","","","",""
"2013065897","0833","2","0","0","0","0","0","0","0","0","4","0","","02","6","2013","6","40.47283","-79.925702","0819","11","0","0","0","0","0","1","0","0","2","0","0","0","","","1","","1","","40 28:22.188","5","0","79 55:32.527","4","0","0","0","2301","0","0","0","N","0","0","0","4","02301","1","","1.0","","1","N","N","","0","","0","0","0","","3","Y","","2","1","0","0","0","0","0","2","0","2","","","","N","","","","","","","","","",""
"2013066026","0637","0","0","0","0","0","0","0","0","0","4","0","","02","6","2013","4","40.611814","-79.759813","0637","11","0","0","0","0","0","2","0","0","","0","0","0","","","0","","0","","40 36:42.529","","0","79 45:35.326","0","0","0","0","2464","0","0","0","Y","0","0","0","2","68Z99","0","","1.0","","1","N","N","","0","","0","0","2","","0","","","2","0","0","0","0","0","0","2","0","2","","","","N","","","","","","","","","",""
"2013068057","1519","1","0","0","0","0","0","0","0","0","7","0","","02","6","2013","3","40.510297","-80.016131","1517","11","0","0","0","0","0","0","0","0","1","0","0","0","","","0","","0","","40 30:37.070","4","0","80 00:58.070","0","0","0","0","2116","0","0","0","","0","0","0","1","02116","0","","4.0","","1","","","","0","","0","0","0","","0","N","","2","0","0","0","0","0","0","2","0","1","","","","N","","","","","","","","","",""
"2013067388","1342","0","0","0","0","0","0","0","0","0","0","0","","02","6","2013","1","40.454744","-80.191936","1340","11","0","0","0","0","0","1","0","0","2","0","0","0","","","1","","0","","40 27:17.080","4","0","80 11:30.970","3","0","0","1","2214","0","0","0","N","0","0","0","1","02214","0","","1.0","","9","N","N","","0","","1","0","0","","0","N","","1","1","0","0","0","0","0","2","0","1","","","","N","","","","","","","","","",""
"2013065685","0151","1","0","0","0","0","0","0","0","0","7","0","","02","6","2013","4","40.615376","-79.976832","0035","11","0","0","0","0","0","0","0","0","","0","0","0","","","0","","0","","40 36:55.355","","0","79 58:36.596","0","0","0","0","2217","0","0","0","N","0","0","0","1","68T02","0","","3.0","","9","N","N","","0","","0","0","0","","0","","","1","0","0","0","0","0","0","1","0","1","","","","N","","","","","","","","","",""
"2013067464","1557","1","0","0","0","0","0","0","0","0","1","1","","02","6","2013","2","40.449091","-80.005489","1540","11","0","0","0","0","0","1","0","0","3","0","1","0","","","3","","0","","40 26:56.727","2","0","80 00:19.761","3","0","0","0","2301","0","0","0","Y","0","0","0","5","68B03","1","","1.0","","1","N","N","","1","","1","0","1","","0","Y","","4","3","1","0","0","1","0","2","0","4","","","","N","","","","","","","","","",""
"2013068059","1910","2","0","0","0","0","0","0","0","0","4","0","","02","7","2013","5","40.429267","-79.999168","1908","11","0","1","0","0","0","1","0","0","1","0","0","0","","","0","","1","","40 25:45.362","1","0","79 59:57.003","0","0","0","0","2301","0","0","0","N","0","0","0","7","02301","0","","1.0","","1","N","N","","0","","0","0","0","","2","N","","2","0","0","0","0","0","0","2","0","2","","","","N","","","","","","","","","",""
"2013065763","0315","2","0","0","0","0","0","0","0","0","4","0","","02","6","2013","6","40.444202","-80.028173","0311","11","0","0","0","0","1","0","0","0","","0","0","0","","","1","","1","","40 26:39.126","","0","80 01:41.424","8","0","0","0","2301","0","0","0","N","0","0","0","3","02301","0","","1.0","","1","N","N","","0","","0","0","0","","2","","","2","1","0","0","0","1","0","2","0","2","","","","N","","","","","","","","","",""
"2013065140","0655","2","0","0","0","0","0","0","0","0","4","0","","02","6","2013","4","40.440743","-80.00429","0640","11","0","0","0","0","0","0","1","0","","0","0","0","","","0","","0","","40 26:26.675","","0","80 00:15.445","0","0","0","0","2301","0","0","0","N","0","0","0","2","02301","0","","1.0","","9","N","N","","0","","0","0","0","","0","","","2","0","1","0","0","0","0","2","0","2","","","","N","","","","","","","","","",""
"2013067465","1730","0","0","0","0","0","0","0","0","0","1","0","","02","6","2013","3","40.440783","-79.834526","1729","11","0","0","0","0","0","0","0","0","2","0","0","0","","","1","","0","","40 26:26.820","4","0","79 50:04.292","8","0","0","0","2419","0","0","0","N","0","0","0","2","68B03","0","","1.0","","9","N","N","","0","","0","0","1","","0","N","","2","1","0","0","0","1","0","2","1","2","","","","N","","","","","","","","","",""
"2013067526","1231","1","0","0","0","0","0","0","0","0","2","0","","02","6","2013","1","40.297242","-79.917344","1208","11","0","0","0","0","0","2","0","0","","0","0","0","","","1","","0","","40 17:50.070","","0","79 55:02.440","4","0","0","0","2440","0","0","0","N","0","0","0","3","68T09","1","","4.0","","1","N","N","","0","","0","0","1","","0","","","2","1","0","0","0","0","0","2","0","2","","","","N","","","","","","","","","",""
"2013068060","1939","1","0","0","0","0","0","0","0","0","6","0","","02","7","2013","5","40.451277","-79.761489","1938","11","0","0","0","0","0","1","0","0","1","0","0","0","","","0","","0","","40 27:04.597","6","0","79 45:41.360","0","0","0","0","2446","0","0","0","N","0","0","0","2","02446","0","","1.0","","9","N","N","","1","","0","0","0","","0","N","","2","0","0","0","0","0","0","2","0","2","","","","N","","","","","","","","","",""
"2013066587","0400","1","0","0","0","0","0","0","0","0","7","0","","02","6","2013","4","40.5409","-79.806916","0355","11","0","0","0","0","0","0","0","0","","0","0","0","","","0","","0","","40 32:27.241","","0","79 48:24.896","9","0","0","0","2418","0","0","0","N","0","0","0","1","02418","0","","4.0","","8","N","N","","0","","0","0","0","","0","","","1","0","0","0","0","0","1","2","0","1","","","","N","","","","","","","","","",""
"2013065968","2157","1","0","0","0","0","0","0","0","0","4","0","","02","6","2013","2","40.314885","-79.994171","2157","11","0","0","0","0","0","0","1","0","","0","0","0","","","1","","1","","40 18:53.586","","0","79 59:39.015","4","0","0","0","2219","0","0","0","N","0","0","0","2","02501","1","","1.0","","1","N","N","","0","","0","0","1","","3","","","2","1","0","0","0","0","0","2","0","2","","","","N","","","","","","","","","",""
"2013065826","1508","1","0","0","0","0","0","0","0","0","7","0","","02","6","2013","2","40.490651","-79.879441","1427","11","0","0","0","0","0","0","0","0","","0","0","0","","","0","","0","","40 29:26.345","","3","79 52:45.989","0","0","0","0","2112","0","0","0","N","0","0","0","1","68D02","0","","2.0","","9","N","N","","0","","0","0","0","","0","","","1","0","0","0","0","0","0","2","0","1","","","","N","","","","","","","","","",""
"2013066588","0337","3","0","0","0","0","0","0","0","0","1","0","","02","6","2013","1","40.42083","-80.012908","0306","11","0","0","0","0","0","0","0","0","","0","0","0","","","0","","0","","40 25:14.988","","0","80 00:46.468","0","0","0","0","2301","0","0","0","","0","0","0","1","02301","0","","4.0","","1","","","","0","","0","0","0","","0","","","3","0","0","0","0","0","0","2","0","3","","","","N","","","","","","","","","",""
"2013065903","1344","2","0","0","0","0","0","0","0","0","1","0","","02","6","2013","5","40.514803","-80.004306","1339","11","0","0","0","0","0","0","0","0","","0","0","0","","","0","","2","","40 30:53.291","","0","80 00:15.503","0","0","0","0","2116","0","0","0","N","0","0","0","3","02116","0","","1.0","","9","N","N","","1","","0","0","0","","2","","","3","0","0","0","0","0","0","2","0","3","","","","N","","","","","","","","","",""
"2013066791","0859","0","0","0","0","0","0","0","0","0","1","0","","02","7","2013","2","40.333246","-79.828635","0857","11","0","0","1","0","1","0","0","0","","0","0","0","","","1","","0","","40 19:59.685","","0","79 49:43.086","3","0","0","0","2304","0","0","0","N","0","0","0","5","02304","0","","1.0","","9","N","N","","1","","1","0","1","","0","","","2","1","0","0","0","0","0","2","0","2","","","","N","","","","","","","","","",""
"2013065766","0231","1","0","0","0","0","0","0","0","0","6","0","","02","6","2013","6","40.423575","-79.935057","0227","11","0","0","0","0","0","0","0","0","2","0","0","0","","","1","","0","","40 25:24.870","4","0","79 56:06.205","4","0","0","0","2301","0","0","0","N","0","0","0","1","02301","1","","4.0","","1","N","N","","2","","0","0","0","","0","N","","3","1","0","0","0","0","0","2","0","3","","","","N","","","","","","","","","",""
"2013065220","1328","1","0","0","0","0","0","0","0","0","4","0","","02","6","2013","4","40.541216","-79.816156","1328","11","0","1","0","0","0","0","0","0","1","0","0","0","","","2","","1","","40 32:28.376","4","0","79 48:58.161","4","0","0","0","2208","0","0","0","N","0","0","0","3","02208","2","","1.0","","1","N","N","","0","","0","0","0","","3","N","","2","2","0","0","0","0","0","2","1","2","","","","N","","","","","","","","","",""
"2013066590","1951","1","0","0","0","0","0","0","0","0","1","0","","02","6","2013","1","40.275667","-79.942996","1943","11","0","0","0","0","0","1","0","0","","0","0","0","","","0","","0","","40 16:32.402","","0","79 56:34.784","0","0","0","0","2440","0","0","0","N","0","0","0","2","02440","0","","1.0","","1","N","N","","1","","0","0","0","","0","","","2","0","0","0","0","0","0","2","0","2","","","","N","","","","","","","","","",""
"2013068066","1921","0","0","0","0","0","0","0","0","0","0","0","","02","7","2013","5","40.307694","-79.83559","1917","11","0","0","0","0","0","1","0","0","1","0","0","0","","","1","","0","","40 18:27.700","7","0","79 50:08.125","2","0","1","1","2443","0","0","0","N","0","0","0","1","02443","0","","1.0","","1","N","N","","0","","0","1","0","","0","Y","","1","1","0","0","0","0","0","1","0","1","","","","N","","","","","","","","","",""
"2013067408","1726","1","0","0","0","0","0","0","0","0","4","0","","02","7","2013","3","40.454029","-79.912399","1720","11","0","0","0","0","0","0","0","0","","0","0","0","","","0","","1","","40 27:14.504","","0","79 54:44.638","0","0","0","0","2301","0","0","0","N","0","0","0","2","02301","0","","1.0","","1","N","N","","0","","0","0","1","","2","","","2","0","0","0","0","0","0","2","0","2","","","","N","","","","","","","","","",""
"2013068080","2340","3","0","0","0","0","0","0","0","0","1","0","","02","7","2013","5","40.510446","-80.096278","2329","11","0","0","0","0","0","0","0","0","","0","0","0","","","0","","0","","40 30:37.605","","0","80 05:46.600","0","0","0","0","2301","0","0","0","N","0","0","0","7","02301","0","","1.0","","1","N","N","","0","","0","0","0","","0","","","3","0","0","0","0","0","0","2","0","3","","","","N","","","","","","","","","",""
"2013067333","0901","0","0","0","0","0","0","0","0","0","2","0","","02","6","2013","1","40.448674","-79.731005","0858","11","0","0","0","0","0","0","1","0","4","1","0","0","","","0","","0","","40 26:55.226","5","0","79 43:51.619","1","1","0","1","2446","0","0","0","N","0","0","0","2","02446","0","2","1.0","","1","N","N","","1","0","0","0","0","","0","N","","2","0","1","0","0","0","0","2","0","2","","","","N","","","","","","","","","",""
"2013067997","1037","0","0","0","0","0","0","0","0","0","8","0","","02","7","2013","5","40.444014","-80.040623","1033","11","0","0","0","0","0","0","1","0","","0","0","0","","","1","","1","","40 26:38.450","","0","80 02:26.242","8","0","0","0","2301","1","0","0","N","1","0","0","2","02301","0","","1.0","","1","N","N","","1","","0","0","0","","2","","","2","1","0","0","0","1","0","2","0","1","","","","N","","","","","","","","","",""
"2013067533","1825","1","0","0","0","0","0","0","0","0","4","0","","02","7","2013","3","40.488667","-79.936432","1821","11","0","0","0","0","0","1","0","0","","0","0","0","","","0","","0","","40 29:19.200","","7","79 56:11.155","0","0","0","0","2301","0","0","0","N","0","0","0","2","02301","0","","1.0","","1","N","N","","0","","0","0","1","","2","","","2","0","0","0","0","0","0","2","0","2","","","","N","","","","","","","","","",""
"2013067950","0249","1","0","0","0","0","0","0","0","0","7","0","","02","7","2013","5","40.505861","-79.793169","0244","11","0","0","0","0","0","0","0","0","","0","0","0","","","0","","2","","40 30:21.099","","0","79 47:35.409","0","0","0","0","2113","0","0","0","N","0","0","0","1","02113","0","","5.0","","1","N","N","","0","","0","0","0","","0","","","1","0","0","0","0","0","0","2","0","1","","","","N","","","","","","","","","",""
"2013068082","0046","1","0","0","0","0","0","0","0","0","7","0","","02","7","2013","6","40.408443","-80.017811","0046","11","0","0","0","0","0","0","0","0","1","0","0","0","","","1","","2","","40 24:30.395","5","0","80 01:04.118","3","0","0","0","2301","0","0","0","N","0","0","0","1","02301","0","","5.0","","1","N","N","","0","","1","0","0","","2","Y","","1","1","0","0","0","0","0","2","0","1","","","","N","","","","","","","","","",""
"2013066747","0908","1","0","0","0","0","0","0","0","0","1","0","","02","7","2013","2","40.332259","-79.880512","0858","11","0","0","0","0","0","0","0","0","1","0","0","0","","","1","","0","","40 19:56.131","3","0","79 52:49.843","8","0","0","0","2455","0","0","0","N","0","0","0","3","02304","0","","1.0","","9","N","N","","0","","0","0","1","","0","Y","","3","1","0","0","0","1","2","2","1","3","","","","N","","","","","","","","","",""
"2013066052","1806","2","0","0","0","0","0","0","0","0","1","0","","02","6","2013","6","40.375464","-79.796798","1805","11","0","0","0","0","0","1","0","0","1","0","0","0","","","2","","1","","40 22:31.671","3","0","79 47:48.472","8","0","0","0","2111","0","0","0","N","0","0","0","2","02111","0","","1.0","","9","N","N","","0","","0","0","0","","2","N","","2","2","0","0","0","2","0","2","0","2","","","","N","","","","","","","","","",""
"2013066195","1150","1","0","0","0","0","0","0","0","0","7","0","","02","6","2013","6","40.564417","-79.938462","1146","11","0","0","0","1","0","0","0","0","2","0","0","0","","","0","","0","","40 33:51.901","6","0","79 56:18.463","0","0","0","0","2207","0","0","0","N","0","0","0","2","02207","0","","5.0","","1","N","N","","0","","0","0","0","","0","Y","","1","0","0","0","0","0","0","2","0","1","","","","N","","","","","","","","","",""
"2013066962","1900","1","0","0","0","0","0","0","0","0","1","0","","02","6","2013","6","40.436097","-79.866293","1848","11","0","0","0","0","0","0","0","0","","0","0","0","","","1","","0","","40 26:09.949","","0","79 51:58.654","4","0","0","0","2478","0","0","0","N","0","0","0","6","68B03","1","","1.0","","9","N","N","","0","","0","0","1","","0","","","2","1","0","0","0","0","0","2","0","2","","","","N","","","","","","","","","",""
"2013067684","1130","3","0","0","0","0","0","0","0","0","1","0","","02","6","2013","7","40.485516","-79.910629","1128","11","0","0","0","0","0","0","1","0","","0","0","0","","","0","","0","","40 29:07.857","","0","79 54:38.265","0","0","0","0","2301","0","0","0","","0","0","0","4","02301","0","","1.0","","1","","","","0","","0","0","0","","0","","","3","0","0","0","0","0","0","2","0","3","","","","N","","","","","","","","","",""
"2013066963","1525","2","0","0","0","0","0","0","0","0","5","0","","02","6","2013","1","40.414576","-80.062134","1510","11","0","0","0","0","0","0","0","0","","0","0","0","","","0","","0","","40 24:52.472","","0","80 03:43.682","0","0","0","0","2435","0","0","0","N","0","0","0","2","68B03","0","","1.0","","9","N","N","","0","","0","0","0","","0","","","2","0","0","0","0","0","0","2","0","2","","","","N","","","","","","","","","",""
"2013051247","0132","0","0","0","0","0","0","0","0","0","7","0","","02","5","2013","7","40.462073","-80.018279","0130","11","0","0","0","0","0","0","0","0","","0","0","0","","","2","","1","","40 27:43.462","","0","80 01:05.804","8","0","0","1","2301","0","0","0","N","0","0","0","2","02301","0","","5.0","","1","N","N","","0","","0","0","0","","0","","","1","2","0","0","0","2","0","2","0","1","","","","N","","","","","","","","","",""
"2013052056","2119","1","0","0","0","0","0","0","0","0","7","0","","02","5","2013","5","40.429123","-80.004484","2119","11","0","0","0","0","0","0","0","0","","0","0","0","","","0","","0","","40 25:44.841","","0","80 00:16.142","0","0","0","0","2301","0","0","0","N","0","0","0","1","02301","0","","2.0","","1","N","N","","0","","0","0","0","","0","","","1","0","0","0","0","0","0","2","0","1","","","","N","","","","","","","","","",""
"2013067553","2210","1","0","0","0","0","0","0","0","0","2","0","","02","6","2013","4","40.512184","-80.103889","2210","11","0","0","1","0","0","0","1","0","","0","0","0","","","0","","10","","40 30:43.863","","0","80 06:13.999","0","0","0","0","2429","0","0","0","N","0","0","0","2","02215","0","","1.0","","1","N","N","","0","","0","0","0","","2","","","2","0","0","0","0","0","0","2","1","2","","","","N","","","","","","","","","",""
"2013066815","0830","3","0","0","0","0","0","0","0","0","1","0","15","02","7","2013","2","40.344606","-79.884564","0830","11","0","0","0","0","0","2","0","0","2","0","0","0","","","0","","0","","40 20:40.580","3","3","79 53:04.430","0","0","0","0","2433","0","0","0","N","0","0","0","5","02433","0","","1.0","","9","N","N","","1","","0","0","0","","2","Y","","4","0","0","0","0","0","0","2","0","4","","","Y","Y","4","1","Y","","N","Y","Y","","",""
"2013052752","2149","2","0","0","0","0","0","0","0","0","2","0","","02","5","2013","2","40.460759","-79.915919","2143","11","0","0","0","0","0","0","0","0","","0","0","0","","","0","","1","","40 27:38.732","","0","79 54:57.308","0","0","0","0","2301","0","0","0","N","0","0","0","4","02301","0","","1.0","","1","N","N","","0","","0","0","0","","2","","","2","0","0","0","0","0","0","2","0","2","","","","N","","","","","","","","","",""
"2013051312","1328","2","0","0","0","0","0","0","0","0","2","0","","02","5","2013","6","40.506836","-79.842776","1325","11","0","0","0","0","0","2","0","0","1","0","0","0","","","0","","0","","40 30:24.609","2","0","79 50:33.994","0","0","0","0","2468","0","0","0","N","0","0","0","2","02468","0","","1.0","","1","N","N","","0","","0","0","0","","0","N","","2","0","0","0","0","0","0","2","0","2","","","","N","","","","","","","","","",""
"2013067554","2019","1","0","0","0","0","0","0","0","0","0","0","","02","7","2013","3","40.412094","-80.023845","2017","11","0","0","0","0","0","0","0","0","1","0","0","0","","","0","","0","","40 24:43.538","1","0","80 01:25.842","0","0","0","0","2301","0","0","0","N","0","0","0","2","02301","0","","1.0","","1","N","N","","0","","0","0","0","","0","Y","","1","0","1","0","0","0","0","2","0","1","","","","N","","","","","","","","","",""
"2013052740","1132","1","0","0","0","0","0","0","0","0","99","0","","02","5","2013","7","40.653146","-80.06271","1129","11","0","0","0","0","0","0","0","0","","0","0","0","","","0","","0","","40 39:11.324","","0","80 03:45.755","0","0","0","0","2216","0","0","0","N","0","0","0","1","68T02","0","","1.0","","1","N","N","","0","","0","0","0","","0","","","1","0","0","0","0","0","0","2","0","1","","","","N","","","","","","","","","",""
"2013067555","2122","1","0","0","0","0","0","0","0","0","7","0","","02","7","2013","3","40.404004","-80.05637","2119","11","0","0","0","0","0","0","0","0","2","0","0","0","","","0","","0","","40 24:14.415","2","0","80 03:22.931","0","0","0","0","2435","0","0","0","N","0","0","0","1","02435","0","","5.0","","1","N","N","","0","","0","0","0","","0","N","","1","0","0","0","0","0","0","2","0","1","","","","N","","","","","","","","","",""