"CRN","ARRIVAL_TM","AUTOMOBILE_COUNT","BELTED_DEATH_COUNT","BELTED_SUSP_SERIOUS_INJ_COUNT","BICYCLE_COUNT","BICYCLE_DEATH_COUNT","BICYCLE_SUSP_SERIOUS_INJ_COUNT","BUS_COUNT","CHLDPAS_DEATH_COUNT","CHLDPAS_SUSP_SERIOUS_INJ_COUNT","COLLISION_TYPE","COMM_VEH_COUNT","CONS_ZONE_SPD_LIM","COUNTY","CRASH_MONTH","CRASH_YEAR","DAY_OF_WEEK","DEC_LATITUDE","DEC_LONGITUDE","DISPATCH_TM","DISTRICT","DRIVER_COUNT_16YR","DRIVER_COUNT_17YR","DRIVER_COUNT_18YR","DRIVER_COUNT_19YR","DRIVER_COUNT_20YR","DRIVER_COUNT_50_64YR","DRIVER_COUNT_65_74YR","DRIVER_COUNT_75PLUS","EST_HRS_CLOSED","FATAL_COUNT","HEAVY_TRUCK_COUNT","HORSE_BUGGY_COUNT","HOUR_OF_DAY","ILLUMINATION","INJURY_COUNT","INTERSECTION_RELATED","INTERSECT_TYPE","LANE_CLOSED","LATITUDE","LN_CLOSE_DIR","LOCATION_TYPE","LONGITUDE","MAX_SEVERITY_LEVEL","MCYCLE_DEATH_COUNT","MCYCLE_SUSP_SERIOUS_INJ_COUNT","MOTORCYCLE_COUNT","MUNICIPALITY","NONMOTR_COUNT","NONMOTR_DEATH_COUNT","NONMOTR_SUSP_SERIOUS_INJ_COUNT","NTFY_HIWY_MAINT","PED_COUNT","PED_DEATH_COUNT","PED_SUSP_SERIOUS_INJ_COUNT","PERSON_COUNT","POLICE_AGCY","POSSIBLE_INJ_COUNT","RDWY_SURF_TYPE_CD","RELATION_TO_ROAD","ROADWAY_CLEARED","ROAD_CONDITION","SCH_BUS_IND","SCH_ZONE_IND","SECONDARY_CRASH","SMALL_TRUCK_COUNT","SPEC_JURIS_CD","SUSP_MINOR_INJ_COUNT","SUSP_SERIOUS_INJ_COUNT","SUV_COUNT","TCD_FUNC_CD","TCD_TYPE","TFC_DETOUR_IND","TIME_OF_DAY","TOTAL_UNITS","TOT_INJ_COUNT","UNBELTED_OCC_COUNT","UNB_DEATH_COUNT","UNB_SUSP_SERIOUS_INJ_COUNT","UNK_INJ_DEG_COUNT","UNK_INJ_PER_COUNT","URBAN_RURAL","VAN_COUNT","VEHICLE_COUNT","WEATHER1","WEATHER2","WORKERS_PRES","WORK_ZONE_IND","WORK_ZONE_LOC","WORK_ZONE_TYPE","WZ_CLOSE_DETOUR","WZ_FLAGGER","WZ_LAW_OFFCR_IND","WZ_LN_CLOSURE","WZ_MOVING","WZ_OTHER","WZ_SHLDER_MDN","WZ_WORKERS_INJ_KILLED"
"2013051696","0835","1","0","0","0","0","0","0","0","0","7","0","","02","5","2013","7","40.608192","-80.094359","0812","11","0","0","0","0","0","0","1","0","1","0","0","0","","","0","","0","","40 36:29.491","1","0","80 05:39.693","0","0","0","0","2481","0","0","0","N","0","0","0","1","68B03","0","","2.0","","1","N","N","","0","","0","0","0","","0","N","","1","0","0","0","0","0","0","2","0","1","","","","N","","","","","","","","","",""
"2013052910","1522","0","0","0","0","0","0","0","0","0","4","0","","02","5","2013","4","40.42805","-80.127875","1516","11","0","0","0","0","0","1","0","0","","0","0","0","","","1","","0","","40 25:40.980","","0","80 07:40.350","4","0","0","1","2102","0","0","0","N","0","0","0","2","02102","1","","1.0","","1","N","N","","1","","0","0","0","","0","","","2","1","0","0","0","0","0","2","0","2","","","","N","","","","","","","","","",""
"2013051559","0223","1","0","0","0","0","0","0","0","0","7","0","","02","5","2013","1","40.522483","-79.76667","0223","11","0","0","1","0","0","0","0","0","2","0","0","0","","","0","","0","","40 31:20.940","4","0","79 46:00.011","0","0","0","0","2466","0","0","0","N","0","0","0","1","02466","0","","2.0","","1","N","N","","0","","0","0","0","","0","N","","2","0","0","0","0","0","0","2","0","1","","","","N","","","","","","","","","",""
"2013050718","0948","0","0","0","0","0","0","0","0","0","1","0","","02","5","2013","5","40.428845","-79.982529","0943","11","0","0","0","0","0","0","0","0","","0","0","0","","","0","","0","","40 25:43.842","","0","79 58:57.106","0","0","0","0","2301","0","0","0","N","0","0","0","3","02301","0","","1.0","","1","N","N","","0","","0","0","2","","0","","","3","0","0","0","0","0","0","2","1","3","","","","N","","","","","","","","","",""
"2013050731","0959","0","0","0","0","0","0","0","0","0","0","0","","02","5","2013","5","40.453231","-80.197961","0950","11","0","0","0","0","0","1","0","0","","0","0","0","","","1","","0","","40 27:11.631","","0","80 11:52.659","3","0","0","1","2203","0","0","0","N","0","0","0","1","02203","0","","2.0","","1","N","N","","0","","1","0","0","","0","","","1","1","0","0","0","0","0","2","0","1","","","","N","","","","","","","","","",""
"2013050109","0437","1","0","0","0","0","0","0","0","0","1","0","","02","5","2013","4","40.419198","-79.992009","0430","11","0","0","0","0","0","0","0","0","","0","0","0","","","0","","0","","40 25:09.112","","0","79 59:31.232","0","0","0","0","2301","0","0","0","N","0","0","0","1","02301","0","","4.0","","1","N","N","","0","","0","0","1","","0","","","2","0","0","0","0","0","0","2","0","2","","","","N","","","","","","","","","",""
"2013050124","0805","1","0","0","0","0","0","0","0","0","1","0","","02","5","2013","4","40.430158","-80.001767","0758","11","0","0","0","0","0","1","0","0","","0","0","0","","","1","","0","","40 25:48.570","","0","80 00:06.360","8","0","0","0","2301","0","0","0","N","0","0","0","2","02301","0","","1.0","","1","N","N","","0","","0","0","1","","0","","","2","1","0","0","0","1","0","2","0","2","","","","N","","","","","","","","","",""
"2013052442","2355","0","0","0","0","0","0","0","0","0","2","0","","02","5","2013","7","40.396034","-79.925695","2353","11","0","0","0","0","0","0","0","0","","0","0","0","","","2","","0","","40 23:45.722","","0","79 55:32.501","2","0","0","0","2472","0","0","0","N","0","0","0","3","02472","0","","1.0","","1","N","N","","0","","1","1","3","","0","","","3","2","0","0","0","0","0","2","0","3","","","","N","","","","","","","","","",""
"2013050732","1017","2","0","0","0","0","0","0","0","0","4","0","","02","5","2013","5","40.454021","-79.95193","1009","11","0","0","0","0","0","1","1","0","1","0","0","0","","","0","","1","","40 27:14.477","1","0","79 57:06.949","0","0","0","0","2301","0","0","0","N","0","0","0","2","02301","0","","1.0","","1","N","N","","0","","0","0","0","","0","N","","2","0","0","0","0","0","0","2","0","2","","","","N","","","","","","","","","",""
"2013052443","2348","1","0","0","0","0","0","0","0","0","7","0","","02","5","2013","3","40.393538","-79.934478","2338","11","0","0","0","0","0","0","0","0","1","0","0","0","","","0","","7","","40 23:36.735","2","2","79 56:04.122","0","0","0","0","2301","0","0","0","N","0","0","0","2","02301","0","","2.0","","1","N","N","","0","","0","0","0","","0","N","","1","0","0","0","0","0","0","2","0","1","","","","N","","","","","","","","","",""
"2013051350","1132","1","0","0","0","0","0","0","0","0","7","0","","02","5","2013","6","40.324191","-79.920903","1124","11","0","0","0","0","0","0","1","0","","0","0","0","","","1","","0","","40 19:27.089","","0","79 55:15.251","4","0","0","0","2440","0","0","0","N","0","0","0","1","02440","1","","5.0","","1","N","N","","0","","0","0","0","","0","","","1","1","0","0","0","0","0","2","0","1","","","","N","","","","","","","","","",""
"2013050734","1521","1","0","0","0","0","0","0","0","0","7","0","","02","5","2013","3","","","1517","11","0","0","0","0","0","0","0","0","2","0","0","0","","","1","","0","","","6","0","","4","0","0","0","2116","0","0","0","N","0","0","0","1","02116","1","","5.0","","1","N","N","","0","","0","0","0","","0","Y","","1","1","0","0","0","0","0","1","0","1","","","","N","","","","","","","","","",""
"2013051563","1617","2","0","0","0","0","0","0","0","0","4","0","","02","5","2013","5","40.4264","-79.889736","1616","11","0","0","0","0","0","1","0","0","","0","0","0","","","0","","2","","40 25:35.040","","0","79 53:23.050","0","0","0","0","2426","0","0","0","N","0","0","0","2","02426","0","","1.0","","1","N","N","","0","","0","0","0","","2","","","2","0","0","0","0","0","0","2","0","2","","","","N","","","","","","","","","",""
"2013050113","0629","1","0","0","0","0","0","0","0","0","5","0","","02","5","2013","3","40.237789","-79.862899","0627","11","0","0","0","0","1","0","0","0","3","0","0","0","","","2","","0","","40 14:16.041","1","0","79 51:46.436","8","0","0","0","2204","0","0","0","N","0","0","0","3","02204","0","","1.0","","1","N","N","","1","","0","0","0","","0","N","","2","2","2","0","0","2","0","1","0","2","","","","N","","","","","","","","","",""
"2013051419","1820","1","0","0","0","0","0","0","0","0","4","0","","02","5","2013","7","40.384312","-79.981079","1810","11","0","0","0","0","0","0","0","0","2","0","0","0","","","0","","2","","40 23:03.523","6","0","79 58:51.884","0","0","0","0","2301","0","0","0","N","0","0","0","5","02301","0","","1.0","","1","N","N","","0","","0","0","1","","3","Y","","2","0","0","0","0","0","0","2","0","2","","","","N","","","","","","","","","",""
"2013052224","1111","1","0","0","0","0","0","0","0","0","7","0","","02","5","2013","3","40.453981","-80.014537","1110","11","0","0","0","0","0","0","1","0","","0","0","0","","","0","","2","","40 27:14.331","","0","80 00:52.333","0","0","0","0","2301","0","0","0","N","0","0","0","2","02301","0","","2.0","","1","N","N","","0","","0","0","0","","2","","","1","0","0","0","0","0","0","2","0","1","","","","N","","","","","","","","","",""
"2013050737","0957","2","0","0","0","0","0","0","0","0","4","0","","02","5","2013","5","40.46977","-80.06979","0955","11","0","0","0","0","0","0","0","0","1","0","0","0","","","0","","0","","40 28:11.172","4","0","80 04:11.244","0","0","0","0","2444","0","0","0","N","0","0","0","1","02444","0","","1.0","","1","N","N","","0","","0","0","0","","0","N","","2","0","0","0","0","0","0","2","0","2","","","","N","","","","","","","","","",""
"2013052447","0227","1","0","0","0","0","0","0","0","0","7","0","","02","5","2013","1","40.593179","-79.961311","0222","11","1","0","0","0","0","0","0","0","","0","0","0","","","0","","2","","40 35:35.443","","0","79 57:40.720","9","0","0","0","2207","0","0","0","N","0","0","0","2","02207","0","","5.0","","1","N","N","","0","","0","0","0","","3","","","1","0","2","0","0","0","2","2","0","1","","","","N","","","","","","","","","",""
"2013051498","1417","2","0","0","0","0","0","0","0","0","4","0","","02","5","2013","7","40.545258","-80.035908","1414","11","0","0","0","0","0","2","0","0","1","0","0","0","","","0","","1","","40 32:42.928","4","0","80 02:09.270","0","0","0","0","2116","0","0","0","N","0","0","0","4","02116","0","","1.0","","1","","N","","1","","0","0","0","","2","Y","","3","0","1","0","0","0","0","2","0","3","","","","N","","","","","","","","","",""
"2013052968","1301","1","0","0","0","0","0","0","0","0","1","0","","02","5","2013","5","40.318986","-79.934753","1259","11","0","0","0","0","0","1","0","0","","0","0","0","","","1","","0","","40 19:08.350","","7","79 56:05.110","4","0","0","0","2440","0","0","0","N","0","0","0","5","02440","1","","1.0","","1","N","N","","0","","0","0","0","","0","","","2","1","2","0","0","0","0","2","1","2","","","","N","","","","","","","","","",""
"2013052918","1734","1","0","0","1","0","0","0","0","0","4","0","","02","5","2013","6","40.461992","-79.924584","0730","11","0","0","0","0","0","0","0","0","","0","0","0","","","1","","1","","40 27:43.171","","0","79 55:28.502","4","0","0","0","2301","1","0","0","N","0","0","0","2","02301","1","","1.0","","1","N","N","","0","","0","0","0","","0","","","2","1","0","0","0","0","0","2","0","1","","","","N","","","","","","","","","",""
"2013052227","1112","2","0","0","0","0","0","0","0","0","1","0","","02","5","2013","3","40.479946","-79.834251","1106","11","0","0","0","0","0","0","0","1","","0","0","0","","","1","","2","","40 28:47.806","","0","79 50:03.305","8","0","0","0","2113","0","0","0","","0","0","0","2","02113","0","","1.0","","1","","","","0","","0","0","0","","0","","","2","1","0","0","0","1","0","2","0","2","","","","N","","","","","","","","","",""
"2013052241","0820","2","0","0","0","0","0","0","0","0","1","0","","02","5","2013","3","40.419548","-79.756456","0806","11","0","0","0","0","0","1","0","0","","0","0","0","","","0","","0","","40 25:10.373","","0","79 45:23.242","0","0","0","0","2446","0","0","0","N","0","0","0","2","02446","0","","1.0","","1","N","N","","0","","0","0","0","","0","","","2","0","0","0","0","0","0","2","0","2","","","","N","","","","","","","","","",""
"2013051499","1010","2","0","0","0","0","0","0","0","0","4","0","","02","5","2013","1","40.392135","-80.017745","1004","11","0","0","0","0","0","1","1","0","","0","0","0","","","0","","2","","40 23:31.686","","0","80 01:03.882","0","0","0","0","2301","0","0","0","N","0","0","0","3","02301","0","","1.0","","1","N","N","","0","","0","0","0","","2","","","2","0","1","0","0","0","0","2","0","2","","","","N","","","","","","","","","",""
"2013050130","0713","1","0","0","0","0","0","0","0","0","1","0","","02","5","2013","5","40.351782","-79.828013","0710","11","0","0","0","0","0","0","0","0","1","0","0","0","","","1","","2","","40 21:06.415","1","0","79 49:40.846","8","0","0","0","2477","0","0","0","N","0","0","0","3","02477","0","","1.0","","1","N","N","","0","","0","0","1","","0","N","","2","1","1","0","0","1","0","2","0","2","","","","N","","","","","","","","","",""
"2013051434","1344","1","0","0","0","0","0","0","0","0","4","0","","02","5","2013","5","40.668844","-79.731618","1338","11","0","0","0","0","0","0","0","0","","0","0","0","","","1","","10","","40 40:07.838","","0","79 43:53.823","4","0","0","0","2202","0","0","0","N","0","0","0","2","02202","1","","1.0","","1","N","N","","0","","0","0","1","","3","","","2","1","1","0","0","0","0","2","0","2","","","","N","","","","","","","","","",""
"2013050131","1605","1","0","0","0","0","0","0","0","0","1","0","","02","5","2013","5","40.595986","-79.947649","1600","11","0","0","0","0","0","1","1","0","1","0","0","0","","","0","","0","","40 35:45.549","1","0","79 56:51.536","0","0","0","0","2207","0","0","0","N","0","0","0","4","02207","0","","1.0","","1","N","N","","0","","0","0","1","","0","N","","2","0","0","0","0","0","0","2","0","2","","","","N","","","","","","","","","",""
"2013052971","1812","2","0","0","0","0","0","0","0","0","4","0","","02","5","2013","3","40.38294","-79.857485","1810","11","0","0","0","0","0","1","1","0","1","0","0","0","","","1","","0","","40 22:58.583","2","0","79 51:26.947","8","0","0","0","2303","0","0","0","N","0","0","0","4","02303","0","","1.0","","1","N","N","","0","","0","0","0","","0","N","","2","1","0","0","0","1","1","2","0","2","","","","N","","","","","","","","","",""
"2013052451","2250","1","0","0","0","0","0","0","0","0","1","0","","02","5","2013","3","40.475113","-79.768034","2245","11","0","0","1","0","0","0","0","0","","0","0","0","","","0","","2","","40 28:30.406","","0","79 46:04.921","0","0","0","0","2466","0","0","0","N","0","0","0","3","02466","0","","1.0","","9","N","N","","1","","0","0","0","","3","","","2","0","0","0","0","0","0","2","0","2","","","","N","","","","","","","","","",""
"2013051358","2209","2","0","0","0","0","0","0","0","0","6","0","","02","5","2013","6","40.365625","-79.992423","2207","11","0","0","0","0","0","0","0","0","1","0","0","0","","","0","","0","","40 21:56.250","2","0","79 59:32.722","0","0","0","0","2476","0","0","0","N","0","0","0","2","02476","0","","1.0","","1","N","N","","0","","0","0","0","","0","N","","2","0","0","0","0","0","0","2","0","2","","","","N","","","","","","","","","",""
"2013052244","1330","2","0","0","0","0","0","0","0","0","1","0","","02","5","2013","3","40.48742","-79.918426","1330","11","0","0","0","0","0","1","0","0","","0","0","0","","","1","","10","","40 29:14.711","","0","79 55:06.332","8","0","0","0","2301","0","0","0","N","0","0","0","5","02301","0","","1.0","","1","N","N","","1","","0","0","0","","0","","","3","1","0","0","0","1","4","2","0","3","","","","N","","","","","","","","","",""
"2013050133","0805","1","0","0","0","0","0","0","0","0","4","0","","02","5","2013","4","40.615788","-80.09422","0802","11","0","0","0","0","0","3","1","0","","0","0","0","","","1","","5","","40 36:56.838","","8","80 05:39.193","4","0","0","0","2481","0","0","0","","0","0","0","5","02481","1","","1.0","","9","","","","0","","0","0","4","","2","","","5","1","0","0","0","0","0","2","0","5","","","","N","","","","","","","","","",""
"2013051644","0323","3","0","0","0","0","0","0","0","0","5","0","","02","5","2013","1","40.420905","-79.919799","0317","11","0","0","0","0","0","0","0","0","2","0","0","0","","","0","","0","","40 25:15.258","4","0","79 55:11.276","0","0","0","0","2301","0","0","0","N","0","0","0","1","02301","0","","1.0","","1","N","N","","0","","0","0","0","","0","N","","3","0","1","0","0","0","0","2","0","3","","","","N","","","","","","","","","",""
"2013052452","0020","2","0","0","0","0","0","0","0","0","1","0","","02","5","2013","4","40.395344","-79.997486","0015","11","0","0","0","0","0","0","0","0","","0","0","0","","","0","","2","","40 23:43.237","","0","79 59:50.949","0","0","0","0","2301","0","0","0","N","0","0","0","3","02301","0","","1.0","","1","N","N","","0","","0","0","0","","0","","","2","0","0","0","0","0","0","2","0","2","","","","N","","","","","","","","","",""
"2013052973","1955","2","0","0","0","0","0","0","0","0","4","0","","02","5","2013","4","40.382938","-79.857483","1954","11","0","0","0","0","0","0","1","0","1","0","0","0","","","2","","2","","40 22:58.576","2","0","79 51:26.939","4","0","0","0","2303","0","0","0","N","0","0","0","5","02303","2","","1.0","","1","N","N","","1","","0","0","0","","2","N","","3","2","0","0","0","0","0","2","0","3","","","","N","","","","","","","","","",""
"2013051506","1002","1","0","0","0","0","0","0","0","0","1","0","","02","5","2013","7","40.405565","-79.88572","1001","11","0","1","0","0","0","1","0","0","","0","0","0","","","1","","3","","40 24:20.035","","8","79 53:08.591","4","0","0","0","2475","0","0","0","N","0","0","0","2","02475","1","","7.0","","1","N","N","","0","","0","0","1","","4","","","2","1","0","0","0","0","0","2","0","2","","","","N","","","","","","","","","",""
"2013052454","0458","1","0","0","0","0","0","0","0","0","1","0","35","02","5","2013","2","","","0453","11","0","0","0","0","0","1","0","0","2","0","0","0","","","0","","0","","","3","99","","0","0","0","0","2301","0","0","0","Y","0","0","0","3","02301","0","","1.0","","1","N","N","","0","","0","0","2","","0","N","","3","0","0","0","0","0","0","1","0","3","","","Y","Y","3","1","Y","","N","Y","","","Y",""
"2013050951","0005","1","0","0","0","0","0","0","0","0","1","0","","02","5","2013","4","40.537897","-79.834604","0002","11","0","0","0","0","0","1","0","0","","0","0","0","","","1","","2","","40 32:16.429","","0","79 50:04.573","4","0","0","1","2208","0","0","0","N","0","0","0","2","02208","1","","1.0","","1","N","N","","0","","0","0","0","","2","","","2","1","0","0","0","0","0","2","0","2","","","","N","","","","","","","","","",""
"2013050952","0853","1","0","0","0","0","0","0","0","0","7","0","","02","1","2013","3","40.362269","-80.09595","0846","11","0","0","0","0","0","0","1","0","","0","0","0","","","1","","0","","40 21:44.170","","0","80 05:45.420","4","0","0","0","2414","0","0","0","N","0","0","0","1","02414","1","","5.0","","2","N","N","","0","","0","0","1","","0","","","2","1","0","0","0","0","0","2","0","2","","","","N","","","","","","","","","",""
"2013050747","2025","2","0","0","0","0","0","0","0","0","6","0","","02","5","2013","5","40.393387","-79.775432","2022","11","0","0","0","0","1","1","0","0","3","0","0","0","","","2","","0","","40 23:36.193","5","0","79 46:31.556","3","0","0","0","2111","0","0","0","N","0","0","0","3","02111","1","","1.0","","1","N","N","","0","","1","0","0","","0","Y","","2","2","1","0","0","0","0","2","0","2","","","","N","","","","","","","","","",""
"2013052456","0202","2","0","0","0","0","0","0","0","0","1","0","","02","5","2013","1","40.453118","-80.020937","0202","11","0","0","0","0","0","1","0","0","","0","0","0","","","0","","0","","40 27:11.224","","0","80 01:15.373","0","0","0","0","2301","0","0","0","N","0","0","0","1","02301","0","","6.0","","1","N","N","","0","","0","0","0","","0","","","3","0","0","0","0","0","0","2","1","3","","","","N","","","","","","","","","",""
"2013050953","1115","0","0","0","0","0","0","0","0","0","4","0","","02","1","2013","5","40.357612","-80.105163","1114","11","0","0","0","0","0","2","0","0","1","0","0","0","","","0","","1","","40 21:27.402","3","0","80 06:18.588","0","0","0","0","2414","0","0","0","N","0","0","0","2","02414","0","","1.0","","1","N","N","","1","","0","0","1","","0","N","","2","0","0","0","0","0","0","2","0","2","","","","N","","","","","","","","","",""
"2013051509","2123","0","0","0","0","0","0","0","0","0","1","0","","02","5","2013","5","40.45082","-79.713563","2120","11","0","0","0","0","0","2","0","0","","0","0","0","","","0","","1","","40 27:02.952","","0","79 42:48.828","0","0","0","0","2466","0","0","0","N","0","0","0","2","02466","0","","1.0","","1","N","N","","0","","0","0","2","","2","","","2","0","0","0","0","0","0","2","0","2","","","","N","","","","","","","","","",""
"2013050954","1415","1","0","0","0","0","0","0","0","0","6","1","","02","2","2013","6","40.358433","-80.107003","1414","11","0","0","0","0","0","1","0","0","3","0","1","0","","","1","","0","","40 21:30.360","6","0","80 06:25.210","4","0","0","0","2414","0","0","0","N","0","0","0","2","02414","1","","1.0","","1","N","N","","0","","0","0","0","","0","Y","","2","1","0","0","0","0","0","2","0","2","","","","N","","","","","","","","","",""
"2013050610","0559","1","0","0","0","0","0","0","0","0","2","0","","02","5","2013","5","40.4238","-79.988646","0556","11","0","0","0","0","0","0","0","0","","0","0","0","","","0","","0","","40 25:25.680","","0","79 59:19.125","0","0","0","0","2301","0","0","0","N","0","0","0","1","02301","0","","6.0","","9","N","N","","0","","0","0","1","","0","","","2","0","0","0","0","0","0","2","0","2","","","","N","","","","","","","","","",""
"2013052991","1535","1","0","0","0","0","0","0","0","0","6","0","","02","5","2013","5","40.473946","-80.07189","1535","11","0","0","0","0","0","0","0","2","2","0","0","0","","","1","","0","","40 28:26.206","6","0","80 04:18.804","4","0","0","0","2122","0","0","0","N","0","0","0","2","02122","1","","1.0","","9","N","N","","1","","0","0","0","","0","Y","","2","1","0","0","0","0","0","2","0","2","","","","N","","","","","","","","","",""
"2013050956","1315","1","0","0","0","0","0","0","0","0","1","0","","02","3","2013","6","40.356806","-80.113135","1310","11","0","0","0","0","0","1","0","0","","0","0","0","","","1","","0","","40 21:24.503","","0","80 06:47.286","4","0","0","0","2414","0","0","0","N","0","0","0","2","02414","1","","1.0","","1","N","N","","1","","0","0","0","","0","","","2","1","0","0","0","0","0","2","0","2","","","","N","","","","","","","","","",""
"2013051368","1515","2","0","0","0","0","0","0","0","0","4","0","","02","5","2013","7","40.444202","-80.028173","1513","11","0","1","0","0","0","0","0","0","1","0","0","0","","","1","","10","","40 26:39.126","4","3","80 01:41.424","3","0","0","0","2301","0","0","0","N","0","0","0","6","02301","0","","1.0","","1","N","N","","0","","1","0","0","","2","N","","2","1","0","0","0","0","0","2","0","2","","","","N","","","","","","","","","",""
"2013051512","1255","0","0","0","0","0","0","0","0","0","8","0","","02","5","2013","1","40.438067","-79.922993","1247","11","0","0","0","0","0","0","0","0","","0","0","0","","","1","","1","","40 26:17.041","","0","79 55:22.774","4","0","0","0","2301","1","0","0","N","1","0","0","2","02301","1","","1.0","","1","N","N","","0","","0","0","1","","2","","","2","1","0","0","0","0","0","2","0","1","","","","N","","","","","","","","","",""
"2013050957","1230","0","0","0","0","0","0","0","0","0","7","0","","02","3","2013","1","40.357112","-80.109702","1230","11","0","0","0","0","0","1","0","0","4","0","0","0","","","0","","0","","40 21:25.602","5","0","80 06:34.928","0","0","0","0","2414","0","0","0","N","0","0","0","1","02414","0","","5.0","","1","N","N","","1","","0","0","0","","0","Y","","1","0","0","0","0","0","0","2","0","1","","","","N","","","","","","","","","",""
"2013052993","1518","2","0","0","0","0","0","0","0","0","1","0","","02","5","2013","5","40.405282","-80.074375","1516","11","1","0","0","0","0","0","0","0","","0","0","0","","","1","","2","","40 24:19.016","","0","80 04:27.749","4","0","0","0","2415","0","0","0","N","0","0","0","3","02415","1","","1.0","","9","N","N","","0","","0","0","0","","0","","","2","1","0","0","0","0","0","2","0","2","","","","N","","","","","","","","","",""
"2013050891","1941","1","0","0","0","0","0","0","0","0","7","0","","02","4","2013","1","40.453258","-79.754672","1929","11","0","0","0","0","0","0","0","0","","0","0","0","","","0","","0","","40 27:11.727","","0","79 45:16.820","0","0","0","0","2446","0","0","0","N","0","0","0","1","68T02","0","","3.0","","9","N","N","","0","","0","0","0","","0","","","1","0","0","0","0","0","0","2","0","1","","","","N","","","","","","","","","",""
"2013051655","0505","0","0","0","0","0","0","0","0","0","7","0","","02","5","2013","3","","","0500","11","0","0","0","0","0","0","0","0","","0","0","0","","","1","","0","","","","0","","8","0","0","0","2301","0","0","0","N","0","0","0","1","02301","0","","4.0","","1","N","N","","1","","0","0","0","","0","","","1","1","1","0","0","1","0","1","0","1","","","","N","","","","","","","","","",""
"2013050959","0436","0","0","0","0","0","0","0","0","0","1","0","","02","4","2013","5","40.354534","-80.107731","0436","11","0","0","0","0","0","0","0","0","","0","0","0","","","0","","2","","40 21:16.322","","0","80 06:27.831","0","0","0","0","2414","0","0","0","N","0","0","0","1","02414","0","","4.0","","1","N","N","","1","","0","0","0","","0","","","2","0","0","0","0","0","0","2","1","2","","","","N","","","","","","","","","",""
"2013052189","1445","1","0","0","0","0","0","0","0","0","1","0","","02","5","2013","4","40.399738","-80.044158","1431","11","0","0","0","0","0","1","0","1","1","0","0","0","","","0","","1","","40 23:59.056","2","0","80 02:38.970","0","0","0","0","2301","0","0","0","N","0","0","0","3","02301","0","","1.0","","1","N","N","","1","","0","0","0","","2","N","","3","0","0","0","0","0","0","2","1","3","","","","N","","","","","","","","","",""
"2013051446","2344","2","0","0","0","0","0","0","0","0","1","0","","02","5","2013","7","40.451671","-80.041968","2338","11","0","0","0","1","0","0","0","0","1","0","0","0","","","1","","2","","40 27:06.015","7","0","80 02:31.084","4","0","0","0","2301","0","0","0","N","0","0","0","6","02301","1","","1.0","","1","N","N","","0","","0","0","0","","0","N","","2","1","2","0","0","0","0","2","0","2","","","","N","","","","","","","","","",""
"2013051656","2317","1","0","0","0","0","0","0","0","0","6","0","","02","5","2013","1","40.402024","-79.906904","2316","11","0","0","0","1","0","0","0","0","1","0","0","0","","","0","","0","","40 24:07.288","5","0","79 54:24.853","0","0","0","0","2438","0","0","0","N","0","0","0","3","02438","0","","1.0","","1","N","N","","0","","0","0","1","","0","Y","","2","0","0","0","0","0","0","2","0","2","","","","N","","","","","","","","","",""
"2013050960","1300","1","0","0","0","0","0","0","0","0","4","0","","02","5","2013","5","40.359022","-80.114269","1257","11","0","0","0","0","0","0","0","1","2","0","0","0","","","0","","1","","40 21:32.479","2","0","80 06:51.368","0","0","0","0","2414","0","0","0","N","0","0","0","2","02414","0","","1.0","","1","N","N","","1","","0","0","0","","3","N","","2","0","0","0","0","0","0","2","0","2","","","","N","","","","","","","","","",""
"2013051447","2240","2","0","0","0","0","0","0","0","0","1","0","","02","5","2013","6","40.420545","-79.883933","2238","11","0","0","0","0","0","0","0","0","","0","0","0","","","0","","0","","40 25:13.963","","0","79 53:02.159","0","0","0","0","2463","0","0","0","N","0","0","0","3","02463","0","","1.0","","1","N","N","","0","","0","0","0","","0","","","2","0","0","0","0","0","0","2","0","2","","","","N","","","","","","","","","",""
"2013052982","2306","1","0","0","0","0","0","0","0","0","4","0","","02","5","2013","1","40.465437","-79.934691","2302","11","0","0","0","0","0","0","0","0","","0","0","0","","","1","","1","","40 27:55.573","","0","79 56:04.887","8","0","0","0","2301","0","0","0","N","0","0","0","2","02301","0","","1.0","","9","N","N","","0","","0","0","0","","3","","","2","1","0","0","0","1","1","2","1","2","","","","N","","","","","","","","","",""
"2013052475","0717","1","0","0","0","0","0","0","0","0","7","0","","02","5","2013","4","40.435707","-79.994409","0710","11","0","0","0","0","0","1","0","0","1","0","0","0","","","0","","7","","40 26:08.545","3","2","79 59:39.872","0","0","0","0","2301","0","0","0","Y","0","0","0","1","02301","0","","3.0","","1","N","N","","0","","0","0","0","","0","Y","","1","0","0","0","0","0","0","2","0","1","","","","N","","","","","","","","","",""
"2013051372","1728","3","0","0","0","0","0","0","0","0","1","0","","02","5","2013","6","40.356834","-79.910823","1724","11","0","0","0","0","0","0","0","0","","0","0","0","","","0","","0","","40 21:24.601","","0","79 54:38.964","0","0","0","0","2473","0","0","0","N","0","0","0","3","02473","0","","1.0","","1","N","N","","0","","0","0","0","","0","","","3","0","1","0","0","0","0","2","0","3","","","","N","","","","","","","","","",""
"2013052258","2040","0","0","0","0","0","0","0","0","0","4","0","","02","5","2013","4","40.396914","-79.842231","2036","11","0","0","0","0","0","0","0","0","","0","0","0","","","2","","1","","40 23:48.890","","0","79 50:32.031","4","0","0","0","2425","0","0","0","N","0","0","0","4","02425","2","","1.0","","1","N","N","","0","","0","0","2","","0","","","2","2","1","0","0","0","0","2","0","2","","","","N","","","","","","","","","",""