"CRN","ARRIVAL_TM","AUTOMOBILE_COUNT","BELTED_DEATH_COUNT","BELTED_SUSP_SERIOUS_INJ_COUNT","BICYCLE_COUNT","BICYCLE_DEATH_COUNT","BICYCLE_SUSP_SERIOUS_INJ_COUNT","BUS_COUNT","CHLDPAS_DEATH_COUNT","CHLDPAS_SUSP_SERIOUS_INJ_COUNT","COLLISION_TYPE","COMM_VEH_COUNT","CONS_ZONE_SPD_LIM","COUNTY","CRASH_MONTH","CRASH_YEAR","DAY_OF_WEEK","DEC_LATITUDE","DEC_LONGITUDE","DISPATCH_TM","DISTRICT","DRIVER_COUNT_16YR","DRIVER_COUNT_17YR","DRIVER_COUNT_18YR","DRIVER_COUNT_19YR","DRIVER_COUNT_20YR","DRIVER_COUNT_50_64YR","DRIVER_COUNT_65_74YR","DRIVER_COUNT_75PLUS","EST_HRS_CLOSED","FATAL_COUNT","HEAVY_TRUCK_COUNT","HORSE_BUGGY_COUNT","HOUR_OF_DAY","ILLUMINATION","INJURY_COUNT","INTERSECTION_RELATED","INTERSECT_TYPE","LANE_CLOSED","LATITUDE","LN_CLOSE_DIR","LOCATION_TYPE","LONGITUDE","MAX_SEVERITY_LEVEL","MCYCLE_DEATH_COUNT","MCYCLE_SUSP_SERIOUS_INJ_COUNT","MOTORCYCLE_COUNT","MUNICIPALITY","NONMOTR_COUNT","NONMOTR_DEATH_COUNT","NONMOTR_SUSP_SERIOUS_INJ_COUNT","NTFY_HIWY_MAINT","PED_COUNT","PED_DEATH_COUNT","PED_SUSP_SERIOUS_INJ_COUNT","PERSON_COUNT","POLICE_AGCY","POSSIBLE_INJ_COUNT","RDWY_SURF_TYPE_CD","RELATION_TO_ROAD","ROADWAY_CLEARED","ROAD_CONDITION","SCH_BUS_IND","SCH_ZONE_IND","SECONDARY_CRASH","SMALL_TRUCK_COUNT","SPEC_JURIS_CD","SUSP_MINOR_INJ_COUNT","SUSP_SERIOUS_INJ_COUNT","SUV_COUNT","TCD_FUNC_CD","TCD_TYPE","TFC_DETOUR_IND","TIME_OF_DAY","TOTAL_UNITS","TOT_INJ_COUNT","UNBELTED_OCC_COUNT","UNB_DEATH_COUNT","UNB_SUSP_SERIOUS_INJ_COUNT","UNK_INJ_DEG_COUNT","UNK_INJ_PER_COUNT","URBAN_RURAL","VAN_COUNT","VEHICLE_COUNT","WEATHER1","WEATHER2","WORKERS_PRES","WORK_ZONE_IND","WORK_ZONE_LOC","WORK_ZONE_TYPE","WZ_CLOSE_DETOUR","WZ_FLAGGER","WZ_LAW_OFFCR_IND","WZ_LN_CLOSURE","WZ_MOVING","WZ_OTHER","WZ_SHLDER_MDN","WZ_WORKERS_INJ_KILLED"
"2013051041","","1","0","0","0","0","0","0","0","0","2","0","","02","5","2013","6","40.376688","-79.894312","","11","0","0","0","0","0","1","0","1","1","0","0","0","08","","2","","1","","40 22:36.077","2","0","79 53:39.523","8","0","0","0","2473","0","0","0","N","0","0","0","3","02473","0","","1.0","","1","N","N","","1","","0","0","0","","2","N","0847","2","2","0","0","0","2","0","2","0","2","","","","N","","","","","","","","","",""
"2013048997","","2","0","0","0","0","0","0","0","0","4","0","","02","5","2013","6","40.395607","-80.035083","","11","0","0","0","1","0","0","0","0","","0","0","0","18","","1","","0","","40 23:44.185","","7","80 02:06.298","4","0","0","0","2422","0","0","0","N","0","0","0","2","02422","1","","1.0","","9","N","N","","0","","0","0","0","","0","","1829","2","1","0","0","0","0","0","2","0","2","","","","N","","","","","","","","","",""
"2013049817","","0","0","0","0","0","0","0","0","0","1","0","","02","5","2013","3","40.476869","-80.066816","","11","0","0","0","0","0","0","0","0","1","0","0","0","08","","0","","0","","40 28:36.727","3","0","80 04:00.536","0","0","0","0","2122","0","0","0","N","0","0","0","4","02122","0","","1.0","","1","N","N","","1","","0","0","1","","2","N","0825","2","0","0","0","0","0","0","2","0","2","","","","N","","","","","","","","","",""
"2013049409","","2","0","0","0","0","0","0","0","0","6","0","","02","5","2013","1","40.412384","-79.940464","","11","0","0","0","0","0","0","0","0","","0","0","0","02","","0","","0","","40 24:44.582","","0","79 56:25.670","0","0","0","0","2301","0","0","0","N","0","0","0","2","02301","0","","1.0","","1","N","N","","0","","0","0","0","","0","","0245","2","0","0","0","0","0","0","2","0","2","","","","N","","","","","","","","","",""
"2013048395","","2","0","0","0","0","0","0","0","0","4","0","","02","5","2013","4","40.311679","-79.938098","","11","0","0","0","0","0","0","1","0","1","0","0","0","12","","0","","1","","40 18:42.046","2","0","79 56:17.153","0","0","0","0","2454","0","0","0","N","0","0","0","3","02454","0","","1.0","","1","N","N","","0","","0","0","0","","2","Y","1250","2","0","0","0","0","0","0","2","0","2","","","","N","","","","","","","","","",""
"2013048475","","3","0","0","0","0","0","0","0","0","1","0","","02","5","2013","4","40.323567","-79.788033","","11","0","0","0","0","0","0","1","0","3","0","0","0","15","","1","","2","","40 19:24.840","4","0","79 47:16.918","3","0","0","0","2477","0","0","0","N","0","0","0","3","02477","0","","1.0","","1","N","N","","0","","1","0","0","","3","N","1529","3","1","0","0","0","0","0","2","0","3","","","","N","","","","","","","","","",""
"2013049281","","0","0","0","0","0","0","0","0","0","7","0","","02","5","2013","5","40.407738","-79.830109","","11","0","0","0","0","0","0","0","0","2","0","0","0","18","","1","","0","","40 24:27.856","5","0","79 49:48.391","4","0","0","0","2467","0","0","0","N","0","0","0","2","02467","1","","5.0","","1","N","N","","0","","0","0","1","","0","N","1814","1","1","1","0","0","0","0","2","0","1","","","","N","","","","","","","","","",""
"2013048602","","2","0","0","0","0","0","0","0","0","4","0","","02","5","2013","5","40.384678","-79.824355","","11","0","0","0","1","0","0","0","0","","0","0","0","21","","0","","1","","40 23:04.839","","0","79 49:27.678","0","0","0","0","2111","0","0","0","N","0","0","0","3","02111","0","","1.0","","1","N","N","","0","","0","0","0","","2","","2152","2","0","0","0","0","0","0","2","0","2","","","","N","","","","","","","","","",""
"2013047182","","4","0","0","0","0","0","0","0","0","0","0","","02","4","2013","2","40.533743","-80.011081","","11","0","0","0","0","0","2","0","0","1","0","0","0","21","","0","","0","","40 32:01.475","2","0","80 00:39.891","0","0","0","0","2116","0","0","0","N","0","0","0","4","02116","0","","1.0","","1","N","N","","0","","0","0","0","","0","N","2125","4","0","0","0","0","0","0","2","0","4","","","","N","","","","","","","","","",""
"2013049205","","1","0","0","0","0","0","0","0","0","7","0","","02","5","2013","7","40.438034","-80.004968","","11","0","0","0","0","0","0","0","0","","0","0","0","06","","0","","0","","40 26:16.924","","2","80 00:17.884","0","0","0","0","2301","0","0","0","N","0","0","0","1","02301","0","","2.0","","9","N","N","","0","","0","0","0","","0","","0653","1","0","0","0","0","0","0","2","0","1","","","","N","","","","","","","","","",""
"2013050024","","2","0","0","0","0","0","0","0","0","4","0","","02","5","2013","5","40.512524","-80.003876","","11","0","0","0","0","0","0","0","0","","0","0","0","23","","0","","0","","40 30:45.086","","0","80 00:13.955","0","0","0","0","2116","0","0","0","","0","0","0","2","02116","0","","1.0","","1","","","","0","","0","0","0","","0","","2343","2","0","0","0","0","0","0","2","0","2","","","","N","","","","","","","","","",""
"2013047114","","3","0","0","0","0","0","0","0","0","1","0","","02","5","2013","1","40.458285","-79.93393","","11","0","0","0","0","0","0","0","0","","0","0","0","14","","1","","1","","40 27:29.825","","0","79 56:02.147","8","0","0","0","2301","0","0","0","N","0","0","0","4","02301","0","","1.0","","1","N","N","","0","","0","0","0","","2","","1420","3","1","0","0","0","1","0","2","0","3","","","","N","","","","","","","","","",""
"2013048338","","0","0","0","0","0","0","0","0","0","7","0","","02","5","2013","4","40.365481","-79.879738","","11","0","0","0","0","0","0","0","0","1","0","0","0","23","","0","","0","","40 21:55.731","1","0","79 52:47.056","0","0","0","0","2473","0","0","0","N","0","0","0","1","02473","0","","4.0","","9","N","N","","0","","0","0","1","","0","N","2346","1","0","0","0","0","0","0","2","0","1","","","","N","","","","","","","","","",""
"2013049207","","2","0","0","0","0","0","0","0","0","1","0","","02","5","2013","1","40.431007","-80.028173","","11","0","0","0","0","0","0","0","0","1","0","0","0","02","","2","","3","","40 25:51.624","2","2","80 01:41.422","4","0","0","0","2301","0","0","0","N","0","0","0","2","02301","1","","2.0","","1","N","N","","0","","0","0","0","","0","N","0233","2","2","0","0","0","1","0","2","0","2","","","","N","","","","","","","","","",""
"2013050026","","1","0","0","0","0","0","0","0","0","7","0","","02","5","2013","4","40.506276","-79.80251","","11","0","0","0","0","0","0","0","0","2","0","0","0","02","","1","","0","","40 30:22.592","1","0","79 48:09.037","4","0","0","0","2113","0","0","0","N","0","0","0","2","02113","1","","5.0","","1","N","N","","0","","0","0","0","","0","N","0205","1","1","0","0","0","0","0","2","0","1","","","","N","","","","","","","","","",""
"2013048605","","3","0","0","0","0","0","0","0","0","1","0","","02","5","2013","5","40.429854","-79.751251","","11","0","0","0","0","0","1","0","0","1","0","0","0","05","","0","","5","","40 25:47.476","2","0","79 45:04.504","0","0","0","0","2446","0","0","0","N","0","0","0","3","02446","0","","1.0","","1","N","N","","0","","0","0","0","","2","N","0556","3","0","0","0","0","0","0","2","0","3","","","","N","","","","","","","","","",""
"2013048327","","0","0","0","0","0","0","0","0","0","99","0","","02","5","2013","4","40.4532","-79.992708","","11","0","0","0","0","0","0","0","0","","0","0","0","23","","0","","2","","40 27:11.520","","0","79 59:33.748","9","0","0","1","2301","0","0","0","N","0","0","0","2","02301","0","","9.0","","9","N","N","","0","","0","0","0","","1","","2310","1","0","0","0","0","0","2","2","0","1","","","","N","","","","","","","","","",""
"2013049208","","0","0","0","0","0","0","0","0","0","1","0","","02","5","2013","1","40.448227","-79.986908","","11","0","0","0","0","0","0","0","0","","0","0","0","01","","2","","2","","40 26:53.617","","0","79 59:12.868","4","0","0","0","2301","0","0","0","N","0","0","0","2","02301","2","","1.0","","1","N","N","","1","","0","0","1","","2","","0107","2","2","1","0","0","0","0","2","0","2","","","","N","","","","","","","","","",""
"2013047187","","1","0","0","0","0","0","0","0","0","7","0","","02","5","2013","2","40.345829","-79.998408","","11","0","0","0","0","0","0","0","1","","0","0","0","13","","1","","0","","40 20:44.984","","0","79 59:54.268","8","0","0","0","2403","0","0","0","N","0","0","0","1","02403","0","","5.0","","1","N","N","","0","","0","0","0","","0","","1348","1","1","0","0","0","1","0","2","0","1","","","","N","","","","","","","","","",""
"2013047584","","1","0","0","0","0","0","0","0","0","4","0","","02","4","2013","7","40.541906","-80.035964","","11","0","0","0","0","0","0","0","0","","0","0","0","16","","0","","0","","40 32:30.860","","0","80 02:09.470","0","0","0","0","2116","0","0","0","","0","0","0","6","02116","0","","1.0","","1","","","","1","","0","0","0","","0","","1633","2","0","0","0","0","0","0","2","0","2","","","","N","","","","","","","","","",""
"2013049286","","1","0","0","0","0","0","0","0","0","7","0","99","02","5","2013","2","40.303972","-79.942088","","11","0","0","0","0","0","1","0","0","","0","0","0","09","","0","","0","","40 18:14.299","","0","79 56:31.516","0","0","0","0","2440","0","0","0","N","0","0","0","2","02440","0","","5.0","","1","N","N","","0","","0","0","0","","0","","0935","1","0","0","0","0","0","0","2","0","1","","","Y","Y","5","3","","Y","N","Y","","","Y",""
"2013048620","","3","0","0","0","0","0","0","0","0","5","0","","02","5","2013","6","","","","11","0","0","0","0","0","0","0","0","1","0","0","0","02","","1","","1","","","4","0","","4","0","0","0","2304","0","0","0","N","0","0","0","1","02304","1","","1.0","","1","N","N","","1","","0","0","2","","3","N","0233","6","1","0","0","0","0","0","1","0","6","","","","N","","","","","","","","","",""
"2013047654","","0","0","0","0","0","0","0","0","0","7","0","","02","4","2013","3","40.439166","-80.010828","","11","0","0","0","0","0","0","0","0","1","0","0","0","02","","0","","0","","40 26:20.996","4","3","80 00:38.981","9","0","0","0","2301","0","0","0","Y","0","0","0","1","68B03","0","","4.0","","1","N","N","","1","","0","0","0","","0","N","0206","1","0","0","0","0","0","1","2","0","1","","","","N","","","","","","","","","",""
"2013049841","","2","0","0","0","0","0","0","0","0","1","0","","02","5","2013","3","40.402012","-80.000594","","11","0","0","0","0","0","1","0","0","","0","0","0","13","","0","","1","","40 24:07.244","","0","80 00:02.139","0","0","0","0","2301","0","0","0","N","0","0","0","4","02301","0","","1.0","","1","N","N","","0","","0","0","0","","2","","1339","2","0","1","0","0","0","0","2","0","2","","","","N","","","","","","","","","",""
"2013048343","","1","0","0","0","0","0","0","0","0","7","0","","02","5","2013","4","40.466618","-79.925386","","11","0","0","0","0","0","0","0","0","","0","0","0","02","","0","","1","","40 27:59.824","","0","79 55:31.389","0","0","0","0","2301","0","0","0","N","0","0","0","2","02301","0","","5.0","","9","N","N","","0","","0","0","0","","2","","0210","1","0","0","0","0","0","0","2","0","1","","","","N","","","","","","","","","",""
"2013047655","","1","0","0","0","0","0","0","0","0","7","0","","02","5","2013","7","40.429233","-79.931783","","11","0","0","0","0","0","0","0","0","2","0","0","0","17","","0","","0","","40 25:45.239","4","0","79 55:54.420","0","0","0","0","2301","0","0","0","N","0","0","0","3","68B03","0","","2.0","","1","N","N","","0","","0","0","0","","0","N","1704","1","0","0","0","0","0","0","2","0","1","","","","N","","","","","","","","","",""
"2013049363","","1","0","0","0","0","0","0","0","0","6","0","","02","5","2013","6","40.448528","-79.885121","","11","0","0","0","0","0","0","0","0","","0","0","0","22","","1","","1","","40 26:54.700","","0","79 53:06.435","8","0","0","0","2301","1","0","0","N","1","0","0","2","02301","0","","1.0","","1","N","N","","0","","0","0","1","","3","","2215","3","1","0","0","0","1","1","2","0","2","","","","N","","","","","","","","","",""
"2013049842","","3","0","0","0","0","0","0","0","0","4","0","","02","5","2013","1","40.436233","-79.77244","","11","0","0","0","0","0","0","0","0","1","0","0","0","17","","0","","1","","40 26:10.438","2","0","79 46:20.784","0","0","0","0","2446","0","0","0","N","0","0","0","6","02446","0","","1.0","","1","N","N","","1","","0","0","0","","2","N","1735","4","0","0","0","0","0","0","2","0","4","","","","N","","","","","","","","","",""
"2013048404","","1","0","0","0","0","0","0","0","0","1","1","","02","5","2013","5","40.493067","-79.871","","11","0","0","0","0","0","1","0","0","","0","1","0","07","","1","","0","","40 29:35.041","","0","79 52:15.600","8","0","0","0","2112","0","0","0","N","0","0","0","3","02112","0","","1.0","","1","N","N","","0","","0","0","0","","0","","0730","2","1","0","0","0","1","0","2","0","2","","","","N","","","","","","","","","",""
"2013049213","","3","0","0","0","0","0","0","0","0","1","0","","02","5","2013","1","40.33212","-79.956683","","11","0","0","0","0","0","0","0","0","","0","0","0","01","","0","","0","","40 19:55.632","","0","79 57:24.058","0","0","0","0","2454","0","0","0","N","0","0","0","1","02454","0","","1.0","","1","N","N","","0","","0","0","0","","0","","0101","3","0","0","0","0","0","0","2","0","3","","","","N","","","","","","","","","",""
"2013049290","","2","0","0","0","0","0","0","0","0","3","0","","02","5","2013","1","40.461124","-79.866306","","11","0","0","0","1","1","0","0","0","","0","0","0","11","","0","","1","","40 27:40.047","","0","79 51:58.700","0","0","0","0","2113","0","0","0","N","0","0","0","3","02113","0","","1.0","","1","N","N","","0","","0","0","0","","2","","1142","2","0","1","0","0","0","0","2","0","2","","","","N","","","","","","","","","",""
"2013049364","","2","0","0","0","0","0","0","0","0","4","0","","02","5","2013","1","40.510867","-79.956966","","11","0","0","0","0","0","0","1","0","","0","0","0","99","","0","","2","","40 30:39.120","","0","79 57:25.078","0","0","0","0","2118","0","0","0","N","0","0","0","2","02118","0","","1.0","","1","N","N","","0","","0","0","0","","3","","9999","2","0","0","0","0","0","0","2","0","2","","","","N","","","","","","","","","",""
"2013047123","","3","0","0","0","0","0","0","0","0","1","0","","02","5","2013","2","40.611222","-79.968345","","11","0","0","0","1","0","0","0","0","2","0","0","0","07","","1","","0","","40 36:40.399","2","0","79 58:06.042","8","0","0","0","2207","0","0","0","N","0","0","0","3","02207","0","","1.0","","1","N","N","","0","","0","0","0","","7","Y","0745","3","1","1","0","0","1","0","2","0","3","","","","N","","","","","","","","","",""
"2013048345","","1","0","0","0","0","0","0","0","0","7","0","","02","5","2013","5","40.410439","-79.76063","","11","0","0","0","0","0","0","0","0","2","0","0","0","02","","1","","0","","40 24:37.582","5","0","79 45:38.268","8","0","0","0","2446","0","0","0","N","0","0","0","1","02446","0","","5.0","","1","N","N","","0","","0","0","0","","0","N","0218","1","1","0","0","0","1","0","2","0","1","","","","N","","","","","","","","","",""
"2013048405","","1","0","0","0","0","0","0","0","0","7","0","","02","5","2013","5","40.448612","-79.899529","","11","0","0","0","0","0","0","0","0","1","0","0","0","06","","0","","1","","40 26:55.002","4","0","79 53:58.304","0","0","0","0","2301","0","0","0","N","0","0","0","1","02301","0","","5.0","","1","N","N","","0","","0","0","0","","0","N","0653","1","0","0","0","0","0","0","2","0","1","","","","N","","","","","","","","","",""
"2013048419","","1","0","0","0","0","0","0","0","0","1","0","","02","5","2013","4","40.517368","-79.958989","","11","0","0","0","0","0","1","3","0","1","0","0","0","10","","2","","1","","40 31:02.525","5","0","79 57:32.360","8","0","0","0","2118","0","0","0","N","0","0","0","6","02118","0","","1.0","","1","N","N","","2","","0","0","0","","0","Y","1000","4","2","0","0","0","2","0","2","1","4","","","","N","","","","","","","","","",""
"2013049291","","1","0","0","0","0","0","0","0","0","7","0","","02","5","2013","7","40.621995","-79.999239","","11","0","1","0","0","0","0","0","0","","0","0","0","09","","0","","0","","40 37:19.182","","0","79 59:57.260","0","0","0","0","2216","0","0","0","N","0","0","0","1","02505","0","","2.0","","9","N","N","","0","","0","0","0","","0","","0916","1","0","0","0","0","0","0","2","0","1","","","","N","","","","","","","","","",""
"2013047732","","0","0","0","0","0","0","0","0","0","1","0","25","02","5","2013","3","40.344909","-79.985567","","11","0","0","0","0","0","0","0","0","","0","0","0","08","","1","","2","","40 20:41.672","","0","79 59:08.041","8","0","0","0","2403","0","0","0","N","0","0","0","2","02403","0","","1.0","","9","N","N","","0","","0","0","2","","7","","0819","2","1","0","0","0","1","0","2","0","2","","","Y","Y","4","2","","Y","N","","Y","","Y",""
"2013047797","","1","0","0","0","0","0","0","0","0","7","0","","02","4","2013","3","40.422837","-79.991689","","11","0","0","0","0","1","0","0","0","","0","0","0","17","","1","","0","","40 25:22.213","","0","79 59:30.080","4","0","0","0","2301","0","0","0","N","0","0","0","2","02301","1","","2.0","","1","N","N","","0","","0","0","0","","0","","1730","1","1","0","0","0","0","0","2","0","1","","","","N","","","","","","","","","",""
"2013049434","","0","0","0","0","0","0","0","0","0","5","0","","02","5","2013","7","40.396647","-80.085123","","11","0","0","0","0","0","0","0","0","2","0","0","0","22","","1","","0","","40 23:47.930","4","0","80 05:06.443","4","0","0","0","2117","0","0","0","N","0","0","0","3","02117","1","","1.0","","1","N","N","","1","","0","0","1","","0","N","2212","2","1","2","0","0","0","0","2","0","2","","","","N","","","","","","","","","",""
"2013047594","","1","0","0","0","0","0","0","0","0","5","0","","02","4","2013","3","40.518997","-80.004791","","11","0","0","0","0","0","2","0","0","","0","0","0","18","","0","","0","","40 31:08.389","","0","80 00:17.247","0","0","0","0","2116","0","0","0","","0","0","0","2","02116","0","","1.0","","1","","","","1","","0","0","0","","2","","1845","2","0","0","0","0","0","0","2","0","2","","","","N","","","","","","","","","",""
"2013050023","","1","0","0","0","0","0","0","0","0","5","0","","02","5","2013","1","40.371838","-79.843671","","11","0","0","0","0","0","1","0","0","","0","0","0","21","","0","","2","","40 22:18.618","","0","79 50:37.217","0","0","0","0","2303","0","0","0","","0","0","0","2","02303","0","","1.0","","1","","","","0","","0","0","1","","2","","2112","2","0","0","0","0","0","0","2","0","2","","","","N","","","","","","","","","",""
"2013048421","","0","0","0","0","0","0","0","0","0","2","0","","02","5","2013","5","40.486913","-79.820963","","11","0","0","0","0","0","0","0","0","2","0","0","0","08","","2","","0","","40 29:12.886","5","0","79 49:15.465","3","0","0","0","2113","0","0","0","N","0","0","0","2","02113","0","","1.0","","1","N","N","","1","","2","0","0","","0","Y","0829","2","2","0","0","0","0","0","2","1","2","","","","N","","","","","","","","","",""
"2013050038","","1","0","0","0","0","0","0","0","0","4","0","","02","5","2013","3","40.334977","-79.971044","","11","0","0","0","0","0","1","0","0","","0","0","0","05","","1","","3","","40 20:05.917","","0","79 58:15.758","8","0","0","0","2454","0","0","0","N","0","0","0","2","02454","0","","1.0","","1","N","N","","0","","0","0","1","","3","","0553","2","1","0","0","0","1","1","2","0","2","","","","N","","","","","","","","","",""
"2013048627","","1","0","0","0","0","0","0","0","0","7","0","","02","5","2013","6","40.273432","-79.935387","","11","0","0","0","0","0","0","0","0","","0","0","0","02","","0","","0","","40 16:24.355","","0","79 56:07.393","0","0","0","0","2440","0","0","0","N","0","0","0","1","02440","0","","5.0","","9","N","N","","0","","0","0","0","","0","","0222","1","0","0","0","0","0","0","1","0","1","","","","N","","","","","","","","","",""
"2013049575","","2","0","0","0","0","0","0","0","0","4","0","","02","5","2013","6","40.594649","-79.993963","","11","0","0","0","0","0","0","0","0","1","0","0","0","16","","0","","0","","40 35:40.738","4","0","79 59:38.265","0","0","0","0","2108","0","0","0","N","0","0","0","3","02108","0","","1.0","","9","N","N","","0","","0","0","0","","0","N","1642","2","0","0","0","0","0","0","2","0","2","","","","N","","","","","","","","","",""
"2013048839","","3","0","0","0","0","0","0","0","0","1","0","","02","5","2013","6","40.460759","-79.915919","","11","0","0","0","0","0","0","0","0","","0","0","0","15","","2","","1","","40 27:38.732","","0","79 54:57.308","4","0","0","0","2301","0","0","0","N","0","0","0","4","02301","1","","1.0","","1","N","N","","0","","0","0","0","","2","","1525","3","2","0","0","0","1","2","2","0","3","","","","N","","","","","","","","","",""
"2013049639","","1","0","0","0","0","0","0","0","0","7","0","","02","4","2013","1","40.424662","-79.771974","","11","0","0","0","0","1","0","0","0","","0","0","0","17","","0","","0","","40 25:28.782","","0","79 46:19.107","0","0","0","0","2446","0","0","0","N","0","0","0","2","02446","0","","2.0","","1","N","N","","0","","0","0","0","","0","","1703","1","0","0","0","0","0","0","2","0","1","","","","N","","","","","","","","","",""
"2013047735","","2","0","0","0","0","0","0","0","0","4","0","","02","5","2013","2","40.454996","-79.952642","","11","0","0","0","0","0","1","0","0","1","0","0","0","13","","0","","0","","40 27:17.985","1","0","79 57:09.511","0","0","0","0","2301","0","0","0","N","0","0","0","2","02301","0","","1.0","","1","N","N","","0","","0","0","0","","0","N","1345","2","0","1","0","0","0","0","2","0","2","","","","N","","","","","","","","","",""
"2013048490","","2","0","0","0","0","0","0","0","0","4","0","","02","5","2013","4","40.444741","-80.039543","","11","0","0","0","0","0","0","0","0","1","0","0","0","17","","0","","0","","40 26:41.067","5","0","80 02:22.354","0","0","0","0","2301","0","0","0","N","0","0","0","2","02301","0","","1.0","","1","N","N","","0","","0","0","0","","0","Y","1755","2","0","0","0","0","0","0","2","0","2","","","","N","","","","","","","","","",""
"2013047128","","0","0","0","0","0","0","0","0","0","0","0","","02","5","2013","4","40.344343","-79.972073","","11","0","0","0","0","0","0","0","0","1","0","0","0","17","","1","","2","","40 20:39.633","2","0","79 58:19.464","8","0","0","1","2403","0","0","0","N","0","0","0","1","02403","0","","1.0","","1","N","N","","0","","0","0","0","","2","N","1714","1","1","0","0","0","1","0","2","0","1","","","","N","","","","","","","","","",""
"2013048629","","1","0","0","0","0","0","0","0","0","1","0","","02","5","2013","5","40.512459","-79.971949","","11","0","1","0","0","0","0","0","0","1","0","0","0","99","","0","","0","","40 30:44.852","1","0","79 58:19.016","0","0","0","0","2118","0","0","0","N","0","0","0","2","02118","0","","1.0","","1","N","N","","0","","0","0","1","","0","N","9999","2","0","0","0","0","0","0","2","0","2","","","","N","","","","","","","","","",""
"2013047129","","1","0","0","0","0","0","0","0","0","7","0","","02","5","2013","1","","","","11","0","0","0","0","0","1","0","0","","0","0","0","09","","0","","0","","","","0","","0","0","0","0","2473","0","0","0","N","0","0","0","1","02473","0","","2.0","","1","N","N","","0","","0","0","0","","0","","0932","1","0","0","0","0","0","0","1","0","1","","","","N","","","","","","","","","",""
"2013048018","","1","0","0","0","0","0","0","0","0","7","0","","02","5","2013","3","40.407087","-80.034183","","11","0","0","0","0","0","0","0","0","","0","0","0","21","","0","","1","","40 24:25.512","","0","80 02:03.059","0","0","0","0","2301","0","0","0","N","0","0","0","1","02301","0","","5.0","","1","N","N","","0","","0","0","0","","2","","2118","1","0","0","0","0","0","0","2","0","1","","","","N","","","","","","","","","",""
"2013049374","","1","0","0","0","0","0","0","0","0","8","0","","02","5","2013","5","40.354941","-80.136556","","11","0","0","0","0","0","0","0","0","","0","0","0","22","","1","","0","","40 21:17.788","","0","80 08:11.603","3","0","0","0","2301","1","0","0","N","1","0","0","7","02301","0","","1.0","","1","N","N","","0","","1","0","0","","0","","2239","2","1","1","0","0","0","0","2","0","1","","","","N","","","","","","","","","",""
"2013049234","","0","0","0","0","0","0","0","0","0","1","1","","02","5","2013","5","40.432636","-79.790222","","11","0","0","0","0","0","1","0","0","2","0","1","0","11","","1","","0","","40 25:57.490","4","0","79 47:24.800","8","0","0","0","2446","0","0","0","N","0","0","0","2","02446","0","","1.0","","1","N","N","","1","","0","0","0","","2","N","1128","2","1","0","0","0","1","1","2","0","2","","","","N","","","","","","","","","",""
"2013048632","","2","0","0","0","0","0","0","0","0","1","0","","02","4","2013","3","40.302244","-80.070969","","11","0","0","0","0","0","0","0","0","","0","0","0","08","","0","","0","","40 18:08.077","","0","80 04:15.490","0","0","0","0","2407","0","0","0","N","0","0","0","2","02407","0","","1.0","","1","N","N","","0","","0","0","0","","0","","0824","2","0","0","0","0","0","0","2","0","2","","","","N","","","","","","","","","",""
"2013047884","","2","1","0","0","0","0","0","0","0","1","0","","02","2","2013","7","40.497389","-79.926559","","11","0","0","1","0","0","0","0","0","4","1","0","0","23","","0","","0","","40 29:50.602","1","0","79 55:35.612","1","0","0","0","2461","0","0","0","N","0","0","0","4","68D02","0","1","1.0","","9","N","N","","0","0","0","0","0","","0","Y","2316","2","0","0","0","0","0","0","2","0","2","","","","N","","","","","","","","","",""
"2013048416","","1","0","0","0","0","0","0","0","0","3","0","","02","5","2013","7","40.457368","-79.925179","","11","0","0","0","0","0","0","1","0","","0","0","0","12","","0","","2","","40 27:26.524","","0","79 55:30.644","0","0","0","0","2301","0","0","0","N","0","0","0","1","02301","0","","2.0","","1","N","N","","0","","0","0","1","","0","","1256","2","0","0","0","0","0","0","2","0","2","","","","N","","","","","","","","","",""
"2013048495","","3","0","0","0","0","0","0","0","0","5","0","","02","4","2013","3","40.455712","-80.005614","","11","0","0","1","0","0","0","0","0","","0","0","0","21","","0","","0","","40 27:20.563","","0","80 00:20.210","0","0","0","0","2301","0","0","0","N","0","0","0","1","02301","0","","2.0","","1","N","N","","0","","0","0","0","","0","","2145","3","0","0","0","0","0","0","2","0","3","","","","N","","","","","","","","","",""
"2013049095","","1","0","0","0","0","0","0","0","0","1","0","","02","5","2013","7","40.466829","-79.825846","","11","0","0","0","0","0","2","0","0","","0","0","0","13","","1","","0","","40 28:00.586","","0","79 49:33.046","8","0","0","0","2113","0","0","0","N","0","0","0","2","02113","0","","1.0","","1","N","N","","0","","0","0","1","","2","","1300","2","1","0","0","0","1","0","2","0","2","","","","N","","","","","","","","","",""
"2013048417","","2","0","0","0","0","0","0","0","0","4","0","","02","5","2013","4","40.446362","-79.71052","","11","0","0","0","0","0","1","0","1","","0","0","0","16","","1","","0","","40 26:46.903","","0","79 42:37.873","4","0","0","0","2466","0","0","0","N","0","0","0","2","02466","1","","1.0","","1","N","N","","0","","0","0","0","","0","","1624","2","1","0","0","0","0","0","2","0","2","","","","N","","","","","","","","","",""