"CRN","ARRIVAL_TM","AUTOMOBILE_COUNT","BELTED_DEATH_COUNT","BELTED_SUSP_SERIOUS_INJ_COUNT","BICYCLE_COUNT","BICYCLE_DEATH_COUNT","BICYCLE_SUSP_SERIOUS_INJ_COUNT","BUS_COUNT","CHLDPAS_DEATH_COUNT","CHLDPAS_SUSP_SERIOUS_INJ_COUNT","COLLISION_TYPE","COMM_VEH_COUNT","CONS_ZONE_SPD_LIM","COUNTY","CRASH_MONTH","CRASH_YEAR","DAY_OF_WEEK","DEC_LATITUDE","DEC_LONGITUDE","DISPATCH_TM","DISTRICT","DRIVER_COUNT_16YR","DRIVER_COUNT_17YR","DRIVER_COUNT_18YR","DRIVER_COUNT_19YR","DRIVER_COUNT_20YR","DRIVER_COUNT_50_64YR","DRIVER_COUNT_65_74YR","DRIVER_COUNT_75PLUS","EST_HRS_CLOSED","FATAL_COUNT","HEAVY_TRUCK_COUNT","HORSE_BUGGY_COUNT","HOUR_OF_DAY","ILLUMINATION","INJURY_COUNT","INTERSECTION_RELATED","INTERSECT_TYPE","LANE_CLOSED","LATITUDE","LN_CLOSE_DIR","LOCATION_TYPE","LONGITUDE","MAX_SEVERITY_LEVEL","MCYCLE_DEATH_COUNT","MCYCLE_SUSP_SERIOUS_INJ_COUNT","MOTORCYCLE_COUNT","MUNICIPALITY","NONMOTR_COUNT","NONMOTR_DEATH_COUNT","NONMOTR_SUSP_SERIOUS_INJ_COUNT","NTFY_HIWY_MAINT","PED_COUNT","PED_DEATH_COUNT","PED_SUSP_SERIOUS_INJ_COUNT","PERSON_COUNT","POLICE_AGCY","POSSIBLE_INJ_COUNT","RDWY_SURF_TYPE_CD","RELATION_TO_ROAD","ROADWAY_CLEARED","ROAD_CONDITION","SCH_BUS_IND","SCH_ZONE_IND","SECONDARY_CRASH","SMALL_TRUCK_COUNT","SPEC_JURIS_CD","SUSP_MINOR_INJ_COUNT","SUSP_SERIOUS_INJ_COUNT","SUV_COUNT","TCD_FUNC_CD","TCD_TYPE","TFC_DETOUR_IND","TIME_OF_DAY","TOTAL_UNITS","TOT_INJ_COUNT","UNBELTED_OCC_COUNT","UNB_DEATH_COUNT","UNB_SUSP_SERIOUS_INJ_COUNT","UNK_INJ_DEG_COUNT","UNK_INJ_PER_COUNT","URBAN_RURAL","VAN_COUNT","VEHICLE_COUNT","WEATHER1","WEATHER2","WORKERS_PRES","WORK_ZONE_IND","WORK_ZONE_LOC","WORK_ZONE_TYPE","WZ_CLOSE_DETOUR","WZ_FLAGGER","WZ_LAW_OFFCR_IND","WZ_LN_CLOSURE","WZ_MOVING","WZ_OTHER","WZ_SHLDER_MDN","WZ_WORKERS_INJ_KILLED"
"2013047741","","0","0","0","0","0","0","0","0","0","1","0","","02","5","2013","3","40.425518","-79.926629","","11","0","0","0","0","0","0","0","0","","0","0","0","09","","1","","10","","40 25:31.864","","0","79 55:35.865","8","0","0","0","2301","0","0","0","N","0","0","0","3","02301","0","","1.0","","1","N","N","","0","","0","0","2","","0","","0932","2","1","0","0","0","1","0","2","0","2","","","","N","","","","","","","","","",""
"2013049443","","1","0","0","0","0","0","0","0","0","1","0","","02","5","2013","1","40.438016","-80.012802","","11","0","0","1","0","0","2","0","0","1","0","0","0","12","","2","","0","","40 26:16.859","3","4","80 00:46.087","4","0","0","0","2301","0","0","0","Y","0","0","0","5","68B03","2","","1.0","","1","N","N","","1","","0","0","1","","0","N","1220","3","2","0","0","0","0","0","2","0","3","","","","N","","","","","","","","","",""
"2013049171","","1","0","0","0","0","0","0","0","0","7","0","","02","5","2013","7","40.366367","-79.984507","","11","0","0","0","0","0","0","0","0","1","0","0","0","17","","2","","0","","40 21:58.920","1","0","79 59:04.224","4","0","0","0","2413","0","0","0","N","0","0","0","2","02413","2","","5.0","","1","N","N","","0","","0","0","0","","0","N","1724","1","2","0","0","0","0","0","2","0","1","","","","N","","","","","","","","","",""
"2013047742","","3","0","0","0","0","0","0","0","0","1","0","","02","5","2013","2","40.247829","-79.875809","","11","0","0","0","0","0","1","0","0","2","0","0","0","12","","2","","2","","40 14:52.186","1","0","79 52:32.913","3","0","0","0","2204","0","0","0","N","0","0","0","3","02204","1","","1.0","","1","N","N","","0","","1","0","0","","2","N","1223","3","2","0","0","0","0","0","1","0","3","","","","N","","","","","","","","","",""
"2013048572","","1","0","0","0","0","0","0","0","0","1","0","","02","5","2013","5","40.475319","-80.096875","","11","0","1","0","0","0","0","0","0","1","0","0","0","17","","1","","0","","40 28:31.149","3","0","80 05:48.750","8","0","0","0","2126","0","0","0","N","0","0","0","7","02126","0","","1.0","","1","N","N","","0","","0","0","2","","0","Y","1756","3","1","5","0","0","1","0","2","0","3","","","","N","","","","","","","","","",""
"2013049381","","0","0","0","0","0","0","0","0","0","4","0","","02","4","2013","7","40.374842","-80.094736","","11","0","0","0","0","0","0","0","0","1","0","0","0","10","","1","","2","","40 22:29.431","4","0","80 05:41.049","8","0","0","0","2117","0","0","0","N","0","0","0","3","02117","0","","1.0","","1","N","N","","0","","0","0","2","","0","Y","1025","2","1","0","0","0","1","0","2","0","2","","","","N","","","","","","","","","",""
"2013049444","","1","0","0","0","0","0","0","0","0","1","0","","02","5","2013","6","40.440628","-80.009326","","11","0","0","0","0","0","1","0","0","1","0","0","0","15","","1","","0","","40 26:26.260","2","3","80 00:33.573","4","0","0","0","2301","0","0","0","Y","0","0","0","2","68B03","1","","1.0","","9","N","N","","0","","0","0","0","","0","Y","1535","2","1","0","0","0","0","0","2","1","2","","","","N","","","","","","","","","",""
"2013049445","","1","0","0","0","0","0","0","0","0","1","0","","02","5","2013","6","40.510835","-80.049618","","11","0","0","0","0","0","1","0","0","","0","0","0","16","","1","","0","","40 30:39.007","","0","80 02:58.625","4","0","0","0","2116","0","0","0","N","0","0","0","3","68B03","1","","1.0","","9","N","N","","0","","0","0","2","","0","","1644","3","1","0","0","0","0","0","2","0","3","","","","N","","","","","","","","","",""
"2013047609","","1","0","0","0","0","0","0","0","0","7","0","","02","5","2013","6","40.360485","-79.90769","","11","0","0","0","0","0","0","0","0","","0","0","0","02","","1","","2","","40 21:37.746","","0","79 54:27.685","4","0","0","0","2473","0","0","0","N","0","0","0","1","02501","1","","2.0","","1","N","N","","0","","0","0","0","","2","","0220","1","1","1","0","0","0","0","2","0","1","","","","N","","","","","","","","","",""
"2013047745","","0","0","0","0","0","0","0","0","0","2","0","","02","5","2013","3","40.519424","-80.026982","","11","0","0","0","0","0","1","0","0","","0","0","0","09","","0","","0","","40 31:09.926","","0","80 01:37.135","0","0","0","0","2474","0","0","0","N","0","0","0","1","02474","0","","6.0","","1","N","N","","0","","0","0","0","","0","","0935","2","0","0","0","0","0","0","2","2","2","","","","N","","","","","","","","","",""
"2013049317","","1","0","0","0","0","0","0","0","0","5","0","","02","2","2013","3","40.371388","-79.788991","","11","0","0","0","0","0","0","0","0","3","0","0","0","21","","4","","2","","40 22:16.998","6","0","79 47:20.368","4","0","0","0","2111","0","0","0","N","0","0","0","5","02111","2","","1.0","","1","N","N","","0","","0","0","2","","0","Y","2135","3","4","0","0","0","2","0","2","0","3","","","","N","","","","","","","","","",""
"2013049446","","1","0","0","0","0","0","0","0","0","7","0","","02","5","2013","6","40.42893","-79.945148","","11","0","0","0","0","0","0","0","0","","0","0","0","18","","2","","0","","40 25:44.148","","0","79 56:42.532","4","0","0","0","2301","0","0","0","N","0","0","0","2","68B03","2","","4.0","","9","N","N","","0","","0","0","0","","0","","1805","1","2","2","0","0","0","0","2","0","1","","","","N","","","","","","","","","",""
"2013049161","","1","0","0","0","0","0","0","0","0","7","0","","02","5","2013","7","40.475154","-79.769795","","11","0","0","0","0","0","0","0","0","","0","0","0","15","","0","","0","","40 28:30.553","","0","79 46:11.261","0","0","0","0","2466","0","0","0","N","0","0","0","2","02466","0","","5.0","","1","N","N","","0","","0","0","0","","0","","1521","1","0","0","0","0","0","0","2","0","1","","","","N","","","","","","","","","",""
"2013049384","","1","0","0","0","0","0","0","0","0","4","0","","02","4","2013","1","40.374842","-80.094736","","11","0","0","0","0","0","1","0","0","","0","0","0","14","","0","","2","","40 22:29.431","","0","80 05:41.049","0","0","0","0","2117","0","0","0","N","0","0","0","2","02117","0","","1.0","","3","N","N","","1","","0","0","0","","0","","1448","2","0","0","0","0","0","0","2","0","2","","","","N","","","","","","","","","",""
"2013049447","","1","0","0","0","0","0","0","0","0","7","0","","02","5","2013","1","40.446468","-80.170353","","11","0","0","0","0","1","0","0","0","1","0","0","0","17","","1","","0","","40 26:47.285","4","0","80 10:13.269","8","0","0","0","2115","0","0","0","N","0","0","0","1","68B03","0","","3.0","","1","N","N","","0","","0","0","0","","0","N","1716","1","1","0","0","0","1","0","2","0","1","","","","N","","","","","","","","","",""
"2013048360","","1","0","0","0","0","0","0","0","0","0","0","","02","5","2013","1","40.474437","-80.250238","","11","0","0","0","0","0","0","0","0","","0","0","0","05","","0","","0","","40 28:27.973","","0","80 15:00.855","0","0","0","0","2213","0","0","0","N","0","0","0","1","68B03","0","","4.0","","1","N","N","","0","","0","0","0","","0","","0526","1","0","0","0","0","0","0","2","0","1","","","","N","","","","","","","","","",""
"2013049175","","2","0","0","0","0","0","0","0","0","4","0","","02","5","2013","7","40.413252","-79.988875","","11","0","0","0","0","0","0","0","0","","0","0","0","19","","0","","2","","40 24:47.707","","0","79 59:19.950","0","0","0","0","2301","0","0","0","N","0","0","0","5","02301","0","","1.0","","1","N","N","","0","","0","0","0","","3","","1935","2","0","0","0","0","0","0","2","0","2","","","","N","","","","","","","","","",""
"2013049983","","1","0","0","0","0","0","0","0","0","7","0","","02","5","2013","3","40.457133","-79.813565","","11","0","0","0","0","0","1","0","0","3","0","0","0","19","","1","","2","","40 27:25.678","6","0","79 48:48.834","4","0","0","0","2113","0","0","0","N","0","0","0","1","02113","1","","5.0","","1","N","N","","0","","0","0","0","","0","Y","1913","1","1","0","0","0","0","0","2","0","1","","","","N","","","","","","","","","",""
"2013049386","","2","0","0","0","0","0","0","0","0","4","0","","02","5","2013","3","40.396525","-80.085394","","11","0","0","0","0","0","2","0","0","1","0","0","0","21","","1","","1","","40 23:47.489","2","0","80 05:07.417","4","0","0","0","2117","0","0","0","N","0","0","0","2","02117","1","","1.0","","1","N","N","","0","","0","0","0","","2","Y","2118","2","1","0","0","0","0","0","2","0","2","","","","N","","","","","","","","","",""
"2013049449","","1","0","0","0","0","0","0","0","0","1","0","","02","4","2013","5","40.491405","-79.890261","","11","0","0","0","1","0","0","0","0","2","0","0","0","09","","1","","0","","40 29:29.059","1","0","79 53:24.939","3","0","0","0","2112","0","0","0","N","0","0","0","5","68D02","0","","1.0","","1","N","N","","1","","1","0","1","","0","N","0949","3","1","0","0","0","0","0","2","0","3","","","","N","","","","","","","","","",""
"2013049985","","2","0","0","0","0","0","0","0","0","7","0","","02","5","2013","5","40.465156","-79.729828","","11","1","0","1","0","0","0","0","0","1","0","0","0","22","","0","","2","","40 27:54.562","1","0","79 43:47.381","0","0","0","0","2466","0","0","0","N","0","0","0","2","02466","0","","5.0","","1","N","N","","0","","0","0","0","","0","N","2201","2","0","0","0","0","0","0","2","0","2","","","","N","","","","","","","","","",""
"2013050053","","2","0","0","0","0","0","0","0","0","1","0","","02","4","2013","2","40.444683","-79.84316","","11","0","0","0","0","0","1","0","0","2","0","0","0","21","","1","","0","","40 26:40.860","3","0","79 50:35.375","8","0","0","0","2419","0","0","0","N","0","0","0","2","68B03","0","","1.0","","1","N","N","","0","","0","0","0","","0","N","2114","2","1","0","0","0","1","0","2","0","2","","","","N","","","","","","","","","",""
"2013049309","","2","0","0","0","0","0","0","0","0","4","0","","02","5","2013","7","40.525706","-79.841396","","11","0","0","0","1","0","0","0","0","1","0","0","0","18","","0","","0","","40 31:32.541","4","7","79 50:29.027","0","0","0","0","2451","0","0","0","N","0","0","0","2","02451","0","","1.0","","1","N","N","","0","","0","0","0","","0","N","1823","2","0","1","0","0","0","0","2","0","2","","","","N","","","","","","","","","",""
"2013048579","","2","0","0","0","0","0","0","0","0","4","0","","02","5","2013","5","40.484713","-79.714869","","11","0","0","0","1","0","0","0","0","","0","0","0","14","","1","","0","","40 29:04.967","","0","79 42:53.530","4","0","0","0","2466","0","0","0","N","0","0","0","2","02466","1","","1.0","","1","N","N","","0","","0","0","0","","0","","1450","2","1","0","0","0","0","0","2","0","2","","","","N","","","","","","","","","",""
"2013049450","","3","0","0","0","0","0","0","0","0","1","0","","02","5","2013","4","40.497179","-79.931739","","11","0","0","0","0","0","2","0","0","2","0","0","0","17","","0","","0","","40 29:49.845","1","0","79 55:54.262","0","0","0","0","2461","0","0","0","N","0","0","0","8","68D02","0","","1.0","","1","N","N","","0","","0","0","1","","0","N","1731","4","0","0","0","0","0","0","2","0","4","","","","N","","","","","","","","","",""
"2013050054","","2","0","0","0","0","0","0","0","0","1","0","","02","4","2013","1","40.425767","-79.910464","","11","0","1","0","0","0","0","0","0","2","0","0","0","12","","3","","0","","40 25:32.761","4","0","79 54:37.671","4","0","0","0","2301","0","0","0","N","0","0","0","6","68B03","1","","1.0","","1","N","N","","1","","0","0","0","","0","N","1235","3","3","0","0","0","2","0","2","0","3","","","","N","","","","","","","","","",""
"2013048519","","2","0","0","0","0","0","0","0","0","4","0","","02","5","2013","3","40.558141","-80.023489","","11","0","0","0","0","0","0","0","0","2","0","0","0","21","","1","","1","","40 33:29.308","7","0","80 01:24.560","8","0","0","0","2108","0","0","0","N","0","0","0","2","02108","0","","1.0","","9","N","N","","0","","0","0","0","","2","N","2126","2","1","0","0","0","1","0","2","0","2","","","","N","","","","","","","","","",""
"2013047829","","1","0","0","0","0","0","0","0","0","7","0","","02","5","2013","2","40.455521","-80.072936","","11","0","0","0","0","0","0","0","1","1","0","0","0","20","","1","","0","","40 27:19.875","2","0","80 04:22.569","8","0","0","0","2301","0","0","0","N","0","0","0","1","02301","0","","5.0","","1","N","N","","0","","0","0","0","","0","N","2010","1","1","0","0","0","1","0","2","0","1","","","","N","","","","","","","","","",""
"2013049182","","2","0","0","0","0","0","0","0","0","2","0","","02","5","2013","7","40.310553","-79.826666","","11","0","0","1","0","0","0","0","0","2","0","0","0","20","","1","","5","","40 18:37.992","5","0","79 49:35.996","4","0","0","0","2105","0","0","0","N","0","0","0","4","02105","1","","1.0","","1","N","N","","0","","0","0","0","","2","Y","2010","2","1","0","0","0","0","0","2","0","2","","","","N","","","","","","","","","",""
"2013050055","","2","0","0","0","0","0","0","0","0","1","0","","02","4","2013","2","40.438765","-80.011442","","11","0","0","0","0","0","0","0","0","","0","0","0","21","","0","","0","","40 26:19.554","","3","80 00:41.191","0","0","0","0","2301","0","0","0","Y","0","0","0","2","68B03","0","","1.0","","1","N","N","","0","","0","0","0","","0","","2115","2","0","0","0","0","0","0","2","0","2","","","","N","","","","","","","","","",""
"2013048520","","1","0","0","0","0","0","0","0","0","4","0","","02","5","2013","4","40.582227","-80.062891","","11","0","1","1","0","0","0","0","0","","0","0","0","07","","0","","1","","40 34:56.017","","0","80 03:46.409","0","0","0","0","2108","0","0","0","N","0","0","0","2","02108","0","","1.0","","1","N","N","","0","","0","0","1","","3","","0716","2","0","0","0","0","0","0","2","0","2","","","","N","","","","","","","","","",""
"2013047146","","0","0","0","0","0","0","1","0","0","7","1","","02","5","2013","2","40.426052","-80.031182","","11","0","0","0","0","0","1","0","0","","0","0","0","09","","3","","0","","40 25:33.787","","0","80 01:52.255","4","0","0","0","2301","0","0","0","N","0","0","0","4","02503","3","","7.0","","1","N","N","","0","","0","0","0","","0","","0955","1","3","0","0","0","0","0","2","0","1","","","","N","","","","","","","","","",""
"2013050056","","3","0","0","0","0","0","0","0","0","1","0","","02","5","2013","4","40.425635","-79.909563","","11","0","0","0","0","0","1","0","0","","0","0","0","23","","0","","0","","40 25:32.287","","0","79 54:34.427","0","0","0","0","2301","0","0","0","N","0","0","0","5","68B03","0","","1.0","","9","N","N","","0","","0","0","0","","0","","2325","3","0","0","0","0","0","0","2","0","3","","","","N","","","","","","","","","",""
"2013048506","","1","0","0","0","0","0","0","0","0","6","0","","02","5","2013","5","40.521843","-79.973174","","11","0","0","1","0","0","1","0","0","2","0","0","0","99","","1","","0","","40 31:18.635","6","0","79 58:23.425","8","0","0","0","2118","0","0","0","N","0","0","0","2","02118","0","","1.0","","1","N","N","","0","","0","0","1","","0","Y","9999","2","1","0","0","0","1","0","2","0","2","","","","N","","","","","","","","","",""
"2013049312","","2","0","0","0","0","0","0","0","0","1","0","","02","5","2013","1","40.40854","-79.965123","","11","0","0","0","0","0","0","0","0","","0","0","0","15","","1","","0","","40 24:30.743","","0","79 57:54.441","4","0","0","0","2403","0","0","0","N","0","0","0","3","02403","1","","1.0","","1","N","N","","0","","0","0","0","","0","","1525","2","1","0","0","0","0","0","2","0","2","","","","N","","","","","","","","","",""
"2013048521","","1","0","0","0","0","0","0","0","0","1","0","","02","5","2013","1","","","","11","0","0","0","0","0","0","0","0","1","0","0","0","19","","0","","2","","","4","0","","9","0","0","0","2115","0","0","0","N","0","0","0","2","02115","0","","1.0","","1","N","N","","0","","0","0","0","","0","N","1923","2","0","0","0","0","0","1","1","0","2","","","","N","","","","","","","","","",""
"2013048582","","2","0","0","0","0","0","0","0","0","4","0","","02","3","2013","4","40.506125","-79.987631","","11","0","0","0","0","0","0","0","0","","0","0","0","00","","1","","0","","40 30:22.050","","7","79 59:15.470","3","0","0","0","2116","0","0","0","N","0","0","0","2","02116","0","","6.0","","9","N","N","","0","","1","0","0","","0","","0032","2","1","0","0","0","0","0","2","0","2","","","","N","","","","","","","","","",""
"2013049867","","1","0","0","0","0","0","0","0","0","7","0","","02","5","2013","5","40.425992","-80.020231","","11","0","0","0","0","0","0","0","0","1","0","0","0","18","","1","","0","","40 25:33.572","2","0","80 01:12.832","4","0","0","0","2301","0","0","0","N","0","0","0","1","02301","1","","3.0","","1","N","N","","0","","0","0","0","","0","N","1820","1","1","0","0","0","0","0","2","0","1","","","","N","","","","","","","","","",""
"2013049989","","1","0","0","0","0","0","0","0","0","4","0","","02","5","2013","3","40.328103","-80.125098","","11","0","0","0","0","0","0","0","0","","0","0","0","17","","0","","2","","40 19:41.170","","0","80 07:30.353","0","0","0","0","2119","0","0","0","N","0","0","0","2","02119","0","","1.0","","1","N","N","","1","","0","0","0","","0","","1710","2","0","0","0","0","0","0","2","0","2","","","","N","","","","","","","","","",""
"2013050057","","2","0","0","0","0","0","0","0","0","1","0","","02","5","2013","2","40.611564","-80.094695","","11","0","0","0","0","0","2","0","0","","0","0","0","17","","1","","0","","40 36:41.632","","2","80 05:40.902","4","0","0","0","2481","0","0","0","N","0","0","0","2","68B03","1","","1.0","","1","N","N","","0","","0","0","0","","0","","1757","2","1","0","0","0","0","0","2","0","2","","","","N","","","","","","","","","",""
"2013048522","","3","0","0","0","0","0","0","0","0","1","1","","02","5","2013","3","40.450121","-80.110165","","11","0","0","0","0","0","0","0","0","","0","1","0","17","","0","","2","","40 27:00.436","","2","80 06:36.594","0","0","0","0","2115","0","0","0","N","0","0","0","6","02115","0","","1.0","","9","N","N","","0","","0","0","0","","2","","1700","4","0","0","0","0","0","0","2","0","4","","","","N","","","","","","","","","",""
"2013049325","","1","0","0","0","0","0","0","0","0","2","0","","02","5","2013","1","40.443576","-79.797578","","11","0","0","0","0","0","0","0","0","","0","0","0","17","","1","","2","","40 26:36.873","","0","79 47:51.280","8","0","0","0","2113","0","0","0","N","0","0","0","3","02113","0","","1.0","","1","N","N","","1","","0","0","0","","0","","1720","2","1","0","0","0","1","2","2","0","2","","","","N","","","","","","","","","",""
"2013049392","","2","0","0","0","0","0","0","0","0","5","0","","02","5","2013","1","40.464785","-79.960302","","11","0","0","0","0","1","0","0","0","2","0","0","0","02","","1","","2","","40 27:53.226","6","0","79 57:37.087","8","0","0","0","2301","0","0","0","N","0","0","0","1","02301","0","","2.0","","1","N","N","","0","","0","0","0","","0","Y","0210","2","1","0","0","0","1","0","2","0","2","","","","N","","","","","","","","","",""
"2013048659","","0","0","0","0","0","0","0","0","0","5","0","","02","5","2013","4","40.454623","-79.997153","","11","0","0","0","0","0","0","0","0","","0","0","0","16","","0","","0","","40 27:16.643","","3","79 59:49.749","0","0","0","0","2301","0","0","0","N","0","0","0","3","68B03","0","","1.0","","1","N","N","","0","","0","0","2","","0","","1604","2","0","0","0","0","0","0","2","0","2","","","","N","","","","","","","","","",""
"2013049868","","2","0","0","0","0","0","0","0","0","1","0","","02","5","2013","3","40.474215","-79.90821","","11","0","0","0","0","0","0","0","0","","0","0","0","17","","2","","1","","40 28:27.175","","0","79 54:29.557","8","0","0","0","2301","0","0","0","N","0","0","0","3","02301","0","","1.0","","1","N","N","","0","","0","0","0","","2","","1718","2","2","0","0","0","2","1","2","0","2","","","","N","","","","","","","","","",""
"2013050058","","1","0","0","0","0","0","0","0","0","99","0","","02","5","2013","2","40.571824","-80.091079","","11","0","0","0","0","0","0","0","0","","0","0","0","21","","0","","0","","40 34:18.567","","0","80 05:27.884","0","0","0","0","2481","0","0","0","N","0","0","0","1","68B03","0","","1.0","","1","N","N","","0","","0","0","0","","0","","2103","1","0","0","0","0","0","0","2","0","1","","","","N","","","","","","","","","",""
"2013048509","","1","0","0","0","0","0","0","0","0","1","0","","02","5","2013","5","40.376363","-79.798722","","11","0","0","0","0","0","0","0","0","2","0","0","0","14","","1","","0","","40 22:34.908","6","0","79 47:55.398","4","0","0","0","2111","0","0","0","N","0","0","0","4","02111","1","","1.0","","9","N","N","","1","","0","0","0","","0","N","1457","2","1","0","0","0","0","0","2","0","2","","","","N","","","","","","","","","",""
"2013049314","","2","0","0","0","0","0","0","0","0","5","0","","02","5","2013","1","40.352174","-79.8568","","11","0","0","0","0","0","0","0","0","2","0","0","0","16","","1","","0","","40 21:07.828","3","0","79 51:24.479","8","0","0","0","2304","0","0","0","N","0","0","0","3","02304","0","","1.0","","1","N","N","","0","","0","0","0","","0","Y","1603","2","1","0","0","0","1","0","2","0","2","","","","N","","","","","","","","","",""
"2013048523","","0","0","0","0","0","0","0","0","0","4","0","","02","5","2013","4","40.447031","-80.1584","","11","0","0","0","0","1","0","0","0","","0","0","0","18","","1","","0","","40 26:49.313","","0","80 09:30.241","3","0","0","1","2115","0","0","0","N","0","0","0","2","02115","0","","1.0","","1","N","N","","0","","1","0","1","","8","","1814","2","1","0","0","0","0","0","2","0","2","","","","N","","","","","","","","","",""
"2013048660","","0","0","0","0","0","0","0","0","0","1","0","","02","5","2013","5","40.471346","-80.115624","","11","0","0","0","0","0","0","0","0","","0","0","0","17","","0","","0","","40 28:16.847","","0","80 06:56.245","0","0","0","0","2126","0","0","0","N","0","0","0","2","68B03","0","","1.0","","1","N","N","","0","","0","0","2","","0","","1745","2","0","0","0","0","0","0","2","0","2","","","","N","","","","","","","","","",""
"2013048524","","0","0","0","0","0","0","0","0","0","99","0","","02","4","2013","4","40.535525","-80.201981","","11","0","0","0","0","0","1","0","0","","0","0","0","06","","0","","0","","40 32:07.890","","0","80 12:07.131","0","0","0","0","2213","0","0","0","Y","0","0","0","1","02213","0","","1.0","","1","N","N","","0","","0","0","1","","0","","0658","1","0","0","0","0","0","0","2","0","1","","","","N","","","","","","","","","",""
"2013049870","","2","0","1","0","0","0","0","0","0","4","0","","02","4","2013","4","40.378634","-79.804892","","11","0","0","0","0","0","0","1","0","2","0","0","0","16","","2","","0","","40 22:43.084","6","0","79 48:17.612","2","0","0","0","2111","0","0","0","N","0","0","0","2","02111","0","","1.0","","1","N","N","","0","","1","1","0","","0","Y","1603","2","2","1","0","0","0","0","2","0","2","","","","N","","","","","","","","","",""
"2013047770","","1","0","0","0","0","0","0","0","0","4","0","","02","5","2013","3","40.272787","-79.830769","","11","0","0","0","0","1","0","0","0","2","0","0","0","11","","0","","2","","40 16:22.033","5","0","79 49:50.768","0","0","0","0","2105","0","0","0","N","0","0","0","2","02105","0","","1.0","","1","N","N","","0","","0","0","1","","3","N","1135","2","0","0","0","0","0","0","2","0","2","","","","N","","","","","","","","","",""
"2013048525","","1","0","0","0","0","0","0","0","0","7","0","","02","5","2013","4","40.503474","-80.175261","","11","0","0","0","1","0","0","0","0","1","0","0","0","08","","0","","0","","40 30:12.508","5","0","80 10:30.938","0","0","0","0","2213","0","0","0","N","0","0","0","1","02213","0","","2.0","","9","N","N","","0","","0","0","0","","0","N","0842","1","0","1","0","0","0","0","2","0","1","","","","N","","","","","","","","","",""
"2013048526","","0","0","0","0","0","0","0","0","0","7","0","","02","4","2013","3","40.327697","-80.02465","","11","0","0","0","1","0","0","0","0","","0","0","0","01","","0","","0","","40 19:39.708","","0","80 01:28.739","0","0","0","0","2407","0","0","0","N","0","0","0","1","02407","0","","4.0","","1","N","N","","0","","0","0","1","","0","","0131","1","0","0","0","0","0","0","2","0","1","","","","N","","","","","","","","","",""
"2013047839","","1","0","0","0","0","0","0","0","0","1","0","","02","5","2013","3","40.447425","-79.942471","","11","0","0","0","0","0","1","0","0","","0","0","0","16","","1","","1","","40 26:50.730","","0","79 56:32.895","8","0","0","0","2301","0","0","0","N","0","0","0","4","02301","0","","1.0","","9","N","N","","0","","0","0","0","","2","","1652","2","1","0","0","0","1","0","2","1","2","","","","N","","","","","","","","","",""
"2013048514","","3","0","0","0","0","0","0","0","0","4","0","","02","5","2013","6","40.640361","-80.089709","","11","0","0","0","0","1","0","0","0","2","0","0","0","18","","1","","2","","40 38:25.300","2","0","80 05:22.954","4","0","0","0","2212","0","0","0","N","0","0","0","6","02505","1","","1.0","","1","N","N","","0","","0","0","0","","3","N","1805","3","1","0","0","0","0","0","2","0","3","","","","N","","","","","","","","","",""
"2013049874","","1","0","0","0","0","0","0","0","0","4","0","","02","5","2013","5","40.487814","-80.189446","","11","0","0","0","0","0","0","0","1","","0","0","0","12","","0","","1","","40 29:16.129","","0","80 11:22.005","0","0","0","0","2213","0","0","0","N","0","0","0","2","02213","0","","1.0","","1","N","N","","1","","0","0","0","","2","","1248","2","0","0","0","0","0","0","2","0","2","","","","N","","","","","","","","","",""
"2013047841","","1","0","0","0","0","0","0","0","0","5","0","","02","5","2013","3","40.48247","-79.928739","","11","0","0","0","0","0","0","0","1","","0","0","0","16","","0","","1","","40 28:56.892","","0","79 55:43.460","0","0","0","0","2301","0","0","0","N","0","0","0","2","02301","0","","2.0","","9","N","N","","1","","0","0","0","","0","","1630","3","0","0","0","0","0","0","2","1","3","","","","N","","","","","","","","","",""
"2013049411","","0","0","0","0","0","0","0","0","0","7","0","","02","5","2013","7","40.377178","-79.801106","","11","0","0","0","0","0","0","0","0","1","0","0","0","02","","1","","0","","40 22:37.840","3","0","79 48:03.983","4","0","0","0","2111","0","0","0","N","0","0","0","1","02111","1","","5.0","","1","N","N","","0","","0","0","1","","0","N","0241","1","1","1","0","0","0","0","2","0","1","","","","N","","","","","","","","","",""
"2013049875","","0","0","0","0","0","0","0","0","0","7","0","","02","5","2013","6","40.503661","-80.222371","","11","0","0","0","0","0","0","0","0","2","0","0","0","02","","0","","2","","40 30:13.181","3","0","80 13:20.536","0","0","0","0","2213","0","0","0","N","0","0","0","1","02213","0","","3.0","","1","N","N","","0","","0","0","1","","0","N","0207","1","0","0","0","0","0","0","2","0","1","","","","N","","","","","","","","","",""
"2013049996","","1","0","0","0","0","0","0","0","0","1","0","","02","5","2013","3","40.337136","-79.835468","","11","0","0","0","0","0","0","0","0","1","0","0","0","17","","1","","2","","40 20:13.689","6","0","79 50:07.684","4","0","0","0","2304","0","0","0","N","0","0","0","3","02304","1","","1.0","","1","N","N","","0","","0","0","1","","3","Y","1744","2","1","0","0","0","0","0","2","0","2","","","","N","","","","","","","","","",""
"2013047157","","2","0","0","0","0","0","0","0","0","4","0","","02","5","2013","2","40.502319","-80.074082","","11","0","0","0","0","0","0","0","0","","0","0","0","06","","1","","0","","40 30:08.350","","0","80 04:26.696","4","0","0","0","2402","0","0","0","N","0","0","0","1","02402","1","","1.0","","1","N","N","","0","","0","0","0","","0","","0645","2","1","1","0","0","0","0","2","0","2","","","","N","","","","","","","","","",""