"CRN","ARRIVAL_TM","AUTOMOBILE_COUNT","BELTED_DEATH_COUNT","BELTED_SUSP_SERIOUS_INJ_COUNT","BICYCLE_COUNT","BICYCLE_DEATH_COUNT","BICYCLE_SUSP_SERIOUS_INJ_COUNT","BUS_COUNT","CHLDPAS_DEATH_COUNT","CHLDPAS_SUSP_SERIOUS_INJ_COUNT","COLLISION_TYPE","COMM_VEH_COUNT","CONS_ZONE_SPD_LIM","COUNTY","CRASH_MONTH","CRASH_YEAR","DAY_OF_WEEK","DEC_LATITUDE","DEC_LONGITUDE","DISPATCH_TM","DISTRICT","DRIVER_COUNT_16YR","DRIVER_COUNT_17YR","DRIVER_COUNT_18YR","DRIVER_COUNT_19YR","DRIVER_COUNT_20YR","DRIVER_COUNT_50_64YR","DRIVER_COUNT_65_74YR","DRIVER_COUNT_75PLUS","EST_HRS_CLOSED","FATAL_COUNT","HEAVY_TRUCK_COUNT","HORSE_BUGGY_COUNT","HOUR_OF_DAY","ILLUMINATION","INJURY_COUNT","INTERSECTION_RELATED","INTERSECT_TYPE","LANE_CLOSED","LATITUDE","LN_CLOSE_DIR","LOCATION_TYPE","LONGITUDE","MAX_SEVERITY_LEVEL","MCYCLE_DEATH_COUNT","MCYCLE_SUSP_SERIOUS_INJ_COUNT","MOTORCYCLE_COUNT","MUNICIPALITY","NONMOTR_COUNT","NONMOTR_DEATH_COUNT","NONMOTR_SUSP_SERIOUS_INJ_COUNT","NTFY_HIWY_MAINT","PED_COUNT","PED_DEATH_COUNT","PED_SUSP_SERIOUS_INJ_COUNT","PERSON_COUNT","POLICE_AGCY","POSSIBLE_INJ_COUNT","RDWY_SURF_TYPE_CD","RELATION_TO_ROAD","ROADWAY_CLEARED","ROAD_CONDITION","SCH_BUS_IND","SCH_ZONE_IND","SECONDARY_CRASH","SMALL_TRUCK_COUNT","SPEC_JURIS_CD","SUSP_MINOR_INJ_COUNT","SUSP_SERIOUS_INJ_COUNT","SUV_COUNT","TCD_FUNC_CD","TCD_TYPE","TFC_DETOUR_IND","TIME_OF_DAY","TOTAL_UNITS","TOT_INJ_COUNT","UNBELTED_OCC_COUNT","UNB_DEATH_COUNT","UNB_SUSP_SERIOUS_INJ_COUNT","UNK_INJ_DEG_COUNT","UNK_INJ_PER_COUNT","URBAN_RURAL","VAN_COUNT","VEHICLE_COUNT","WEATHER1","WEATHER2","WORKERS_PRES","WORK_ZONE_IND","WORK_ZONE_LOC","WORK_ZONE_TYPE","WZ_CLOSE_DETOUR","WZ_FLAGGER","WZ_LAW_OFFCR_IND","WZ_LN_CLOSURE","WZ_MOVING","WZ_OTHER","WZ_SHLDER_MDN","WZ_WORKERS_INJ_KILLED"
"2013093528","","1","0","0","0","0","0","0","0","0","7","0","","02","9","2013","5","40.487683","-79.802146","","11","0","0","0","0","0","0","0","0","3","0","0","0","09","","2","","0","","40 29:15.659","6","0","79 48:07.724","4","0","0","0","2113","0","0","0","N","0","0","0","2","02113","1","","5.0","","1","N","N","","0","","0","0","0","","0","Y","0953","1","2","1","0","0","1","0","2","0","1","","","","N","","","","","","","","","",""
"2013048032","","1","0","0","0","0","0","0","0","0","1","0","","02","5","2013","5","40.414656","-80.009401","","11","0","0","0","1","0","1","0","0","","0","0","0","06","","0","","0","","40 24:52.762","","4","80 00:33.842","0","0","0","0","2301","0","0","0","N","0","0","0","2","02301","0","","1.0","","1","N","N","","0","","0","0","1","","2","","0645","2","0","0","0","0","0","0","2","0","2","","","","N","","","","","","","","","",""
"2013048111","","0","0","0","0","0","0","1","0","0","8","1","","02","5","2013","4","40.423037","-79.843292","","11","0","0","0","0","0","0","1","0","3","1","0","0","08","","0","","2","","40 25:22.933","7","0","79 50:35.851","1","0","0","0","2431","1","1","0","N","1","1","0","2","02431","0","2","1.0","","1","Y","N","","0","0","0","0","0","","3","Y","0809","2","0","0","0","0","0","0","2","0","1","","","","N","","","","","","","","","",""
"2013092159","","0","0","0","0","0","0","0","0","0","8","0","","02","9","2013","7","40.442277","-79.917177","","11","0","0","0","0","0","0","0","0","","0","0","0","12","","1","","1","","40 26:32.197","","0","79 55:01.837","2","0","0","0","2301","1","0","1","N","1","0","1","2","02301","0","","1.0","","1","N","N","","1","","0","1","0","","2","","1225","2","1","1","0","0","0","0","2","0","1","","","","N","","","","","","","","","",""
"2013092817","","1","0","0","0","0","0","0","0","0","7","0","","02","9","2013","5","40.461415","-79.924821","","11","0","0","0","0","0","0","0","0","","0","0","0","03","","0","","1","","40 27:41.094","","0","79 55:29.355","0","0","0","0","2301","0","0","0","N","0","0","0","1","02301","0","","2.0","","1","N","N","","0","","0","0","0","","2","","0340","1","0","0","0","0","0","0","2","0","1","","","","N","","","","","","","","","",""
"2013093462","","0","0","0","0","0","0","0","0","0","1","1","","02","9","2013","4","40.545687","-80.193946","","11","0","0","0","0","0","0","0","0","1","0","1","0","13","","0","","1","","40 32:44.472","1","0","80 11:38.205","0","0","0","0","2427","0","0","0","N","0","0","0","2","02427","0","","1.0","","1","N","N","","0","","0","0","1","","2","N","1324","2","0","0","0","0","0","0","2","0","2","","","","N","","","","","","","","","",""
"2013048806","","1","0","0","0","0","0","0","0","0","1","0","","02","5","2013","6","40.495241","-80.011967","","11","0","0","0","0","1","0","0","0","","0","0","0","11","","1","","0","","40 29:42.869","","0","80 00:43.081","8","0","0","0","2301","0","0","0","N","0","0","0","2","02301","0","","1.0","","1","N","N","","0","","0","0","0","","0","","1156","2","1","0","0","0","1","0","2","1","2","","","","N","","","","","","","","","",""
"2013048933","","0","0","0","0","0","0","0","0","0","4","0","","02","5","2013","3","40.4357","-79.771053","","11","0","0","1","0","0","1","0","0","1","0","0","0","21","","1","","0","","40 26:08.520","3","7","79 46:15.790","2","0","1","1","2446","0","0","0","N","0","0","0","3","02446","0","","1.0","","1","N","N","","1","","0","1","0","","2","Y","2112","2","1","2","0","0","0","0","2","0","2","","","","N","","","","","","","","","",""
"2013094122","","1","0","0","0","0","0","0","0","0","1","0","","02","9","2013","7","40.519613","-80.166937","","11","0","0","0","0","0","0","0","0","1","0","0","0","06","","0","","0","","40 31:10.606","1","0","80 10:00.973","0","0","0","0","2420","0","0","0","N","0","0","0","1","02420","0","","2.0","","1","N","N","","0","","0","0","1","","0","N","0650","2","0","0","0","0","0","0","2","0","2","","","","N","","","","","","","","","",""
"2013094188","","2","0","0","0","0","0","0","0","0","2","0","","02","9","2013","7","40.455918","-79.894282","","11","0","0","0","0","0","0","0","0","2","0","0","0","15","","1","","0","","40 27:21.303","3","0","79 53:39.416","8","0","0","0","2301","0","0","0","N","0","0","0","1","02301","0","","2.0","","9","N","N","","0","","0","0","2","","0","Y","1544","4","1","0","0","0","1","0","2","0","4","","","","N","","","","","","","","","",""
"2013048807","","1","0","0","0","0","0","0","0","0","1","0","","02","5","2013","2","40.631792","-79.866767","","11","0","0","0","0","1","0","1","0","","0","0","0","11","","0","","0","","40 37:54.451","","0","79 52:00.361","0","0","0","0","2220","0","0","0","N","0","0","0","2","02220","0","","1.0","","1","N","N","","1","","0","0","0","","0","","1114","2","0","0","0","0","0","0","1","0","2","","","","N","","","","","","","","","",""
"2013092099","","2","0","0","0","0","0","0","0","0","5","0","","02","9","2013","1","40.427461","-79.97384","","11","0","0","0","0","0","0","0","0","","0","0","0","13","","0","","0","","40 25:38.861","","0","79 58:25.824","0","0","0","0","2301","0","0","0","N","0","0","0","1","02301","0","","1.0","","1","N","N","","0","","0","0","0","","0","","1355","2","0","0","0","0","0","0","2","0","2","","","","N","","","","","","","","","",""
"2013047973","","1","0","0","0","0","0","0","0","0","7","0","","02","5","2013","3","40.452222","-80.193445","","11","0","0","0","0","0","0","0","0","","0","0","0","17","","0","","0","","40 27:07.999","","0","80 11:36.402","0","0","0","0","2214","0","0","0","N","0","0","0","1","02214","0","","2.0","","9","N","N","","0","","0","0","0","","0","","1734","1","0","0","0","0","0","0","2","0","1","","","","N","","","","","","","","","",""
"2013049534","","1","0","0","0","0","0","0","0","0","4","1","90","02","5","2013","2","40.675699","-80.099138","","11","0","0","0","0","0","1","0","0","","0","1","0","09","","0","","0","","40 40:32.518","","0","80 05:56.896","0","0","0","0","2212","0","0","0","N","0","0","0","2","02505","0","","1.0","","1","N","N","","0","","0","0","0","","8","","0948","2","0","0","0","0","0","0","2","0","2","","","Y","Y","3","8","","","N","Y","","","",""
"2013048794","","2","0","0","0","0","0","0","0","0","6","0","","02","5","2013","6","40.584434","-79.950806","","11","0","0","0","0","0","0","0","0","","0","0","0","10","","0","","2","","40 35:03.962","","3","79 57:02.900","0","0","0","0","2207","0","0","0","N","0","0","0","4","02207","0","","1.0","","9","N","N","","1","","0","0","0","","2","","1016","3","0","1","0","0","0","0","2","0","3","","","","N","","","","","","","","","",""
"2013048935","","2","0","0","0","0","0","0","0","0","4","0","","02","5","2013","6","40.429713","-79.923443","","11","0","0","0","0","0","0","0","0","","0","0","0","20","","5","","5","","40 25:46.966","","0","79 55:24.394","4","0","0","0","2301","0","0","0","N","0","0","0","6","02301","2","","1.0","","9","N","N","","0","","0","0","0","","2","","2015","2","5","0","0","0","3","0","2","0","2","","","","N","","","","","","","","","",""
"2013048183","","1","0","0","0","0","0","0","0","0","7","0","","02","5","2013","4","40.599647","-79.950435","","11","0","0","1","0","0","0","0","0","","0","0","0","15","","1","","0","","40 35:58.729","","0","79 57:01.566","8","0","0","0","2207","0","0","0","N","0","0","0","2","02207","0","","2.0","","1","N","N","","0","","0","0","0","","0","","1555","1","1","2","0","0","1","0","2","0","1","","","","N","","","","","","","","","",""
"2013093466","","0","0","0","0","0","0","0","0","0","7","0","","02","9","2013","1","40.327245","-79.930869","","11","0","0","0","0","0","0","0","0","4","0","0","0","03","","1","","0","","40 19:38.083","2","0","79 55:51.128","8","0","0","0","2473","0","0","0","N","0","0","0","1","02473","0","","5.0","","1","N","N","","0","","0","0","1","","0","N","0353","1","1","0","0","0","1","0","2","0","1","","","","N","","","","","","","","","",""
"2013094192","","0","0","0","0","0","0","0","0","0","7","0","","02","9","2013","5","40.463304","-79.865696","","11","0","0","0","0","0","0","0","0","2","0","0","0","19","","1","","2","","40 27:47.896","5","0","79 51:56.505","2","0","0","0","2113","0","0","0","N","0","0","0","1","02113","0","","5.0","","1","N","N","","0","","0","1","1","","3","Y","1915","1","1","1","0","1","0","0","2","0","1","","","","N","","","","","","","","","",""
"2013048810","","1","0","0","0","0","0","0","0","0","6","0","","02","5","2013","6","40.653037","-79.948343","","11","1","0","0","0","0","0","0","0","2","0","0","0","11","","1","","0","","40 39:10.932","6","0","79 56:54.033","4","0","0","0","2217","0","0","0","N","0","0","0","3","02505","1","","1.0","","1","N","N","","1","","0","0","0","","0","Y","1136","2","1","0","0","0","0","0","2","0","2","","","","N","","","","","","","","","",""
"2013094063","","2","0","0","0","0","0","0","0","0","2","0","","02","9","2013","2","40.413473","-80.090501","","11","0","0","0","0","0","0","0","0","","0","0","0","11","","1","","0","","40 24:48.502","","0","80 05:25.803","8","0","0","0","2415","0","0","0","N","0","0","0","1","02415","0","","1.0","","1","N","N","","0","","0","0","0","","0","","1153","2","1","0","0","0","1","0","2","0","2","","","","N","","","","","","","","","",""
"2013049678","","1","0","0","0","0","0","0","0","0","7","0","","02","5","2013","3","40.404229","-80.070814","","11","0","0","0","0","0","0","0","0","1","0","0","0","00","","1","","2","","40 24:15.226","1","0","80 04:14.930","4","0","0","0","2415","0","0","0","N","0","0","0","1","02415","1","","2.0","","1","N","N","","0","","0","0","0","","0","N","0013","1","1","0","0","0","0","0","2","0","1","","","","N","","","","","","","","","",""
"2013048186","","1","0","0","0","0","0","0","0","0","1","0","","02","5","2013","7","40.4388","-79.831537","","11","0","0","0","0","0","1","0","0","1","0","0","0","21","","1","","0","","40 26:19.681","4","0","79 49:53.532","4","0","0","0","2419","0","0","0","N","0","0","0","5","02419","1","","1.0","","1","N","N","","0","","0","0","1","","2","N","2105","3","1","1","0","0","0","0","2","1","3","","","","N","","","","","","","","","",""
"2013094066","","1","0","0","0","0","0","0","0","0","4","0","","02","9","2013","4","40.331792","-80.021397","","11","0","0","0","0","0","1","0","0","1","0","0","0","17","","2","","0","","40 19:54.452","5","0","80 01:17.028","3","0","0","0","2407","0","0","0","N","0","0","0","2","02407","1","","1.0","","9","N","N","","0","","1","0","1","","0","N","1707","2","2","1","0","0","0","0","2","0","2","","","","N","","","","","","","","","",""
"2013049614","","0","0","0","0","0","0","0","0","0","7","0","","02","4","2013","5","40.372457","-79.801666","","11","0","0","0","0","0","0","0","0","2","0","0","0","15","","2","","0","","40 22:20.844","5","7","79 48:05.997","4","0","0","0","2111","0","0","0","N","0","0","0","2","02111","2","","2.0","","1","N","N","","0","","0","0","1","","0","Y","1525","1","2","1","0","0","0","0","2","0","1","","","","N","","","","","","","","","",""
"2013049680","","2","0","0","0","0","0","0","0","0","1","0","","02","5","2013","2","40.441509","-80.020898","","11","0","0","0","0","0","0","0","0","","0","0","0","06","","0","","0","","40 26:29.433","","0","80 01:15.231","9","0","0","0","2301","0","0","0","N","0","0","0","3","02301","0","","1.0","","1","N","N","","1","","0","0","0","","0","","0650","3","0","0","0","0","0","1","2","0","3","","","","N","","","","","","","","","",""
"2013092829","","2","0","0","0","0","0","0","0","0","1","0","","02","9","2013","3","40.399052","-79.966133","","11","0","0","0","0","0","0","0","0","2","0","0","0","02","","0","","0","","40 23:56.587","6","0","79 57:58.078","0","0","0","0","2403","0","0","0","N","0","0","0","2","02403","0","","1.0","","1","N","N","","1","","0","0","0","","0","N","0245","3","0","0","0","0","0","0","2","0","3","","","","N","","","","","","","","","",""
"2013049615","","3","0","0","0","0","0","0","0","0","4","0","","02","5","2013","2","40.463352","-80.024802","","11","0","0","0","0","0","0","0","0","1","0","0","0","18","","1","","0","","40 27:48.067","4","0","80 01:29.287","3","0","0","0","2301","0","0","0","N","0","0","0","2","02301","0","","1.0","","1","N","N","","0","","1","0","0","","0","Y","1818","3","1","0","0","0","0","0","2","0","3","","","","N","","","","","","","","","",""
"2013092830","","1","0","0","0","0","0","0","0","0","4","0","","02","9","2013","3","40.341603","-79.985099","","11","0","0","0","0","0","0","0","0","","0","0","0","18","","0","","2","","40 20:29.770","","0","79 59:06.356","0","0","0","0","2403","0","0","0","N","0","0","0","2","02403","0","","1.0","","1","N","N","","1","","0","0","0","","3","","1845","2","0","0","0","0","0","0","2","0","2","","","","N","","","","","","","","","",""
"2013049541","","1","0","0","0","0","0","0","0","0","4","0","","02","5","2013","2","40.453082","-79.980335","","11","0","0","0","0","0","2","0","0","","0","0","0","13","","2","","1","","40 27:11.095","","0","79 58:49.206","4","0","0","0","2301","0","0","0","N","0","0","0","4","02301","2","","1.0","","1","N","N","","0","","0","0","1","","0","","1335","2","2","2","0","0","0","0","2","0","2","","","","N","","","","","","","","","",""
"2013048123","","1","0","0","0","0","0","0","0","0","5","1","","02","5","2013","4","40.627791","-79.941786","","11","0","0","0","0","0","1","0","0","1","0","1","0","10","","0","","0","","40 37:40.047","1","0","79 56:30.430","0","0","0","0","2217","0","0","0","N","0","0","0","3","02505","0","","1.0","","1","N","N","","0","","0","0","0","","0","Y","1026","2","0","0","0","0","0","0","2","0","2","","","","N","","","","","","","","","",""
"2013049682","","1","0","0","0","0","0","0","0","0","7","0","","02","5","2013","7","40.382702","-79.977516","","11","0","0","0","0","0","0","0","0","1","0","0","0","04","","1","","2","","40 22:57.727","7","0","79 58:39.057","8","0","0","0","2301","0","0","0","N","0","0","0","1","02413","0","","5.0","","9","N","N","","0","","0","0","0","","0","Y","0405","1","1","1","0","0","1","0","2","0","1","","","","N","","","","","","","","","",""
"2013047378","","2","0","0","0","0","0","0","0","0","4","0","","02","5","2013","2","40.304556","-79.826283","","11","0","0","0","0","0","0","1","1","3","0","0","0","16","","0","","0","","40 18:16.401","2","0","79 49:34.617","0","0","0","0","2105","0","0","0","Y","0","0","0","2","02105","0","","1.0","","1","N","N","","0","","0","0","0","","0","Y","1647","2","0","0","0","0","0","0","1","0","2","","","","N","","","","","","","","","",""
"2013094133","","2","0","0","0","0","0","0","0","0","5","0","","02","9","2013","7","40.48111","-80.032862","","11","0","0","0","0","0","0","0","0","","0","0","0","08","","0","","2","","40 28:51.996","","0","80 01:58.303","0","0","0","0","2301","0","0","0","N","0","0","0","2","02301","0","","1.0","","1","N","N","","0","","0","0","0","","3","","0830","4","0","0","0","0","0","0","2","2","4","","","","N","","","","","","","","","",""
"2013092171","","1","0","0","0","0","0","0","0","0","1","0","","02","9","2013","2","40.464785","-79.960302","","11","0","0","0","0","0","0","0","0","","0","0","0","12","","0","","3","","40 27:53.226","","0","79 57:37.087","0","0","0","0","2301","0","0","0","N","0","0","0","2","02301","0","","1.0","","1","N","N","","1","","0","0","0","","0","","1215","2","0","0","0","0","0","0","2","0","2","","","","N","","","","","","","","","",""
"2013092832","","1","0","0","0","0","0","0","0","0","4","0","","02","9","2013","6","40.446335","-79.955571","","11","0","0","0","0","0","0","1","0","","0","0","0","06","","0","","1","","40 26:46.806","","0","79 57:20.055","0","0","0","0","2301","0","0","0","N","0","0","0","2","02301","0","","1.0","","1","N","N","","1","","0","0","0","","3","","0629","2","0","0","0","0","0","0","2","0","2","","","","N","","","","","","","","","",""
"2013049478","","3","0","0","0","0","0","0","0","0","1","0","","02","5","2013","2","40.422317","-80.010186","","11","0","0","0","0","0","0","0","0","","0","0","0","04","","1","","0","","40 25:20.341","","0","80 00:36.669","4","0","0","0","2301","0","0","0","N","0","0","0","1","02301","1","","4.0","","1","N","N","","0","","0","0","0","","0","","0421","3","1","0","0","0","0","0","2","0","3","","","","N","","","","","","","","","",""
"2013048735","","1","0","0","0","0","0","0","0","0","99","0","","02","5","2013","3","40.450345","-79.753939","","11","0","0","0","0","0","1","0","0","","0","0","0","07","","1","","0","","40 27:01.242","","0","79 45:14.180","4","0","0","0","2446","0","0","0","N","0","0","0","1","68T02","1","","1.0","","1","N","N","","0","","0","0","0","","0","","0729","1","1","0","0","0","0","0","2","0","1","","","","N","","","","","","","","","",""
"2013048820","","1","0","0","0","0","0","0","0","0","7","0","","02","5","2013","6","40.286096","-79.837749","","11","0","0","0","0","0","0","0","1","2","0","0","0","13","","1","","0","","40 17:09.945","1","0","79 50:15.898","8","0","0","0","2105","0","0","0","N","0","0","0","1","02105","0","","5.0","","1","N","N","","0","","0","0","0","","0","N","1310","1","1","1","0","0","1","0","2","0","1","","","","N","","","","","","","","","",""
"2013047379","","0","0","0","0","0","0","0","0","0","8","0","","02","5","2013","5","40.40743","-79.911274","","11","0","0","0","0","0","1","0","0","1","0","0","0","17","","1","","1","","40 24:26.748","4","0","79 54:40.586","8","0","0","0","2438","1","0","0","N","1","0","0","2","02438","0","","1.0","","1","N","N","","0","","0","0","0","","3","Y","1740","2","1","0","0","0","1","0","2","1","1","","","","N","","","","","","","","","",""
"2013047983","","2","0","0","0","0","0","0","0","0","4","0","","02","5","2013","3","40.496131","-79.976872","","11","0","0","0","0","0","0","0","0","","0","0","0","99","","1","","1","","40 29:46.072","","0","79 58:36.740","4","0","0","0","2118","0","0","0","N","0","0","0","2","02118","1","","1.0","","9","N","N","","0","","0","0","0","","3","","9999","2","1","0","0","0","0","0","2","0","2","","","","N","","","","","","","","","",""
"2013048060","","2","0","0","0","0","0","0","0","0","1","0","","02","3","2013","7","40.430048","-79.874472","","11","0","0","0","0","0","0","0","0","2","0","0","0","07","","2","","0","","40 25:48.171","6","0","79 52:28.099","4","0","0","0","2411","0","0","0","Y","0","0","0","2","68B03","2","","1.0","","1","N","N","","0","","0","0","0","","0","N","0751","2","2","0","0","0","0","0","2","0","2","","","","N","","","","","","","","","",""
"2013092834","","2","0","0","0","0","0","0","0","0","5","0","","02","9","2013","5","40.496643","-80.060957","","11","0","0","0","0","1","0","0","0","","0","0","0","08","","0","","0","","40 29:47.916","","0","80 03:39.445","0","0","0","0","2402","0","0","0","N","0","0","0","1","02402","0","","6.0","","1","N","N","","0","","0","0","0","","0","","0810","2","0","0","0","0","0","0","2","0","2","","","","N","","","","","","","","","",""
"2013093543","","1","0","0","0","0","0","0","0","0","1","0","","02","9","2013","5","40.439346","-79.993659","","11","0","0","0","0","0","0","0","0","","0","0","0","14","","1","","0","","40 26:21.644","","0","79 59:37.171","8","0","0","0","2301","0","0","0","N","0","0","0","2","02301","0","","1.0","","1","N","N","","0","","0","0","0","","0","","1444","2","1","0","0","0","1","1","2","1","2","","","","N","","","","","","","","","",""
"2013049480","","2","0","0","0","0","0","0","0","0","4","0","","02","5","2013","6","40.353367","-79.956165","","11","0","0","0","0","0","0","0","0","2","0","0","0","16","","2","","0","","40 21:12.122","2","0","79 57:22.193","4","0","0","0","2473","0","0","0","N","0","0","0","4","02473","2","","1.0","","9","N","N","","0","","0","0","0","","0","N","1651","2","2","0","0","0","0","0","2","0","2","","","","N","","","","","","","","","",""
"2013047381","","1","0","0","0","0","0","0","0","0","1","0","","02","5","2013","6","40.586853","-80.041629","","11","0","0","0","0","0","0","1","0","","0","0","0","22","","2","","1","","40 35:12.669","","0","80 02:29.866","8","0","0","0","2108","0","0","0","N","0","0","0","3","02108","0","","1.0","","1","N","N","","0","","0","0","0","","2","","2243","2","2","0","0","0","2","0","2","1","2","","","","N","","","","","","","","","",""
"2013094202","","1","0","0","0","0","0","0","0","0","7","0","","02","9","2013","6","40.364175","-79.967539","","11","0","0","0","0","0","0","0","0","","0","0","0","19","","0","","0","","40 21:51.030","","0","79 58:03.141","0","0","0","0","2476","0","0","0","N","0","0","0","1","02476","0","","5.0","","1","N","N","","0","","0","0","0","","0","","1957","1","0","0","0","0","0","0","2","0","1","","","","N","","","","","","","","","",""
"2013047985","","1","0","0","0","0","0","0","0","0","1","0","","02","5","2013","2","40.605525","-79.947192","","11","0","0","1","0","0","0","0","0","","0","0","0","18","","0","","2","","40 36:19.890","","0","79 56:49.892","0","0","0","0","2207","0","0","0","N","0","0","0","5","02207","0","","1.0","","1","N","N","","0","","0","0","0","","2","","1803","2","0","4","0","0","0","0","2","1","2","","","","N","","","","","","","","","",""
"2013047382","","1","0","0","0","0","0","0","0","0","2","0","","02","5","2013","1","40.567591","-79.998064","","11","0","0","0","0","0","1","0","0","2","0","0","0","00","","0","","0","","40 34:03.329","1","0","79 59:53.031","0","0","0","0","2108","0","0","0","N","0","0","0","1","02108","0","","2.0","","1","N","N","","0","","0","0","1","","0","N","0054","2","0","0","0","0","0","0","2","0","2","","","","N","","","","","","","","","",""
"2013092176","","1","0","0","0","0","0","0","0","0","1","0","","02","9","2013","1","40.650339","-80.078889","","11","0","0","0","0","0","1","0","0","2","0","0","0","20","","0","","1","","40 39:01.219","1","0","80 04:44.000","0","0","0","0","2212","0","0","0","N","0","0","0","3","02505","0","","1.0","","1","N","N","","0","","0","0","1","","2","N","2014","2","0","0","0","0","0","0","2","0","2","","","","N","","","","","","","","","",""
"2013048001","","0","0","0","0","0","0","0","0","0","0","0","","02","5","2013","1","40.544372","-79.962732","","11","0","0","0","0","0","0","0","0","","0","0","0","99","","1","","0","","40 32:39.740","","0","79 57:45.836","3","0","0","1","2118","0","0","0","N","0","0","0","1","02118","0","","1.0","","1","N","N","","0","","1","0","0","","0","","9999","1","1","0","0","0","0","0","2","0","1","","","","N","","","","","","","","","",""
"2013047383","","1","0","0","0","0","0","0","0","0","4","0","","02","5","2013","1","40.576876","-80.055876","","11","0","0","0","0","0","1","0","0","1","0","0","0","11","","1","","1","","40 34:36.753","2","0","80 03:21.153","8","0","0","0","2108","0","0","0","N","0","0","0","3","02108","0","","1.0","","1","N","N","","0","","0","0","1","","3","N","1135","2","1","0","0","0","1","0","2","0","2","","","","N","","","","","","","","","",""
"2013093561","","2","0","0","0","0","0","0","0","0","4","0","","02","9","2013","5","40.446726","-79.893914","","11","0","0","0","0","0","1","0","0","","0","0","0","16","","1","","2","","40 26:48.215","","0","79 53:38.090","8","0","0","0","2301","0","0","0","N","0","0","0","3","02301","0","","1.0","","1","N","N","","0","","0","0","0","","3","","1610","2","1","0","0","0","1","0","2","0","2","","","","N","","","","","","","","","",""
"2013093622","","0","0","0","0","0","0","0","0","0","4","0","","02","5","2013","6","40.434136","-79.96431","","11","0","0","0","0","0","0","0","0","","0","0","0","16","","0","","0","","40 26:02.888","","0","79 57:51.516","0","0","0","0","2301","0","0","0","Y","0","0","0","2","68B03","0","","1.0","","1","N","N","","0","","0","0","1","","0","","1610","2","0","1","0","0","0","0","2","1","2","","","","N","","","","","","","","","",""
"2013094531","","2","0","0","0","0","0","0","0","0","4","0","","02","9","2013","7","40.446579","-79.759697","","11","0","0","0","0","0","1","0","0","1","0","0","0","23","","2","","2","","40 26:47.685","7","0","79 45:34.908","3","0","0","0","2446","0","0","0","N","0","0","0","5","02446","0","","1.0","","9","N","N","","0","","1","0","0","","3","N","2321","2","2","0","0","0","1","0","2","0","2","","","","N","","","","","","","","","",""
"2013092451","","0","0","0","0","0","0","0","0","0","7","0","","02","9","2013","5","40.275865","-79.837148","","11","0","0","0","0","0","0","1","0","","0","0","0","18","","0","","0","","40 16:33.114","","7","79 50:13.732","0","0","0","0","2105","0","0","0","N","0","0","0","1","02105","0","","5.0","","9","N","N","","1","","0","0","0","","0","","1837","1","0","0","0","0","0","0","2","0","1","","","","N","","","","","","","","","",""
"2013093623","","1","0","0","0","0","0","0","0","0","1","0","","02","7","2013","4","40.32452","-80.143189","","11","0","0","0","0","0","0","0","0","","0","0","0","15","","0","","0","","40 19:28.272","","0","80 08:35.479","0","0","0","0","2119","0","0","0","N","0","0","0","2","68B03","0","","1.0","","9","N","N","","0","","0","0","1","","0","","1540","2","0","0","0","0","0","0","2","0","2","","","","N","","","","","","","","","",""
"2013093624","","0","0","0","0","0","0","0","0","0","1","0","","02","8","2013","2","40.431821","-80.024419","","11","0","0","0","0","0","0","0","0","","0","0","0","11","","1","","0","","40 25:54.555","","0","80 01:27.907","8","0","0","0","2301","0","0","0","N","0","0","0","2","68B03","0","","1.0","","1","N","N","","0","","0","0","1","","0","","1110","2","1","0","0","0","1","1","2","0","2","","","","N","","","","","","","","","",""
"2013094256","","1","0","0","0","0","0","0","0","0","1","0","","02","9","2013","7","40.480034","-80.044256","","11","0","0","0","0","0","0","0","0","1","0","0","0","18","","0","","0","","40 28:48.122","4","0","80 02:39.321","0","0","0","0","2301","0","0","0","N","0","0","0","3","02301","0","","1.0","","9","N","N","","0","","0","0","1","","0","N","1845","2","0","0","0","0","0","0","2","0","2","","","","N","","","","","","","","","",""
"2013092194","","1","0","0","0","0","0","0","0","0","4","0","","02","9","2013","1","40.449706","-80.025099","","11","0","0","0","0","0","1","0","0","2","0","0","0","21","","2","","1","","40 26:58.940","7","3","80 01:30.356","3","0","0","0","2301","0","0","0","N","0","0","0","10","02301","1","","1.0","","1","N","N","","1","","1","0","0","","2","Y","2140","3","2","0","0","0","0","0","2","1","3","","","","N","","","","","","","","","",""
"2013093564","","1","0","0","0","0","0","0","0","0","5","0","","02","9","2013","5","40.407399","-80.086821","","11","0","0","0","0","0","0","1","0","","0","0","0","16","","1","","0","","40 24:26.636","","0","80 05:12.555","8","0","0","0","2415","0","0","0","N","0","0","0","1","02415","0","","1.0","","1","N","N","","0","","0","0","0","","0","","1615","2","1","0","0","0","1","0","2","1","2","","","","N","","","","","","","","","",""
"2013093625","","3","0","0","0","0","0","0","0","0","4","0","","02","9","2013","3","40.449816","-80.001451","","11","0","0","0","0","0","0","0","0","1","0","0","0","07","","1","","0","","40 26:59.339","2","3","80 00:05.224","4","0","0","0","2301","0","0","0","N","0","0","0","3","68B03","1","","1.0","","1","N","N","","0","","0","0","0","","0","N","0712","3","1","0","0","0","0","0","2","0","3","","","","N","","","","","","","","","",""