"CRN","ARRIVAL_TM","AUTOMOBILE_COUNT","BELTED_DEATH_COUNT","BELTED_SUSP_SERIOUS_INJ_COUNT","BICYCLE_COUNT","BICYCLE_DEATH_COUNT","BICYCLE_SUSP_SERIOUS_INJ_COUNT","BUS_COUNT","CHLDPAS_DEATH_COUNT","CHLDPAS_SUSP_SERIOUS_INJ_COUNT","COLLISION_TYPE","COMM_VEH_COUNT","CONS_ZONE_SPD_LIM","COUNTY","CRASH_MONTH","CRASH_YEAR","DAY_OF_WEEK","DEC_LATITUDE","DEC_LONGITUDE","DISPATCH_TM","DISTRICT","DRIVER_COUNT_16YR","DRIVER_COUNT_17YR","DRIVER_COUNT_18YR","DRIVER_COUNT_19YR","DRIVER_COUNT_20YR","DRIVER_COUNT_50_64YR","DRIVER_COUNT_65_74YR","DRIVER_COUNT_75PLUS","EST_HRS_CLOSED","FATAL_COUNT","HEAVY_TRUCK_COUNT","HORSE_BUGGY_COUNT","HOUR_OF_DAY","ILLUMINATION","INJURY_COUNT","INTERSECTION_RELATED","INTERSECT_TYPE","LANE_CLOSED","LATITUDE","LN_CLOSE_DIR","LOCATION_TYPE","LONGITUDE","MAX_SEVERITY_LEVEL","MCYCLE_DEATH_COUNT","MCYCLE_SUSP_SERIOUS_INJ_COUNT","MOTORCYCLE_COUNT","MUNICIPALITY","NONMOTR_COUNT","NONMOTR_DEATH_COUNT","NONMOTR_SUSP_SERIOUS_INJ_COUNT","NTFY_HIWY_MAINT","PED_COUNT","PED_DEATH_COUNT","PED_SUSP_SERIOUS_INJ_COUNT","PERSON_COUNT","POLICE_AGCY","POSSIBLE_INJ_COUNT","RDWY_SURF_TYPE_CD","RELATION_TO_ROAD","ROADWAY_CLEARED","ROAD_CONDITION","SCH_BUS_IND","SCH_ZONE_IND","SECONDARY_CRASH","SMALL_TRUCK_COUNT","SPEC_JURIS_CD","SUSP_MINOR_INJ_COUNT","SUSP_SERIOUS_INJ_COUNT","SUV_COUNT","TCD_FUNC_CD","TCD_TYPE","TFC_DETOUR_IND","TIME_OF_DAY","TOTAL_UNITS","TOT_INJ_COUNT","UNBELTED_OCC_COUNT","UNB_DEATH_COUNT","UNB_SUSP_SERIOUS_INJ_COUNT","UNK_INJ_DEG_COUNT","UNK_INJ_PER_COUNT","URBAN_RURAL","VAN_COUNT","VEHICLE_COUNT","WEATHER1","WEATHER2","WORKERS_PRES","WORK_ZONE_IND","WORK_ZONE_LOC","WORK_ZONE_TYPE","WZ_CLOSE_DETOUR","WZ_FLAGGER","WZ_LAW_OFFCR_IND","WZ_LN_CLOSURE","WZ_MOVING","WZ_OTHER","WZ_SHLDER_MDN","WZ_WORKERS_INJ_KILLED"
"2013094448","","1","0","0","0","0","0","0","0","0","7","0","","02","9","2013","7","40.615116","-79.758349","","11","0","0","0","0","0","0","0","0","","0","0","0","17","","0","","0","","40 36:54.416","","0","79 45:30.058","0","0","0","0","2202","0","0","0","N","0","0","0","1","68D02","0","","2.0","","9","N","N","","0","","0","0","0","","0","","1727","1","0","0","0","0","0","0","2","0","1","","","","N","","","","","","","","","",""
"2013093882","","1","0","0","0","0","0","0","0","0","5","0","","02","9","2013","6","40.449207","-79.901303","","11","0","0","0","0","0","0","0","0","","0","0","0","14","","1","","1","","40 26:57.146","","0","79 54:04.692","8","0","0","0","2301","0","0","0","N","0","0","0","2","02301","0","","1.0","","1","N","N","","0","","0","0","1","","2","","1445","2","1","0","0","0","1","0","2","0","2","","","","N","","","","","","","","","",""
"2013093591","","1","0","0","0","0","0","0","0","0","1","0","","02","9","2013","4","40.604497","-80.050599","","11","0","0","0","0","0","1","0","0","","0","0","0","11","","1","","2","","40 36:16.189","","0","80 03:02.156","8","0","0","0","2108","0","0","0","N","0","0","0","2","02108","0","","1.0","","1","N","N","","1","","0","0","0","","2","","1114","2","1","0","0","0","1","0","2","0","2","","","","N","","","","","","","","","",""
"2013093745","","2","0","0","0","0","0","0","0","0","1","0","","02","9","2013","5","40.478707","-80.042844","","11","0","0","0","1","0","1","0","0","2","0","0","0","06","","1","","0","","40 28:43.346","1","0","80 02:34.239","4","0","0","0","2301","0","0","0","N","0","0","0","2","02301","1","","1.0","","1","N","N","","0","","0","0","0","","2","N","0648","2","1","0","0","0","0","0","2","0","2","","","","N","","","","","","","","","",""
"2013094511","","1","0","0","0","0","0","0","0","0","7","0","","02","9","2013","7","40.362566","-79.82996","","11","0","0","0","0","0","0","0","0","","0","0","0","01","","0","","0","","40 21:45.238","","0","79 49:47.857","0","0","0","0","2111","0","0","0","N","0","0","0","2","02111","0","","5.0","","1","N","N","","0","","0","0","0","","0","","0106","1","0","2","0","0","0","0","2","0","1","","","","N","","","","","","","","","",""
"2013092430","","2","0","0","0","0","0","0","0","0","1","0","","02","9","2013","2","40.382332","-79.856843","","11","0","0","1","0","0","0","0","0","","0","0","0","18","","1","","0","","40 22:56.395","","0","79 51:24.633","4","0","0","0","2303","0","0","0","N","0","0","0","4","02303","1","","1.0","","1","N","N","","0","","0","0","0","","0","","1811","2","1","0","0","0","0","0","2","0","2","","","","N","","","","","","","","","",""
"2013092510","","1","0","0","0","0","0","0","0","0","4","0","","02","8","2013","7","40.501205","-80.129651","","11","0","0","0","0","0","0","1","0","1","0","0","0","00","","0","","0","","40 30:04.337","2","0","80 07:46.745","0","0","0","0","2115","0","0","0","N","0","0","0","6","68B03","0","","1.0","","1","N","N","","0","","0","0","1","","0","N","0035","2","0","0","0","0","0","0","2","0","2","","","","N","","","","","","","","","",""
"2013092433","","1","0","0","0","0","0","0","0","0","1","0","","02","9","2013","2","40.331993","-79.93547","","11","0","0","0","0","0","1","1","0","","0","0","0","18","","1","","0","","40 19:55.174","","0","79 56:07.691","8","0","0","0","2454","0","0","0","N","0","0","0","4","02454","0","","1.0","","1","N","N","","2","","0","0","0","","2","","1828","3","1","0","0","0","1","0","2","0","3","","","","N","","","","","","","","","",""
"2013094289","","1","0","0","0","0","0","0","0","0","8","0","","02","9","2013","7","40.407542","-80.083154","","11","0","0","1","0","0","0","0","0","","0","0","0","22","","1","","1","","40 24:27.152","","0","80 04:59.353","8","0","0","0","2415","1","0","0","N","1","0","0","3","02415","0","","1.0","","1","N","N","","0","","0","0","0","","0","","2234","2","1","0","0","0","1","0","2","0","1","","","","N","","","","","","","","","",""
"2013093874","","1","0","0","0","0","0","0","0","0","7","0","","02","9","2013","3","40.34487","-79.961188","","11","0","0","0","0","0","0","0","0","1","0","0","0","14","","0","","1","","40 20:41.532","4","0","79 57:40.277","0","0","0","0","2473","0","0","0","N","0","0","0","1","02473","0","","2.0","","1","N","N","","0","","0","0","0","","0","N","1407","1","0","0","0","0","0","0","2","0","1","","","","N","","","","","","","","","",""
"2013092511","","0","0","0","0","0","0","0","0","0","7","0","","02","9","2013","5","40.435251","-79.983061","","11","0","0","1","0","0","0","0","0","2","0","0","0","14","","1","","0","","40 26:06.903","4","0","79 58:59.020","4","0","0","0","2301","0","0","0","N","0","0","0","2","68B03","1","","2.0","","1","N","N","","0","","0","0","1","","0","N","1457","1","1","0","0","0","0","0","2","0","1","","","","N","","","","","","","","","",""
"2013092226","","0","0","0","0","0","0","0","0","0","1","0","","02","9","2013","6","40.593259","-80.061072","","11","0","0","0","0","0","1","0","0","1","0","0","0","15","","0","","3","","40 35:35.732","3","0","80 03:39.858","0","0","0","0","2108","0","0","0","N","0","0","0","6","02108","0","","1.0","","1","N","N","","0","","0","0","2","","3","N","1505","2","0","0","0","0","0","0","2","0","2","","","","N","","","","","","","","","",""
"2013092961","","0","0","0","0","0","0","0","0","0","4","0","","02","9","2013","4","40.366726","-79.984329","","11","0","0","0","0","0","0","1","0","","0","0","0","08","","0","","2","","40 22:00.213","","0","79 59:03.583","0","0","0","0","2413","0","0","0","N","0","0","0","2","02413","0","","1.0","","1","N","N","","0","","0","0","1","","3","","0853","2","0","0","0","0","0","0","2","1","2","","","","N","","","","","","","","","",""
"2013093813","","1","0","0","0","0","0","0","0","0","5","0","99","02","9","2013","5","40.495572","-80.060724","","11","0","0","0","0","0","0","0","1","","0","0","0","09","","1","","0","","40 29:44.059","","0","80 03:38.605","4","0","0","0","2404","0","0","0","N","0","0","0","2","02404","1","","1.0","","98","N","N","","0","","0","0","0","","0","","0950","2","1","0","0","0","0","0","2","0","2","","","Y","Y","4","1","","","N","","","","",""
"2013094290","","2","0","0","0","0","0","0","0","0","4","0","","02","9","2013","5","40.464737","-79.935104","","11","0","0","0","0","0","0","0","0","1","0","0","0","23","","0","","1","","40 27:53.053","2","0","79 56:06.374","0","0","0","0","2301","0","0","0","N","0","0","0","1","02301","0","","5.0","","1","N","N","","0","","0","0","1","","0","N","2340","3","0","0","0","0","0","0","2","0","3","","","","N","","","","","","","","","",""
"2013092512","","1","0","0","0","0","0","0","0","0","5","0","","02","9","2013","6","40.499188","-80.022036","","11","0","0","0","0","0","1","0","0","1","0","0","0","13","","1","","3","","40 29:57.076","1","2","80 01:19.328","4","0","0","0","2116","0","0","0","N","0","0","0","2","68B03","1","","1.0","","1","N","N","","0","","0","0","1","","0","N","1315","2","1","1","0","0","0","0","2","0","2","","","","N","","","","","","","","","",""
"2013092227","","1","0","0","0","0","0","0","0","0","7","0","","02","9","2013","6","40.56449","-80.038583","","11","0","0","0","0","0","1","0","0","2","0","0","0","17","","0","","0","","40 33:52.165","2","0","80 02:18.900","0","0","0","0","2108","0","0","0","N","0","0","0","4","02108","0","","5.0","","1","N","N","","0","","0","0","1","","0","N","1722","2","0","0","0","0","0","0","2","0","2","","","","N","","","","","","","","","",""
"2013094405","","2","0","0","0","0","0","0","0","0","5","0","","02","9","2013","1","40.439811","-79.959355","","11","0","0","0","0","0","0","0","0","","0","0","0","15","","0","","1","","40 26:23.319","","0","79 57:33.678","0","0","0","0","2301","0","0","0","N","0","0","0","3","02301","0","","1.0","","1","N","N","","0","","0","0","0","","0","","1530","2","0","0","0","0","0","0","2","0","2","","","","N","","","","","","","","","",""
"2013092513","","0","0","0","0","0","0","0","0","0","1","0","","02","9","2013","7","40.41804","-80.054869","","11","0","0","0","0","0","1","0","0","1","0","0","0","12","","6","","0","","40 25:04.945","3","0","80 03:17.528","4","0","0","0","2435","0","0","0","Y","0","0","0","11","68B03","6","","1.0","","1","N","N","","2","","0","0","1","","0","N","1235","3","6","0","0","0","0","0","2","0","3","","","","N","","","","","","","","","",""
"2013093890","","0","0","0","0","0","0","0","0","0","7","0","","02","9","2013","6","40.419974","-79.922776","","11","0","0","0","0","0","0","0","0","2","0","0","0","15","","0","","0","","40 25:11.906","2","0","79 55:21.993","0","0","0","0","2301","0","0","0","N","0","0","0","1","02301","0","","2.0","","1","N","N","","0","","0","0","1","","0","N","1555","1","0","0","0","0","0","0","2","0","1","","","","N","","","","","","","","","",""
"2013092228","","1","0","0","0","0","0","0","0","0","1","0","","02","9","2013","5","40.342719","-80.036277","","11","0","0","0","0","0","0","0","0","","0","0","0","14","","0","","2","","40 20:33.788","","0","80 02:10.597","0","0","0","0","2407","0","0","0","N","0","0","0","2","02407","0","","1.0","","1","N","N","","0","","0","0","1","","2","","1426","2","0","0","0","0","0","0","2","0","2","","","","N","","","","","","","","","",""
"2013093751","","2","0","0","0","0","0","0","0","0","4","0","","02","9","2013","6","40.438679","-80.063336","","11","0","0","1","0","0","0","0","0","1","0","0","0","01","","0","","2","","40 26:19.243","3","0","80 03:48.010","0","0","0","0","2421","0","0","0","N","0","0","0","3","02421","0","","1.0","","1","N","N","","0","","0","0","0","","2","N","0112","2","0","0","0","0","0","0","2","0","2","","","","N","","","","","","","","","",""
"2013092515","","2","0","0","0","0","0","0","0","0","1","0","","02","9","2013","1","40.411577","-80.076087","","11","0","0","0","0","0","0","0","0","","0","0","0","","","2","","6","","40 24:41.677","","2","80 04:33.912","8","0","0","0","2117","0","0","0","N","0","0","0","3","68B03","0","","1.0","","1","N","N","","0","","0","0","0","0","0","","","2","2","0","0","0","2","0","2","0","2","","","","N","","","","","","","","","",""
"2013094194","","2","0","0","0","0","0","0","0","0","4","0","","02","9","2013","7","40.450512","-80.026837","","11","0","0","0","0","0","1","1","0","","0","0","0","","","0","","3","","40 27:01.842","","99","80 01:36.612","0","0","0","0","2301","0","0","0","N","0","0","0","2","02301","0","","1.0","","9","N","N","","0","","0","0","0","3","2","","","2","0","0","0","0","0","0","2","0","2","","","","N","","","","","","","","","",""
"2013092516","","0","0","0","0","0","0","0","0","0","7","0","","02","9","2013","2","40.428676","-79.928971","","11","0","0","0","0","0","0","0","0","2","0","0","0","","","2","","0","","40 25:43.233","4","0","79 55:44.294","4","0","0","0","2301","0","0","0","N","0","0","0","2","68B03","2","","2.0","","9","N","N","","0","","0","0","1","0","0","N","","1","2","0","0","0","0","0","2","0","1","","","","N","","","","","","","","","",""
"2013094309","","1","0","0","0","0","0","0","0","0","4","0","","02","9","2013","6","40.42466","-79.790314","","11","0","0","0","0","0","0","0","0","","0","0","0","","","1","","2","","40 25:28.776","","0","79 47:25.130","4","0","0","0","2446","0","0","0","N","0","0","0","1","02446","1","","4.0","","1","N","N","","0","","0","0","0","3","2","","","2","1","1","0","0","0","0","2","1","2","","","","N","","","","","","","","","",""
"2013092440","","1","0","0","0","0","0","0","0","0","8","0","","02","9","2013","2","40.606423","-80.087519","","11","0","0","0","0","0","1","0","0","","0","0","0","","","1","","2","","40 36:23.122","","0","80 05:15.068","4","0","0","0","2481","1","0","0","N","1","0","0","2","02481","1","","2.0","","1","N","N","","0","","0","0","0","0","0","","","2","1","0","0","0","0","0","2","0","1","","","","N","","","","","","","","","",""
"2013093830","","2","0","0","0","0","0","0","0","0","1","0","","02","8","2013","6","40.371859","-79.814914","","11","0","0","0","0","0","1","0","0","2","0","0","0","","","1","","0","","40 22:18.694","1","0","79 48:53.689","8","0","0","0","2111","0","0","0","N","0","0","0","2","02111","0","","1.0","","1","N","N","","0","","0","0","0","0","0","N","","2","1","1","0","0","1","0","2","0","2","","","","N","","","","","","","","","",""
"2013092517","","0","0","0","0","0","0","0","0","0","5","1","","02","9","2013","3","40.444174","-79.8414","","11","0","0","0","0","0","0","1","0","","0","1","0","","","0","","6","","40 26:39.028","","2","79 50:29.039","0","0","0","0","2419","0","0","0","N","0","0","0","2","68B03","0","","1.0","","1","N","N","","0","","0","0","1","3","4","","","2","0","0","0","0","0","0","2","0","2","","","","N","","","","","","","","","",""
"2013094311","","1","0","0","0","0","0","0","0","0","7","0","","02","9","2013","1","40.401068","-79.751154","","11","0","0","0","0","1","0","0","0","2","0","0","0","","","0","","0","","40 24:03.844","5","0","79 45:04.154","0","0","0","0","2446","0","0","0","N","0","0","0","1","02446","0","","3.0","","1","N","N","","0","","0","0","0","0","0","N","","1","0","0","0","0","0","0","2","0","1","","","","N","","","","","","","","","",""
"2013092968","","1","0","0","0","0","0","0","0","0","1","0","","02","9","2013","3","40.367389","-79.978893","","11","0","0","0","0","0","0","0","1","","0","0","0","","","0","","0","","40 22:02.600","","0","79 58:44.014","0","0","0","0","2413","0","0","0","N","0","0","0","2","02413","0","","1.0","","1","Y","N","","0","","0","0","1","3","3","","","2","0","0","0","0","0","0","2","0","2","","","","N","","","","","","","","","",""
"2013092518","","3","0","0","0","0","0","0","0","0","1","0","","02","9","2013","4","40.417261","-80.056489","","11","0","0","0","0","0","1","0","0","","0","0","0","","","1","","0","","40 25:02.138","","0","80 03:23.361","4","0","0","0","2435","0","0","0","N","0","0","0","3","68B03","1","","1.0","","1","N","N","","0","","0","0","0","0","0","","","3","1","0","0","0","0","0","2","0","3","","","","N","","","","","","","","","",""
"2013092307","","1","0","0","0","0","0","0","0","0","7","2","","02","8","2013","2","40.397585","-80.104466","","11","0","0","0","0","0","0","1","0","3","1","2","0","","","0","","6","","40 23:51.305","2","2","80 06:16.078","1","0","0","0","2102","0","0","0","N","0","0","0","3","68B03","0","2","7.0","","1","N","N","","0","0","0","0","0","0","0","N","","3","0","1","1","0","0","0","2","0","3","","","","N","","","","","","","","","",""
"2013093832","","3","0","0","0","0","0","0","0","0","1","0","","02","9","2013","6","40.438038","-79.96356","","11","0","0","0","0","0","1","0","0","","0","0","0","","","1","","0","","40 26:16.938","","0","79 57:48.817","8","0","0","0","2301","0","0","0","N","0","0","0","4","02301","0","","1.0","","1","N","N","","0","","0","0","0","0","0","","","3","1","0","0","0","1","0","2","0","3","","","","N","","","","","","","","","",""
"2013092519","","2","0","0","0","0","0","0","0","0","1","1","","02","9","2013","4","40.431261","-79.958352","","11","0","0","0","0","0","1","0","0","2","0","1","0","","","2","","0","","40 25:52.538","4","3","79 57:30.068","4","0","0","0","2301","0","0","0","N","0","0","0","6","68B03","2","","1.0","","1","N","N","","1","","0","0","0","0","0","N","","4","2","0","0","0","0","0","2","0","4","","","","N","","","","","","","","","",""
"2013092308","","1","0","0","0","0","0","0","0","0","1","0","","02","9","2013","6","40.44693","-80.167658","","11","0","0","0","0","0","0","0","0","","0","0","0","","","0","","0","","40 26:48.948","","0","80 10:03.567","0","0","0","0","2115","0","0","0","N","0","0","0","2","68B03","0","","1.0","","1","N","N","","0","","0","0","1","3","2","","","2","0","0","0","0","0","0","2","0","2","","","","N","","","","","","","","","",""
"2013094298","","1","0","0","0","0","0","0","0","0","4","0","","02","9","2013","7","40.453729","-79.993335","","11","0","0","0","0","1","0","0","0","1","0","0","0","","","0","","2","","40 27:13.424","1","0","79 59:36.006","0","0","0","0","2301","0","0","0","N","0","0","0","2","02301","0","","1.0","","1","N","N","","1","","0","0","0","0","0","N","","2","0","0","0","0","0","0","2","0","2","","","","N","","","","","","","","","",""
"2013092508","","1","0","0","0","0","0","0","0","0","5","1","","02","8","2013","5","40.434032","-79.992723","","11","0","0","0","0","0","0","0","1","1","0","1","0","","","0","","0","","40 26:02.516","4","0","79 59:33.804","0","0","0","0","2301","0","0","0","N","0","0","0","2","68B03","0","","1.0","","1","N","N","","0","","0","0","0","0","0","N","","2","0","0","0","0","0","0","2","0","2","","","","N","","","","","","","","","",""
"2013094412","","1","0","0","0","0","0","0","0","0","7","0","","02","9","2013","1","40.495204","-79.807751","","11","0","0","0","0","0","0","0","1","","0","0","0","","","0","","0","","40 29:42.733","","0","79 48:27.902","0","0","0","0","2113","0","0","0","Y","0","0","0","1","02113","0","","2.0","","1","N","N","","0","","0","0","0","0","0","","","1","0","0","0","0","0","0","2","0","1","","","","N","","","","","","","","","",""
"2013092520","","0","0","0","0","0","0","0","0","0","7","0","","02","9","2013","4","40.590856","-80.097098","","11","0","0","0","0","0","1","0","0","","0","0","0","","","0","","0","","40 35:27.081","","0","80 05:49.553","0","0","0","0","2481","0","0","0","N","0","0","0","1","68B03","0","","4.0","","9","N","N","","0","","0","0","1","0","0","","","1","0","0","0","0","0","0","2","0","1","","","","N","","","","","","","","","",""
"2013093760","","0","0","0","0","0","0","0","0","0","7","1","25","02","9","2013","6","40.462704","-80.051852","","11","0","0","0","0","0","0","0","0","3","0","1","0","","","0","","2","","40 27:45.736","1","0","80 03:06.667","0","0","0","0","2301","0","0","0","N","0","0","0","1","02301","0","","3.0","","1","N","N","","0","","0","0","0","3","3","Y","","1","0","0","0","0","0","0","2","0","1","","","N","Y","4","1","","","N","Y","","","",""
"2013094413","","1","0","0","1","0","0","0","0","0","8","0","","02","9","2013","3","40.439105","-79.919477","","11","0","0","0","0","0","0","0","0","","0","0","0","","","1","","2","","40 26:20.778","","0","79 55:10.117","8","0","0","0","2301","1","0","0","N","0","0","0","2","02301","0","","1.0","","1","N","N","","0","","0","0","0","3","3","","","2","1","0","0","0","1","1","2","0","1","","","","N","","","","","","","","","",""
"2013092521","","1","0","0","0","0","0","0","0","0","1","0","","02","9","2013","5","40.429378","-79.956524","","11","0","0","0","0","0","0","0","0","","0","0","0","","","0","","6","","40 25:45.760","","0","79 57:23.485","9","0","0","0","2301","0","0","0","N","0","0","0","3","68B03","0","","1.0","","1","N","N","","0","","0","0","1","3","4","","","2","0","0","0","0","0","1","2","0","2","","","","N","","","","","","","","","",""
"2013092523","","2","0","0","0","0","0","0","0","0","1","0","","02","9","2013","6","40.428227","-79.927059","","11","0","0","0","0","0","1","0","0","","0","0","0","","","1","","0","","40 25:41.616","","4","79 55:37.411","4","0","0","0","2301","0","0","0","N","0","0","0","3","68B03","1","","1.0","","1","N","N","","0","","0","0","0","0","0","","","3","1","0","0","0","0","0","2","1","3","","","","N","","","","","","","","","",""
"2013093901","","2","0","0","0","0","0","0","0","0","6","0","","02","9","2013","6","40.337041","-79.821748","","11","0","0","0","0","0","1","0","0","1","0","0","0","","","0","","2","","40 20:13.347","5","0","79 49:18.292","0","0","0","0","2304","0","0","0","N","0","0","0","2","02304","0","","1.0","","1","N","N","","0","","0","0","0","3","3","N","","2","0","0","0","0","0","0","2","0","2","","","","N","","","","","","","","","",""
"2013092524","","0","0","0","0","0","0","0","0","0","1","0","","02","9","2013","6","40.444326","-79.841874","","11","0","1","0","0","0","0","0","0","2","0","0","0","","","0","","0","","40 26:39.575","3","0","79 50:30.746","0","0","0","0","2419","0","0","0","N","0","0","0","5","68B03","0","","1.0","","9","N","N","","1","","0","0","1","0","0","N","","2","0","3","0","0","0","0","2","0","2","","","","N","","","","","","","","","",""
"2013094319","","1","0","0","0","0","0","0","0","0","7","0","","02","9","2013","3","40.520746","-79.834409","","11","0","0","0","0","0","1","0","0","3","0","0","0","","","1","","0","","40 31:14.685","6","0","79 50:03.872","3","0","0","0","2451","0","0","0","N","0","0","0","1","02451","0","","5.0","","1","N","N","","0","","1","0","0","0","0","Y","","1","1","0","0","0","0","0","2","0","1","","","","N","","","","","","","","","",""
"2013092976","","1","0","0","0","0","0","0","0","0","1","0","","02","9","2013","3","40.444202","-80.028173","","11","0","0","0","0","0","0","0","0","","0","0","0","","","0","","1","","40 26:39.126","","3","80 01:41.424","0","0","0","0","2301","0","0","0","N","0","0","0","3","02301","0","","1.0","","1","N","N","","1","","0","0","0","3","2","","","2","0","0","0","0","0","0","2","0","2","","","","N","","","","","","","","","",""
"2013093765","","1","0","0","0","0","0","0","0","0","4","1","","02","9","2013","5","40.421717","-80.201075","","11","0","0","0","0","0","1","0","0","2","0","1","0","","","1","","2","","40 25:18.181","6","0","80 12:03.869","8","0","0","0","2214","0","0","0","N","0","0","0","2","02214","0","","1.0","","1","N","N","","0","","0","0","0","3","3","Y","","2","1","0","0","0","1","0","1","0","2","","","","N","","","","","","","","","",""
"2013092525","","1","0","0","0","0","0","0","0","0","1","0","","02","9","2013","7","40.420446","-80.038622","","11","0","0","0","0","0","1","0","0","","0","0","0","","","0","","0","","40 25:13.604","","0","80 02:19.039","0","0","0","0","2301","0","0","0","N","0","0","0","3","68B03","0","","1.0","","1","N","N","","0","","0","0","1","0","0","","","2","0","0","0","0","0","0","2","0","2","","","","N","","","","","","","","","",""
"2013094370","","0","0","0","0","0","0","0","0","0","4","0","","02","9","2013","1","40.436358","-79.996493","","11","0","0","0","0","0","1","0","0","","0","0","0","","","0","","2","","40 26:10.887","","0","79 59:47.375","0","0","0","0","2301","0","0","0","N","0","0","0","6","02301","0","","1.0","","1","N","N","","0","","0","0","1","3","3","","","2","0","4","0","0","0","0","2","1","2","","","","N","","","","","","","","","",""
"2013093766","","3","0","0","0","0","0","0","0","0","1","0","","02","9","2013","5","","","","11","0","0","0","0","0","2","0","0","2","0","0","0","","","1","","0","","","2","0","","4","0","0","0","2430","0","0","0","N","0","0","0","5","02430","1","","1.0","","9","N","N","","0","","0","0","1","0","0","N","","5","1","0","0","0","0","1","1","1","5","","","","N","","","","","","","","","",""
"2013093827","","1","0","0","0","0","0","0","0","0","4","0","","02","9","2013","5","40.38275","-79.820863","","11","0","0","0","0","0","0","1","1","1","0","0","0","","","0","","2","","40 22:57.900","3","0","79 49:15.106","0","0","0","0","2111","0","0","0","N","0","0","0","2","02111","0","","1.0","","1","N","N","","0","","0","0","1","3","3","N","","2","0","0","0","0","0","0","2","0","2","","","","N","","","","","","","","","",""
"2013091938","","4","0","0","0","0","0","0","0","0","1","0","","02","9","2013","6","40.492838","-79.898089","","11","0","0","1","0","0","2","0","0","","0","0","0","","","0","","0","","40 29:34.217","","0","79 53:53.120","0","0","0","0","2401","0","0","0","N","0","0","0","5","68D02","0","","1.0","","1","N","N","","1","","0","0","0","0","0","","","5","0","0","0","0","0","0","2","0","5","","","","N","","","","","","","","","",""
"2013094043","","2","0","0","0","0","0","0","0","0","2","0","","02","9","2013","7","40.457257","-79.909028","","11","0","0","0","0","1","0","0","0","1","0","0","0","","","1","","1","","40 27:26.125","2","0","79 54:32.499","8","0","0","0","2301","0","0","0","N","0","0","0","4","02301","0","","1.0","","1","N","N","","0","","0","0","0","3","2","N","","2","1","2","0","0","1","0","2","0","2","","","","N","","","","","","","","","",""
"2013077146","","1","0","0","0","0","0","0","0","0","7","0","","02","7","2013","3","40.500225","-79.852372","","11","0","0","0","0","0","0","0","1","1","0","0","0","","","1","","0","","40 30:00.809","2","0","79 51:08.540","3","0","0","0","2112","0","0","0","N","0","0","0","1","02112","0","","4.0","","1","N","N","","0","","1","0","0","0","0","N","","1","1","0","0","0","0","0","2","0","1","","","","N","","","","","","","","","",""
"2013077901","","2","0","0","0","0","0","0","0","0","6","0","","02","7","2013","1","40.667196","-79.730275","","11","0","0","0","0","0","0","0","0","","0","0","0","","","0","","1","","40 40:01.906","","0","79 43:48.991","0","0","0","0","2202","0","0","0","N","0","0","0","2","02202","0","","1.0","","1","N","N","","0","","0","0","0","3","1","","","2","0","0","0","0","0","0","1","0","2","","","","N","","","","","","","","","",""
"2013093908","","1","0","0","0","0","0","0","0","0","1","0","","02","9","2013","6","40.434066","-79.965316","","11","0","0","0","0","0","0","1","0","","0","0","0","","","0","","2","","40 26:02.637","","0","79 57:55.137","0","0","0","0","2301","0","0","0","N","0","0","0","2","02301","0","","1.0","","1","N","N","","0","","0","0","1","3","2","","","2","0","0","0","0","0","0","2","0","2","","","","N","","","","","","","","","",""
"2013092607","","0","0","0","0","0","0","0","0","0","4","0","","02","9","2013","3","40.396242","-79.998126","","11","0","0","0","0","0","2","0","0","","0","0","0","","","0","","1","","40 23:46.470","","0","79 59:53.254","0","0","0","0","2301","0","0","0","N","0","0","0","2","02301","0","","1.0","","1","N","N","","0","","0","0","1","3","2","","","2","0","0","0","0","0","0","2","1","2","","","","N","","","","","","","","","",""
"2013093910","","1","0","0","0","0","0","0","0","0","1","0","","02","9","2013","6","40.63142","-79.866508","","11","0","0","0","1","0","0","0","0","2","0","0","0","","","0","","2","","40 37:53.112","3","0","79 51:59.428","0","0","0","0","2220","0","0","0","N","0","0","0","2","02220","0","","1.0","","1","N","N","","0","","0","0","1","0","0","Y","","2","0","1","0","0","0","0","1","0","2","","","","N","","","","","","","","","",""
"2013093337","","0","0","0","0","0","0","0","0","0","7","0","","02","9","2013","4","40.351268","-79.861894","","11","0","0","0","0","0","0","0","0","","0","0","0","","","1","","0","","40 21:04.564","","0","79 51:42.818","8","0","0","0","2304","0","0","0","N","0","0","0","1","02304","0","","5.0","","1","N","N","","0","","0","0","1","0","0","","","1","1","0","0","0","1","0","2","0","1","","","","N","","","","","","","","","",""
"2013093911","","2","0","0","0","0","0","0","0","0","1","0","","02","9","2013","4","40.450565","-80.174348","","11","0","0","0","0","0","0","0","0","","0","0","0","","","0","","2","","40 27:02.034","","6","80 10:27.652","0","0","0","0","2214","0","0","0","N","0","0","0","3","02214","0","","1.0","","1","N","N","","0","","0","0","0","3","2","","","2","0","0","0","0","0","0","2","0","2","","","","N","","","","","","","","","",""
"2013092595","","2","0","0","0","0","0","0","0","0","1","0","","02","9","2013","3","40.452191","-79.89926","","11","0","0","0","0","0","0","0","0","","0","0","0","","","0","","0","","40 27:07.887","","0","79 53:57.336","0","0","0","0","2301","0","0","0","N","0","0","0","1","02301","0","","1.0","","1","N","N","","0","","0","0","0","0","0","","","2","0","0","0","0","0","0","2","0","2","","","","N","","","","","","","","","",""