"CRN","ARRIVAL_TM","AUTOMOBILE_COUNT","BELTED_DEATH_COUNT","BELTED_SUSP_SERIOUS_INJ_COUNT","BICYCLE_COUNT","BICYCLE_DEATH_COUNT","BICYCLE_SUSP_SERIOUS_INJ_COUNT","BUS_COUNT","CHLDPAS_DEATH_COUNT","CHLDPAS_SUSP_SERIOUS_INJ_COUNT","COLLISION_TYPE","COMM_VEH_COUNT","CONS_ZONE_SPD_LIM","COUNTY","CRASH_MONTH","CRASH_YEAR","DAY_OF_WEEK","DEC_LATITUDE","DEC_LONGITUDE","DISPATCH_TM","DISTRICT","DRIVER_COUNT_16YR","DRIVER_COUNT_17YR","DRIVER_COUNT_18YR","DRIVER_COUNT_19YR","DRIVER_COUNT_20YR","DRIVER_COUNT_50_64YR","DRIVER_COUNT_65_74YR","DRIVER_COUNT_75PLUS","EST_HRS_CLOSED","FATAL_COUNT","HEAVY_TRUCK_COUNT","HORSE_BUGGY_COUNT","HOUR_OF_DAY","ILLUMINATION","INJURY_COUNT","INTERSECTION_RELATED","INTERSECT_TYPE","LANE_CLOSED","LATITUDE","LN_CLOSE_DIR","LOCATION_TYPE","LONGITUDE","MAX_SEVERITY_LEVEL","MCYCLE_DEATH_COUNT","MCYCLE_SUSP_SERIOUS_INJ_COUNT","MOTORCYCLE_COUNT","MUNICIPALITY","NONMOTR_COUNT","NONMOTR_DEATH_COUNT","NONMOTR_SUSP_SERIOUS_INJ_COUNT","NTFY_HIWY_MAINT","PED_COUNT","PED_DEATH_COUNT","PED_SUSP_SERIOUS_INJ_COUNT","PERSON_COUNT","POLICE_AGCY","POSSIBLE_INJ_COUNT","RDWY_SURF_TYPE_CD","RELATION_TO_ROAD","ROADWAY_CLEARED","ROAD_CONDITION","SCH_BUS_IND","SCH_ZONE_IND","SECONDARY_CRASH","SMALL_TRUCK_COUNT","SPEC_JURIS_CD","SUSP_MINOR_INJ_COUNT","SUSP_SERIOUS_INJ_COUNT","SUV_COUNT","TCD_FUNC_CD","TCD_TYPE","TFC_DETOUR_IND","TIME_OF_DAY","TOTAL_UNITS","TOT_INJ_COUNT","UNBELTED_OCC_COUNT","UNB_DEATH_COUNT","UNB_SUSP_SERIOUS_INJ_COUNT","UNK_INJ_DEG_COUNT","UNK_INJ_PER_COUNT","URBAN_RURAL","VAN_COUNT","VEHICLE_COUNT","WEATHER1","WEATHER2","WORKERS_PRES","WORK_ZONE_IND","WORK_ZONE_LOC","WORK_ZONE_TYPE","WZ_CLOSE_DETOUR","WZ_FLAGGER","WZ_LAW_OFFCR_IND","WZ_LN_CLOSURE","WZ_MOVING","WZ_OTHER","WZ_SHLDER_MDN","WZ_WORKERS_INJ_KILLED"
"2013093912","","2","0","0","0","0","0","0","0","0","5","0","","02","9","2013","4","40.572024","-80.014037","","11","0","0","0","0","0","0","1","1","","0","0","0","","","1","","0","","40 34:19.287","","7","80 00:50.532","8","0","0","0","2108","0","0","0","N","0","0","0","4","02108","0","","1.0","","1","N","N","","0","","0","0","0","3","3","","","2","1","0","0","0","1","0","2","0","2","","","","N","","","","","","","","","",""
"2013078715","","2","0","0","0","0","0","0","0","0","1","0","","02","7","2013","6","40.449704","-80.002086","","11","0","0","0","0","0","0","0","0","1","0","0","0","","","0","","0","","40 26:58.935","2","3","80 00:07.510","0","0","0","0","2301","0","0","0","N","0","0","0","3","68B03","0","","1.0","","1","N","N","","0","","0","0","0","0","0","N","","2","0","0","0","0","0","0","2","0","2","","","","N","","","","","","","","","",""
"2013077278","","2","0","0","0","0","0","0","0","0","1","0","","02","7","2013","7","40.392167","-79.96798","","11","0","0","0","0","0","1","0","0","","0","0","0","","","0","","2","","40 23:31.800","","0","79 58:04.727","0","0","0","0","2403","0","0","0","N","0","0","0","4","02403","0","","1.0","","9","N","N","","0","","0","0","0","0","0","","","2","0","0","0","0","0","0","2","0","2","","","","N","","","","","","","","","",""
"2013078027","","2","0","0","0","0","0","0","0","0","4","0","","02","8","2013","6","40.4532","-79.992708","","11","0","0","0","0","0","0","0","0","","0","0","0","","","1","","1","","40 27:11.520","","0","79 59:33.748","3","0","0","0","2301","0","0","0","N","0","0","0","4","02301","0","","1.0","","1","N","N","","0","","1","0","0","3","2","","","2","1","0","0","0","0","0","2","0","2","","","","N","","","","","","","","","",""
"2013093913","","1","0","0","0","0","0","0","0","0","6","0","00","02","9","2013","2","40.432943","-80.139583","","11","0","0","0","0","0","1","1","0","2","0","0","0","","","1","","2","","40 25:58.594","4","0","80 08:22.498","4","0","0","0","2115","0","0","0","N","0","0","0","4","02115","1","","1.0","","1","N","N","","0","","0","0","2","3","7","Y","","3","1","0","0","0","0","0","2","0","3","","","Y","Y","5","3","N","Y","N","Y","N","N","N",""
"2013092599","","1","0","0","0","0","0","0","0","0","8","0","","02","9","2013","3","40.462146","-79.949958","","11","0","0","0","0","0","0","0","0","","0","0","0","","","1","","1","","40 27:43.725","","0","79 56:59.848","4","0","0","0","2301","1","0","0","N","1","0","0","2","02301","1","","1.0","","1","N","N","","0","","0","0","0","3","2","","","2","1","0","0","0","0","0","2","0","1","","","","N","","","","","","","","","",""
"2013079424","","0","0","0","0","0","0","0","0","0","4","0","","02","7","2013","6","40.548665","-80.036978","","11","0","1","0","0","0","0","0","0","1","0","0","0","","","0","","1","","40 32:55.195","2","0","80 02:13.120","0","0","0","0","2116","0","0","0","N","0","0","0","3","02116","0","","1.0","","1","N","N","","1","","0","0","1","3","2","N","","2","0","0","0","0","0","0","2","0","2","","","","N","","","","","","","","","",""
"2013078716","","3","0","0","0","0","0","0","0","0","5","0","","02","7","2013","3","40.428671","-79.955967","","11","0","0","0","0","0","1","0","0","","0","0","0","","","0","","0","","40 25:43.214","","0","79 57:21.482","0","0","0","0","2301","0","0","0","N","0","0","0","3","68B03","0","","1.0","","1","N","N","","0","","0","0","0","0","0","","","3","0","0","0","0","0","0","2","0","3","","","","N","","","","","","","","","",""
"2013077295","","3","0","0","0","0","0","0","0","0","1","0","","02","8","2013","5","40.381443","-79.817168","","11","0","0","0","0","0","1","1","0","2","0","0","0","","","3","","2","","40 22:53.195","3","0","79 49:01.803","8","0","0","0","2111","0","0","0","N","0","0","0","7","02111","0","","1.0","","9","N","N","","0","","0","0","1","0","0","Y","","4","3","1","0","0","3","0","2","0","4","","","","N","","","","","","","","","",""
"2013077908","","2","0","0","0","0","0","0","0","0","7","0","","02","8","2013","5","40.581632","-80.054176","","11","0","0","0","0","0","1","0","0","","0","0","0","","","1","","2","","40 34:53.876","","0","80 03:15.033","3","0","0","0","2108","1","0","0","N","1","0","0","2","02108","0","","5.0","","1","N","N","","0","","1","0","0","3","3","","","3","1","0","0","0","0","0","2","0","2","","","","N","","","","","","","","","",""
"2013078717","","0","0","0","0","0","0","0","0","0","7","0","","02","7","2013","6","40.491861","-80.009999","","11","0","0","0","0","0","1","0","0","2","0","0","0","","","1","","0","","40 29:30.698","2","0","80 00:35.995","8","0","0","0","2301","0","0","0","N","0","0","0","1","68B03","0","","3.0","","1","N","N","","1","","0","0","0","0","0","N","","1","1","0","0","0","1","0","2","0","1","","","","N","","","","","","","","","",""
"2013077282","","2","0","0","0","0","0","0","0","0","4","0","","02","8","2013","5","40.431933","-79.839183","","11","0","0","0","0","0","0","0","0","1","0","0","0","","","0","","2","","40 25:54.959","2","0","79 50:21.059","0","0","0","0","2419","0","0","0","N","0","0","0","2","02419","0","","1.0","","9","N","N","","0","","0","0","0","1","3","N","","2","0","0","0","0","0","0","2","0","2","","","","N","","","","","","","","","",""
"2013078658","","1","0","0","0","0","0","0","0","0","7","0","","02","8","2013","2","40.437895","-79.911556","","11","0","0","0","0","0","0","1","0","2","0","0","0","","","1","","2","","40 26:16.422","5","0","79 54:41.601","4","0","0","0","2301","0","0","0","N","0","0","0","1","02301","1","","5.0","","1","N","N","","0","","0","0","0","0","0","Y","","1","1","0","0","0","0","0","2","0","1","","","","N","","","","","","","","","",""
"2013078718","","1","0","0","0","0","0","0","0","0","4","0","","02","7","2013","1","40.442967","-79.784627","","11","0","0","0","0","0","0","1","0","1","0","0","0","","","1","","0","","40 26:34.681","4","0","79 47:04.657","4","0","0","0","2446","0","0","0","N","0","0","0","5","68B03","1","","1.0","","1","N","N","","0","","0","0","1","0","0","N","","2","1","0","0","0","0","0","2","0","2","","","","N","","","","","","","","","",""
"2013078719","","1","0","0","0","0","0","0","0","0","1","0","","02","8","2013","5","40.497721","-80.020324","","11","0","0","0","0","0","1","0","0","2","0","0","0","","","0","","0","","40 29:51.796","1","0","80 01:13.168","0","0","0","0","2116","0","0","0","N","0","0","0","4","68B03","0","","1.0","","1","N","N","","2","","0","0","0","0","0","N","","3","0","0","0","0","0","0","2","0","3","","","","N","","","","","","","","","",""
"2013092029","","1","0","0","0","0","0","0","0","0","7","0","","02","8","2013","7","40.435614","-79.885736","","11","0","0","0","0","0","0","0","0","","0","0","0","","","1","","2","","40 26:08.210","","0","79 53:08.650","2","0","0","0","2426","0","0","0","N","0","0","0","1","02426","0","","4.0","","1","N","N","","0","","0","1","0","3","3","","","1","1","1","0","1","0","0","2","0","1","","","","N","","","","","","","","","",""
"2013078720","","0","0","0","0","0","0","0","0","0","7","0","","02","8","2013","6","40.436017","-79.972775","","11","0","0","0","0","0","0","0","0","1","0","0","0","","","1","","7","","40 26:09.660","3","0","79 58:21.990","8","0","0","0","2301","0","0","0","Y","0","0","0","1","68B03","0","","7.0","","1","N","N","","0","","0","0","1","0","0","N","","1","1","0","0","0","1","0","2","0","1","","","","N","","","","","","","","","",""
"2013078661","","2","0","0","0","0","0","0","0","0","1","0","30","02","8","2013","2","40.336021","-79.973051","","11","0","0","0","0","0","0","0","1","","0","0","0","","","0","","2","","40 20:09.675","","3","79 58:22.985","0","0","0","0","2454","0","0","0","N","0","0","0","7","02454","0","","1.0","","1","N","N","","1","","0","0","0","3","2","","","3","0","0","0","0","0","0","2","0","3","","","Y","Y","4","1","Y","","N","Y","Y","","Y",""
"2013077156","","0","0","0","0","0","0","0","0","0","1","0","","02","7","2013","3","40.513853","-80.269028","","11","0","0","0","0","0","2","0","0","","0","0","0","","","1","","3","","40 30:49.871","","2","80 16:08.501","8","0","0","0","2203","0","0","0","N","0","0","0","2","02203","0","","1.0","","1","N","N","","2","","0","0","0","3","4","","","2","1","0","0","0","1","0","2","0","2","","","","N","","","","","","","","","",""
"2013093220","","1","0","0","0","0","0","0","0","0","7","0","","02","9","2013","2","40.590284","-79.888014","","11","0","0","0","0","0","0","0","0","","0","0","0","","","0","","0","","40 35:25.022","","0","79 53:16.850","0","0","0","0","2209","0","0","0","N","0","0","0","1","02209","0","","2.0","","9","N","N","","0","","0","0","0","0","0","","","1","0","0","0","0","0","0","1","0","1","","","","N","","","","","","","","","",""
"2013093221","","1","0","0","0","0","0","0","0","0","1","0","","02","9","2013","5","40.466992","-80.198129","","11","0","0","0","0","0","1","0","0","2","0","0","0","","","1","","0","","40 28:01.170","3","0","80 11:53.265","8","0","0","0","2213","0","0","0","N","0","0","0","2","02213","0","","1.0","","9","N","N","","0","","0","0","1","0","0","N","","2","1","0","0","0","1","0","2","0","2","","","","N","","","","","","","","","",""
"2013092032","","1","0","0","0","0","0","0","0","0","7","0","25","02","9","2013","2","40.452966","-80.039423","","11","0","0","0","0","0","0","0","0","1","0","0","0","","","0","","2","","40 27:10.676","3","0","80 02:21.924","9","0","0","0","2301","0","0","0","N","0","0","0","1","02301","0","","1.0","","9","N","N","","0","","0","0","0","3","2","N","","1","0","0","0","0","0","1","2","0","1","","","N","Y","4","1","","","N","Y","","","",""
"2013078663","","2","0","0","0","0","0","0","0","0","1","0","","02","8","2013","2","40.429968","-80.131938","","11","0","0","0","0","0","0","0","0","","0","0","0","","","2","","0","","40 25:47.884","","0","80 07:54.976","4","0","0","0","2102","0","0","0","N","0","0","0","4","02102","2","","1.0","","1","N","N","","1","","0","0","1","0","0","","","4","2","0","0","0","0","0","2","0","4","","","","N","","","","","","","","","",""
"2013077223","","0","0","0","0","0","0","0","0","0","1","0","","02","7","2013","6","40.428134","-80.130204","","11","0","0","0","0","0","0","1","0","1","0","0","0","","","0","","0","","40 25:41.283","4","0","80 07:48.733","0","0","0","0","2115","0","0","0","N","0","0","0","2","68B03","0","","1.0","","1","N","N","","1","","0","0","1","0","0","N","","2","0","0","0","0","0","0","2","0","2","","","","N","","","","","","","","","",""
"2013077160","","1","0","0","0","0","0","0","0","0","7","0","","02","7","2013","5","40.408355","-79.845799","","11","0","0","0","0","0","0","0","0","","0","0","0","","","2","","0","","40 24:30.078","","7","79 50:44.876","8","0","0","0","2449","0","0","0","N","0","0","0","2","02449","0","","5.0","","1","N","N","","0","","0","0","0","0","0","","","1","2","1","0","0","2","0","2","0","1","","","","N","","","","","","","","","",""
"2013077224","","2","0","0","0","0","0","0","0","0","1","0","","02","7","2013","5","40.42802","-79.925795","","11","0","0","0","1","0","0","1","0","","0","0","0","","","0","","0","","40 25:40.871","","4","79 55:32.861","0","0","0","0","2301","0","0","0","N","0","0","0","2","68B03","0","","1.0","","1","N","N","","0","","0","0","0","0","0","","","2","0","0","0","0","0","0","2","0","2","","","","N","","","","","","","","","",""
"2013077161","","1","0","0","0","0","0","0","0","0","4","0","","02","7","2013","4","40.447062","-79.947299","","11","0","0","0","0","0","0","0","0","","0","0","0","","","0","","1","","40 26:49.423","","0","79 56:50.276","0","0","0","0","2301","0","0","0","N","0","0","0","5","02301","0","","1.0","","1","N","N","","0","","0","0","1","3","2","","","2","0","0","0","0","0","0","2","0","2","","","","N","","","","","","","","","",""
"2013077225","","1","0","0","0","0","0","0","0","0","1","0","","02","7","2013","2","40.427286","-79.891058","","11","0","0","0","0","0","0","0","0","","0","0","0","","","1","","3","","40 25:38.231","","2","79 53:27.808","4","0","0","0","2301","0","0","0","N","0","0","0","6","68B03","1","","1.0","","1","N","N","","0","","0","0","0","3","4","","","2","1","2","0","0","0","0","2","1","2","","","","N","","","","","","","","","",""
"2013077304","","2","0","0","0","0","0","0","0","0","2","0","","02","8","2013","5","40.426225","-79.923497","","11","0","0","0","0","0","0","0","0","2","0","0","0","","","2","","2","","40 25:34.410","5","0","79 55:24.589","8","0","0","0","2301","0","0","0","N","0","0","0","2","02301","0","","1.0","","1","N","N","","0","","0","0","0","3","3","Y","","2","2","0","0","0","2","0","2","0","2","","","","N","","","","","","","","","",""
"2013093351","","1","0","0","0","0","0","0","0","0","99","0","","02","9","2013","4","40.31879","-80.087894","","11","0","0","0","0","0","0","1","0","","0","0","0","","","1","","0","","40 19:07.643","","0","80 05:16.420","8","0","0","0","2123","0","0","0","N","0","0","0","2","02123","0","","1.0","","1","N","N","","0","","0","0","0","0","0","","","1","1","0","0","0","1","0","2","0","1","","","","N","","","","","","","","","",""
"2013077226","","2","0","0","0","0","0","0","0","0","1","0","","02","7","2013","2","40.426321","-79.893848","","11","0","0","0","0","0","0","0","0","","0","0","0","","","0","","3","","40 25:34.757","","2","79 53:37.854","0","0","0","0","2301","0","0","0","N","0","0","0","2","68B03","0","","1.0","","1","N","N","","0","","0","0","0","3","4","","","2","0","0","0","0","0","0","2","0","2","","","","N","","","","","","","","","",""
"2013077163","","1","0","0","0","0","0","0","0","0","1","0","","02","7","2013","3","40.657064","-79.934867","","11","0","1","0","0","0","1","0","0","","0","0","0","","","0","","2","","40 39:25.430","","0","79 56:05.520","0","0","0","0","2217","0","0","0","N","0","0","0","2","02505","0","","1.0","","1","N","N","","0","","0","0","1","0","0","","","2","0","0","0","0","0","0","2","0","2","","","","N","","","","","","","","","",""
"2013077227","","0","0","0","0","0","0","0","0","0","7","0","","02","7","2013","3","40.384018","-80.096787","","11","0","0","0","0","0","0","0","0","","0","0","0","","","2","","0","","40 23:02.463","","0","80 05:48.433","8","0","0","0","2102","0","0","0","Y","0","0","0","2","68B03","0","","2.0","","1","N","N","","1","","0","0","0","0","0","","","1","2","2","0","0","2","0","2","0","1","","","","N","","","","","","","","","",""
"2013078865","","2","0","0","0","0","0","0","0","0","4","0","","02","8","2013","2","40.476896","-79.797841","","11","0","0","0","0","0","0","2","0","","0","0","0","","","1","","0","","40 28:36.827","","7","79 47:52.226","4","0","0","0","2113","0","0","0","N","0","0","0","2","02113","1","","1.0","","1","N","N","","0","","0","0","0","0","0","","","2","1","0","0","0","0","0","2","0","2","","","","N","","","","","","","","","",""
"2013092627","","1","0","0","0","0","0","0","0","0","7","0","","02","9","2013","3","40.360502","-79.845383","","11","0","0","0","0","0","0","0","0","1","0","0","0","","","0","","3","","40 21:37.807","3","3","79 50:43.378","0","0","0","0","2303","0","0","0","N","0","0","0","1","02303","0","","1.0","","1","N","N","","0","","0","0","0","0","0","N","","1","0","0","0","0","0","0","2","0","1","","","","N","","","","","","","","","",""
"2013077307","","1","0","0","0","0","0","0","0","0","1","0","","02","7","2013","1","40.365447","-79.807926","","11","0","0","0","0","0","0","0","0","","0","0","0","","","0","","0","","40 21:55.609","","0","79 48:28.535","0","0","0","0","2111","0","0","0","N","0","0","0","1","02111","0","","1.0","","1","N","N","","0","","0","0","1","0","0","","","2","0","0","0","0","0","0","2","0","2","","","","N","","","","","","","","","",""
"2013092559","","1","0","0","0","0","0","0","0","0","0","0","","02","9","2013","2","40.409886","-79.801195","","11","0","0","0","0","1","0","0","0","1","0","0","0","","","1","","0","","40 24:35.589","5","0","79 48:04.302","3","0","0","1","2446","0","0","0","N","0","0","0","1","02446","0","","2.0","","1","N","N","","0","","1","0","0","0","0","Y","","2","1","0","0","0","0","0","2","0","2","","","","N","","","","","","","","","",""
"2013092039","","1","0","0","0","0","0","0","0","0","7","0","","02","9","2013","7","40.434461","-79.989608","","11","0","0","0","0","0","0","0","0","","0","0","0","","","0","","0","","40 26:04.060","","1","79 59:22.590","9","0","0","0","2301","0","0","0","N","0","0","0","2","02301","0","","3.0","","1","N","N","","0","","0","0","0","0","0","","","1","0","0","0","0","0","2","2","0","1","","","","N","","","","","","","","","",""
"2013078669","","2","0","0","0","0","0","0","0","0","5","0","","02","7","2013","6","40.384274","-79.995291","","11","0","0","0","0","0","2","1","0","","0","0","0","","","0","","0","","40 23:03.385","","0","79 59:43.048","0","0","0","0","2301","0","0","0","N","0","0","0","3","02301","0","","1.0","","1","N","N","","0","","0","0","1","0","0","","","3","0","0","0","0","0","0","2","0","3","","","","N","","","","","","","","","",""
"2013092560","","0","0","0","0","0","0","0","0","0","7","0","","02","9","2013","2","40.441008","-79.727377","","11","0","0","0","0","0","0","0","1","3","0","0","0","","","1","","0","","40 26:27.628","5","0","79 43:38.557","3","0","0","0","2446","0","0","0","N","0","0","0","1","02446","0","","5.0","","1","N","N","","1","","1","0","0","0","0","Y","","1","1","0","0","0","0","0","2","0","1","","","","N","","","","","","","","","",""
"2013092629","","1","0","0","0","0","0","0","0","0","99","0","","02","9","2013","7","40.431082","-80.010445","","11","0","0","0","0","0","0","0","0","","0","0","0","","","0","","0","","40 25:51.894","","0","80 00:37.603","0","0","0","0","2301","0","0","0","N","0","0","0","3","02301","0","","6.0","","1","N","N","","0","","0","0","0","0","0","","","2","0","0","0","0","0","0","2","1","2","","","","N","","","","","","","","","",""
"2013091973","","1","0","0","0","0","0","0","0","0","99","0","","02","9","2013","2","40.324308","-79.906872","","11","0","0","0","0","0","0","0","0","","0","0","0","","","1","","0","","40 19:27.510","","0","79 54:24.740","4","0","0","1","2473","0","0","0","N","0","0","0","4","02473","1","","1.0","","1","N","N","","0","","0","0","0","0","0","","","2","1","0","0","0","0","0","2","0","2","","","","N","","","","","","","","","",""
"2013078672","","0","0","0","0","0","0","0","0","0","7","0","","02","8","2013","2","40.466134","-79.867639","","11","0","0","0","0","0","0","1","0","2","0","0","0","","","0","","0","","40 27:58.082","3","0","79 52:03.500","0","0","0","0","2113","0","0","0","N","0","0","0","1","02113","0","","2.0","","1","N","N","","1","","0","0","0","0","0","N","","1","0","0","0","0","0","0","2","0","1","","","","N","","","","","","","","","",""
"2013092043","","2","0","0","0","0","0","0","0","0","2","0","","02","9","2013","7","40.437428","-79.979527","","11","0","0","0","0","0","0","0","0","","0","0","0","","","0","","2","","40 26:14.740","","0","79 58:46.297","9","0","0","0","2301","0","0","0","N","0","0","0","2","02301","0","","1.0","","1","N","N","","0","","0","0","0","3","3","","","2","0","0","0","0","0","1","2","0","2","","","","N","","","","","","","","","",""
"2013078675","","1","0","0","0","0","0","0","0","0","1","0","","02","8","2013","7","40.458262","-80.030252","","11","0","0","0","0","0","2","0","0","","0","0","0","","","0","","0","","40 27:29.744","","0","80 01:48.907","0","0","0","0","2108","0","0","0","N","0","0","0","2","02108","0","","1.0","","1","N","N","","1","","0","0","0","0","0","","","2","0","0","0","0","0","0","2","0","2","","","","N","","","","","","","","","",""
"2013077172","","2","0","0","0","0","0","0","0","0","4","0","","02","7","2013","4","40.406479","-79.908075","","11","0","0","1","0","0","0","0","0","1","0","0","0","","","0","","1","","40 24:23.324","2","0","79 54:29.070","0","0","0","0","2438","0","0","0","N","0","0","0","4","02438","0","","1.0","","1","N","N","","0","","0","0","0","3","3","N","","2","0","0","0","0","0","0","2","0","2","","","","N","","","","","","","","","",""
"2013092046","","1","0","0","0","0","0","0","0","0","99","0","","02","9","2013","7","40.455001","-79.968309","","11","0","0","0","0","0","0","0","0","","0","0","0","","","0","","0","","40 27:18.003","","0","79 58:05.911","0","0","0","0","2301","0","0","0","N","0","0","0","1","02301","0","","1.0","","1","N","N","","0","","0","0","0","0","0","","","1","0","0","0","0","0","0","2","0","1","","","","N","","","","","","","","","",""
"2013094021","","2","0","0","0","0","0","0","0","0","5","0","","02","9","2013","6","40.453105","-79.964628","","11","0","0","0","0","0","0","1","0","","0","0","0","","","2","","0","","40 27:11.178","","0","79 57:52.661","8","0","0","0","2301","0","0","0","N","0","0","0","3","02301","0","","1.0","","1","N","N","","0","","0","0","0","0","0","","","2","2","0","0","0","2","1","2","0","2","","","","N","","","","","","","","","",""
"2013078676","","2","0","0","0","0","0","0","0","0","2","0","","02","7","2013","2","40.504876","-80.189254","","11","0","0","0","0","0","0","0","0","2","0","0","0","","","0","","0","","40 30:17.553","4","0","80 11:21.315","0","0","0","0","2213","0","0","0","N","0","0","0","3","02213","0","","1.0","","9","N","N","","0","","0","0","0","0","0","Y","","2","0","0","0","0","0","0","2","0","2","","","","N","","","","","","","","","",""
"2013077173","","1","0","0","0","0","0","0","0","0","7","0","","02","7","2013","1","40.349022","-79.970943","","11","0","0","0","0","0","0","0","0","2","0","0","0","","","0","","0","","40 20:56.479","6","0","79 58:15.393","0","0","0","0","2403","0","0","0","N","0","0","0","4","02403","0","","4.0","","1","N","N","","0","","0","0","0","0","0","N","","1","0","0","0","0","0","0","2","0","1","","","","N","","","","","","","","","",""
"2013094011","","2","0","0","0","0","0","0","0","0","6","0","","02","9","2013","6","40.517667","-80.023692","","11","0","0","0","0","1","0","0","0","","0","0","0","","","0","","2","","40 31:03.601","","0","80 01:25.291","0","0","0","0","2474","0","0","0","N","0","0","0","2","02474","0","","1.0","","1","N","N","","0","","0","0","0","3","3","","","2","0","0","0","0","0","0","2","0","2","","","","N","","","","","","","","","",""
"2013094023","","1","0","0","0","0","0","0","0","0","2","0","","02","9","2013","6","40.593897","-79.996883","","11","0","1","0","0","1","0","0","0","","0","0","0","","","3","","1","","40 35:38.030","","0","79 59:48.778","4","0","0","0","2108","0","0","0","N","0","0","0","3","02501","1","","1.0","","1","N","N","","0","","0","0","1","3","2","","","2","3","0","0","0","2","0","1","0","2","","","","N","","","","","","","","","",""
"2013091981","","1","0","0","0","0","0","0","0","0","1","0","","02","9","2013","6","40.28671","-80.020234","","11","0","0","0","0","0","1","0","0","","0","0","0","","","1","","2","","40 17:12.156","","0","80 01:12.842","4","0","0","1","2219","0","0","0","N","0","0","0","2","02219","1","","1.0","","1","N","N","","0","","0","0","0","3","3","","","2","1","0","0","0","0","0","2","0","2","","","","N","","","","","","","","","",""
"2013093383","","2","0","0","0","0","0","0","0","0","1","0","","02","9","2013","6","40.514619","-80.134136","","11","0","0","0","0","0","1","0","0","2","0","0","0","","","1","","0","","40 30:52.630","1","3","80 08:02.888","4","0","0","0","2110","0","0","0","N","0","0","0","4","68B03","1","","1.0","","1","N","N","","0","","0","0","0","0","0","N","","2","1","0","0","0","0","0","2","0","2","","","","N","","","","","","","","","",""
"2013092572","","0","0","0","0","0","0","0","0","0","7","0","","02","9","2013","3","40.409719","-80.08126","","11","0","0","0","0","0","0","0","0","","0","0","0","","","0","","0","","40 24:34.988","","0","80 04:52.536","9","0","0","0","2415","0","0","0","N","0","0","0","1","02415","0","","5.0","","1","N","N","","0","","0","0","1","0","0","","","1","0","0","0","0","0","1","2","0","1","","","","N","","","","","","","","","",""
"2013091983","","1","0","0","0","0","0","0","0","0","8","0","","02","9","2013","3","40.285885","-80.012177","","11","0","0","0","0","0","0","0","0","","0","0","0","","","1","","2","","40 17:09.186","","0","80 00:43.837","4","0","0","0","2219","1","0","0","N","1","0","0","2","02219","1","","1.0","","1","N","N","","0","","0","0","0","0","0","","","2","1","0","0","0","0","1","2","0","1","","","","N","","","","","","","","","",""
"2013094027","","1","0","0","0","0","0","0","0","0","2","0","","02","9","2013","6","40.430159","-80.013731","","11","0","0","0","0","0","2","0","0","1","0","0","0","","","1","","3","","40 25:48.572","3","0","80 00:49.431","3","0","0","1","2301","0","0","0","N","0","0","0","2","02301","0","","1.0","","1","N","N","","0","","1","0","0","3","3","N","","2","1","0","0","0","0","0","2","0","2","","","","N","","","","","","","","","",""
"2013093384","","0","0","0","0","0","0","0","0","0","1","2","","02","9","2013","5","40.427674","-79.923443","","11","0","0","0","0","0","1","0","0","","0","2","0","","","0","","0","","40 25:39.628","","0","79 55:24.396","0","0","0","0","2301","0","0","0","N","0","0","0","2","68B03","0","","1.0","","1","N","N","","0","","0","0","0","0","0","","","2","0","0","0","0","0","0","2","0","2","","","","N","","","","","","","","","",""
"2013093316","","1","0","0","0","0","0","0","0","0","2","0","","02","9","2013","4","40.438023","-79.913084","","11","0","0","0","0","0","1","0","0","1","0","0","0","","","0","","1","","40 26:16.882","3","0","79 54:47.102","0","0","0","0","2301","0","0","0","N","0","0","0","2","02301","0","","1.0","","1","N","N","","0","","0","0","1","3","2","N","","2","0","0","0","0","0","0","2","0","2","","","","N","","","","","","","","","",""
"2013093385","","1","0","0","0","0","0","0","0","0","1","0","45","02","9","2013","3","40.425954","-79.899648","","11","0","0","0","0","0","0","0","0","","0","0","0","","","2","","0","","40 25:33.433","","0","79 53:58.734","8","0","0","0","2301","0","0","0","N","0","0","0","3","68B03","0","","1.0","","1","N","N","","1","","0","0","0","0","0","","","2","2","0","0","0","2","0","2","0","2","","","Y","Y","2","2","N","N","N","Y","N","N","N",""
"2013077181","","0","0","0","0","0","0","0","0","0","4","0","","02","7","2013","4","40.437721","-79.975941","","11","0","0","0","0","0","0","0","0","3","0","0","0","","","2","","1","","40 26:15.795","7","0","79 58:33.387","4","0","0","0","2301","0","0","0","N","0","0","0","4","02301","2","","1.0","","1","N","N","","0","","0","0","2","0","0","Y","","2","2","1","0","0","0","0","2","0","2","","","","N","","","","","","","","","",""
"2013077256","","1","0","0","0","0","0","0","0","0","5","0","","02","5","2013","6","40.456196","-79.756583","","11","0","0","0","0","0","0","0","0","","0","0","0","","","1","","0","","40 27:22.307","","0","79 45:23.698","4","0","0","0","2446","0","0","0","N","0","0","0","5","68T02","1","","1.0","","1","N","N","","0","","0","0","1","0","0","","","2","1","0","0","0","0","0","2","0","2","","","","N","","","","","","","","","",""
"2013077325","","1","0","0","0","0","0","0","0","0","1","0","","02","8","2013","5","40.490572","-79.868846","","11","0","0","0","0","0","0","0","1","","0","0","0","","","1","","3","","40 29:26.059","","2","79 52:07.845","4","0","0","0","2112","0","0","0","N","0","0","0","3","02112","1","","1.0","","1","N","N","","0","","0","0","0","3","3","","","2","1","0","0","0","0","0","2","1","2","","","","N","","","","","","","","","",""