"CRN","ARRIVAL_TM","AUTOMOBILE_COUNT","BELTED_DEATH_COUNT","BELTED_SUSP_SERIOUS_INJ_COUNT","BICYCLE_COUNT","BICYCLE_DEATH_COUNT","BICYCLE_SUSP_SERIOUS_INJ_COUNT","BUS_COUNT","CHLDPAS_DEATH_COUNT","CHLDPAS_SUSP_SERIOUS_INJ_COUNT","COLLISION_TYPE","COMM_VEH_COUNT","CONS_ZONE_SPD_LIM","COUNTY","CRASH_MONTH","CRASH_YEAR","DAY_OF_WEEK","DEC_LATITUDE","DEC_LONGITUDE","DISPATCH_TM","DISTRICT","DRIVER_COUNT_16YR","DRIVER_COUNT_17YR","DRIVER_COUNT_18YR","DRIVER_COUNT_19YR","DRIVER_COUNT_20YR","DRIVER_COUNT_50_64YR","DRIVER_COUNT_65_74YR","DRIVER_COUNT_75PLUS","EST_HRS_CLOSED","FATAL_COUNT","HEAVY_TRUCK_COUNT","HORSE_BUGGY_COUNT","HOUR_OF_DAY","ILLUMINATION","INJURY_COUNT","INTERSECTION_RELATED","INTERSECT_TYPE","LANE_CLOSED","LATITUDE","LN_CLOSE_DIR","LOCATION_TYPE","LONGITUDE","MAX_SEVERITY_LEVEL","MCYCLE_DEATH_COUNT","MCYCLE_SUSP_SERIOUS_INJ_COUNT","MOTORCYCLE_COUNT","MUNICIPALITY","NONMOTR_COUNT","NONMOTR_DEATH_COUNT","NONMOTR_SUSP_SERIOUS_INJ_COUNT","NTFY_HIWY_MAINT","PED_COUNT","PED_DEATH_COUNT","PED_SUSP_SERIOUS_INJ_COUNT","PERSON_COUNT","POLICE_AGCY","POSSIBLE_INJ_COUNT","RDWY_SURF_TYPE_CD","RELATION_TO_ROAD","ROADWAY_CLEARED","ROAD_CONDITION","SCH_BUS_IND","SCH_ZONE_IND","SECONDARY_CRASH","SMALL_TRUCK_COUNT","SPEC_JURIS_CD","SUSP_MINOR_INJ_COUNT","SUSP_SERIOUS_INJ_COUNT","SUV_COUNT","TCD_FUNC_CD","TCD_TYPE","TFC_DETOUR_IND","TIME_OF_DAY","TOTAL_UNITS","TOT_INJ_COUNT","UNBELTED_OCC_COUNT","UNB_DEATH_COUNT","UNB_SUSP_SERIOUS_INJ_COUNT","UNK_INJ_DEG_COUNT","UNK_INJ_PER_COUNT","URBAN_RURAL","VAN_COUNT","VEHICLE_COUNT","WEATHER1","WEATHER2","WORKERS_PRES","WORK_ZONE_IND","WORK_ZONE_LOC","WORK_ZONE_TYPE","WZ_CLOSE_DETOUR","WZ_FLAGGER","WZ_LAW_OFFCR_IND","WZ_LN_CLOSURE","WZ_MOVING","WZ_OTHER","WZ_SHLDER_MDN","WZ_WORKERS_INJ_KILLED"
"2013076849","","2","0","0","0","0","0","0","0","0","5","0","","02","7","2013","2","40.426972","-80.002784","","11","0","0","0","0","0","0","0","0","","0","0","0","","","0","","0","","40 25:37.099","","0","80 00:10.021","0","0","0","0","2301","0","0","0","N","0","0","0","2","02301","0","","6.0","","1","N","N","","0","","0","0","0","0","0","","","2","0","0","0","0","0","0","2","0","2","","","","N","","","","","","","","","",""
"2013078896","","2","0","0","0","0","0","0","0","0","2","0","","02","8","2013","2","40.399899","-79.786644","","11","0","0","0","0","0","1","0","0","2","0","0","0","","","1","","0","","40 23:59.635","6","0","79 47:11.917","8","0","0","0","2446","0","0","0","N","0","0","0","2","02446","0","","1.0","","1","N","N","","0","","0","0","0","0","0","Y","","2","1","0","0","0","1","0","2","0","2","","","","N","","","","","","","","","",""
"2013079774","","2","0","0","0","0","0","0","0","0","2","0","","02","8","2013","5","40.444449","-79.995637","","11","0","0","0","0","0","0","1","0","2","0","0","0","","","1","","1","","40 26:40.016","4","0","79 59:44.293","8","0","0","0","2301","0","0","0","N","0","0","0","2","02301","0","","1.0","","1","N","N","","0","","0","0","0","9","2","N","","2","1","0","0","0","1","0","2","0","2","","","","N","","","","","","","","","",""
"2013078222","","1","0","0","0","0","0","0","0","0","1","0","","02","7","2013","3","40.413081","-80.079944","","11","0","1","0","0","0","0","0","0","2","0","0","0","","","0","","0","","40 24:47.093","4","3","80 04:47.800","0","0","0","0","2415","0","0","0","N","0","0","0","6","68B03","0","","1.0","","1","N","N","","0","","0","0","2","0","0","N","","3","0","0","0","0","0","0","2","0","3","","","","N","","","","","","","","","",""
"2013079037","","2","0","0","0","0","0","0","0","0","4","0","","02","8","2013","3","40.449435","-79.986465","","11","0","0","0","0","0","2","0","0","","0","0","0","","","0","","0","","40 26:57.966","","7","79 59:11.274","0","0","0","0","2301","0","0","0","N","0","0","0","2","02301","0","","1.0","","1","N","N","","0","","0","0","0","0","0","","","2","0","2","0","0","0","0","2","0","2","","","","N","","","","","","","","","",""
"2013078223","","1","0","0","0","0","0","0","0","0","7","0","","02","7","2013","2","40.447982","-80.166451","","11","0","0","0","0","0","0","0","0","","0","0","0","","","0","","7","","40 26:52.734","","0","80 09:59.225","0","0","0","0","2115","0","0","0","Y","0","0","0","1","68B03","0","","5.0","","1","N","N","","0","","0","0","0","0","0","","","1","0","0","0","0","0","0","2","0","1","","","","N","","","","","","","","","",""
"2013079038","","2","0","0","0","0","0","0","0","0","4","0","","02","7","2013","3","40.409207","-79.964502","","11","0","0","0","0","0","0","0","0","1","0","0","0","","","0","","3","","40 24:33.145","2","0","79 57:52.207","0","0","0","0","2301","0","0","0","N","0","0","0","2","02301","0","","1.0","","1","N","N","","1","","0","0","0","3","3","N","","3","0","0","0","0","0","0","2","0","3","","","","N","","","","","","","","","",""
"2013078224","","2","0","0","0","0","0","0","0","0","1","0","","02","7","2013","3","40.429448","-80.133248","","11","0","0","0","1","0","0","1","0","","0","0","0","","","0","","0","","40 25:46.011","","0","80 07:59.691","0","0","0","0","2102","0","0","0","N","0","0","0","2","68B03","0","","1.0","","1","N","N","","0","","0","0","0","0","0","","","2","0","0","0","0","0","0","2","0","2","","","","N","","","","","","","","","",""
"2013078225","","2","0","0","0","0","0","0","0","0","1","0","","02","8","2013","5","40.424534","-80.11255","","11","0","0","0","0","0","0","0","0","2","0","0","0","","","0","","0","","40 25:28.323","3","0","80 06:45.181","0","0","0","0","2115","0","0","0","N","0","0","0","5","68B03","0","","1.0","","1","N","N","","1","","0","0","0","0","0","N","","3","0","0","0","0","0","0","2","0","3","","","","N","","","","","","","","","",""
"2013079040","","1","0","0","0","0","0","0","0","0","5","0","","02","8","2013","7","40.516767","-80.162464","","11","0","0","0","0","0","0","0","0","1","0","0","0","","","0","","0","","40 31:00.360","4","0","80 09:44.870","0","0","0","0","2420","0","0","0","N","0","0","0","2","02420","0","","1.0","","1","N","N","","1","","0","0","0","0","0","N","","2","0","0","0","0","0","0","2","0","2","","","","N","","","","","","","","","",""
"2013076853","","2","0","0","0","0","0","0","0","0","5","0","","02","7","2013","3","40.460202","-79.969305","","11","0","1","0","0","0","0","0","0","1","0","0","0","","","0","","1","","40 27:36.727","3","0","79 58:09.498","0","0","0","0","2301","0","0","0","N","0","0","0","4","02301","0","","1.0","","1","N","N","","0","","0","0","0","0","0","N","","2","0","0","0","0","0","0","2","0","2","","","","N","","","","","","","","","",""
"2013076866","","0","0","0","0","0","0","0","0","0","8","0","","02","7","2013","3","40.451637","-80.001157","","11","0","0","0","0","0","0","1","0","1","0","0","0","","","1","","2","","40 27:05.893","1","0","80 00:04.165","4","0","0","0","2301","1","0","0","N","1","0","0","2","02301","1","","1.0","","1","N","N","","0","","0","0","0","2","8","N","","2","1","0","0","0","0","0","2","1","1","","","","N","","","","","","","","","",""
"2013078900","","1","0","0","0","0","0","0","0","0","1","0","","02","7","2013","4","40.347758","-79.951848","","11","0","0","0","0","1","1","0","0","1","0","0","0","","","1","","1","","40 20:51.930","4","0","79 57:06.652","4","0","0","0","2473","0","0","0","N","0","0","0","3","02473","1","","1.0","","1","N","N","","1","","0","0","0","3","2","N","","3","1","0","0","0","0","0","2","1","3","","","","N","","","","","","","","","",""
"2013078158","","2","0","0","0","0","0","0","0","0","4","0","","02","8","2013","7","40.454012","-79.953338","","11","0","0","0","0","0","0","0","0","","0","0","0","","","0","","5","","40 27:14.443","","0","79 57:12.018","0","0","0","0","2301","0","0","0","N","0","0","0","3","02301","0","","1.0","","1","N","N","","0","","0","0","0","3","2","","","2","0","0","0","0","0","0","2","0","2","","","","N","","","","","","","","","",""
"2013079779","","1","0","0","0","0","0","0","0","0","7","0","","02","8","2013","5","40.372514","-79.988923","","11","0","0","1","0","0","0","0","0","","0","0","0","","","0","","2","","40 22:21.050","","0","79 59:20.122","0","0","0","0","2476","0","0","0","N","0","0","0","2","02476","0","","5.0","","1","N","N","","0","","0","0","0","0","0","","","1","0","0","0","0","0","0","2","0","1","","","","N","","","","","","","","","",""
"2013079042","","1","0","0","0","0","0","0","0","0","4","0","","02","8","2013","3","40.446201","-80.027097","","11","0","0","0","0","0","0","1","0","","0","0","0","","","0","","1","","40 26:46.322","","3","80 01:37.549","0","0","0","0","2301","0","0","0","N","0","0","0","6","02301","0","","1.0","","1","N","N","","0","","0","0","0","3","2","","","2","0","0","0","0","0","0","2","1","2","","","","N","","","","","","","","","",""
"2013078838","","1","0","0","0","0","0","0","0","0","7","0","","02","6","2013","3","40.523086","-79.818331","","11","0","0","0","0","0","0","0","0","2","0","0","0","","","1","","0","","40 31:23.108","3","0","79 49:05.993","4","0","0","0","2466","0","0","0","N","0","0","0","3","68T02","1","","3.0","","1","N","N","","0","","0","0","0","0","0","N","","1","1","0","0","0","0","0","2","0","1","","","","N","","","","","","","","","",""
"2013077473","","1","0","0","0","0","0","0","0","0","7","0","","02","6","2013","4","","","","11","0","0","0","0","0","0","0","0","2","0","0","0","","","0","","0","","","2","0","","0","0","0","0","2301","0","0","0","N","0","0","0","1","67301","0","","4.0","","1","N","N","","0","","0","0","0","0","0","Y","","1","0","0","0","0","0","0","1","0","1","","","","N","","","","","","","","","",""
"2013078308","","2","0","0","0","0","0","0","0","0","4","0","","02","8","2013","7","40.428177","-79.971115","","11","0","0","0","0","0","0","0","0","1","0","0","0","","","0","","1","","40 25:41.436","4","0","79 58:16.014","0","0","0","0","2301","0","0","0","N","0","0","0","3","02301","0","","1.0","","1","N","N","","0","","0","0","0","0","0","N","","2","0","0","0","0","0","0","2","0","2","","","","N","","","","","","","","","",""
"2013076856","","1","0","0","0","0","0","0","0","0","0","0","","02","7","2013","3","40.363378","-79.968103","","11","0","0","0","0","0","0","0","0","","0","0","0","","","1","","5","","40 21:48.160","","0","79 58:05.170","4","0","0","1","2476","0","0","0","N","0","0","0","2","02476","1","","1.0","","1","N","N","","0","","0","0","0","0","0","","","2","1","0","0","0","0","0","2","0","2","","","","N","","","","","","","","","",""
"2013079611","","2","0","0","0","0","0","0","0","0","5","0","","02","8","2013","4","40.446823","-79.989269","","11","0","0","0","0","0","0","0","0","1","0","0","0","","","0","","2","","40 26:48.562","3","0","79 59:21.368","0","0","0","0","2301","0","0","0","N","0","0","0","4","02301","0","","1.0","","1","N","N","","0","","0","0","0","3","3","N","","2","0","0","0","0","0","0","2","0","2","","","","N","","","","","","","","","",""
"2013076870","","1","0","0","0","0","0","0","0","0","7","0","","02","7","2013","3","40.488361","-79.88296","","11","0","0","0","0","0","0","0","0","","0","0","0","","","0","","0","","40 29:18.099","","0","79 52:58.657","0","0","0","0","2112","0","0","0","N","0","0","0","1","02112","0","","5.0","","1","N","N","","0","","0","0","0","0","0","","","1","0","0","0","0","0","0","2","0","1","","","","N","","","","","","","","","",""
"2013079612","","1","0","0","0","0","0","0","0","0","8","0","","02","8","2013","1","40.395527","-80.031634","","11","0","0","0","0","0","1","0","0","","0","0","0","","","1","","0","","40 23:43.897","","0","80 01:53.882","4","0","0","0","2422","1","0","0","N","1","0","0","2","02422","1","","5.0","","1","N","N","","0","","0","0","0","0","0","","","2","1","0","0","0","0","0","2","0","1","","","","N","","","","","","","","","",""
"2013079046","","3","0","0","0","0","0","0","0","0","1","0","","02","8","2013","3","40.488053","-79.921005","","11","0","0","0","0","0","1","0","0","","0","0","0","","","1","","0","","40 29:16.990","","0","79 55:15.617","8","0","0","0","2301","0","0","0","N","0","0","0","1","02301","0","","1.0","","1","N","N","","0","","0","0","0","0","0","","","3","1","0","0","0","1","0","2","0","3","","","","N","","","","","","","","","",""
"2013079115","","0","0","0","0","0","0","0","0","0","7","0","","02","8","2013","1","40.573939","-80.03751","","11","0","0","0","0","1","0","0","0","2","0","0","0","","","0","","0","","40 34:26.180","5","0","80 02:15.036","0","0","0","0","2108","0","0","0","N","0","0","0","1","02108","0","","3.0","","1","N","N","","0","","0","0","1","0","0","Y","","1","0","0","0","0","0","0","2","0","1","","","","N","","","","","","","","","",""
"2013079116","","1","0","0","0","0","0","0","0","0","1","0","","02","8","2013","2","40.570633","-80.04413","","11","0","0","0","0","0","1","0","0","1","0","0","0","","","1","","0","","40 34:14.277","3","0","80 02:38.869","4","0","0","0","2108","0","0","0","N","0","0","0","1","02108","1","","1.0","","1","N","N","","1","","0","0","0","0","0","N","","2","1","0","0","0","0","0","2","0","2","","","","N","","","","","","","","","",""
"2013079721","","1","0","0","0","0","0","0","0","0","4","0","","02","7","2013","5","40.310285","-79.99013","","11","0","0","0","0","0","0","1","0","","0","0","0","","","1","","0","","40 18:37.026","","0","79 59:24.468","2","0","0","0","2219","0","0","0","N","0","0","0","2","02219","0","","1.0","","1","N","N","","1","","0","1","0","0","0","","","2","1","0","0","0","0","1","2","0","2","","","","N","","","","","","","","","",""
"2013078180","","2","0","0","0","0","0","0","0","0","2","0","","02","7","2013","3","40.495055","-80.061993","","11","0","0","0","0","0","1","0","0","","0","0","0","","","0","","0","","40 29:42.197","","0","80 03:43.173","0","0","0","0","2402","0","0","0","N","0","0","0","1","02402","0","","2.0","","1","N","N","","0","","0","0","0","0","0","","","2","0","1","0","0","0","0","2","0","2","","","","N","","","","","","","","","",""
"2013077552","","0","0","0","0","0","0","0","0","0","1","0","","02","8","2013","5","40.461897","-79.926204","","11","0","0","0","0","1","0","0","0","","0","0","0","","","1","","0","","40 27:42.830","","0","79 55:34.334","4","0","0","0","2301","0","0","0","N","0","0","0","4","02301","1","","1.0","","1","N","N","","1","","0","0","1","0","0","","","3","1","0","0","0","0","0","2","1","3","","","","N","","","","","","","","","",""
"2013079117","","1","0","0","0","0","0","0","0","0","4","0","","02","8","2013","2","40.580246","-80.037739","","11","0","0","0","0","0","0","0","1","1","0","0","0","","","0","","3","","40 34:48.885","1","0","80 02:15.859","0","0","0","0","2108","0","0","0","N","0","0","0","2","02108","0","","1.0","","1","N","N","","0","","0","0","0","3","3","N","","2","0","0","0","0","0","0","2","1","2","","","","N","","","","","","","","","",""
"2013077553","","1","0","0","0","0","0","0","0","0","2","0","","02","8","2013","5","40.564661","-79.77037","","11","0","0","0","0","0","1","0","0","1","0","0","0","","","0","","0","","40 33:52.780","6","3","79 46:13.331","0","0","0","0","2104","0","0","0","N","0","0","0","2","64305","0","","1.0","","1","N","N","","1","","0","0","0","3","2","N","","2","0","0","0","0","0","0","1","0","2","","","","N","","","","","","","","","",""
"2013079118","","2","0","0","0","0","0","0","0","0","4","0","","02","7","2013","2","40.522369","-80.181268","","11","0","0","0","0","0","0","1","0","1","0","0","0","","","0","","0","","40 31:20.528","2","0","80 10:52.566","0","0","0","0","2213","0","0","0","N","0","0","0","2","02213","0","","1.0","","9","N","N","","0","","0","0","0","0","0","N","","2","0","0","0","0","0","0","2","0","2","","","","N","","","","","","","","","",""
"2013076935","","3","0","0","0","0","0","0","0","0","4","0","","02","7","2013","3","40.326245","-79.956811","","11","0","0","0","0","0","1","1","1","2","0","0","0","","","2","","2","","40 19:34.482","5","0","79 57:24.519","3","0","0","0","2454","0","0","0","N","0","0","0","4","02454","1","","1.0","","1","N","N","","0","","1","0","0","3","3","Y","","3","2","0","0","0","0","0","2","0","3","","","","N","","","","","","","","","",""
"2013079119","","1","0","0","0","0","0","0","0","0","4","0","","02","7","2013","3","40.519566","-80.22399","","11","0","0","0","0","0","0","0","0","1","0","0","0","","","0","","0","","40 31:10.436","3","0","80 13:26.363","9","0","0","0","2213","0","0","0","N","0","0","0","2","02213","0","","1.0","","9","N","N","","0","","0","0","0","0","0","N","","2","0","0","0","0","0","1","2","0","2","","","","N","","","","","","","","","",""
"2013078169","","1","0","0","0","0","0","0","0","0","4","0","","02","8","2013","7","40.496014","-80.007929","","11","0","0","0","0","0","0","0","0","1","0","0","0","","","0","","1","","40 29:45.651","2","0","80 00:28.545","0","0","0","0","2301","0","0","0","N","0","0","0","3","02301","0","","1.0","","1","N","N","","0","","0","0","1","3","3","N","","2","0","0","0","0","0","0","2","0","2","","","","N","","","","","","","","","",""
"2013078247","","1","0","0","0","0","0","0","0","0","7","0","","02","7","2013","2","40.442449","-79.752997","","11","0","0","0","0","0","0","0","0","","0","0","0","","","0","","0","","40 26:32.815","","0","79 45:10.789","0","0","0","0","2446","0","0","0","N","0","0","0","3","68T02","0","","3.0","","1","N","N","","0","","0","0","0","0","0","","","1","0","0","0","0","0","0","2","0","1","","","","N","","","","","","","","","",""
"2013079051","","1","0","0","0","0","0","1","0","0","1","1","","02","8","2013","3","40.455193","-80.008625","","11","0","0","0","0","0","1","0","0","","0","0","0","","","0","","0","","40 27:18.694","","0","80 00:31.050","0","0","0","0","2301","0","0","0","N","0","0","0","1","02503","0","","1.0","","1","N","N","","0","","0","0","0","0","0","","","2","0","0","0","0","0","0","2","0","2","","","","N","","","","","","","","","",""
"2013077555","","2","0","0","0","0","0","0","0","0","5","0","","02","7","2013","3","40.434868","-80.013074","","11","0","0","0","0","0","0","0","0","1","0","0","0","","","0","","0","","40 26:05.524","2","0","80 00:47.066","0","0","0","0","2301","0","0","0","N","0","0","0","1","02301","0","","2.0","","1","N","N","","0","","0","0","0","0","0","N","","2","0","0","0","0","0","0","2","0","2","","","","N","","","","","","","","","",""
"2013079120","","2","0","0","0","0","0","0","0","0","4","0","","02","7","2013","5","40.293006","-80.030794","","11","0","0","1","0","0","0","0","0","","0","0","0","","","0","","2","","40 17:34.822","","0","80 01:50.859","0","0","0","0","2407","0","0","0","N","0","0","0","3","02407","0","","1.0","","1","N","N","","0","","0","0","0","3","2","","","2","0","1","0","0","0","0","2","0","2","","","","N","","","","","","","","","",""
"2013078459","","0","0","0","0","0","0","0","0","0","0","0","","02","8","2013","1","40.517234","-80.148609","","11","0","0","0","0","0","1","0","0","","0","0","0","","","2","","0","","40 31:02.041","","0","80 08:54.992","3","0","0","1","2110","0","0","0","N","0","0","0","2","02215","0","","4.0","","1","N","N","","0","","1","0","0","0","0","","","1","2","0","0","0","1","0","2","0","1","","","","N","","","","","","","","","",""
"2013078613","","2","0","0","0","0","0","0","0","0","4","0","","02","8","2013","2","40.4262","-80.007871","","11","0","0","0","0","0","0","0","0","","0","0","0","","","1","","0","","40 25:34.320","","0","80 00:28.335","3","0","0","0","2301","0","0","0","N","0","0","0","2","02301","0","","1.0","","1","N","","","0","","1","0","0","0","0","","","2","1","0","0","0","0","0","2","0","2","","","","N","","","","","","","","","",""
"2013085617","","1","0","0","0","0","0","0","0","0","7","0","","02","8","2013","3","40.394694","-79.773933","","11","0","0","0","0","0","0","0","0","","0","0","0","","","0","","0","","40 23:40.897","","0","79 46:26.160","0","0","0","0","2446","0","0","0","N","0","0","0","1","02446","0","","4.0","","1","N","N","","0","","0","0","0","0","0","","","1","0","0","0","0","0","0","2","0","1","","","","N","","","","","","","","","",""
"2013078615","","2","0","0","0","0","0","0","0","0","1","0","","02","8","2013","2","40.459288","-79.930581","","11","0","0","0","0","0","1","0","0","","0","0","0","","","0","","0","","40 27:33.438","","0","79 55:50.092","0","0","0","0","2301","0","0","0","N","0","0","0","2","02301","0","","1.0","","1","N","N","","0","","0","0","0","3","2","","","2","0","0","0","0","0","0","2","0","2","","","","N","","","","","","","","","",""
"2013083206","","1","0","0","0","0","0","0","0","0","1","0","","02","8","2013","2","40.437015","-79.963241","","11","0","0","0","0","1","0","0","0","","0","0","0","","","1","","0","","40 26:13.255","","0","79 57:47.666","4","0","0","0","2301","0","0","0","N","0","0","0","2","02301","1","","1.0","","1","N","N","","1","","0","0","0","3","2","","","2","1","0","0","0","0","0","2","0","2","","","","N","","","","","","","","","",""
"2013077705","","0","0","0","0","0","0","0","0","0","2","0","","02","8","2013","5","40.376226","-80.09787","","11","0","0","0","0","0","0","0","0","1","0","0","0","","","0","","2","","40 22:34.412","4","0","80 05:52.331","0","0","0","0","2102","0","0","0","N","0","0","0","4","02102","0","","1.0","","1","N","N","","0","","0","0","2","0","0","N","","2","0","0","0","0","0","0","2","0","2","","","","N","","","","","","","","","",""
"2013077694","","2","0","0","0","0","0","0","0","0","1","0","","02","8","2013","5","40.427444","-79.721449","","11","0","0","0","0","0","0","0","0","","0","0","0","","","2","","1","","40 25:38.799","","0","79 43:17.215","8","0","0","0","2446","0","0","0","N","0","0","0","5","02446","0","","1.0","","1","N","N","","0","","0","0","0","3","2","","","2","2","0","0","0","2","0","2","0","2","","","","N","","","","","","","","","",""
"2013076956","","1","0","0","0","0","0","0","0","0","5","1","","02","7","2013","4","40.35659","-79.83773","","11","0","0","0","0","0","0","0","0","1","0","1","0","","","1","","0","","40 21:23.724","3","0","79 50:15.828","3","0","0","0","2304","0","0","0","N","0","0","0","2","02304","0","","2.0","","1","N","N","","0","","1","0","1","0","0","N","","3","1","1","0","0","0","0","2","0","3","","","","N","","","","","","","","","",""
"2013083208","","0","0","0","0","0","0","0","0","0","4","1","","02","8","2013","2","40.444202","-80.028173","","11","0","0","0","0","1","0","0","0","","0","1","0","","","0","","10","","40 26:39.126","","0","80 01:41.424","0","0","0","0","2301","0","0","0","N","0","0","0","2","02301","0","","1.0","","1","N","N","","0","","0","0","1","3","2","","","2","0","0","0","0","0","0","2","0","2","","","","N","","","","","","","","","",""
"2013077695","","2","0","0","0","0","0","0","0","0","4","0","","02","7","2013","6","40.552769","-80.022694","","11","0","0","0","0","1","0","0","0","1","0","0","0","","","0","","0","","40 33:09.970","2","0","80 01:21.700","0","0","0","0","2116","0","0","0","N","0","0","0","2","02116","0","","1.0","","1","N","N","","0","","0","0","0","0","0","N","","2","0","0","0","0","0","0","2","0","2","","","","N","","","","","","","","","",""
"2013077707","","1","0","0","0","0","0","0","0","0","6","0","","02","8","2013","5","40.525598","-79.840956","","11","0","0","0","0","0","0","0","0","1","0","0","0","","","0","","1","","40 31:32.153","3","0","79 50:27.440","0","0","0","0","2451","0","0","0","N","0","0","0","3","02451","0","","1.0","","1","N","N","","1","","0","0","0","3","2","Y","","2","0","0","0","0","0","0","2","0","2","","","","N","","","","","","","","","",""
"2013078541","","0","0","0","0","0","0","0","0","0","7","0","","02","6","2013","3","40.673945","-80.095644","","11","0","0","0","0","0","0","0","0","3","0","0","0","","","0","","0","","40 40:26.203","1","0","80 05:44.318","0","0","0","0","2212","0","0","0","Y","0","0","0","2","68B03","0","","4.0","","1","N","N","","1","","0","0","0","0","0","N","","1","0","0","0","0","0","0","2","0","1","","","","N","","","","","","","","","",""
"2013078618","","1","0","0","0","0","0","0","0","0","7","0","","02","8","2013","2","40.404105","-80.039766","","11","0","0","0","0","0","0","0","0","","0","0","0","","","0","","0","","40 24:14.778","","0","80 02:23.158","0","0","0","0","2301","0","0","0","N","0","0","0","1","02301","0","","2.0","","1","N","N","","0","","0","0","0","0","0","","","1","0","0","0","0","0","0","2","0","1","","","","N","","","","","","","","","",""
"2013077708","","2","0","0","0","0","0","0","0","0","1","0","","02","8","2013","5","40.363753","-80.086108","","11","0","0","0","0","0","0","0","1","","0","0","0","","","0","","0","","40 21:49.510","","0","80 05:09.990","0","0","0","0","2123","0","0","0","N","0","0","0","3","02123","0","","1.0","","1","N","N","","0","","0","0","1","0","0","","","3","0","0","0","0","0","0","2","0","3","","","","N","","","","","","","","","",""
"2013078604","","1","0","0","0","0","0","0","0","0","7","0","","02","7","2013","3","40.397664","-79.857456","","11","0","0","0","0","0","0","0","0","","0","0","0","","","0","","0","","40 23:51.590","","0","79 51:26.840","0","0","0","0","2449","0","0","0","N","0","0","0","1","02449","0","","2.0","","1","N","N","","0","","0","0","0","3","3","","","1","0","1","0","0","0","0","2","0","1","","","","N","","","","","","","","","",""
"2013078619","","0","0","0","0","0","0","0","0","0","4","0","","02","8","2013","2","40.431144","-79.959222","","11","0","0","0","0","0","2","0","0","2","0","1","0","","","0","","5","","40 25:52.118","3","0","79 57:33.198","0","0","0","0","2301","0","0","0","N","0","0","0","3","02301","0","","1.0","","1","N","N","","0","","0","0","1","3","2","N","","2","0","0","0","0","0","0","2","0","2","","","","N","","","","","","","","","",""
"2013078543","","1","0","0","0","0","0","0","0","0","99","0","","02","8","2013","1","40.443819","-80.309784","","11","0","0","0","1","0","0","0","0","","0","0","0","","","1","","0","","40 26:37.749","","0","80 18:35.221","8","0","0","0","2203","0","0","0","N","0","0","0","1","68B03","0","","1.0","","1","N","N","","0","","0","0","0","0","0","","","1","1","0","0","0","1","0","1","0","1","","","","N","","","","","","","","","",""
"2013078620","","0","0","0","0","0","0","0","0","0","1","0","","02","8","2013","1","40.520042","-79.941345","","11","0","0","0","0","0","0","0","0","1","0","0","0","","","0","","0","","40 31:12.151","2","0","79 56:28.842","0","0","0","0","2118","0","0","0","N","0","0","0","5","02118","0","","1.0","","1","N","N","","0","","0","0","2","0","0","N","","2","0","0","0","0","0","0","2","0","2","","","","N","","","","","","","","","",""
"2013083211","","1","0","0","0","0","0","0","0","0","4","0","","02","8","2013","2","40.44026","-79.919569","","11","0","0","0","0","0","1","0","0","2","0","0","0","","","1","","0","","40 26:24.935","5","7","79 55:10.448","3","0","0","0","2301","0","0","0","N","0","0","0","4","02301","0","","1.0","","1","N","N","","0","","1","0","0","0","0","Y","","2","1","0","0","0","0","0","2","1","2","","","","N","","","","","","","","","",""
"2013077698","","1","0","0","0","0","0","0","0","0","1","0","","02","7","2013","4","40.539187","-80.011705","","11","0","1","0","0","0","0","1","0","1","0","0","0","","","0","","0","","40 32:21.074","1","0","80 00:42.139","0","0","0","0","2116","0","0","0","N","0","0","0","3","02116","0","","1.0","","1","N","N","","0","","0","0","1","0","0","N","","2","0","0","0","0","0","0","2","0","2","","","","N","","","","","","","","","",""
"2013079348","","1","0","0","0","0","0","0","0","0","1","0","","02","8","2013","4","40.428289","-79.930378","","11","0","0","0","0","0","1","0","0","","0","0","0","","","0","","0","","40 25:41.840","","1","79 55:49.360","0","0","0","0","2301","0","0","0","N","0","0","0","2","02301","0","","1.0","","1","N","N","","0","","0","0","1","0","0","","","2","0","0","0","0","0","0","2","0","2","","","","N","","","","","","","","","",""
"2013077857","","1","0","0","0","0","0","0","0","0","8","0","","02","8","2013","6","40.457109","-79.925196","","11","0","0","0","0","0","0","0","1","","0","0","0","","","1","","1","","40 27:25.592","","0","79 55:30.705","3","0","0","0","2301","1","0","0","N","1","0","0","3","02301","0","","1.0","","1","N","N","","0","","1","0","0","3","2","","","2","1","0","0","0","0","0","2","0","1","","","","N","","","","","","","","","",""
"2013084701","","1","0","0","0","0","0","0","0","0","1","0","","02","8","2013","6","40.451928","-80.009165","","11","0","0","0","0","0","0","0","0","1","0","0","0","","","0","","0","","40 27:06.942","4","0","80 00:32.994","0","0","0","0","2301","0","0","0","N","0","0","0","2","02301","0","","1.0","","1","N","N","","0","","0","0","0","3","2","N","","2","0","0","0","0","0","0","2","1","2","","","","N","","","","","","","","","",""
"2013077858","","2","0","0","0","0","0","0","0","0","6","0","","02","8","2013","6","40.442442","-80.00323","","11","0","0","0","0","0","0","0","0","","0","0","0","","","0","","1","","40 26:32.791","","0","80 00:11.628","9","0","0","0","2301","0","0","0","N","0","0","0","7","02301","0","","1.0","","1","N","N","","0","","0","0","0","3","2","","","2","0","0","0","0","0","7","2","0","2","","","","N","","","","","","","","","",""
"2013078622","","3","0","0","0","0","0","0","0","0","1","0","","02","8","2013","2","40.460523","-80.225093","","11","0","0","0","0","0","0","0","0","3","0","0","0","","","1","","0","","40 27:37.882","5","0","80 13:30.334","8","0","0","0","2203","0","0","0","N","0","0","0","4","02203","0","","1.0","","1","N","N","","1","","0","0","0","0","0","Y","","4","1","0","0","0","1","0","2","0","4","","","","N","","","","","","","","","",""