"CRN","ARRIVAL_TM","AUTOMOBILE_COUNT","BELTED_DEATH_COUNT","BELTED_SUSP_SERIOUS_INJ_COUNT","BICYCLE_COUNT","BICYCLE_DEATH_COUNT","BICYCLE_SUSP_SERIOUS_INJ_COUNT","BUS_COUNT","CHLDPAS_DEATH_COUNT","CHLDPAS_SUSP_SERIOUS_INJ_COUNT","COLLISION_TYPE","COMM_VEH_COUNT","CONS_ZONE_SPD_LIM","COUNTY","CRASH_MONTH","CRASH_YEAR","DAY_OF_WEEK","DEC_LATITUDE","DEC_LONGITUDE","DISPATCH_TM","DISTRICT","DRIVER_COUNT_16YR","DRIVER_COUNT_17YR","DRIVER_COUNT_18YR","DRIVER_COUNT_19YR","DRIVER_COUNT_20YR","DRIVER_COUNT_50_64YR","DRIVER_COUNT_65_74YR","DRIVER_COUNT_75PLUS","EST_HRS_CLOSED","FATAL_COUNT","HEAVY_TRUCK_COUNT","HORSE_BUGGY_COUNT","HOUR_OF_DAY","ILLUMINATION","INJURY_COUNT","INTERSECTION_RELATED","INTERSECT_TYPE","LANE_CLOSED","LATITUDE","LN_CLOSE_DIR","LOCATION_TYPE","LONGITUDE","MAX_SEVERITY_LEVEL","MCYCLE_DEATH_COUNT","MCYCLE_SUSP_SERIOUS_INJ_COUNT","MOTORCYCLE_COUNT","MUNICIPALITY","NONMOTR_COUNT","NONMOTR_DEATH_COUNT","NONMOTR_SUSP_SERIOUS_INJ_COUNT","NTFY_HIWY_MAINT","PED_COUNT","PED_DEATH_COUNT","PED_SUSP_SERIOUS_INJ_COUNT","PERSON_COUNT","POLICE_AGCY","POSSIBLE_INJ_COUNT","RDWY_SURF_TYPE_CD","RELATION_TO_ROAD","ROADWAY_CLEARED","ROAD_CONDITION","SCH_BUS_IND","SCH_ZONE_IND","SECONDARY_CRASH","SMALL_TRUCK_COUNT","SPEC_JURIS_CD","SUSP_MINOR_INJ_COUNT","SUSP_SERIOUS_INJ_COUNT","SUV_COUNT","TCD_FUNC_CD","TCD_TYPE","TFC_DETOUR_IND","TIME_OF_DAY","TOTAL_UNITS","TOT_INJ_COUNT","UNBELTED_OCC_COUNT","UNB_DEATH_COUNT","UNB_SUSP_SERIOUS_INJ_COUNT","UNK_INJ_DEG_COUNT","UNK_INJ_PER_COUNT","URBAN_RURAL","VAN_COUNT","VEHICLE_COUNT","WEATHER1","WEATHER2","WORKERS_PRES","WORK_ZONE_IND","WORK_ZONE_LOC","WORK_ZONE_TYPE","WZ_CLOSE_DETOUR","WZ_FLAGGER","WZ_LAW_OFFCR_IND","WZ_LN_CLOSURE","WZ_MOVING","WZ_OTHER","WZ_SHLDER_MDN","WZ_WORKERS_INJ_KILLED"
"2013082816","","1","0","0","0","0","0","0","0","0","1","0","","02","8","2013","5","40.651846","-80.057653","","11","0","1","0","0","0","0","0","0","","0","0","0","","","0","","0","","40 39:06.645","","0","80 03:27.552","0","0","0","0","2216","0","0","0","N","0","0","0","3","02505","0","","1.0","","1","N","N","","0","","0","0","1","","0","","","3","0","0","0","0","0","0","2","1","3","","","","N","","","","","","","","","",""
"2013085764","","1","0","0","0","0","0","0","0","0","7","0","","02","8","2013","1","40.367964","-79.779834","","11","0","0","0","0","0","1","0","0","2","0","0","0","","","0","","1","","40 22:04.670","1","0","79 46:47.401","0","0","0","0","2111","0","0","0","N","0","0","0","1","02111","0","","2.0","","1","N","N","","0","","0","0","0","","2","N","","1","0","0","0","0","0","0","2","0","1","","","","N","","","","","","","","","",""
"2013084191","","1","0","0","0","0","0","0","0","0","4","0","","02","8","2013","2","40.549719","-79.959331","","11","0","0","0","0","0","1","0","0","2","0","0","0","","","3","","1","","40 32:58.989","7","0","79 57:33.590","4","0","0","0","2118","0","0","0","N","0","0","0","10","02118","1","","1.0","","1","N","N","","1","","0","0","2","","2","N","","4","3","0","0","0","2","0","2","0","4","","","","N","","","","","","","","","",""
"2013083545","","1","0","0","0","0","0","0","0","0","1","0","","02","8","2013","7","40.586853","-80.041629","","11","0","0","1","0","0","0","0","0","1","0","0","0","","","0","","1","","40 35:12.669","1","0","80 02:29.866","0","0","0","0","2108","0","0","0","N","0","0","0","6","02108","0","","1.0","","1","N","N","","1","","0","0","1","","2","N","","3","0","0","0","0","0","0","2","0","3","","","","N","","","","","","","","","",""
"2013082883","","1","0","0","0","0","0","0","0","0","4","0","","02","8","2013","7","40.402769","-80.015826","","11","0","0","0","0","1","0","0","0","","0","0","0","","","0","","2","","40 24:09.968","","0","80 00:56.973","0","0","0","0","2301","0","0","0","N","0","0","0","5","02301","0","","1.0","","1","N","N","","0","","0","0","1","","3","","","2","0","0","0","0","0","0","2","0","2","","","","N","","","","","","","","","",""
"2013084192","","2","0","0","0","0","0","0","0","0","4","0","","02","8","2013","4","40.43778","-79.972856","","11","0","0","0","0","0","0","0","0","","0","0","0","","","1","","1","","40 26:16.008","","0","79 58:22.281","4","0","0","0","2301","0","0","0","N","0","0","0","3","02301","1","","1.0","","1","N","N","","0","","0","0","0","","2","","","2","1","0","0","0","0","0","2","0","2","","","","N","","","","","","","","","",""
"2013083533","","1","0","0","0","0","0","0","0","0","7","0","","02","8","2013","1","40.617002","-79.945922","","11","0","0","0","0","0","0","1","0","2","0","0","0","","","1","","2","","40 37:01.207","1","0","79 56:45.319","4","0","0","0","2217","0","0","0","N","0","0","0","1","02505","1","","5.0","","1","N","N","","0","","0","0","0","","0","N","","1","1","0","0","0","0","0","2","0","1","","","","N","","","","","","","","","",""
"2013083546","","1","0","0","0","0","0","0","0","0","1","0","","02","8","2013","2","40.563715","-80.010141","","11","0","0","0","0","0","0","0","0","","0","0","0","","","2","","0","","40 33:49.374","","0","80 00:36.507","4","0","0","0","2108","0","0","0","N","0","0","0","2","02108","2","","1.0","","9","N","N","","0","","0","0","1","","0","","","2","2","0","0","0","0","0","2","0","2","","","","N","","","","","","","","","",""
"2013082898","","2","0","0","0","0","0","0","0","0","4","0","","02","8","2013","7","40.506119","-79.990498","","11","0","0","0","0","0","0","0","0","1","0","0","0","","","0","","1","","40 30:22.028","7","0","79 59:25.791","0","0","0","0","2116","0","0","0","","0","0","0","2","02116","0","","1.0","","1","","","","0","","0","0","0","","2","N","","2","0","1","0","0","0","0","2","0","2","","","","N","","","","","","","","","",""
"2013083547","","1","0","0","0","0","0","0","0","0","7","0","","02","8","2013","2","40.572019","-80.016386","","11","0","0","0","0","0","1","0","0","","0","0","0","","","0","","1","","40 34:19.267","","0","80 00:58.989","0","0","0","0","2108","0","0","0","N","0","0","0","1","02108","0","","5.0","","1","N","N","","0","","0","0","0","","2","","","1","0","0","0","0","0","0","2","0","1","","","","N","","","","","","","","","",""
"2013085164","","2","0","0","0","0","0","0","0","0","4","0","","02","8","2013","7","40.636964","-79.940772","","11","0","0","0","0","1","0","0","0","","0","0","0","","","3","","1","","40 38:13.070","","7","79 56:26.780","4","0","0","0","2217","0","0","0","N","0","0","0","4","02505","3","","1.0","","1","N","N","","0","","0","0","0","","3","","","2","3","0","0","0","0","0","2","0","2","","","","N","","","","","","","","","",""
"2013085014","","2","0","0","0","0","0","0","0","0","4","0","","02","8","2013","7","40.406355","-79.941951","","11","0","1","0","0","0","0","0","0","","0","0","0","","","0","","1","","40 24:22.878","","0","79 56:31.023","0","0","0","0","2301","0","0","0","N","0","0","0","3","02301","0","","1.0","","1","N","N","","0","","0","0","0","","3","","","2","0","0","0","0","0","0","2","0","2","","","","N","","","","","","","","","",""
"2013083548","","1","0","0","0","0","0","0","0","0","1","0","","02","8","2013","2","40.465573","-80.159494","","11","0","0","0","0","0","0","0","0","","0","0","0","","","1","","0","","40 27:56.064","","0","80 09:34.177","2","0","0","0","2115","0","0","0","N","0","0","0","2","02115","0","","1.0","","1","N","N","","0","","0","1","1","","0","","","2","1","1","0","1","0","0","2","0","2","","","","N","","","","","","","","","",""
"2013084347","","2","0","0","0","0","0","0","0","0","4","0","","02","8","2013","5","40.348808","-79.819508","","11","0","0","0","0","0","0","1","0","1","0","0","0","","","0","","1","","40 20:55.708","4","0","79 49:10.228","0","0","0","0","2477","0","0","0","N","0","0","0","2","02477","0","","1.0","","1","N","N","","0","","0","0","0","","3","N","","2","0","0","0","0","0","0","2","0","2","","","","N","","","","","","","","","",""
"2013085180","","3","0","0","0","0","0","0","0","0","1","0","","02","8","2013","7","40.481453","-80.046055","","11","0","0","0","0","0","0","0","0","","0","0","0","","","0","","2","","40 28:53.232","","0","80 02:45.797","0","0","0","0","2301","0","0","0","","0","0","0","3","02301","0","","1.0","","1","","","","0","","0","0","0","","0","","","3","0","0","0","0","0","0","2","0","3","","","","N","","","","","","","","","",""
"2013084939","","1","0","0","0","0","0","0","0","0","1","0","","02","8","2013","4","40.303786","-80.080334","","11","0","0","0","0","0","0","0","1","1","0","0","0","","","0","","2","","40 18:13.629","3","0","80 04:49.202","0","0","0","0","2123","0","0","0","","0","0","0","2","02123","0","","1.0","","1","","","","0","","0","0","1","","0","N","","2","0","0","0","0","0","0","2","0","2","","","","N","","","","","","","","","",""
"2013085768","","2","0","0","0","0","0","0","0","0","1","0","","02","8","2013","7","40.363788","-79.984067","","11","0","0","0","0","0","0","0","2","1","0","0","0","","","0","","1","","40 21:49.637","4","0","79 59:02.640","0","0","0","0","2413","0","0","0","N","0","0","0","7","02413","0","","1.0","","1","N","N","","0","","0","0","2","","2","Y","","5","0","1","0","0","0","0","2","1","5","","","","N","","","","","","","","","",""
"2013083549","","0","0","0","0","0","0","0","0","0","7","0","","02","7","2013","1","40.538022","-80.199518","","11","0","0","0","0","0","0","0","0","2","0","0","0","","","1","","0","","40 32:16.880","4","0","80 11:58.266","2","0","0","0","2213","0","0","0","N","0","0","0","1","02213","0","","4.0","","1","N","N","","0","","0","1","1","","0","N","","1","1","1","0","1","0","0","2","0","1","","","","N","","","","","","","","","",""
"2013084336","","0","0","0","0","0","0","0","0","0","4","0","","02","8","2013","3","40.514509","-80.029429","","11","0","0","0","0","0","1","0","0","3","0","0","0","","","1","","2","","40 30:52.234","7","0","80 01:45.943","3","0","0","0","2116","0","0","0","N","0","0","0","2","02116","0","","1.0","","1","N","N","","1","","1","0","1","","3","N","","2","1","1","0","0","0","0","2","0","2","","","","N","","","","","","","","","",""
"2013085181","","0","0","0","0","0","0","0","0","0","0","0","","02","8","2013","1","40.64373","-79.77576","","11","0","0","0","0","0","0","0","0","2","0","0","0","","","1","","0","","40 38:37.427","4","7","79 46:32.736","2","0","1","1","2202","0","0","0","N","0","0","0","1","02202","0","","2.0","","1","N","N","","0","","0","1","0","","0","Y","","1","1","0","0","0","0","0","1","0","1","","","","N","","","","","","","","","",""
"2013085769","","0","0","0","0","0","0","0","0","0","1","0","","02","8","2013","4","40.545736","-80.016754","","11","0","0","1","0","0","0","0","0","","0","0","0","","","0","","0","","40 32:44.650","","0","80 01:00.315","0","0","0","0","2116","0","0","0","N","0","0","0","2","02116","0","","1.0","","1","N","N","","0","","0","0","1","","7","","","2","0","0","0","0","0","0","2","1","2","","","","N","","","","","","","","","",""
"2013083467","","0","0","0","0","0","0","0","0","0","7","0","","02","8","2013","4","40.547919","-79.972212","","11","0","0","0","0","0","0","0","0","1","0","0","0","","","1","","0","","40 32:52.508","2","0","79 58:19.962","2","0","1","1","2118","0","0","0","N","0","0","0","1","02118","0","","5.0","","1","N","N","","0","","0","1","0","","0","N","","1","1","0","0","0","0","0","2","0","1","","","","N","","","","","","","","","",""
"2013085839","","2","0","0","0","0","0","0","0","0","4","0","","02","8","2013","2","40.622488","-79.726413","","11","0","0","0","0","0","1","0","0","","0","0","0","","","0","","1","","40 37:20.958","","0","79 43:35.088","0","0","0","0","2106","0","0","0","N","0","0","0","3","02106","0","","1.0","","1","N","N","","0","","0","0","0","","3","","","2","0","0","0","0","0","0","2","0","2","","","","N","","","","","","","","","",""
"2013083550","","1","0","0","0","0","0","0","0","0","7","0","","02","7","2013","3","40.490957","-80.193429","","11","0","0","0","0","0","1","0","0","","0","0","0","","","0","","0","","40 29:27.444","","0","80 11:36.343","0","0","0","0","2213","0","0","0","N","0","0","0","1","02213","0","","4.0","","1","N","N","","0","","0","0","0","","0","","","1","0","0","0","0","0","0","2","0","1","","","","N","","","","","","","","","",""
"2013084867","","0","0","0","0","0","0","0","0","0","7","0","","02","8","2013","6","40.551597","-80.112123","","11","0","0","0","0","0","0","0","0","2","0","0","0","","","0","","0","","40 33:05.749","5","0","80 06:43.642","0","0","0","0","2215","0","0","0","N","0","0","0","2","02215","0","","5.0","","9","N","N","","0","","0","0","1","","0","N","","1","0","0","0","0","0","0","2","0","1","","","","N","","","","","","","","","",""
"2013084941","","1","0","0","0","0","0","0","0","0","1","0","","02","8","2013","7","40.429999","-79.957723","","11","0","0","0","0","0","1","0","0","","0","0","0","","","0","","2","","40 25:47.997","","0","79 57:27.802","0","0","0","0","2301","0","0","0","N","0","0","0","2","02301","0","","1.0","","1","N","N","","0","","0","0","1","","2","","","2","0","0","0","0","0","0","2","0","2","","","","N","","","","","","","","","",""
"2013083468","","1","0","0","0","0","0","0","0","0","2","0","","02","8","2013","3","40.42053","-79.9375","","11","0","0","0","0","0","0","0","0","","0","0","0","","","0","","0","","40 25:13.908","","0","79 56:15.000","0","0","0","0","2301","0","0","0","N","0","0","0","1","02301","0","","1.0","","1","N","N","","1","","0","0","0","","0","","","2","0","0","0","0","0","0","2","0","2","","","","N","","","","","","","","","",""
"2013085840","","1","0","0","0","0","0","0","0","0","1","0","","02","8","2013","2","40.37696","-80.036597","","11","0","0","0","0","0","0","0","0","","0","0","0","","","2","","1","","40 22:37.057","","0","80 02:11.749","8","0","0","0","2109","0","0","0","N","0","0","0","3","02109","0","","1.0","","1","N","N","","1","","0","0","0","","0","","","2","2","0","0","0","2","0","2","0","2","","","","N","","","","","","","","","",""
"2013083551","","1","0","0","0","0","0","0","0","0","7","0","","02","8","2013","5","40.470372","-80.199033","","11","0","0","0","0","0","0","0","0","","0","0","0","","","1","","7","","40 28:13.339","","0","80 11:56.518","4","0","0","0","2213","0","0","0","N","0","0","0","1","02213","1","","1.0","","9","N","N","","0","","0","0","0","","0","","","1","1","0","0","0","0","0","2","0","1","","","","N","","","","","","","","","",""
"2013084882","","0","0","0","0","0","0","0","0","0","7","0","","02","8","2013","7","40.410444","-80.015599","","11","0","0","0","0","0","0","0","0","2","0","0","0","","","2","","2","","40 24:37.599","2","0","80 00:56.156","3","0","0","0","2301","0","0","0","N","0","0","0","2","02301","0","","5.0","","1","N","N","","1","","2","0","0","","2","N","","1","2","0","0","0","0","0","2","0","1","","","","N","","","","","","","","","",""
"2013084213","","0","0","0","0","0","0","0","0","0","1","0","","02","8","2013","6","40.537538","-80.011153","","11","0","0","0","0","0","0","0","1","2","0","0","0","","","1","","2","","40 32:15.135","1","7","80 00:40.152","8","0","0","0","2116","0","0","0","","0","0","0","2","02116","0","","1.0","","1","","","","0","","0","0","1","","2","N","","2","1","0","0","0","1","0","2","1","2","","","","N","","","","","","","","","",""
"2013083552","","2","0","0","0","0","0","0","0","0","1","0","","02","8","2013","1","40.516312","-80.197355","","11","0","0","0","0","0","1","0","0","1","0","0","0","","","0","","2","","40 30:58.723","1","0","80 11:50.478","0","0","0","0","2213","0","0","0","N","0","0","0","3","02213","0","","1.0","","1","N","N","","0","","0","0","1","","0","N","","3","0","0","0","0","0","0","2","0","3","","","","N","","","","","","","","","",""
"2013082825","","0","0","0","0","0","0","0","0","0","1","0","","02","8","2013","5","40.650688","-80.041028","","11","0","0","0","0","0","0","0","0","1","0","0","0","","","0","","2","","40 39:02.475","3","0","80 02:27.701","0","0","0","0","2216","0","0","0","N","0","0","0","3","02505","0","","1.0","","1","N","N","","0","","0","0","2","","3","N","","2","0","0","0","0","0","0","2","0","2","","","","N","","","","","","","","","",""
"2013084353","","1","0","0","0","0","0","0","0","0","4","0","","02","8","2013","5","40.435891","-79.958078","","11","0","0","0","0","0","0","0","1","1","0","0","0","","","0","","2","","40 26:09.209","3","0","79 57:29.081","0","0","0","0","2301","0","0","0","N","0","0","0","3","02301","0","","1.0","","1","N","N","","0","","0","0","1","","2","N","","2","0","0","0","0","0","0","2","0","2","","","","N","","","","","","","","","",""
"2013084869","","0","0","0","0","0","0","0","0","0","7","0","","02","8","2013","7","40.465401","-79.956656","","11","0","0","0","0","0","0","0","0","1","0","0","0","","","0","","0","","40 27:55.445","4","0","79 57:23.961","9","0","0","0","2301","0","0","0","N","0","0","0","1","02301","0","","1.0","","1","N","N","","0","","0","0","0","","0","N","","1","0","0","0","0","0","1","2","1","1","","","","N","","","","","","","","","",""
"2013085019","","2","0","0","0","0","0","0","0","0","4","0","","02","8","2013","3","40.39327","-80.065225","","11","0","0","0","0","0","0","0","1","","0","0","0","","","3","","0","","40 23:35.772","","7","80 03:54.811","4","0","0","0","2109","0","0","0","N","0","0","0","3","02109","1","","1.0","","1","N","N","","0","","0","0","0","","0","","","2","3","0","0","0","2","0","2","0","2","","","","N","","","","","","","","","",""
"2013085100","","0","0","0","0","0","0","0","0","0","7","0","","02","8","2013","7","40.327354","-80.124836","","11","0","0","1","0","0","0","0","0","","0","0","0","","","1","","0","","40 19:38.473","","0","80 07:29.408","4","0","0","1","2119","0","0","0","N","0","0","0","1","02119","1","","5.0","","1","N","N","","0","","0","0","0","","0","","","1","1","0","0","0","0","0","2","0","1","","","","N","","","","","","","","","",""
"2013084215","","1","0","0","0","0","0","0","0","0","4","0","","02","8","2013","3","40.51511","-80.029464","","11","0","0","0","0","0","0","1","0","2","0","0","0","","","1","","2","","40 30:54.396","1","0","80 01:46.072","4","0","0","0","2116","0","0","0","","0","0","0","2","02116","1","","1.0","","1","","","","0","","0","0","1","","3","N","","2","1","0","0","0","0","1","2","0","2","","","","N","","","","","","","","","",""
"2013084341","","1","0","0","0","0","0","0","0","0","2","0","90","02","8","2013","4","40.527132","-79.950268","","11","0","0","0","0","0","1","0","0","2","0","0","0","","","3","","1","","40 31:37.675","5","0","79 57:00.965","8","0","0","0","2118","0","0","0","N","0","0","0","3","02118","0","","1.0","","1","N","N","","0","","0","0","1","","2","N","","2","3","1","0","0","3","0","2","0","2","","","Y","Y","4","2","","","N","Y","","","",""
"2013082908","","0","0","0","0","0","0","0","0","0","1","0","","02","8","2013","1","","","","11","0","0","0","0","0","0","0","0","","0","0","0","","","0","","0","","","","3","","0","0","0","0","2301","0","0","0","N","0","0","0","5","02301","0","","1.0","","1","N","N","","0","","0","0","2","","0","","","2","0","0","0","0","0","0","1","0","2","","","","N","","","","","","","","","",""
"2013084885","","0","0","0","0","0","0","0","0","0","0","1","","02","8","2013","5","40.388392","-80.057009","","11","0","0","0","0","0","1","0","0","1","0","0","0","","","0","","1","","40 23:18.212","6","0","80 03:25.233","0","0","0","0","2109","0","0","0","N","0","0","0","1","02109","0","","1.0","","1","N","N","","0","","0","0","0","","2","Y","","1","0","0","0","0","0","0","2","0","1","","","","N","","","","","","","","","",""
"2013085663","","0","0","0","0","0","0","0","0","0","0","0","","02","8","2013","3","40.598332","-79.769467","","11","0","0","0","0","0","0","0","0","2","0","0","0","","","0","","0","","40 35:53.996","1","0","79 46:10.081","0","0","0","0","2104","0","0","0","N","0","0","0","1","68D02","0","","1.0","","1","N","N","","0","","0","0","1","","0","N","","1","0","0","0","0","0","0","2","0","1","","","","N","","","","","","","","","",""
"2013083485","","1","0","0","0","0","0","0","0","0","5","1","","02","8","2013","4","40.419768","-79.927232","","11","0","0","0","0","0","1","0","0","2","0","1","0","","","1","","0","","40 25:11.164","1","0","79 55:38.035","4","0","0","0","2301","0","0","0","N","0","0","0","3","02301","1","","1.0","","1","N","N","","0","","0","0","0","","0","Y","","2","1","0","0","0","0","0","2","0","2","","","","N","","","","","","","","","",""
"2013083404","","0","0","0","0","0","0","0","0","0","8","0","","02","8","2013","3","40.441128","-79.957548","","11","0","0","0","1","0","0","0","0","","0","0","0","","","1","","1","","40 26:28.062","","0","79 57:27.171","8","0","0","0","2301","1","0","0","N","1","0","0","2","02301","0","","1.0","","1","N","N","","0","","0","0","1","","2","","","2","1","0","0","0","1","0","2","0","1","","","","N","","","","","","","","","",""
"2013084950","","1","0","0","0","0","0","0","0","0","7","0","","02","8","2013","7","40.618765","-80.055425","","11","0","1","0","0","0","0","0","0","1","0","0","0","","","0","","0","","40 37:07.554","1","0","80 03:19.530","0","0","0","0","2216","0","0","0","N","0","0","0","2","02505","0","","4.0","","1","N","N","","0","","0","0","0","","2","N","","1","0","0","0","0","0","0","1","0","1","","","","N","","","","","","","","","",""
"2013082845","","0","0","0","0","0","0","0","0","0","1","0","","02","8","2013","7","40.594595","-79.947832","","11","0","0","0","0","0","0","1","0","","0","0","0","","","1","","3","","40 35:40.543","","0","79 56:52.196","4","0","0","1","2207","0","0","0","N","0","0","0","2","02207","1","","1.0","","1","N","N","","0","","0","0","0","","0","","","2","1","1","0","0","0","0","2","1","2","","","","N","","","","","","","","","",""
"2013083339","","2","0","0","0","0","0","0","0","0","4","0","","02","8","2013","7","40.434575","-79.78703","","11","0","0","0","0","1","0","0","0","2","0","0","0","","","0","","0","","40 26:04.470","4","0","79 47:13.308","9","0","0","0","2446","0","0","0","N","0","0","0","3","02446","0","","1.0","","1","N","N","","0","","0","0","0","","3","Y","","2","0","0","0","0","0","1","2","0","2","","","","N","","","","","","","","","",""
"2013084952","","0","0","0","0","0","0","0","0","0","0","0","","02","8","2013","7","40.404919","-80.030046","","11","0","0","0","0","0","0","0","0","1","0","0","0","","","1","","0","","40 24:17.708","2","0","80 01:48.165","4","0","0","1","2301","0","0","0","N","0","0","0","1","02301","1","","1.0","","98","N","N","","0","","0","0","0","","0","Y","","1","1","0","0","0","0","0","2","0","1","","","","N","","","","","","","","","",""
"2013084345","","1","0","0","0","0","0","0","0","0","4","0","","02","8","2013","5","40.438999","-79.995643","","11","0","0","0","0","0","0","0","0","","0","0","0","","","2","","1","","40 26:20.396","","0","79 59:44.314","4","0","0","0","2301","0","0","0","N","0","0","0","4","02301","2","","1.0","","1","N","N","","0","","0","0","0","","2","","","2","2","0","0","0","0","0","2","1","2","","","","N","","","","","","","","","",""
"2013084359","","0","0","0","0","0","0","0","0","0","1","1","","02","8","2013","5","40.508777","-79.85188","","11","0","0","0","0","0","1","0","0","2","0","1","0","","","3","","0","","40 30:31.597","1","0","79 51:06.768","2","0","0","0","2112","0","0","0","N","0","0","0","3","02112","0","","1.0","","1","N","N","","1","","1","1","0","","0","Y","","2","3","1","0","0","1","0","2","0","2","","","","N","","","","","","","","","",""
"2013085191","","1","0","0","0","0","0","0","0","0","7","0","","02","8","2013","1","40.508147","-80.089459","","11","0","0","0","0","0","0","1","0","","0","0","0","","","0","","2","","40 30:29.329","","0","80 05:22.053","0","0","0","0","2429","0","0","0","Y","0","0","0","1","02215","0","","5.0","","1","N","N","","0","","0","0","0","","3","","","1","0","0","0","0","0","0","2","0","1","","","","N","","","","","","","","","",""
"2013082913","","1","0","0","0","0","0","0","0","0","7","0","","02","8","2013","7","","","","11","0","0","0","0","0","0","0","0","1","0","0","0","","","0","","0","","","6","0","","0","0","0","0","2113","0","0","0","N","0","0","0","1","02113","0","","2.0","","1","N","N","","0","","0","0","0","","0","N","","1","0","0","0","0","0","0","1","0","1","","","","N","","","","","","","","","",""
"2013083476","","2","0","0","0","0","0","0","0","0","1","0","","02","8","2013","3","40.327717","-80.066157","","11","0","0","0","1","0","1","0","0","","0","0","0","","","0","","2","","40 19:39.782","","0","80 03:58.166","0","0","0","0","2123","0","0","0","N","0","0","0","3","02123","0","","1.0","","1","N","N","","0","","0","0","1","","0","","","3","0","0","0","0","0","0","2","0","3","","","","N","","","","","","","","","",""
"2013084220","","1","0","0","0","0","0","0","0","0","0","0","","02","8","2013","4","40.55292","-80.105133","","11","0","0","0","0","0","0","0","0","1","0","0","0","","","1","","3","","40 33:10.513","2","0","80 06:18.477","8","0","0","1","2215","0","0","0","Y","0","0","0","2","02481","0","","1.0","","1","N","N","","0","","0","0","0","","3","N","","2","1","0","0","0","1","0","2","0","2","","","","N","","","","","","","","","",""
"2013083410","","1","0","0","0","0","0","0","0","0","1","0","","02","8","2013","3","40.323586","-79.831967","","11","0","0","0","0","0","1","0","0","1","0","0","0","","","3","","0","","40 19:24.910","6","7","79 49:55.082","2","0","1","1","2304","0","0","0","N","0","0","0","3","02304","1","","1.0","","1","N","N","","1","","0","1","0","","0","Y","","3","3","1","0","0","1","0","2","0","3","","","","N","","","","","","","","","",""
"2013085792","","2","0","0","0","0","0","0","0","0","4","0","","02","8","2013","3","40.52186","-79.842249","","11","0","0","0","0","0","0","2","0","","0","0","0","","","1","","1","","40 31:18.696","","0","79 50:32.096","8","0","0","0","2451","0","0","0","N","0","0","0","2","02451","0","","1.0","","9","N","N","","0","","0","0","0","","3","","","2","1","0","0","0","1","0","2","0","2","","","","N","","","","","","","","","",""
"2013085121","","2","0","0","0","0","0","0","0","0","4","0","","02","8","2013","1","40.451509","-79.908149","","11","0","0","0","0","0","1","0","0","2","0","0","0","","","0","","1","","40 27:05.432","1","0","79 54:29.335","0","0","0","0","2301","0","0","0","N","0","0","0","2","02301","0","","1.0","","1","N","N","","0","","0","0","0","","2","N","","2","0","0","0","0","0","0","2","0","2","","","","N","","","","","","","","","",""
"2013085194","","0","0","1","0","0","0","0","0","0","2","0","","02","8","2013","1","40.484008","-79.812896","","11","0","0","0","1","0","0","0","0","2","0","0","0","","","7","","0","","40 29:02.427","6","0","79 48:46.426","2","0","0","0","2113","0","0","0","N","0","0","0","7","02113","6","","1.0","","1","N","N","","1","","0","1","1","","0","Y","","2","7","0","0","0","0","0","2","0","2","","","","N","","","","","","","","","",""
"2013082916","","1","0","0","0","0","0","0","0","0","1","0","","02","8","2013","1","40.436004","-79.999068","","11","0","0","0","0","0","0","0","0","1","0","0","0","","","0","","1","","40 26:09.614","1","0","79 59:56.643","0","0","0","0","2301","0","0","0","N","0","0","0","6","02301","0","","1.0","","1","N","N","","1","","0","0","0","","2","N","","2","0","1","0","0","0","0","2","0","2","","","","N","","","","","","","","","",""
"2013083343","","2","0","0","0","0","0","0","0","0","4","0","","02","8","2013","2","40.43157","-79.798195","","11","0","0","0","0","0","0","0","0","","0","0","0","","","0","","2","","40 25:53.652","","7","79 47:53.502","0","0","0","0","2446","0","0","0","N","0","0","0","4","02446","0","","1.0","","1","N","N","","0","","0","0","0","","3","","","2","0","1","0","0","0","0","2","0","2","","","","N","","","","","","","","","",""
"2013084956","","1","0","0","0","0","0","0","0","0","1","0","","02","8","2013","2","40.398376","-80.026205","","11","0","0","0","0","0","1","0","0","1","0","0","0","","","0","","1","","40 23:54.152","4","0","80 01:34.337","9","0","0","0","2301","0","0","0","N","0","0","0","2","02301","0","","1.0","","1","N","N","","0","","0","0","1","","2","N","","2","0","0","0","0","0","1","2","0","2","","","","N","","","","","","","","","",""
"2013084223","","1","0","0","0","0","0","0","0","0","1","0","","02","8","2013","2","40.655176","-80.086788","","11","0","0","0","0","0","0","0","0","2","0","0","0","","","1","","1","","40 39:18.633","1","0","80 05:12.435","4","0","0","0","2212","0","0","0","N","0","0","0","2","02505","1","","1.0","","1","N","N","","1","","0","0","0","","2","N","","2","1","0","0","0","0","0","2","0","2","","","","N","","","","","","","","","",""
"2013085715","","1","0","0","0","0","0","0","0","0","1","0","","02","8","2013","2","40.334618","-79.804496","","11","0","0","0","0","0","0","0","0","1","0","0","0","","","1","","0","","40 20:04.626","4","0","79 48:16.184","4","0","0","0","2477","0","0","0","N","0","0","0","3","02477","1","","1.0","","1","N","N","","0","","0","0","1","","0","Y","","2","1","0","0","0","0","0","2","0","2","","","","N","","","","","","","","","",""