"CRN","ARRIVAL_TM","AUTOMOBILE_COUNT","BELTED_DEATH_COUNT","BELTED_SUSP_SERIOUS_INJ_COUNT","BICYCLE_COUNT","BICYCLE_DEATH_COUNT","BICYCLE_SUSP_SERIOUS_INJ_COUNT","BUS_COUNT","CHLDPAS_DEATH_COUNT","CHLDPAS_SUSP_SERIOUS_INJ_COUNT","COLLISION_TYPE","COMM_VEH_COUNT","CONS_ZONE_SPD_LIM","COUNTY","CRASH_MONTH","CRASH_YEAR","DAY_OF_WEEK","DEC_LATITUDE","DEC_LONGITUDE","DISPATCH_TM","DISTRICT","DRIVER_COUNT_16YR","DRIVER_COUNT_17YR","DRIVER_COUNT_18YR","DRIVER_COUNT_19YR","DRIVER_COUNT_20YR","DRIVER_COUNT_50_64YR","DRIVER_COUNT_65_74YR","DRIVER_COUNT_75PLUS","EST_HRS_CLOSED","FATAL_COUNT","HEAVY_TRUCK_COUNT","HORSE_BUGGY_COUNT","HOUR_OF_DAY","ILLUMINATION","INJURY_COUNT","INTERSECTION_RELATED","INTERSECT_TYPE","LANE_CLOSED","LATITUDE","LN_CLOSE_DIR","LOCATION_TYPE","LONGITUDE","MAX_SEVERITY_LEVEL","MCYCLE_DEATH_COUNT","MCYCLE_SUSP_SERIOUS_INJ_COUNT","MOTORCYCLE_COUNT","MUNICIPALITY","NONMOTR_COUNT","NONMOTR_DEATH_COUNT","NONMOTR_SUSP_SERIOUS_INJ_COUNT","NTFY_HIWY_MAINT","PED_COUNT","PED_DEATH_COUNT","PED_SUSP_SERIOUS_INJ_COUNT","PERSON_COUNT","POLICE_AGCY","POSSIBLE_INJ_COUNT","RDWY_SURF_TYPE_CD","RELATION_TO_ROAD","ROADWAY_CLEARED","ROAD_CONDITION","SCH_BUS_IND","SCH_ZONE_IND","SECONDARY_CRASH","SMALL_TRUCK_COUNT","SPEC_JURIS_CD","SUSP_MINOR_INJ_COUNT","SUSP_SERIOUS_INJ_COUNT","SUV_COUNT","TCD_FUNC_CD","TCD_TYPE","TFC_DETOUR_IND","TIME_OF_DAY","TOTAL_UNITS","TOT_INJ_COUNT","UNBELTED_OCC_COUNT","UNB_DEATH_COUNT","UNB_SUSP_SERIOUS_INJ_COUNT","UNK_INJ_DEG_COUNT","UNK_INJ_PER_COUNT","URBAN_RURAL","VAN_COUNT","VEHICLE_COUNT","WEATHER1","WEATHER2","WORKERS_PRES","WORK_ZONE_IND","WORK_ZONE_LOC","WORK_ZONE_TYPE","WZ_CLOSE_DETOUR","WZ_FLAGGER","WZ_LAW_OFFCR_IND","WZ_LN_CLOSURE","WZ_MOVING","WZ_OTHER","WZ_SHLDER_MDN","WZ_WORKERS_INJ_KILLED"
"2013085122","","2","0","0","0","0","0","0","0","0","1","0","","02","8","2013","3","40.452385","-79.761199","","11","0","0","0","1","0","0","0","0","2","0","0","0","","","1","","0","","40 27:08.586","3","0","79 45:40.316","8","0","0","0","2446","0","0","0","N","0","0","0","7","02446","0","","1.0","","1","N","N","","0","","0","0","1","","0","Y","","4","1","1","0","0","1","0","2","1","4","","","","N","","","","","","","","","",""
"2013085195","","0","0","0","0","0","0","0","0","0","0","0","","02","8","2013","1","40.541263","-80.059519","","11","0","0","0","0","0","0","0","0","1","0","0","0","","","1","","0","","40 32:28.545","6","0","80 03:34.269","4","0","0","1","2116","0","0","0","N","0","0","0","1","02116","1","","2.0","","1","N","N","","0","","0","0","0","","0","Y","","1","1","0","0","0","0","0","2","0","1","","","","N","","","","","","","","","",""
"2013084957","","2","0","0","0","0","0","0","0","0","4","0","","02","8","2013","5","40.461415","-79.924821","","11","0","0","0","0","0","0","1","0","","0","0","0","","","0","","1","","40 27:41.094","","0","79 55:29.355","0","0","0","0","2301","0","0","0","N","0","0","0","4","02301","0","","1.0","","1","N","N","","0","","0","0","0","","2","","","2","0","0","0","0","0","0","2","0","2","","","","N","","","","","","","","","",""
"2013085716","","0","0","0","0","0","0","0","0","0","7","0","","02","8","2013","2","40.62254","-79.83628","","11","0","0","0","0","0","1","0","0","","0","0","0","","","0","","0","","40 37:21.144","","0","79 50:10.608","0","0","0","0","2220","0","0","0","N","0","0","0","1","02220","0","","5.0","","9","N","N","","0","","0","0","0","","0","","","1","0","0","0","0","0","0","2","1","1","","","","N","","","","","","","","","",""
"2013085783","","1","0","0","0","0","0","0","0","0","7","0","","02","8","2013","3","40.405987","-80.029319","","11","0","0","0","0","0","1","0","0","","0","0","0","","","0","","0","","40 24:21.553","","0","80 01:45.548","0","0","0","0","2301","0","0","0","N","0","0","0","1","02301","0","","5.0","","9","N","N","","0","","0","0","1","","0","","","2","0","0","0","0","0","0","2","0","2","","","","N","","","","","","","","","",""
"2013082853","","0","0","0","0","0","0","0","0","0","4","0","","02","8","2013","6","40.396351","-80.032157","","11","0","0","0","0","0","0","0","0","","0","0","0","","","0","","2","","40 23:46.864","","0","80 01:55.766","0","0","0","0","2422","0","0","0","N","0","0","0","3","02422","0","","1.0","","1","N","N","","0","","0","0","2","","3","","","2","0","0","0","0","0","0","2","0","2","","","","N","","","","","","","","","",""
"2013084960","","1","0","0","0","0","0","0","0","0","1","0","","02","8","2013","3","40.442316","-80.029913","","11","1","1","0","0","0","0","0","0","","0","0","0","","","0","","0","","40 26:32.337","","0","80 01:47.688","0","0","0","0","2301","0","0","0","N","0","0","0","8","02301","0","","1.0","","1","N","N","","0","","0","0","1","","0","","","2","0","0","0","0","0","0","2","0","2","","","","N","","","","","","","","","",""
"2013084367","","1","0","0","0","0","0","0","0","0","2","0","","02","8","2013","5","40.668477","-79.721115","","11","0","0","0","0","0","2","0","0","2","0","0","0","","","1","","0","","40 40:06.518","6","0","79 43:16.015","8","0","0","0","2202","0","0","0","N","0","0","0","2","02202","0","","1.0","","1","N","N","","0","","0","0","1","","0","Y","","2","1","0","0","0","1","1","1","0","2","","","","N","","","","","","","","","",""
"2013083497","","0","0","0","0","0","0","0","0","0","6","1","","02","8","2013","5","40.504466","-80.108407","","11","0","0","0","0","0","1","0","0","1","0","1","0","","","0","","0","","40 30:16.077","4","0","80 06:30.265","0","0","0","0","2110","0","0","0","N","0","0","0","3","02215","0","","1.0","","1","N","N","","1","","0","0","0","","0","N","","2","0","2","0","0","0","0","2","0","2","","","","N","","","","","","","","","",""
"2013084434","","0","0","0","0","0","0","0","0","0","4","0","","02","8","2013","5","40.432241","-80.010239","","11","0","0","0","1","0","0","0","0","","0","0","0","","","1","","1","","40 25:56.067","","0","80 00:36.860","4","0","0","0","2301","0","0","0","N","0","0","0","4","02301","1","","1.0","","1","N","N","","1","","0","0","1","","3","","","2","1","2","0","0","0","0","2","0","2","","","","N","","","","","","","","","",""
"2013083499","","1","0","0","0","0","0","0","0","0","3","0","","02","8","2013","4","40.349916","-79.972584","","11","0","0","0","0","0","1","0","0","","0","0","0","","","0","","0","","40 20:59.697","","0","79 58:21.302","0","0","0","0","2403","0","0","0","N","0","0","0","3","02403","0","","1.0","","1","N","N","","1","","0","0","0","","0","","","2","0","0","0","0","0","0","2","0","2","","","","N","","","","","","","","","",""
"2013085128","","1","0","0","0","0","0","0","0","0","1","0","","02","8","2013","1","40.438544","-79.771216","","11","1","0","0","0","0","0","0","0","1","0","0","0","","","3","","0","","40 26:18.760","4","0","79 46:16.377","4","0","0","0","2446","0","0","0","N","0","0","0","8","02446","3","","1.0","","1","N","N","","0","","0","0","1","","0","N","","3","3","0","0","0","0","0","2","1","3","","","","N","","","","","","","","","",""
"2013082922","","1","0","0","0","0","0","0","0","0","1","0","","02","8","2013","7","40.335382","-79.984954","","11","0","0","0","0","0","0","0","0","","0","0","0","","","1","","2","","40 20:07.375","","0","79 59:05.834","8","0","0","0","2403","0","0","0","N","0","0","0","4","02403","0","","1.0","","1","N","N","","0","","0","0","1","","0","","","2","1","0","0","0","1","0","2","0","2","","","","N","","","","","","","","","",""
"2013083349","","1","0","0","0","0","0","0","0","0","4","0","","02","8","2013","3","40.594501","-79.947756","","11","0","0","0","1","0","1","0","0","2","0","0","0","","","2","","3","","40 35:40.205","5","0","79 56:51.922","2","0","0","0","2207","0","0","0","N","0","0","0","4","02207","0","","1.0","","1","N","N","","0","","1","1","1","","0","N","","3","2","1","0","1","0","0","2","1","3","","","","N","","","","","","","","","",""
"2013084229","","2","0","0","0","0","0","0","0","0","1","0","","02","8","2013","5","40.437663","-79.97255","","11","0","0","0","0","0","0","0","0","1","0","0","0","","","0","","2","","40 26:15.588","4","0","79 58:21.180","0","0","0","0","2301","0","0","0","N","0","0","0","2","02301","0","","1.0","","1","N","N","","0","","0","0","0","","2","N","","2","0","0","0","0","0","0","2","0","2","","","","N","","","","","","","","","",""
"2013085116","","1","0","0","0","0","0","0","0","0","1","0","","02","8","2013","7","40.36965","-79.912776","","11","0","0","0","0","0","1","0","0","","0","0","0","","","1","","2","","40 22:10.740","","0","79 54:45.995","3","0","0","1","2301","0","0","0","N","0","0","0","3","02301","0","","1.0","","1","N","N","","0","","1","0","0","","2","","","2","1","0","0","0","0","0","2","0","2","","","","N","","","","","","","","","",""
"2013082923","","1","0","0","0","0","0","0","0","0","7","0","","02","8","2013","7","40.465906","-80.060816","","11","0","0","0","0","0","0","0","0","","0","0","0","","","1","","0","","40 27:57.263","","0","80 03:38.936","3","0","0","0","2444","0","0","0","N","0","0","0","1","02122","0","","5.0","","1","N","N","","0","","1","0","0","","0","","","1","1","1","0","0","0","0","2","0","1","","","","N","","","","","","","","","",""
"2013080948","","3","0","0","0","0","0","0","0","0","5","0","","02","8","2013","7","40.271577","-79.888243","","11","0","0","0","0","0","1","0","0","","0","0","0","","","0","","0","","40 16:17.678","","0","79 53:17.675","0","0","0","0","2428","0","0","0","N","0","0","0","1","02428","0","","6.0","","1","N","N","","0","","0","0","0","","0","","","3","0","0","0","0","0","0","2","0","3","","","","N","","","","","","","","","",""
"2013084440","","2","0","0","0","0","0","0","0","0","6","0","","02","8","2013","5","40.486954","-80.055029","","11","0","0","0","0","0","0","0","0","","0","0","0","","","0","","2","","40 29:13.036","","0","80 03:18.105","0","0","0","0","2404","0","0","0","N","0","0","0","2","02404","0","","1.0","","1","N","N","","0","","0","0","0","","0","","","2","0","0","0","0","0","0","2","0","2","","","","N","","","","","","","","","",""
"2013083086","","1","0","0","0","0","0","0","0","0","8","0","","02","8","2013","7","40.537971","-79.834218","","11","0","0","0","0","0","0","0","1","2","0","0","0","","","1","","0","","40 32:16.696","2","0","79 50:03.184","8","0","0","0","2208","1","0","0","N","1","0","0","2","02208","0","","1.0","","1","N","N","","0","","0","0","0","","0","Y","","2","1","0","0","0","1","0","2","0","1","","","","N","","","","","","","","","",""
"2013082526","","2","0","0","0","0","0","0","0","0","4","0","","02","8","2013","6","40.417697","-79.848548","","11","0","0","0","0","0","0","0","1","","0","0","0","","","1","","0","","40 25:03.708","","0","79 50:54.772","8","0","0","0","2431","0","0","0","N","0","0","0","1","02431","0","","1.0","","1","N","N","","0","","0","0","0","","0","","","3","1","0","0","0","1","0","2","0","3","","","","N","","","","","","","","","",""
"2013084441","","2","0","0","0","0","0","0","0","0","4","0","","02","8","2013","5","40.465466","-79.946427","","11","0","0","0","0","0","0","0","0","","0","0","0","","","1","","1","","40 27:55.677","","0","79 56:47.137","8","0","0","1","2301","0","0","0","N","0","0","0","2","02301","0","","1.0","","1","N","N","","0","","0","0","0","","2","","","3","1","0","0","0","1","0","2","0","3","","","","N","","","","","","","","","",""
"2013083074","","1","0","0","0","0","0","0","0","0","5","0","","02","8","2013","2","40.436818","-79.99469","","11","0","0","0","0","0","0","0","0","","0","0","0","","","0","","0","","40 26:12.543","","0","79 59:40.884","9","0","0","0","2301","0","0","0","N","0","0","0","3","02301","0","","1.0","","9","N","N","","0","","0","0","0","","0","","","2","0","0","0","0","0","1","2","0","2","","","","N","","","","","","","","","",""
"2013081765","","2","0","0","0","0","0","0","0","0","1","0","","02","8","2013","2","40.438855","-79.764223","","11","0","0","0","0","0","1","0","0","2","0","0","0","","","0","","0","","40 26:19.878","3","0","79 45:51.202","0","0","0","0","2446","0","0","0","N","0","0","0","3","02446","0","","1.0","","1","N","N","","0","","0","0","1","","0","N","","3","0","0","0","0","0","0","2","0","3","","","","N","","","","","","","","","",""
"2013084443","","1","0","0","0","0","0","0","0","0","7","0","","02","7","2013","6","40.366309","-80.03741","","11","0","0","0","0","0","0","0","0","","0","0","0","","","0","","2","","40 21:58.712","","0","80 02:14.676","0","0","0","0","2109","0","0","0","N","0","0","0","2","02109","0","","4.0","","1","N","N","","0","","0","0","0","","0","","","1","0","0","0","0","0","0","2","0","1","","","","N","","","","","","","","","",""
"2013084582","","2","0","0","0","0","0","0","0","0","5","0","","02","7","2013","6","","","","11","0","0","0","0","0","0","0","0","","0","0","0","","","0","","0","","","","0","","9","0","0","0","2455","0","0","0","N","0","0","0","1","02455","0","","1.0","","1","N","N","","0","","0","0","1","","0","","","3","0","0","0","0","0","1","1","0","3","","","","N","","","","","","","","","",""
"2013083090","","2","0","0","0","0","0","0","0","0","6","0","","02","8","2013","2","40.454934","-79.889957","","11","0","0","0","0","0","0","0","0","2","0","0","0","","","0","","3","","40 27:17.763","3","0","79 53:23.846","0","0","0","0","2301","0","0","0","N","0","0","0","3","02301","0","","1.0","","9","N","N","","0","","0","0","0","","2","Y","","2","0","0","0","0","0","0","2","0","2","","","","N","","","","","","","","","",""
"2013081767","","0","0","0","0","0","0","0","0","0","1","1","","02","7","2013","4","40.22798","-79.859121","","11","0","0","0","0","0","0","0","0","1","0","1","0","","","0","","0","","40 13:40.728","4","0","79 51:32.835","0","0","0","0","2204","0","0","0","N","0","0","0","3","02204","0","","1.0","","1","N","N","","0","","0","0","1","","3","N","","2","0","1","0","0","0","0","1","0","2","","","","N","","","","","","","","","",""
"2013083720","","1","0","0","0","0","0","0","0","0","1","1","","02","7","2013","1","40.448652","-80.007188","","11","0","0","0","0","0","0","0","0","1","0","1","0","","","1","","0","","40 26:55.146","2","0","80 00:25.877","3","0","0","0","2301","0","0","0","N","0","0","0","2","68B03","0","","1.0","","1","N","N","","0","","1","0","0","","0","N","","2","1","1","0","0","0","0","2","0","2","","","","N","","","","","","","","","",""
"2013083077","","1","0","0","0","0","0","0","0","0","7","0","","02","8","2013","2","40.452266","-80.014824","","11","0","0","0","0","0","0","0","0","2","0","0","0","","","0","","0","","40 27:08.157","3","0","80 00:53.368","9","0","0","0","2301","0","0","0","N","0","0","0","1","02301","0","","5.0","","9","N","N","","0","","0","0","0","","0","N","","1","0","0","0","0","0","1","2","0","1","","","","N","","","","","","","","","",""
"2013084660","","2","0","0","0","0","0","0","0","0","2","0","","02","8","2013","6","","","","11","0","0","0","0","0","0","0","0","","0","0","0","","","0","","0","","","","0","","9","0","0","0","2301","0","0","0","N","0","0","0","4","02301","0","","1.0","","1","N","N","","0","","0","0","0","","0","","","2","0","0","0","0","0","1","1","0","2","","","","N","","","","","","","","","",""
"2013083721","","1","0","0","0","0","0","0","0","0","5","1","","02","8","2013","6","40.412459","-80.078257","","11","0","0","0","0","0","1","0","0","","0","1","0","","","0","","0","","40 24:44.851","","0","80 04:41.724","0","0","0","0","2117","0","0","0","N","0","0","0","2","68B03","0","","1.0","","1","N","N","","0","","0","0","0","","0","","","2","0","0","0","0","0","0","2","0","2","","","","N","","","","","","","","","",""
"2013083016","","0","0","0","0","0","0","0","0","0","7","0","","02","8","2013","7","40.417575","-79.853376","","11","0","0","0","0","0","1","0","0","3","0","0","0","","","0","","0","","40 25:03.270","6","0","79 51:12.153","0","0","0","0","2411","0","0","0","N","0","0","0","1","02411","0","","5.0","","1","N","N","","0","","0","0","1","","0","Y","","1","0","0","0","0","0","0","2","0","1","","","","N","","","","","","","","","",""
"2013083154","","0","0","0","0","0","0","0","0","0","7","0","","02","8","2013","2","40.424761","-79.985282","","11","0","0","0","0","0","0","0","0","","0","0","0","","","0","","3","","40 25:29.139","","0","79 59:07.015","0","0","0","0","2301","0","0","0","N","0","0","0","0","02301","0","","5.0","","9","N","N","","0","","0","0","1","","0","","","1","0","0","0","0","0","0","2","0","1","","","","N","","","","","","","","","",""
"2013082456","","0","0","0","0","0","0","0","0","0","99","0","","02","8","2013","4","40.442213","-79.821793","","11","0","0","0","0","0","0","0","0","","0","0","0","","","0","","0","","40 26:31.965","","0","79 49:18.455","0","0","0","0","2124","0","0","0","N","0","0","0","1","68B03","0","","1.0","","1","N","N","","0","","0","0","1","","0","","","1","0","0","0","0","0","0","2","0","1","","","","N","","","","","","","","","",""
"2013080968","","2","0","0","0","0","0","0","0","0","1","0","","02","8","2013","5","40.427661","-79.752592","","11","0","1","0","0","1","0","0","0","1","0","0","0","","","1","","0","","40 25:39.581","1","0","79 45:09.330","4","0","0","0","2446","0","0","0","N","0","0","0","4","02446","1","","1.0","","1","N","N","","1","","0","0","0","","0","N","","3","1","1","0","0","0","0","2","0","3","","","","N","","","","","","","","","",""
"2013082532","","2","0","0","0","0","0","0","0","0","4","0","","02","8","2013","7","40.459361","-79.920199","","11","0","0","0","0","0","0","0","0","","0","0","0","","","0","","2","","40 27:33.701","","0","79 55:12.718","0","0","0","0","2301","0","0","0","N","0","0","0","2","02301","0","","1.0","","1","N","N","","0","","0","0","0","","2","","","2","0","0","0","0","0","0","2","0","2","","","","N","","","","","","","","","",""
"2013083722","","1","0","0","0","0","0","0","0","0","7","0","","02","8","2013","7","40.423312","-80.105721","","11","0","0","1","0","0","0","0","0","","0","0","0","","","2","","0","","40 25:23.923","","0","80 06:20.594","3","0","0","0","2115","0","0","0","N","0","0","0","2","68B03","0","","2.0","","1","N","N","","0","","2","0","0","","0","","","1","2","1","0","0","0","0","2","0","1","","","","N","","","","","","","","","",""
"2013085288","","0","0","0","0","0","0","0","0","0","7","0","","02","8","2013","2","40.436235","-79.919127","","11","0","0","0","0","0","0","0","0","2","0","0","0","","","0","","1","","40 26:10.446","1","0","79 55:08.857","0","0","0","0","2301","0","0","0","N","0","0","0","1","02301","0","","5.0","","9","N","N","","1","","0","0","0","","0","N","","1","0","0","0","0","0","0","2","0","1","","","","N","","","","","","","","","",""
"2013085435","","0","0","0","0","0","0","0","0","0","7","0","","02","8","2013","2","40.44119","-80.031169","","11","0","0","1","0","0","0","0","0","1","0","0","0","","","1","","1","","40 26:28.284","4","3","80 01:52.209","3","0","0","1","2301","0","0","0","N","0","0","0","1","02301","0","","2.0","","1","N","N","","0","","1","0","0","","2","N","","1","1","0","0","0","0","0","2","0","1","","","","N","","","","","","","","","",""
"2013082458","","3","0","0","0","0","0","0","0","0","1","0","","02","8","2013","1","40.431649","-80.025059","","11","0","0","0","0","0","0","1","0","","0","0","0","","","1","","0","","40 25:53.938","","4","80 01:30.214","4","0","0","0","2301","0","0","0","N","0","0","0","4","68B03","1","","1.0","","1","N","N","","0","","0","0","0","","0","","","3","1","0","0","0","0","0","2","0","3","","","","N","","","","","","","","","",""
"2013080209","","1","0","0","0","0","0","0","0","0","1","0","","02","8","2013","5","40.425167","-80.01911","","11","0","0","0","0","0","1","0","0","2","0","0","0","","","1","","0","","40 25:30.601","1","0","80 01:08.797","4","0","0","0","2301","0","0","0","N","0","0","0","3","02301","1","","1.0","","1","N","N","","1","","0","0","1","","2","N","","3","1","1","0","0","0","0","2","0","3","","","","N","","","","","","","","","",""
"2013083081","","2","0","0","0","0","0","0","0","0","2","0","","02","8","2013","2","40.438568","-79.985087","","11","0","0","0","0","0","0","0","0","","0","0","0","","","1","","1","","40 26:18.844","","0","79 59:06.313","8","0","0","0","2301","0","0","0","N","0","0","0","7","02301","0","","1.0","","9","N","N","","0","","0","0","1","","1","","","3","1","1","0","0","1","0","2","0","3","","","","N","","","","","","","","","",""
"2013083096","","1","0","0","0","0","0","0","0","0","4","0","","02","8","2013","7","40.368169","-80.074208","","11","0","0","0","0","0","1","0","0","2","0","0","0","","","0","","0","","40 22:05.410","1","0","80 04:27.148","0","0","0","0","2109","0","0","0","N","0","0","0","1","02109","0","","1.0","","1","N","N","","1","","0","0","0","","0","N","","2","0","0","0","0","0","0","2","0","2","","","","N","","","","","","","","","",""
"2013085290","","1","0","0","0","0","0","0","0","0","7","0","","02","8","2013","1","40.530193","-79.711827","","11","0","0","1","0","0","0","0","0","1","0","0","0","","","1","","0","","40 31:48.695","7","0","79 42:42.578","4","0","0","0","2466","0","0","0","N","0","0","0","1","02466","1","","5.0","","1","N","N","","0","","0","0","0","","0","N","","1","1","0","0","0","0","0","1","0","1","","","","N","","","","","","","","","",""
"2013083097","","1","0","0","0","0","0","0","0","0","1","0","","02","8","2013","1","40.395791","-80.033165","","11","0","0","0","0","0","0","0","0","","0","0","0","","","1","","2","","40 23:44.847","","0","80 01:59.395","8","0","0","0","2422","0","0","0","N","0","0","0","3","02422","0","","1.0","","9","N","N","","0","","0","0","0","","2","","","2","1","0","0","0","1","0","2","1","2","","","","N","","","","","","","","","",""
"2013080211","","3","0","0","0","0","0","0","0","0","1","0","","02","8","2013","5","40.441733","-80.035258","","11","0","0","0","0","0","0","0","0","","0","0","0","","","1","","2","","40 26:30.238","","0","80 02:06.928","4","0","0","0","2301","0","0","0","N","0","0","0","5","02301","1","","1.0","","1","N","N","","0","","0","0","0","","2","","","3","1","0","0","0","0","0","2","0","3","","","","N","","","","","","","","","",""
"2013082537","","2","0","0","0","0","0","0","0","0","1","0","","02","8","2013","5","40.39809","-79.999781","","11","0","0","0","0","0","0","1","0","","0","0","0","","","0","","0","","40 23:53.124","","0","79 59:59.212","0","0","0","0","2301","0","0","0","N","0","0","0","3","02301","0","","1.0","","1","N","N","","0","","0","0","0","","0","","","2","0","2","0","0","0","0","2","0","2","","","","N","","","","","","","","","",""
"2013085292","","1","0","0","0","0","0","0","0","0","7","0","","02","8","2013","1","40.373246","-79.912147","","11","0","0","0","0","0","0","0","0","2","0","0","0","","","1","","3","","40 22:23.685","2","0","79 54:43.729","8","0","0","0","2301","0","0","0","N","0","0","0","1","02301","0","","5.0","","1","N","N","","0","","0","0","0","","0","N","","1","1","0","0","0","1","0","2","0","1","","","","N","","","","","","","","","",""
"2013082952","","1","0","0","0","0","0","0","0","0","0","0","","02","8","2013","1","40.456047","-79.991701","","11","0","0","0","0","0","1","0","0","1","0","0","0","","","1","","7","","40 27:21.770","2","0","79 59:30.122","3","0","0","1","2301","0","0","0","N","0","0","0","3","02301","0","","1.0","","1","N","N","","0","","1","0","0","","0","N","","3","1","0","0","0","0","1","2","0","3","","","","N","","","","","","","","","",""
"2013083022","","1","0","0","0","0","0","0","0","0","1","0","","02","8","2013","7","40.490998","-79.885896","","11","0","0","0","0","0","1","0","0","2","0","0","0","","","0","","0","","40 29:27.593","2","0","79 53:09.226","0","0","0","0","2112","0","0","0","N","0","0","0","2","68D02","0","","1.0","","1","N","N","","0","","0","0","1","","0","N","","2","0","0","0","0","0","0","2","0","2","","","","N","","","","","","","","","",""
"2013083160","","1","0","0","0","0","0","0","0","0","2","0","","02","7","2013","7","40.336314","-79.869342","","11","0","0","0","0","0","0","0","0","","0","0","0","","","0","","0","","40 20:10.730","","0","79 52:09.630","0","0","0","0","2455","0","0","0","N","0","0","0","1","02455","0","","6.0","","9","N","N","","0","","0","0","0","","0","","","2","0","0","0","0","0","0","2","1","2","","","","N","","","","","","","","","",""
"2013085440","","2","0","0","0","0","0","0","0","0","4","0","","02","8","2013","1","40.43708","-79.998329","","11","0","0","0","0","0","1","0","0","1","0","0","0","","","1","","5","","40 26:13.487","2","2","79 59:53.986","8","0","0","0","2301","0","0","0","N","0","0","0","4","02301","0","","7.0","","1","N","N","","0","","0","0","0","","2","N","","2","1","0","0","0","1","0","2","0","2","","","","N","","","","","","","","","",""
"2013081919","","1","0","0","0","0","0","0","0","0","4","0","","02","7","2013","4","40.552814","-80.10683","","11","0","0","0","0","0","1","0","0","","0","0","0","","","1","","2","","40 33:10.132","","0","80 06:24.588","4","0","0","0","2215","0","0","0","N","0","0","0","2","02215","1","","1.0","","1","N","N","","1","","0","0","0","","0","","","2","1","0","0","0","0","0","2","0","2","","","","N","","","","","","","","","",""
"2013080357","","2","0","0","0","0","0","0","0","0","1","0","","02","8","2013","6","40.458522","-79.842992","","11","0","0","0","0","0","1","0","0","","0","0","0","","","0","","0","","40 27:30.679","","0","79 50:34.771","0","0","0","0","2113","0","0","0","N","0","0","0","2","02113","0","","1.0","","9","N","N","","0","","0","0","0","","0","","","2","0","0","0","0","0","0","2","0","2","","","","N","","","","","","","","","",""
"2013084541","","1","0","0","0","0","0","0","0","0","6","0","","02","8","2013","5","40.429192","-79.786792","","11","0","0","1","0","0","1","0","0","1","0","0","0","","","1","","0","","40 25:45.090","1","0","79 47:12.450","8","0","0","0","2446","0","0","0","N","0","0","0","3","02446","0","","1.0","","1","N","N","","0","","0","0","1","","0","N","","2","1","0","0","0","1","0","2","0","2","","","","N","","","","","","","","","",""
"2013084672","","2","0","0","0","0","0","0","0","0","4","0","","02","8","2013","5","40.449027","-79.951897","","11","0","0","0","0","0","1","0","0","2","0","0","0","","","2","","1","","40 26:56.497","4","0","79 57:06.829","3","0","0","0","2301","0","0","0","N","0","0","0","3","02301","1","","1.0","","1","N","N","","0","","1","0","0","","3","N","","2","2","0","0","0","0","0","2","0","2","","","","N","","","","","","","","","",""
"2013081779","","0","0","0","0","0","0","0","0","0","7","0","","02","8","2013","3","40.569571","-79.954126","","11","0","0","0","0","0","1","0","0","","0","0","0","","","1","","2","","40 34:10.457","","0","79 57:14.853","8","0","0","1","2207","0","0","0","N","0","0","0","2","02207","0","","3.0","","1","N","N","","1","","0","0","0","","2","","","2","1","0","0","0","1","0","2","0","2","","","","N","","","","","","","","","",""
"2013082543","","2","0","0","0","0","0","0","0","0","4","0","","02","8","2013","6","40.516238","-79.84299","","11","0","0","0","0","0","1","0","0","","0","0","0","","","2","","1","","40 30:58.456","","0","79 50:34.764","3","0","0","0","2451","0","0","0","N","0","0","0","2","02451","1","","1.0","","1","N","N","","0","","1","0","0","","3","","","2","2","0","0","0","0","0","2","0","2","","","","N","","","","","","","","","",""
"2013085447","","0","0","0","0","0","0","0","0","0","4","0","","02","8","2013","2","40.318809","-80.087983","","11","0","0","0","0","0","2","0","0","2","0","0","0","","","1","","0","","40 19:07.714","2","0","80 05:16.738","2","0","1","1","2123","0","0","0","N","0","0","0","3","02123","0","","1.0","","1","N","N","","0","","0","1","0","","0","Y","","2","1","0","0","0","0","0","2","1","2","","","","N","","","","","","","","","",""
"2013082546","","1","0","0","0","0","0","0","0","0","4","0","","02","8","2013","6","40.369336","-80.08561","","11","0","0","0","0","0","2","0","0","","0","0","0","","","1","","2","","40 22:09.609","","0","80 05:08.196","4","0","0","0","2117","0","0","0","N","0","0","0","2","02117","1","","1.0","","1","N","N","","1","","0","0","0","","3","","","2","1","0","0","0","0","0","2","0","2","","","","N","","","","","","","","","",""
"2013085379","","0","0","0","0","0","0","0","0","0","7","0","","02","8","2013","1","40.404964","-79.852576","","11","0","0","0","0","0","0","0","0","","0","0","0","","","0","","0","","40 24:17.870","","0","79 51:09.273","0","0","0","0","2449","0","0","0","","0","0","0","2","02449","0","","2.0","","1","","","","0","","0","0","1","","0","","","1","0","0","0","0","0","0","2","0","1","","","","N","","","","","","","","","",""
"2013083106","","1","0","0","0","0","0","0","0","0","7","0","","02","7","2013","1","40.339498","-80.131068","","11","0","0","0","0","0","0","0","0","1","0","0","0","","","1","","0","","40 20:22.192","2","0","80 07:51.844","8","0","0","0","2119","0","0","0","N","0","0","0","1","68B03","0","","2.0","","1","N","N","","0","","0","0","0","","0","N","","1","1","0","0","0","1","0","2","0","1","","","","N","","","","","","","","","",""
"2013082419","","1","0","0","0","0","0","0","0","0","4","1","","02","8","2013","4","40.444202","-80.028173","","11","0","0","0","0","0","0","0","0","2","0","1","0","","","0","","1","","40 26:39.126","7","3","80 01:41.424","0","0","0","0","2301","0","0","0","N","0","0","0","2","02301","0","","1.0","","1","N","N","","0","","0","0","0","","2","N","","2","0","0","0","0","0","0","2","0","2","","","","N","","","","","","","","","",""