"CRN","ARRIVAL_TM","AUTOMOBILE_COUNT","BELTED_DEATH_COUNT","BELTED_SUSP_SERIOUS_INJ_COUNT","BICYCLE_COUNT","BICYCLE_DEATH_COUNT","BICYCLE_SUSP_SERIOUS_INJ_COUNT","BUS_COUNT","CHLDPAS_DEATH_COUNT","CHLDPAS_SUSP_SERIOUS_INJ_COUNT","COLLISION_TYPE","COMM_VEH_COUNT","CONS_ZONE_SPD_LIM","COUNTY","CRASH_MONTH","CRASH_YEAR","DAY_OF_WEEK","DEC_LATITUDE","DEC_LONGITUDE","DISPATCH_TM","DISTRICT","DRIVER_COUNT_16YR","DRIVER_COUNT_17YR","DRIVER_COUNT_18YR","DRIVER_COUNT_19YR","DRIVER_COUNT_20YR","DRIVER_COUNT_50_64YR","DRIVER_COUNT_65_74YR","DRIVER_COUNT_75PLUS","EST_HRS_CLOSED","FATAL_COUNT","HEAVY_TRUCK_COUNT","HORSE_BUGGY_COUNT","HOUR_OF_DAY","ILLUMINATION","INJURY_COUNT","INTERSECTION_RELATED","INTERSECT_TYPE","LANE_CLOSED","LATITUDE","LN_CLOSE_DIR","LOCATION_TYPE","LONGITUDE","MAX_SEVERITY_LEVEL","MCYCLE_DEATH_COUNT","MCYCLE_SUSP_SERIOUS_INJ_COUNT","MOTORCYCLE_COUNT","MUNICIPALITY","NONMOTR_COUNT","NONMOTR_DEATH_COUNT","NONMOTR_SUSP_SERIOUS_INJ_COUNT","NTFY_HIWY_MAINT","PED_COUNT","PED_DEATH_COUNT","PED_SUSP_SERIOUS_INJ_COUNT","PERSON_COUNT","POLICE_AGCY","POSSIBLE_INJ_COUNT","RDWY_SURF_TYPE_CD","RELATION_TO_ROAD","ROADWAY_CLEARED","ROAD_CONDITION","SCH_BUS_IND","SCH_ZONE_IND","SECONDARY_CRASH","SMALL_TRUCK_COUNT","SPEC_JURIS_CD","SUSP_MINOR_INJ_COUNT","SUSP_SERIOUS_INJ_COUNT","SUV_COUNT","TCD_FUNC_CD","TCD_TYPE","TFC_DETOUR_IND","TIME_OF_DAY","TOTAL_UNITS","TOT_INJ_COUNT","UNBELTED_OCC_COUNT","UNB_DEATH_COUNT","UNB_SUSP_SERIOUS_INJ_COUNT","UNK_INJ_DEG_COUNT","UNK_INJ_PER_COUNT","URBAN_RURAL","VAN_COUNT","VEHICLE_COUNT","WEATHER1","WEATHER2","WORKERS_PRES","WORK_ZONE_IND","WORK_ZONE_LOC","WORK_ZONE_TYPE","WZ_CLOSE_DETOUR","WZ_FLAGGER","WZ_LAW_OFFCR_IND","WZ_LN_CLOSURE","WZ_MOVING","WZ_OTHER","WZ_SHLDER_MDN","WZ_WORKERS_INJ_KILLED"
"2013080697","","0","0","0","0","0","0","0","0","0","2","0","","02","8","2013","7","40.644721","-79.938355","","11","0","0","0","0","0","0","0","1","2","0","0","0","","","2","","1","","40 38:40.996","2","0","79 56:18.078","8","0","0","0","2217","0","0","0","N","0","0","0","4","02505","0","","1.0","","1","N","N","","1","","0","0","1","","2","Y","","2","2","0","0","0","2","0","2","0","2","","","","N","","","","","","","","","",""
"2013081619","","0","0","0","0","0","0","0","0","0","7","0","","02","8","2013","3","40.502496","-79.935558","","11","0","0","0","0","0","0","0","0","2","0","0","0","","","3","","0","","40 30:08.987","7","0","79 56:08.007","4","0","0","0","2112","0","0","0","N","0","0","0","3","02112","3","","2.0","","1","N","N","","1","","0","0","0","","0","Y","","1","3","0","0","0","0","0","2","0","1","","","","N","","","","","","","","","",""
"2013088516","","2","0","0","0","0","0","0","0","0","1","0","","02","9","2013","4","40.359783","-79.990791","","11","0","0","1","0","0","0","0","1","1","0","0","0","","","1","","0","","40 21:35.218","2","0","79 59:26.847","8","0","0","0","2476","0","0","0","N","0","0","0","2","02476","0","","1.0","","1","N","N","","0","","0","0","0","","0","N","","2","1","0","0","0","1","1","2","0","2","","","","N","","","","","","","","","",""
"2013088517","","1","0","0","0","0","0","0","0","0","1","0","","02","8","2013","2","40.457847","-80.015919","","11","0","0","0","0","0","1","0","0","","0","0","0","","","1","","2","","40 27:28.249","","0","80 00:57.308","3","0","0","0","2301","0","0","0","N","0","0","0","2","02301","0","","1.0","","1","N","N","","1","","1","0","0","","0","","","2","1","0","0","0","0","0","2","0","2","","","","N","","","","","","","","","",""
"2013087876","","1","0","0","0","0","0","0","0","0","7","0","","02","9","2013","2","40.333258","-79.813305","","11","0","0","0","0","0","0","1","0","","0","0","0","","","1","","0","","40 19:59.728","","0","79 48:47.898","8","0","0","0","2304","0","0","0","N","0","0","0","1","02304","0","","4.0","","1","N","N","","0","","0","0","0","","0","","","1","1","0","0","0","1","0","2","0","1","","","","N","","","","","","","","","",""
"2013087955","","0","0","0","0","0","0","0","0","0","7","0","","02","9","2013","2","40.38851","-80.007083","","11","0","0","0","0","0","0","0","0","3","0","0","0","","","0","","3","","40 23:18.636","7","0","80 00:25.498","9","0","0","0","2301","0","0","0","N","0","0","0","1","02301","0","","5.0","","1","N","N","","1","","0","0","0","","0","Y","","1","0","0","0","0","0","1","2","0","1","","","","N","","","","","","","","","",""
"2013088723","","0","0","0","0","0","0","0","0","0","1","0","","02","9","2013","4","40.408309","-80.004731","","11","0","0","0","0","0","1","0","0","1","0","0","0","","","2","","0","","40 24:29.911","1","0","80 00:17.031","4","0","0","0","2301","0","0","0","N","0","0","0","5","02301","2","","1.0","","1","Y","N","","0","","0","0","1","","0","N","","2","2","0","0","0","0","0","2","1","2","","","","N","","","","","","","","","",""
"2013087203","","1","0","0","0","0","0","0","0","0","7","0","","02","8","2013","6","40.384043","-79.97021","","11","0","0","0","1","0","0","0","0","","0","0","0","","","1","","0","","40 23:02.555","","0","79 58:12.756","8","0","0","0","2413","0","0","0","N","0","0","0","2","02413","0","","5.0","","1","N","N","","0","","0","0","0","","0","","","1","1","1","0","0","1","0","2","0","1","","","","N","","","","","","","","","",""
"2013081537","","1","0","0","0","0","0","0","0","0","7","0","","02","8","2013","2","40.611584","-79.896097","","11","0","0","0","0","0","0","0","0","2","0","0","0","","","1","","3","","40 36:41.702","4","0","79 53:45.948","4","0","0","0","2220","0","0","0","N","0","0","0","1","02220","1","","5.0","","1","N","N","","0","","0","0","0","","0","N","","1","1","0","0","0","0","0","1","0","1","","","","N","","","","","","","","","",""
"2013080778","","1","0","0","0","0","0","0","0","0","2","0","","02","8","2013","3","40.512418","-79.9976","","11","0","0","0","0","0","0","0","1","","0","0","0","","","1","","0","","40 30:44.704","","0","79 59:51.359","2","0","1","1","2116","0","0","0","N","0","0","0","2","02116","0","","1.0","","1","N","N","","0","","0","1","0","","0","","","2","1","0","0","0","0","0","2","0","2","","","","N","","","","","","","","","",""
"2013081609","","0","0","0","0","0","0","0","0","0","1","0","","02","8","2013","3","40.49799","-80.284301","","11","0","0","0","0","0","0","0","0","","0","0","0","","","1","","0","","40 29:52.765","","0","80 17:03.483","4","0","0","1","2203","0","0","0","N","0","0","0","1","02203","1","","1.0","","1","N","N","","0","","0","0","0","","0","","","2","1","0","0","0","0","0","1","0","2","","","","N","","","","","","","","","",""
"2013081622","","0","0","0","0","0","0","0","0","0","7","0","","02","8","2013","7","40.575588","-80.054595","","11","0","0","0","0","0","1","0","0","2","0","0","0","","","1","","2","","40 34:32.116","6","0","80 03:16.542","8","0","0","1","2108","0","0","0","N","0","0","0","1","02108","0","","1.0","","1","N","N","","0","","0","0","0","","3","Y","","1","1","0","0","0","1","0","2","0","1","","","","N","","","","","","","","","",""
"2013079956","","1","0","0","0","0","0","0","0","0","7","0","","02","8","2013","5","40.560248","-79.969131","","11","0","0","0","0","0","0","1","0","","0","0","0","","","1","","0","","40 33:36.892","","0","79 58:08.871","8","0","0","0","2207","0","0","0","N","0","0","0","1","02207","0","","5.0","","1","N","N","","0","","0","0","0","","0","","","1","1","0","0","0","1","0","2","0","1","","","","N","","","","","","","","","",""
"2013080782","","1","0","0","0","0","0","0","0","0","4","0","","02","8","2013","7","40.449027","-79.951897","","11","0","0","0","0","0","1","1","0","","0","0","0","","","0","","1","","40 26:56.497","","0","79 57:06.829","0","0","0","0","2301","0","0","0","N","0","0","0","3","02301","0","","1.0","","1","N","N","","0","","0","0","1","","3","","","2","0","0","0","0","0","0","2","0","2","","","","N","","","","","","","","","",""
"2013081539","","2","0","0","0","0","0","0","0","0","1","0","","02","8","2013","3","40.619588","-79.833567","","11","0","0","0","0","0","0","1","0","","0","0","0","","","2","","0","","40 37:10.516","","0","79 50:00.842","4","0","0","0","2220","0","0","0","N","0","0","0","2","02220","1","","1.0","","1","N","N","","0","","0","0","0","","0","","","2","2","0","0","0","1","0","2","0","2","","","","N","","","","","","","","","",""
"2013081623","","1","0","0","0","0","0","0","0","0","1","0","","02","8","2013","1","40.388402","-80.042929","","11","0","0","0","0","0","1","0","0","","0","0","0","","","0","","2","","40 23:18.248","","0","80 02:34.545","0","0","0","0","2109","0","0","0","N","0","0","0","4","02109","0","","1.0","","1","N","N","","0","","0","0","1","","2","","","2","0","0","0","0","0","0","2","0","2","","","","N","","","","","","","","","",""
"2013087755","","2","0","0","0","0","0","0","0","0","4","0","","02","8","2013","5","40.474075","-80.063738","","11","0","0","0","0","0","0","0","0","","0","0","0","","","1","","0","","40 28:26.670","","0","80 03:49.456","4","0","0","0","2444","0","0","0","N","0","0","0","2","02444","1","","1.0","","1","N","N","","0","","0","0","0","","0","","","2","1","0","0","0","0","0","2","0","2","","","","N","","","","","","","","","",""
"2013081402","","0","0","0","0","0","0","0","0","0","7","0","","02","8","2013","7","40.411246","-80.162242","","11","0","0","0","1","0","0","0","0","","0","0","0","","","1","","0","","40 24:40.487","","0","80 09:44.071","4","0","0","0","2102","0","0","0","N","0","0","0","1","02102","1","","5.0","","1","N","N","","0","","0","0","1","","0","","","1","1","0","0","0","0","0","1","0","1","","","","N","","","","","","","","","",""
"2013080719","","1","0","0","0","0","0","0","0","0","4","0","","02","8","2013","7","40.451832","-79.943353","","11","0","0","0","0","0","0","0","1","","0","0","0","","","2","","1","","40 27:06.595","","0","79 56:36.070","4","0","0","0","2301","0","0","0","N","0","0","0","5","02301","2","","1.0","","1","N","N","","0","","0","0","0","","2","","","2","2","0","0","0","0","0","2","1","2","","","","N","","","","","","","","","",""
"2013080109","","3","0","0","0","0","0","0","0","0","1","0","","02","7","2013","5","40.360175","-80.028731","","11","0","0","0","0","0","0","0","1","","0","0","0","","","2","","0","","40 21:36.631","","0","80 01:43.432","4","0","0","0","2416","0","0","0","N","0","0","0","6","02416","2","","1.0","","1","N","N","","0","","0","0","0","","0","","","3","2","0","0","0","0","0","2","0","3","","","","N","","","","","","","","","",""
"2013081624","","1","0","0","0","0","0","0","0","0","1","1","","02","8","2013","3","40.567313","-79.841087","","11","0","0","0","0","0","1","0","0","","0","1","0","","","0","","0","","40 34:02.328","","0","79 50:27.912","0","0","0","0","2209","0","0","0","N","0","0","0","2","02209","0","","1.0","","1","N","N","","0","","0","0","0","","0","","","2","0","0","0","0","0","0","2","0","2","","","","N","","","","","","","","","",""
"2013088597","","1","0","0","0","0","0","0","0","0","7","0","","02","8","2013","2","40.423464","-80.106594","","11","0","0","0","0","0","0","0","0","","0","0","0","","","0","","0","","40 25:24.471","","0","80 06:23.739","0","0","0","0","2115","0","0","0","N","0","0","0","1","68B03","0","","4.0","","8","N","N","","0","","0","0","0","","0","","","1","0","0","0","0","0","0","2","0","1","","","","N","","","","","","","","","",""
"2013080720","","2","0","0","0","0","0","0","0","0","4","0","","02","8","2013","6","40.465007","-79.954383","","11","0","0","0","0","0","1","0","0","","0","0","0","","","0","","2","","40 27:54.025","","0","79 57:15.778","0","0","0","0","2301","0","0","0","N","0","0","0","2","02301","0","","1.0","","1","N","N","","0","","0","0","0","","3","","","2","0","0","0","0","0","0","2","0","2","","","","N","","","","","","","","","",""
"2013081625","","1","0","0","0","0","0","0","0","0","7","0","","02","8","2013","2","40.55134","-79.881204","","11","0","0","0","1","0","0","0","0","2","0","0","0","","","1","","0","","40 33:04.823","6","0","79 52:52.334","4","0","0","0","2209","0","0","0","N","0","0","0","1","02209","1","","2.0","","1","N","N","","0","","0","0","0","","0","Y","","1","1","0","0","0","0","0","2","0","1","","","","N","","","","","","","","","",""
"2013080785","","3","0","0","0","0","0","0","0","0","1","0","","02","8","2013","7","40.442779","-80.008784","","11","0","0","0","0","0","0","0","0","2","0","0","0","","","1","","6","","40 26:34.006","3","2","80 00:31.621","8","0","0","0","2301","0","0","0","Y","0","0","0","5","02301","0","","1.0","","1","N","N","","0","","0","0","0","","4","N","","3","1","0","0","0","1","0","2","0","3","","","","N","","","","","","","","","",""
"2013082210","","1","0","0","1","0","0","0","0","0","8","0","","02","8","2013","4","40.453981","-80.014537","","11","0","0","0","0","0","1","0","0","","0","0","0","","","1","","1","","40 27:14.331","","0","80 00:52.333","3","0","0","0","2301","1","0","0","N","0","0","0","2","02301","0","","1.0","","1","N","N","","0","","1","0","0","","2","","","2","1","0","0","0","0","0","2","0","1","","","","N","","","","","","","","","",""
"2013082224","","0","0","0","0","0","0","0","0","0","7","0","","02","8","2013","4","40.4638","-80.022717","","11","0","0","0","0","0","0","0","0","","0","0","0","","","0","","0","","40 27:49.680","","0","80 01:21.781","0","0","0","0","2301","0","0","0","N","0","0","0","1","02301","0","","4.0","","1","N","N","","0","","0","0","0","","0","","","1","0","1","0","0","0","0","2","1","1","","","","N","","","","","","","","","",""
"2013080866","","2","0","0","0","0","0","0","0","0","4","0","","02","8","2013","1","40.452538","-79.981143","","11","0","0","0","0","0","0","0","0","","0","0","0","","","1","","1","","40 27:09.136","","0","79 58:52.114","4","0","0","0","2301","0","0","0","N","0","0","0","2","02301","1","","1.0","","1","N","N","","0","","0","0","0","","0","","","2","1","0","0","0","0","0","2","0","2","","","","N","","","","","","","","","",""
"2013087764","","1","0","0","0","0","0","0","0","0","1","0","","02","8","2013","5","40.552754","-80.116223","","11","0","0","0","0","0","0","0","0","","0","0","0","","","0","","0","","40 33:09.916","","0","80 06:58.404","0","0","0","0","2215","0","0","0","N","0","0","0","2","02215","0","","1.0","","1","N","N","","1","","0","0","0","","0","","","2","0","0","0","0","0","0","2","0","2","","","","N","","","","","","","","","",""
"2013088526","","2","0","0","0","0","0","0","0","0","4","0","","02","8","2013","6","40.430529","-79.79243","","11","0","0","1","0","0","0","0","0","1","0","0","0","","","1","","2","","40 25:49.904","4","0","79 47:32.748","4","0","0","0","2446","0","0","0","N","0","0","0","2","02446","1","","1.0","","1","N","N","","0","","0","0","0","","2","N","","2","1","0","0","0","0","0","2","0","2","","","","N","","","","","","","","","",""
"2013080709","","3","0","0","0","0","0","0","0","0","1","0","","02","8","2013","7","40.429364","-79.996881","","11","0","0","0","0","0","0","0","0","","0","0","0","","","1","","2","","40 25:45.712","","0","79 59:48.773","8","0","0","0","2301","0","0","0","N","0","0","0","4","02301","0","","1.0","","1","N","N","","0","","0","0","0","","0","","","3","1","0","0","0","1","0","2","0","3","","","","N","","","","","","","","","",""
"2013080725","","0","0","0","0","0","0","0","0","0","1","0","","02","8","2013","5","40.432538","-79.730968","","11","0","0","0","0","0","1","0","0","","0","0","0","","","1","","0","","40 25:57.135","","0","79 43:51.484","4","0","0","0","2446","0","0","0","N","0","0","0","3","02446","1","","1.0","","1","N","N","","1","","0","0","2","","0","","","3","1","0","0","0","0","0","2","0","3","","","","N","","","","","","","","","",""
"2013081409","","1","0","0","0","0","0","0","0","0","7","0","","02","8","2013","2","40.447457","-79.894914","","11","0","0","0","0","0","0","0","0","","0","0","0","","","0","","0","","40 26:50.845","","0","79 53:41.690","9","0","0","0","2301","0","0","0","N","0","0","0","1","02301","0","","5.0","","1","N","N","","0","","0","0","0","","0","","","1","0","0","0","0","0","1","2","0","1","","","","N","","","","","","","","","",""
"2013080711","","1","0","0","0","0","0","0","0","0","1","0","","02","8","2013","7","40.332463","-80.06955","","11","0","0","0","0","0","1","0","0","1","0","0","0","","","1","","7","","40 19:56.867","1","2","80 04:10.379","3","0","0","1","2123","0","0","0","N","0","0","0","2","02123","0","","1.0","","1","N","N","","0","","1","0","0","","3","N","","2","1","0","0","0","0","0","2","0","2","","","","N","","","","","","","","","",""
"2013082294","","1","0","0","0","0","0","0","0","0","4","0","","02","8","2013","3","40.310492","-80.014506","","11","0","0","0","0","0","1","0","0","1","0","0","0","","","0","","2","","40 18:37.771","1","0","80 00:52.221","0","0","0","0","2219","0","0","0","N","0","0","0","2","02219","0","","1.0","","1","N","N","","1","","0","0","0","","3","N","","2","0","0","0","0","0","0","2","0","2","","","","N","","","","","","","","","",""
"2013080727","","2","0","0","0","0","0","0","0","0","4","0","","02","8","2013","6","40.376558","-79.894237","","11","0","0","0","0","0","0","0","0","","0","0","0","","","0","","0","","40 22:35.610","","0","79 53:39.253","0","0","0","0","2473","0","0","0","N","0","0","0","4","02473","0","","1.0","","1","N","N","","0","","0","0","0","","2","","","2","0","0","0","0","0","0","2","0","2","","","","N","","","","","","","","","",""
"2013082231","","1","0","0","0","0","0","0","0","0","1","0","","02","8","2013","5","","","","11","0","0","0","0","0","1","0","0","","0","0","0","","","0","","0","","","","0","","0","0","0","0","2423","0","0","0","N","0","0","0","4","02304","0","","1.0","","1","N","N","","0","","0","0","1","","5","","","2","0","0","0","0","0","0","1","0","2","","","","N","","","","","","","","","",""
"2013080792","","2","0","0","0","0","0","0","0","0","4","0","","02","8","2013","7","40.605537","-80.086626","","11","0","0","1","0","0","1","0","0","1","0","0","0","","","0","","2","","40 36:19.933","5","0","80 05:11.853","0","0","0","0","2481","0","0","0","N","0","0","0","4","02481","0","","1.0","","1","N","N","","0","","0","0","0","","3","N","","2","0","0","0","0","0","0","2","0","2","","","","N","","","","","","","","","",""
"2013081567","","1","0","0","0","0","0","0","0","0","1","0","","02","8","2013","3","40.428136","-79.970956","","11","0","0","0","0","0","0","0","0","","0","0","0","","","2","","0","","40 25:41.288","","0","79 58:15.441","8","0","0","0","2301","0","0","0","N","0","0","0","2","02301","0","","1.0","","1","N","N","","0","","0","0","1","","0","","","2","2","0","0","0","2","0","2","0","2","","","","N","","","","","","","","","",""
"2013087829","","0","0","0","0","0","0","0","0","0","7","0","","02","9","2013","2","40.316211","-79.93876","","11","0","0","0","0","0","0","1","0","2","0","0","0","","","1","","0","","40 18:58.359","4","0","79 56:19.536","8","0","0","0","2440","0","0","0","N","0","0","0","1","02440","0","","2.0","","1","N","N","","1","","0","0","0","","0","Y","","1","1","0","0","0","1","0","2","0","1","","","","N","","","","","","","","","",""
"2013081414","","1","0","0","0","0","0","0","0","0","5","0","","02","8","2013","3","","","","11","0","0","0","0","0","0","0","0","1","0","0","0","","","0","","0","","","2","0","","0","0","0","0","2301","0","0","0","N","0","0","0","1","02301","0","","6.0","","1","N","N","","0","","0","0","0","","0","N","","3","0","0","0","0","0","0","1","2","3","","","","N","","","","","","","","","",""
"2013082297","","2","0","0","0","0","0","0","0","0","4","0","","02","8","2013","5","40.51397","-79.843241","","11","0","0","0","0","0","0","1","0","","0","0","0","","","0","","1","","40 30:50.291","","0","79 50:35.668","0","0","0","0","2451","0","0","0","N","0","0","0","3","02451","0","","1.0","","1","N","N","","0","","0","0","0","","3","","","2","0","1","0","0","0","0","2","0","2","","","","N","","","","","","","","","",""
"2013081554","","2","0","0","0","0","0","0","0","0","4","0","","02","8","2013","2","40.317806","-79.910236","","11","0","0","0","0","0","0","0","0","2","0","0","0","","","1","","0","","40 19:04.101","4","0","79 54:36.849","8","0","0","0","2440","0","0","0","N","0","0","0","1","02440","0","","5.0","","1","N","N","","0","","0","0","0","","0","N","","2","1","0","0","0","1","0","2","0","2","","","","N","","","","","","","","","",""
"2013080107","","0","0","0","0","0","0","0","0","0","1","0","","02","7","2013","2","40.331863","-80.052392","","11","0","0","0","0","0","1","0","0","","0","0","0","","","1","","3","","40 19:54.706","","0","80 03:08.611","3","0","0","1","2407","0","0","0","N","0","0","0","3","02407","0","","1.0","","1","N","N","","1","","1","0","0","","3","","","2","1","0","0","0","0","0","2","0","2","","","","N","","","","","","","","","",""
"2013082371","","3","0","0","0","0","0","0","0","0","1","0","","02","8","2013","5","40.441997","-80.034535","","11","0","0","0","0","0","3","0","0","","0","0","0","","","2","","2","","40 26:31.189","","0","80 02:04.326","8","0","0","0","2301","0","0","0","N","0","0","0","3","02301","0","","1.0","","1","N","N","","0","","0","0","0","","2","","","3","2","1","0","0","2","0","2","0","3","","","","N","","","","","","","","","",""
"2013088595","","1","0","0","0","0","0","0","0","0","1","0","","02","7","2013","2","40.415878","-80.084727","","11","0","0","0","0","0","1","0","0","","0","0","0","","","2","","0","","40 24:57.160","","0","80 05:05.018","4","0","0","0","2415","0","0","0","N","0","0","0","3","68B03","2","","1.0","","9","N","N","","0","","0","0","1","","0","","","2","2","0","0","0","0","0","2","0","2","","","","N","","","","","","","","","",""
"2013082298","","3","0","0","0","0","0","0","0","0","1","0","","02","8","2013","5","40.43874","-79.752373","","11","0","0","0","0","0","0","1","1","1","0","0","0","","","3","","0","","40 26:19.464","3","0","79 45:08.541","4","0","0","0","2446","0","0","0","N","0","0","0","4","02446","3","","1.0","","1","N","N","","0","","0","0","0","","0","N","","4","3","0","0","0","0","0","2","1","4","","","","N","","","","","","","","","",""
"2013080108","","3","0","0","0","0","0","0","0","0","4","0","","02","8","2013","6","40.335282","-80.051276","","11","0","0","0","0","0","1","0","0","1","0","0","0","","","1","","2","","40 20:07.015","4","0","80 03:04.593","8","0","0","0","2407","0","0","0","N","0","0","0","4","02407","0","","1.0","","1","N","N","","0","","0","0","0","","2","N","","3","1","2","0","0","1","0","2","0","3","","","","N","","","","","","","","","",""
"2013080874","","1","0","0","0","0","0","0","0","0","7","0","","02","8","2013","1","40.353537","-79.977117","","11","1","0","0","0","0","0","0","0","1","0","0","0","","","0","","0","","40 21:12.733","2","0","79 58:37.622","0","0","0","0","2476","0","0","0","N","0","0","0","2","02476","0","","4.0","","1","N","N","","0","","0","0","0","","0","N","","1","0","0","0","0","0","0","2","0","1","","","","N","","","","","","","","","",""
"2013088596","","0","0","0","0","0","0","0","0","0","7","0","","02","7","2013","2","40.416764","-80.08601","","11","0","0","0","0","0","0","0","0","","0","0","0","","","0","","0","","40 25:00.352","","0","80 05:09.637","0","0","0","0","2415","0","0","0","N","0","0","0","1","68B03","0","","4.0","","8","N","N","","0","","0","0","1","","0","","","1","0","0","0","0","0","0","2","0","1","","","","N","","","","","","","","","",""
"2013082219","","0","0","0","0","0","0","0","0","0","4","0","","02","8","2013","2","40.371241","-80.088351","","11","0","0","1","0","0","0","0","0","","0","0","0","","","1","","2","","40 22:16.467","","0","80 05:18.063","8","0","0","0","2117","0","0","0","N","0","0","0","3","02117","0","","1.0","","1","N","N","","0","","0","0","2","","3","","","2","1","0","0","0","1","0","2","0","2","","","","N","","","","","","","","","",""
"2013079909","","2","0","0","0","0","0","0","0","0","1","0","","02","8","2013","5","40.453729","-79.993335","","11","0","0","0","1","0","1","0","0","","0","0","0","","","0","","2","","40 27:13.424","","0","79 59:36.006","0","0","0","0","2301","0","0","0","N","0","0","0","4","02301","0","","1.0","","1","N","N","","0","","0","0","1","","2","","","3","0","0","0","0","0","0","2","0","3","","","","N","","","","","","","","","",""
"2013082220","","1","0","0","0","0","0","0","0","0","2","0","","02","8","2013","4","40.322834","-79.940526","","11","0","0","0","0","1","1","0","0","2","0","0","0","","","2","","0","","40 19:22.203","6","0","79 56:25.892","4","0","0","0","2454","0","0","0","N","0","0","0","3","02454","1","","1.0","","1","N","N","","1","","0","0","0","","0","Y","","2","2","1","0","0","1","0","2","0","2","","","","N","","","","","","","","","",""
"2013080665","","1","0","0","0","0","0","0","0","0","1","0","","02","8","2013","5","40.518983","-80.013519","","11","0","0","0","0","0","0","1","0","1","0","0","0","","","0","","3","","40 31:08.340","1","0","80 00:48.670","0","0","0","0","2116","0","0","0","N","0","0","0","2","02116","0","","1.0","","1","N","N","","0","","0","0","1","","2","N","","2","0","0","0","0","0","0","2","0","2","","","","N","","","","","","","","","",""
"2013087833","","0","0","0","0","0","0","1","0","0","8","1","","02","8","2013","6","40.44084","-79.995811","","11","0","0","0","0","0","1","0","0","1","0","0","0","","","1","","0","","40 26:27.024","3","0","79 59:44.919","3","0","0","0","2301","1","0","0","N","1","0","0","3","02503","0","","2.0","","1","N","N","","0","","1","0","0","","0","Y","","2","1","0","0","0","0","0","2","0","1","","","","N","","","","","","","","","",""
"2013082237","","1","0","0","0","0","0","0","0","0","7","0","","02","8","2013","5","40.425078","-79.935622","","11","0","0","0","0","0","0","0","1","1","0","0","0","","","0","","2","","40 25:30.280","3","0","79 56:08.239","0","0","0","0","2301","0","0","0","N","0","0","0","1","02301","0","","5.0","","1","N","N","","0","","0","0","0","","3","Y","","1","0","0","0","0","0","0","2","0","1","","","","N","","","","","","","","","",""
"2013080733","","1","0","0","0","0","0","0","0","0","7","0","","02","8","2013","6","40.363177","-80.046937","","11","0","0","0","0","0","1","0","0","2","0","0","0","","","0","","2","","40 21:47.436","6","0","80 02:48.972","0","0","0","0","2109","0","0","0","N","0","0","0","1","02109","0","","5.0","","1","N","N","","0","","0","0","0","","2","Y","","1","0","0","0","0","0","0","2","0","1","","","","N","","","","","","","","","",""
"2013082375","","2","0","0","0","0","0","0","0","0","4","0","","02","8","2013","4","40.420134","-79.894957","","11","0","0","0","1","0","0","0","0","","0","0","0","","","1","","0","","40 25:12.482","","0","79 53:41.845","4","0","0","0","2463","0","0","0","N","0","0","0","1","02463","1","","1.0","","1","N","N","","0","","0","0","0","","0","","","2","1","0","0","0","0","0","2","0","2","","","","N","","","","","","","","","",""
"2013080879","","2","0","0","0","0","0","0","0","0","4","0","","02","8","2013","6","","","","11","0","0","0","1","1","0","0","0","","0","0","0","","","1","","2","","","","0","","8","0","0","0","2473","0","0","0","N","0","0","0","3","02473","0","","1.0","","1","N","N","","0","","0","0","0","","0","","","2","1","0","0","0","1","0","1","0","2","","","","N","","","","","","","","","",""
"2013080656","","1","0","0","0","0","0","0","0","0","7","0","","02","8","2013","6","40.657661","-80.083659","","11","0","0","0","0","0","0","1","0","","0","0","0","","","0","","0","","40 39:27.579","","0","80 05:01.171","0","0","0","0","2212","0","0","0","N","0","0","0","1","68T02","0","","3.0","","8","N","N","","0","","0","0","0","","0","","","1","0","0","0","0","0","0","2","0","1","","","","N","","","","","","","","","",""
"2013081424","","0","0","0","0","0","0","0","0","0","7","0","","02","8","2013","3","40.360251","-79.806315","","11","0","0","0","1","0","0","0","0","2","0","0","0","","","1","","0","","40 21:36.905","5","0","79 48:22.734","4","0","0","0","2477","0","0","0","N","0","0","0","1","02477","1","","2.0","","1","N","N","","0","","0","0","0","","0","N","","1","1","0","0","0","0","0","2","1","1","","","","N","","","","","","","","","",""
"2013082380","","1","0","0","0","0","0","0","0","0","4","0","","02","8","2013","4","40.53847","-79.962404","","11","0","0","0","0","0","1","0","0","","0","0","0","","","2","","1","","40 32:18.492","","0","79 57:44.656","8","0","0","0","2118","0","0","0","N","0","0","0","4","02118","0","","1.0","","1","N","N","","0","","0","0","1","","2","","","2","2","2","0","0","2","0","2","0","2","","","","N","","","","","","","","","",""
"2013087776","","3","0","0","0","0","0","0","0","0","1","0","","02","8","2013","4","40.541782","-79.799298","","11","0","0","0","0","0","0","0","0","","0","0","0","","","0","","0","","40 32:30.415","","0","79 47:57.474","0","0","0","0","2418","0","0","0","N","0","0","0","1","02418","0","","2.0","","9","N","N","","0","","0","0","0","","0","","","3","0","0","0","0","0","0","2","0","3","","","","N","","","","","","","","","",""
"2013082241","","1","0","0","0","0","0","0","0","0","1","0","","02","8","2013","5","","","","11","0","0","0","0","0","0","0","1","","0","0","0","","","2","","0","","","","3","","3","0","0","0","2301","0","0","0","N","0","0","0","3","02301","0","","1.0","","1","N","N","","0","","2","0","0","","0","","","2","2","0","0","0","0","0","1","1","2","","","","N","","","","","","","","","",""