"CRN","ARRIVAL_TM","AUTOMOBILE_COUNT","BELTED_DEATH_COUNT","BELTED_SUSP_SERIOUS_INJ_COUNT","BICYCLE_COUNT","BICYCLE_DEATH_COUNT","BICYCLE_SUSP_SERIOUS_INJ_COUNT","BUS_COUNT","CHLDPAS_DEATH_COUNT","CHLDPAS_SUSP_SERIOUS_INJ_COUNT","COLLISION_TYPE","COMM_VEH_COUNT","CONS_ZONE_SPD_LIM","COUNTY","CRASH_MONTH","CRASH_YEAR","DAY_OF_WEEK","DEC_LATITUDE","DEC_LONGITUDE","DISPATCH_TM","DISTRICT","DRIVER_COUNT_16YR","DRIVER_COUNT_17YR","DRIVER_COUNT_18YR","DRIVER_COUNT_19YR","DRIVER_COUNT_20YR","DRIVER_COUNT_50_64YR","DRIVER_COUNT_65_74YR","DRIVER_COUNT_75PLUS","EST_HRS_CLOSED","FATAL_COUNT","HEAVY_TRUCK_COUNT","HORSE_BUGGY_COUNT","HOUR_OF_DAY","ILLUMINATION","INJURY_COUNT","INTERSECTION_RELATED","INTERSECT_TYPE","LANE_CLOSED","LATITUDE","LN_CLOSE_DIR","LOCATION_TYPE","LONGITUDE","MAX_SEVERITY_LEVEL","MCYCLE_DEATH_COUNT","MCYCLE_SUSP_SERIOUS_INJ_COUNT","MOTORCYCLE_COUNT","MUNICIPALITY","NONMOTR_COUNT","NONMOTR_DEATH_COUNT","NONMOTR_SUSP_SERIOUS_INJ_COUNT","NTFY_HIWY_MAINT","PED_COUNT","PED_DEATH_COUNT","PED_SUSP_SERIOUS_INJ_COUNT","PERSON_COUNT","POLICE_AGCY","POSSIBLE_INJ_COUNT","RDWY_SURF_TYPE_CD","RELATION_TO_ROAD","ROADWAY_CLEARED","ROAD_CONDITION","SCH_BUS_IND","SCH_ZONE_IND","SECONDARY_CRASH","SMALL_TRUCK_COUNT","SPEC_JURIS_CD","SUSP_MINOR_INJ_COUNT","SUSP_SERIOUS_INJ_COUNT","SUV_COUNT","TCD_FUNC_CD","TCD_TYPE","TFC_DETOUR_IND","TIME_OF_DAY","TOTAL_UNITS","TOT_INJ_COUNT","UNBELTED_OCC_COUNT","UNB_DEATH_COUNT","UNB_SUSP_SERIOUS_INJ_COUNT","UNK_INJ_DEG_COUNT","UNK_INJ_PER_COUNT","URBAN_RURAL","VAN_COUNT","VEHICLE_COUNT","WEATHER1","WEATHER2","WORKERS_PRES","WORK_ZONE_IND","WORK_ZONE_LOC","WORK_ZONE_TYPE","WZ_CLOSE_DETOUR","WZ_FLAGGER","WZ_LAW_OFFCR_IND","WZ_LN_CLOSURE","WZ_MOVING","WZ_OTHER","WZ_SHLDER_MDN","WZ_WORKERS_INJ_KILLED"
"2013082306","","0","0","0","0","0","0","0","0","0","7","0","","02","8","2013","1","40.363977","-80.041382","","11","0","0","0","0","1","0","0","0","1","0","0","0","","","0","","0","","40 21:50.318","4","0","80 02:28.974","0","0","0","0","2109","0","0","0","N","0","0","0","1","02109","0","","4.0","","1","N","N","","0","","0","0","1","","0","N","","1","0","0","0","0","0","0","2","0","1","","","","N","","","","","","","","","",""
"2013080801","","2","0","0","0","0","0","0","0","0","1","0","","02","8","2013","7","40.447045","-79.894793","","11","0","0","0","0","0","0","1","0","","0","0","0","","","0","","0","","40 26:49.361","","0","79 53:41.253","0","0","0","0","2301","0","0","0","N","0","0","0","2","02301","0","","1.0","","1","N","N","","0","","0","0","0","","0","","","2","0","0","0","0","0","0","2","0","2","","","","N","","","","","","","","","",""
"2013087777","","1","0","0","0","0","0","0","0","0","4","0","","02","9","2013","2","40.45041","-79.948748","","11","0","0","0","0","0","0","0","0","","0","0","0","","","1","","1","","40 27:01.476","","0","79 56:55.492","4","0","0","0","2301","0","0","0","N","0","0","0","5","02301","1","","1.0","","1","N","N","","0","","0","0","2","","2","","","3","1","0","0","0","0","0","2","0","3","","","","N","","","","","","","","","",""
"2013082307","","1","0","0","0","0","0","0","0","0","2","0","","02","8","2013","2","40.365095","-80.043613","","11","0","0","0","0","0","0","1","0","1","0","0","0","","","2","","0","","40 21:54.343","6","0","80 02:37.006","3","0","0","0","2109","0","0","0","N","0","0","0","2","02109","0","","1.0","","1","N","N","","1","","2","0","0","","0","Y","","2","2","0","0","0","0","0","2","0","2","","","","N","","","","","","","","","",""
"2013082382","","0","0","0","0","0","0","0","0","0","1","0","","02","8","2013","5","40.494394","-79.859932","","11","0","0","0","0","0","0","0","0","","0","0","0","","","0","","0","","40 29:39.818","","0","79 51:35.755","0","0","0","0","2408","0","0","0","N","0","0","0","4","02408","0","","1.0","","1","N","N","","0","","0","0","3","","0","","","3","0","0","0","0","0","0","2","0","3","","","","N","","","","","","","","","",""
"2013087778","","1","0","0","0","0","0","0","0","0","7","0","","02","8","2013","5","40.406115","-79.912107","","11","0","0","0","0","0","0","0","0","","0","0","0","","","1","","1","","40 24:22.014","","3","79 54:43.585","3","0","0","0","2438","0","0","0","N","0","0","0","1","02438","0","","4.0","","1","N","N","","0","","1","0","0","","2","","","1","1","0","0","0","0","0","2","0","1","","","","N","","","","","","","","","",""
"2013082308","","1","0","0","0","0","0","0","0","0","4","0","","02","8","2013","3","40.384346","-80.043841","","11","0","0","0","0","0","1","0","0","","0","0","0","","","2","","2","","40 23:03.646","","0","80 02:37.828","4","0","0","0","2109","0","0","0","N","0","0","0","4","02109","2","","1.0","","1","N","N","","0","","0","0","1","","0","","","2","2","0","0","0","0","0","2","0","2","","","","N","","","","","","","","","",""
"2013080803","","1","0","0","0","0","0","0","0","0","8","0","","02","8","2013","1","40.459193","-79.970767","","11","0","0","0","0","0","0","0","0","2","0","0","0","","","1","","2","","40 27:33.094","6","0","79 58:14.761","3","0","0","0","2301","1","0","0","N","1","0","0","2","02301","0","","1.0","","1","N","N","","0","","1","0","0","","2","Y","","2","1","0","0","0","0","0","2","0","1","","","","N","","","","","","","","","",""
"2013080885","","2","0","0","0","0","0","0","0","0","4","0","","02","8","2013","7","40.443059","-79.997501","","11","0","0","0","0","0","0","0","1","","0","0","0","","","0","","1","","40 26:35.012","","0","79 59:51.003","0","0","0","0","2301","0","0","0","N","0","0","0","3","02301","0","","1.0","","1","N","N","","0","","0","0","0","","2","","","2","0","0","0","0","0","0","2","0","2","","","","N","","","","","","","","","",""
"2013080661","","1","0","0","0","0","0","0","0","0","1","0","","02","8","2013","6","40.342344","-79.967224","","11","0","0","0","0","0","0","0","0","","0","0","0","","","0","","0","","40 20:32.437","","0","79 58:02.005","0","0","0","0","2403","0","0","0","N","0","0","0","4","02403","0","","1.0","","1","N","N","","0","","0","0","2","","0","","","3","0","0","0","0","0","0","2","0","3","","","","N","","","","","","","","","",""
"2013080740","","1","0","0","0","0","0","0","0","0","7","0","","02","8","2013","4","40.625535","-80.096594","","11","0","0","0","0","1","0","0","0","2","0","0","0","","","1","","0","","40 37:31.925","1","0","80 05:47.738","4","0","0","0","2212","0","0","0","Y","0","0","0","1","68B03","1","","5.0","","1","N","N","","0","","0","0","0","","0","N","","1","1","0","0","0","0","0","2","0","1","","","","N","","","","","","","","","",""
"2013082309","","2","0","0","0","0","0","0","0","0","5","0","","02","8","2013","5","40.588843","-79.827994","","11","0","0","0","0","0","1","0","0","1","0","0","0","","","0","","0","","40 35:19.835","2","0","79 49:40.777","0","0","0","0","2209","0","0","0","N","0","0","0","1","02209","0","","2.0","","1","N","N","","0","","0","0","0","","0","N","","2","0","0","0","0","0","0","2","0","2","","","","N","","","","","","","","","",""
"2013081581","","2","0","0","0","0","0","0","0","0","2","0","","02","8","2013","3","40.350071","-79.864761","","11","0","0","0","0","0","0","1","0","2","0","0","0","","","1","","1","","40 21:00.255","5","0","79 51:53.138","8","0","0","0","2304","0","0","0","N","0","0","0","3","02304","0","","1.0","","1","N","N","","0","","0","0","0","","0","N","","2","1","0","0","0","1","0","2","0","2","","","","N","","","","","","","","","",""
"2013080662","","3","0","0","0","0","0","0","0","0","4","0","","02","8","2013","4","40.422434","-79.749697","","11","0","0","0","0","0","0","0","1","","0","0","0","","","1","","3","","40 25:20.762","","0","79 44:58.909","4","0","0","0","2446","0","0","0","N","0","0","0","3","02446","1","","1.0","","1","N","N","","0","","0","0","0","","0","","","3","1","0","0","0","0","0","2","0","3","","","","N","","","","","","","","","",""
"2013080741","","2","0","0","0","0","0","0","0","0","1","0","","02","8","2013","5","40.447429","-80.165583","","11","0","0","0","0","0","0","0","0","","0","0","0","","","1","","6","","40 26:50.743","","2","80 09:56.097","8","0","0","0","2115","0","0","0","N","0","0","0","2","68B03","0","","1.0","","1","N","N","","0","","0","0","0","","4","","","2","1","0","0","0","1","0","2","0","2","","","","N","","","","","","","","","",""
"2013082310","","1","0","0","0","0","0","0","0","0","7","0","","02","8","2013","1","40.29066","-80.033794","","11","0","0","0","0","0","0","0","0","4","0","0","0","","","0","","0","","40 17:26.377","6","0","80 02:01.658","0","0","0","0","2407","0","0","0","N","0","0","0","1","02407","0","","5.0","","1","N","N","","0","","0","0","0","","0","Y","","1","0","0","0","0","0","0","2","0","1","","","","N","","","","","","","","","",""
"2013082385","","2","0","0","0","0","0","0","0","0","5","0","","02","8","2013","5","40.435146","-79.944982","","11","0","0","0","0","1","0","1","0","1","0","0","0","","","1","","3","","40 26:06.525","6","0","79 56:41.935","8","0","0","0","2301","0","0","0","N","0","0","0","3","02301","0","","1.0","","1","N","N","","0","","0","0","0","","0","Y","","2","1","0","0","0","1","0","2","0","2","","","","N","","","","","","","","","",""
"2013080742","","0","0","0","0","0","0","0","0","0","7","0","","02","8","2013","6","40.442083","-79.825834","","11","0","0","0","0","0","0","1","0","1","0","0","0","","","1","","0","","40 26:31.498","4","0","79 49:33.002","4","0","0","0","2124","0","0","0","N","0","0","0","1","68B03","1","","2.0","","9","N","N","","0","","0","0","1","","0","N","","1","1","0","0","0","0","0","2","0","1","","","","N","","","","","","","","","",""
"2013080070","","1","0","0","0","0","0","0","0","0","5","1","","02","8","2013","5","40.299565","-79.921428","","11","0","0","0","0","0","2","0","0","1","0","1","0","","","0","","0","","40 17:58.433","5","0","79 55:17.141","0","0","0","0","2440","0","0","0","N","0","0","0","2","02440","0","","1.0","","1","N","N","","0","","0","0","0","","0","N","","2","0","0","0","0","0","0","2","0","2","","","","N","","","","","","","","","",""
"2013080888","","0","0","0","0","0","0","0","0","0","1","0","","02","8","2013","3","40.495342","-80.066282","","11","0","0","0","0","0","0","0","0","1","0","0","0","","","0","","0","","40 29:43.232","1","0","80 03:58.616","0","0","0","0","2402","0","0","0","N","0","0","0","3","02402","0","","1.0","","1","N","N","","2","","0","0","0","","0","N","","2","0","2","0","0","0","0","2","0","2","","","","N","","","","","","","","","",""
"2013088546","","1","0","0","0","0","0","0","0","0","8","0","","02","9","2013","4","40.391837","-80.020643","","11","0","0","0","0","0","0","0","0","","0","0","0","","","1","","2","","40 23:30.613","","0","80 01:14.314","4","0","0","0","2301","1","0","0","N","1","0","0","2","02301","1","","1.0","","1","N","N","","0","","0","0","0","","0","","","2","1","0","0","0","0","0","2","0","1","","","","N","","","","","","","","","",""
"2013082387","","1","0","0","0","0","0","0","0","0","1","0","","02","8","2013","4","40.544097","-80.014566","","11","0","0","0","0","0","1","0","0","","0","0","0","","","1","","0","","40 32:38.750","","0","80 00:52.438","8","0","0","0","2116","0","0","0","N","0","0","0","5","02116","0","","1.0","","1","N","N","","1","","0","0","1","","0","","","3","1","0","0","0","1","0","2","0","3","","","","N","","","","","","","","","",""
"2013088547","","0","0","0","0","0","0","0","0","0","8","0","","02","9","2013","4","40.472917","-80.07461","","11","0","0","0","0","0","1","0","0","","0","0","0","","","1","","1","","40 28:22.502","","0","80 04:28.597","4","0","0","0","2122","1","0","0","N","1","0","0","2","02122","1","","1.0","","1","N","N","","0","","0","0","1","","2","","","2","1","0","0","0","0","0","2","0","1","","","","N","","","","","","","","","",""
"2013081585","","2","0","0","0","0","0","0","0","0","1","0","","02","8","2013","3","40.385621","-79.86431","","11","0","0","0","0","0","1","0","0","1","0","0","0","","","1","","0","","40 23:08.235","1","0","79 51:51.516","4","0","0","0","2473","0","0","0","N","0","0","0","3","02473","1","","1.0","","1","N","N","","0","","0","0","0","","0","N","","2","1","0","0","0","0","0","2","0","2","","","","N","","","","","","","","","",""
"2013082250","","1","0","0","0","0","0","0","0","0","4","0","","02","8","2013","5","40.373041","-80.099257","","11","0","0","0","0","0","0","1","0","2","0","0","0","","","1","","2","","40 22:22.946","4","0","80 05:57.324","8","0","0","0","2102","0","0","0","N","0","0","0","2","02102","0","","1.0","","1","N","N","","1","","0","0","0","","2","N","","2","1","0","0","0","1","0","2","0","2","","","","N","","","","","","","","","",""
"2013080745","","2","0","0","0","0","0","0","0","0","1","0","","02","8","2013","1","40.491045","-79.876521","","11","0","0","0","0","0","0","0","0","","0","0","0","","","1","","0","","40 29:27.761","","0","79 52:35.475","3","0","0","0","2112","0","0","0","N","0","0","0","2","68D02","0","","1.0","","1","N","N","","0","","1","0","0","","0","","","2","1","0","0","0","0","0","2","0","2","","","","N","","","","","","","","","",""
"2013087785","","2","0","0","0","0","0","0","0","0","4","0","","02","9","2013","1","40.491376","-80.060978","","11","0","0","0","0","0","0","0","0","","0","0","0","","","0","","0","","40 29:28.953","","0","80 03:39.521","0","0","0","0","2404","0","0","0","N","0","0","0","2","02404","0","","1.0","","1","N","N","","0","","0","0","0","","0","","","2","0","0","0","0","0","0","2","0","2","","","","N","","","","","","","","","",""
"2013088550","","3","0","0","0","0","0","0","0","0","1","0","","02","9","2013","2","40.348756","-80.023767","","11","0","0","0","0","0","0","1","0","1","0","0","0","","","1","","0","","40 20:55.520","2","0","80 01:25.562","4","0","0","0","2407","0","0","0","N","0","0","0","3","02407","1","","1.0","","1","N","N","","0","","0","0","0","","0","N","","3","1","0","0","0","0","0","2","0","3","","","","N","","","","","","","","","",""
"2013079936","","1","0","0","0","0","0","0","0","0","5","0","","02","8","2013","4","40.438991","-80.073135","","11","0","0","0","0","0","0","0","0","2","0","0","0","","","1","","0","","40 26:20.368","3","7","80 04:23.286","3","0","0","0","2421","0","0","0","N","0","0","0","2","02421","0","","1.0","","9","N","N","","0","","1","0","1","","0","N","","2","1","1","0","0","0","0","2","0","2","","","","N","","","","","","","","","",""
"2013080681","","1","0","0","0","0","0","0","0","0","4","0","","02","8","2013","7","40.427156","-79.938714","","11","0","0","0","0","0","1","0","0","2","0","0","0","","","1","","1","","40 25:37.761","1","0","79 56:19.370","8","0","0","0","2301","0","0","0","N","0","0","0","2","02301","0","","1.0","","1","N","N","","0","","0","0","1","","2","Y","","2","1","0","0","0","1","0","2","0","2","","","","N","","","","","","","","","",""
"2013082252","","1","0","0","0","0","0","0","0","0","1","0","","02","8","2013","3","40.54532","-80.037721","","11","0","0","0","0","0","0","0","0","1","0","0","0","","","0","","2","","40 32:43.151","1","0","80 02:15.797","0","0","0","0","2116","0","0","0","N","0","0","0","3","02116","0","","1.0","","1","N","N","","0","","0","0","1","","0","N","","2","0","0","0","0","0","0","2","0","2","","","","N","","","","","","","","","",""
"2013087788","","2","0","0","0","0","0","0","0","0","4","0","","02","8","2013","6","40.511593","-79.947443","","11","0","0","0","0","0","2","0","0","","0","0","0","","","0","","2","","40 30:41.734","","99","79 56:50.796","0","0","0","0","2118","0","0","0","N","0","0","0","2","02118","0","","1.0","","1","N","N","","0","","0","0","0","","2","","","2","0","0","0","0","0","0","2","0","2","","","","N","","","","","","","","","",""
"2013086423","","0","0","0","0","0","0","0","0","0","7","0","","02","8","2013","3","40.532455","-80.084574","","11","0","0","0","0","0","0","0","0","","0","0","0","","","0","","5","","40 31:56.838","","0","80 05:04.466","0","0","0","0","2215","0","0","0","N","0","0","0","1","02215","0","","5.0","","9","N","N","","0","","0","0","1","","0","","","1","0","0","0","0","0","0","2","0","1","","","","N","","","","","","","","","",""
"2013088754","","0","0","0","0","0","0","0","0","0","7","0","","02","8","2013","3","40.548584","-80.085783","","11","0","0","0","0","0","1","0","0","1","0","0","0","","","0","","0","","40 32:54.903","2","0","80 05:08.817","9","0","0","0","2215","0","0","0","Y","0","0","0","1","68B03","0","","5.0","","9","N","N","","1","","0","0","0","","0","N","","1","0","0","0","0","0","1","2","0","1","","","","N","","","","","","","","","",""
"2013087336","","0","0","0","0","0","0","0","0","0","0","0","","02","8","2013","6","40.655546","-79.806372","","11","0","0","0","0","0","1","0","0","","0","0","0","","","1","","0","","40 39:19.965","","7","79 48:22.939","8","0","0","1","2202","0","0","0","N","0","0","0","2","02202","0","","1.0","","1","N","N","","0","","0","0","0","","0","","","1","1","0","0","0","1","0","1","0","1","","","","N","","","","","","","","","",""
"2013086638","","0","0","0","0","0","0","0","0","0","8","0","","02","8","2013","5","40.458483","-79.918381","","11","0","0","0","0","0","0","0","0","1","0","0","0","","","1","","0","","40 27:30.540","1","7","79 55:06.170","8","0","0","0","2301","1","0","0","N","1","0","0","2","02301","0","","1.0","","1","N","N","","0","","0","0","1","","0","N","","2","1","0","0","0","1","0","2","0","1","","","","N","","","","","","","","","",""
"2013087942","","0","0","0","0","0","0","0","0","0","0","0","","02","8","2013","6","40.198035","-79.904603","","11","0","0","0","0","0","0","0","1","3","0","0","0","","","0","","0","","40 11:52.925","6","0","79 54:16.570","0","0","0","0","2204","0","0","0","N","0","0","0","2","02204","0","","1.0","","1","N","N","","1","","0","0","0","","0","Y","","1","0","0","0","0","0","0","1","0","1","","","","N","","","","","","","","","",""
"2013085888","","0","0","0","0","0","0","0","0","0","0","1","","02","8","2013","4","40.499054","-80.120673","","11","0","0","0","0","0","1","0","0","","0","1","0","","","0","","0","","40 29:56.593","","0","80 07:14.423","0","0","0","0","2115","0","0","0","N","0","0","0","1","68B03","0","","2.0","","1","N","N","","0","","0","0","0","","0","","","1","0","0","0","0","0","0","2","0","1","","","","N","","","","","","","","","",""
"2013086426","","1","0","0","0","0","0","0","0","0","7","0","","02","8","2013","5","40.362373","-79.826135","","11","0","0","0","0","0","0","0","0","2","0","0","0","","","1","","1","","40 21:44.541","2","0","79 49:34.085","3","0","0","0","2111","0","0","0","N","0","0","0","1","02111","0","","5.0","","1","N","N","","0","","1","0","0","","2","N","","1","1","1","0","0","0","0","2","0","1","","","","N","","","","","","","","","",""
"2013087189","","1","0","0","0","0","0","0","0","0","7","0","","02","8","2013","5","40.521803","-79.959719","","11","0","0","0","0","0","0","0","1","","0","0","0","","","1","","0","","40 31:18.491","","0","79 57:34.988","8","0","0","0","2118","0","0","0","N","0","0","0","1","02118","0","","5.0","","1","N","N","","0","","0","0","0","","0","","","1","1","0","0","0","1","0","2","0","1","","","","N","","","","","","","","","",""
"2013086567","","1","0","0","0","0","0","0","0","0","4","1","30","02","8","2013","5","40.462042","-80.032161","","11","0","0","0","0","0","2","0","0","2","0","0","0","","","1","","2","","40 27:43.351","3","0","80 01:55.779","3","0","0","0","2301","0","0","0","N","0","0","0","4","02301","0","","1.0","","1","N","N","","0","","1","0","0","","2","Y","","2","1","0","0","0","0","0","2","0","2","","","Y","Y","4","1","","","N","","","","",""
"2013087340","","3","0","0","0","0","0","0","0","0","1","0","","02","8","2013","6","40.477458","-79.78491","","11","0","0","0","0","0","1","0","1","","0","0","0","","","2","","0","","40 28:38.850","","0","79 47:05.677","8","0","0","0","2113","0","0","0","N","0","0","0","4","02113","0","","1.0","","1","N","N","","0","","0","0","0","","0","","","3","2","0","0","0","2","0","2","0","3","","","","N","","","","","","","","","",""
"2013085889","","1","0","0","0","0","0","0","0","0","7","0","","02","8","2013","5","40.426478","-80.126746","","11","0","0","0","0","0","0","0","0","","0","0","0","","","0","","0","","40 25:35.319","","0","80 07:36.287","0","0","0","0","2102","0","0","0","N","0","0","0","1","68B03","0","","4.0","","9","N","N","","0","","0","0","0","","0","","","1","0","0","0","0","0","0","2","0","1","","","","N","","","","","","","","","",""
"2013088823","","2","0","0","0","0","0","0","0","0","1","0","","02","9","2013","4","40.387922","-80.082194","","11","0","1","0","0","0","0","0","0","","0","0","0","","","0","","2","","40 23:16.519","","0","80 04:55.898","0","0","0","0","2117","0","0","0","N","0","0","0","3","02117","0","","1.0","","1","N","N","","0","","0","0","1","","3","","","3","0","0","0","0","0","0","2","0","3","","","","N","","","","","","","","","",""
"2013087341","","1","0","0","0","0","0","0","0","0","7","0","","02","8","2013","6","40.458574","-79.902117","","11","0","0","0","0","0","0","0","0","","0","0","0","","","0","","2","","40 27:30.866","","0","79 54:07.621","0","0","0","0","2301","0","0","0","N","0","0","0","1","02301","0","","5.0","","1","N","N","","0","","0","0","0","","0","","","1","0","0","0","0","0","0","2","0","1","","","","N","","","","","","","","","",""
"2013085890","","2","0","0","0","0","0","0","0","0","1","0","","02","8","2013","5","40.442084","-79.857218","","11","0","0","0","0","0","0","0","0","2","0","0","0","","","4","","0","","40 26:31.503","4","0","79 51:25.984","3","0","0","0","2419","0","0","0","N","0","0","0","8","68B03","1","","1.0","","9","N","N","","0","","3","0","2","","0","N","","4","4","0","0","0","0","0","2","0","4","","","","N","","","","","","","","","",""
"2013087946","","1","0","0","0","0","0","0","0","0","7","0","","02","5","2013","5","40.475959","-80.054528","","11","0","0","0","0","0","0","0","0","2","0","0","0","","","2","","0","","40 28:33.453","2","3","80 03:16.302","4","0","0","0","2122","0","0","0","N","0","0","0","2","02122","1","","1.0","","1","N","N","","0","","0","0","0","","0","N","","1","2","0","0","0","1","0","2","0","1","","","","N","","","","","","","","","",""
"2013085891","","1","0","0","0","0","0","0","0","0","5","0","","02","8","2013","6","40.443182","-79.839369","","11","0","0","0","0","0","1","0","0","","0","0","0","","","0","","0","","40 26:35.456","","0","79 50:21.728","0","0","0","0","2419","0","0","0","N","0","0","0","2","68B03","0","","1.0","","1","N","N","","1","","0","0","0","","0","","","2","0","0","0","0","0","0","2","0","2","","","","N","","","","","","","","","",""
"2013086570","","2","0","0","0","0","0","0","0","0","1","0","","02","8","2013","5","40.459141","-79.956971","","11","0","0","0","0","0","1","0","0","2","0","0","0","","","2","","0","","40 27:32.909","2","3","79 57:25.095","4","0","0","0","2301","0","0","0","N","0","0","0","3","02301","1","","1.0","","1","N","N","","1","","0","0","0","","0","N","","3","2","0","0","0","1","0","2","0","3","","","","N","","","","","","","","","",""
"2013085892","","0","0","0","0","0","0","0","0","0","0","0","","02","8","2013","6","40.425572","-79.910344","","11","0","0","0","0","0","1","0","0","","0","0","0","","","0","","0","","40 25:32.058","","0","79 54:37.240","0","0","0","0","2301","0","0","0","N","0","0","0","1","68B03","0","","1.0","","1","N","N","","0","","0","0","1","","0","","","1","0","0","0","0","0","0","2","0","1","","","","N","","","","","","","","","",""
"2013087881","","2","0","0","0","0","0","0","0","0","5","0","","02","8","2013","7","40.33628","-79.865823","","11","0","0","0","0","0","0","0","0","2","0","0","0","","","0","","0","","40 20:10.608","3","0","79 51:56.962","0","0","0","0","2455","0","0","0","N","0","0","0","1","02455","0","","6.0","","1","N","N","","0","","0","0","0","","0","Y","","2","0","1","0","0","0","0","2","0","2","","","","N","","","","","","","","","",""
"2013087948","","1","0","0","0","0","0","0","0","0","1","0","","02","8","2013","7","40.233579","-79.856983","","11","0","0","0","0","0","0","0","0","1","0","0","0","","","0","","0","","40 14:00.886","2","0","79 51:25.137","0","0","0","0","2204","0","0","0","N","0","0","0","3","02204","0","","1.0","","1","N","N","","0","","0","0","0","","2","N","","2","0","0","0","0","0","0","1","1","2","","","","N","","","","","","","","","",""
"2013086431","","2","0","0","0","0","0","0","0","0","4","0","","02","8","2013","3","40.428843","-79.982641","","11","0","0","0","0","0","0","0","0","","0","0","0","","","0","","0","","40 25:43.836","","0","79 58:57.508","0","0","0","0","2301","0","0","0","N","0","0","0","2","02301","0","","1.0","","1","N","N","","0","","0","0","0","","0","","","2","0","0","0","0","0","0","2","0","2","","","","N","","","","","","","","","",""
"2013085881","","1","0","0","0","0","0","0","0","0","1","1","","02","7","2013","2","40.428845","-79.933135","","11","0","0","0","0","1","1","0","0","","0","1","0","","","1","","0","","40 25:43.843","","0","79 55:59.285","8","0","0","0","2301","0","0","0","N","0","0","0","2","68B03","0","","1.0","","1","N","N","","0","","0","0","0","","0","","","2","1","0","0","0","1","0","2","0","2","","","","N","","","","","","","","","",""
"2013085893","","1","0","0","0","0","0","0","0","0","1","0","","02","8","2013","6","40.656784","-80.092071","","11","0","0","0","0","0","1","0","0","","0","0","0","","","0","","0","","40 39:24.422","","0","80 05:31.455","0","0","0","0","2212","0","0","0","N","0","0","0","2","68B03","0","","1.0","","1","N","N","","0","","0","0","1","","0","","","2","0","0","0","0","0","0","2","0","2","","","","N","","","","","","","","","",""
"2013088717","","1","0","0","0","0","0","0","0","0","7","0","","02","9","2013","5","40.408897","-79.905355","","11","0","0","0","0","0","0","0","0","","0","0","0","","","0","","1","","40 24:32.028","","0","79 54:19.279","0","0","0","0","2448","0","0","0","N","0","0","0","1","02448","0","","5.0","","1","N","N","","0","","0","0","0","","2","","","1","0","0","0","0","0","0","2","0","1","","","","N","","","","","","","","","",""
"2013086433","","1","0","0","0","0","0","0","0","0","5","0","","02","8","2013","4","40.414401","-79.989941","","11","0","0","0","0","0","0","0","0","1","0","0","0","","","1","","0","","40 24:51.844","4","0","79 59:23.789","4","0","0","0","2301","1","0","0","N","1","0","0","2","02301","1","","2.0","","9","N","N","","0","","0","0","1","","0","N","","3","1","0","0","0","0","0","2","0","2","","","","N","","","","","","","","","",""
"2013086497","","0","0","0","0","0","0","0","0","0","7","0","45","02","8","2013","7","40.429228","-79.942888","","11","0","0","0","0","0","0","0","0","1","0","0","0","","","0","","0","","40 25:45.219","3","0","79 56:34.397","0","0","0","0","2301","0","0","0","N","0","0","0","1","68B03","0","","5.0","","1","N","N","","0","","0","0","1","","1","N","","1","0","0","0","0","0","0","2","0","1","","","Y","Y","4","1","N","N","N","Y","Y","N","Y",""
"2013088027","","1","0","0","0","0","0","0","0","0","4","0","","02","9","2013","3","40.421924","-79.890408","","11","0","0","0","0","0","0","0","1","1","0","0","0","","","0","","1","","40 25:18.926","3","0","79 53:25.468","0","0","0","0","2463","0","0","0","N","0","0","0","2","02463","0","","1.0","","1","N","N","","0","","0","0","1","","2","N","","2","0","0","0","0","0","0","2","0","2","","","","N","","","","","","","","","",""
"2013085882","","1","0","0","0","0","0","0","0","0","7","0","","02","8","2013","6","40.509949","-80.048556","","11","0","0","0","0","0","0","0","0","","0","0","0","","","0","","0","","40 30:35.815","","0","80 02:54.803","0","0","0","0","2116","0","0","0","Y","0","0","0","3","68B03","0","","2.0","","1","N","N","","0","","0","0","0","","0","","","1","0","0","0","0","0","0","2","0","1","","","","N","","","","","","","","","",""
"2013085894","","2","0","0","0","0","0","0","0","0","1","0","","02","8","2013","6","40.428013","-79.926823","","11","0","0","0","0","0","1","0","0","","0","0","0","","","0","","0","","40 25:40.845","","0","79 55:36.564","0","0","0","0","2301","0","0","0","N","0","0","0","6","68B03","0","","1.0","","1","N","N","","0","","0","0","1","","0","","","3","0","0","0","0","0","0","2","0","3","","","","N","","","","","","","","","",""
"2013087883","","0","0","0","0","0","0","0","0","0","1","0","","02","8","2013","5","40.442485","-80.02374","","11","0","0","0","0","0","1","0","0","","0","0","0","","","1","","0","","40 26:32.945","","0","80 01:25.465","8","0","0","0","2301","0","0","0","N","0","0","0","2","02301","0","","1.0","","1","N","N","","1","","0","0","1","","0","","","2","1","0","0","0","1","0","2","0","2","","","","N","","","","","","","","","",""
"2013086498","","1","0","0","0","0","0","0","0","0","7","0","","02","8","2013","1","40.400304","-80.106624","","11","0","0","0","0","0","0","0","0","1","0","0","0","","","0","","0","","40 24:01.094","2","2","80 06:23.845","9","0","0","0","2102","0","0","0","Y","0","0","0","1","68B03","0","","2.0","","1","N","N","","0","","0","0","0","","4","N","","1","0","0","0","0","0","1","2","0","1","","","","N","","","","","","","","","",""