"CRN","ARRIVAL_TM","AUTOMOBILE_COUNT","BELTED_DEATH_COUNT","BELTED_SUSP_SERIOUS_INJ_COUNT","BICYCLE_COUNT","BICYCLE_DEATH_COUNT","BICYCLE_SUSP_SERIOUS_INJ_COUNT","BUS_COUNT","CHLDPAS_DEATH_COUNT","CHLDPAS_SUSP_SERIOUS_INJ_COUNT","COLLISION_TYPE","COMM_VEH_COUNT","CONS_ZONE_SPD_LIM","COUNTY","CRASH_MONTH","CRASH_YEAR","DAY_OF_WEEK","DEC_LATITUDE","DEC_LONGITUDE","DISPATCH_TM","DISTRICT","DRIVER_COUNT_16YR","DRIVER_COUNT_17YR","DRIVER_COUNT_18YR","DRIVER_COUNT_19YR","DRIVER_COUNT_20YR","DRIVER_COUNT_50_64YR","DRIVER_COUNT_65_74YR","DRIVER_COUNT_75PLUS","EST_HRS_CLOSED","FATAL_COUNT","HEAVY_TRUCK_COUNT","HORSE_BUGGY_COUNT","HOUR_OF_DAY","ILLUMINATION","INJURY_COUNT","INTERSECTION_RELATED","INTERSECT_TYPE","LANE_CLOSED","LATITUDE","LN_CLOSE_DIR","LOCATION_TYPE","LONGITUDE","MAX_SEVERITY_LEVEL","MCYCLE_DEATH_COUNT","MCYCLE_SUSP_SERIOUS_INJ_COUNT","MOTORCYCLE_COUNT","MUNICIPALITY","NONMOTR_COUNT","NONMOTR_DEATH_COUNT","NONMOTR_SUSP_SERIOUS_INJ_COUNT","NTFY_HIWY_MAINT","PED_COUNT","PED_DEATH_COUNT","PED_SUSP_SERIOUS_INJ_COUNT","PERSON_COUNT","POLICE_AGCY","POSSIBLE_INJ_COUNT","RDWY_SURF_TYPE_CD","RELATION_TO_ROAD","ROADWAY_CLEARED","ROAD_CONDITION","SCH_BUS_IND","SCH_ZONE_IND","SECONDARY_CRASH","SMALL_TRUCK_COUNT","SPEC_JURIS_CD","SUSP_MINOR_INJ_COUNT","SUSP_SERIOUS_INJ_COUNT","SUV_COUNT","TCD_FUNC_CD","TCD_TYPE","TFC_DETOUR_IND","TIME_OF_DAY","TOTAL_UNITS","TOT_INJ_COUNT","UNBELTED_OCC_COUNT","UNB_DEATH_COUNT","UNB_SUSP_SERIOUS_INJ_COUNT","UNK_INJ_DEG_COUNT","UNK_INJ_PER_COUNT","URBAN_RURAL","VAN_COUNT","VEHICLE_COUNT","WEATHER1","WEATHER2","WORKERS_PRES","WORK_ZONE_IND","WORK_ZONE_LOC","WORK_ZONE_TYPE","WZ_CLOSE_DETOUR","WZ_FLAGGER","WZ_LAW_OFFCR_IND","WZ_LN_CLOSURE","WZ_MOVING","WZ_OTHER","WZ_SHLDER_MDN","WZ_WORKERS_INJ_KILLED"
"2013091855","","1","0","0","0","0","0","0","0","0","1","0","","02","9","2013","5","40.511511","-79.947509","","11","0","0","0","0","0","1","0","0","1","0","0","0","","","1","","1","","40 30:41.439","2","0","79 56:51.032","8","0","0","1","2118","0","0","0","N","0","0","0","2","02118","0","","1.0","","1","N","N","","0","","0","0","0","","2","Y","","2","1","0","0","0","1","0","2","0","2","","","","N","","","","","","","","","",""
"2013091788","","1","0","0","0","0","0","0","0","0","1","0","","02","9","2013","6","40.50978","-80.128409","","11","0","0","0","0","0","0","0","0","2","0","0","0","","","2","","0","","40 30:35.209","1","1","80 07:42.274","8","0","0","0","2110","0","0","0","N","0","0","0","3","02215","0","","1.0","","1","N","N","","1","","0","0","0","","0","Y","","2","2","0","0","0","2","0","2","0","2","","","","N","","","","","","","","","",""
"2013091600","","2","0","0","0","0","0","0","0","0","1","0","","02","9","2013","6","40.52143","-79.959621","","11","0","0","0","0","0","1","0","0","","0","0","0","","","0","","1","","40 31:17.148","","0","79 57:34.634","0","0","0","0","2118","0","0","0","N","0","0","0","2","02118","0","","1.0","","1","N","N","","0","","0","0","0","","0","","","2","0","0","0","0","0","0","2","0","2","","","","N","","","","","","","","","",""
"2013090902","","1","0","0","0","0","0","0","0","0","4","0","","02","9","2013","4","40.346743","-79.986401","","11","0","0","1","0","0","0","0","0","1","0","0","0","","","0","","5","","40 20:48.276","3","0","79 59:11.044","0","0","0","0","2476","0","0","0","N","0","0","0","3","02476","0","","1.0","","1","N","N","","0","","0","0","1","","2","Y","","2","0","0","0","0","0","0","2","0","2","","","","N","","","","","","","","","",""
"2013089354","","0","0","0","0","0","0","0","0","0","5","0","","02","9","2013","6","40.488138","-80.056711","","11","0","0","0","0","0","0","0","0","1","0","0","0","","","2","","0","","40 29:17.297","1","0","80 03:24.161","4","0","0","0","2404","0","0","0","N","0","0","0","2","02404","1","","1.0","","1","N","N","","0","","0","0","2","","0","N","","2","2","0","0","0","1","0","2","0","2","","","","N","","","","","","","","","",""
"2013090982","","2","0","0","0","0","0","0","0","0","1","0","","02","9","2013","4","40.476427","-79.760339","","11","0","0","1","0","0","1","1","0","","0","0","0","","","1","","0","","40 28:35.136","","0","79 45:37.219","4","0","0","0","2466","0","0","0","N","0","0","0","3","02466","1","","1.0","","1","N","N","","0","","0","0","1","","0","","","3","1","1","0","0","0","2","2","0","3","","","","N","","","","","","","","","",""
"2013089481","","1","0","0","0","0","0","0","0","0","8","0","","02","9","2013","6","40.439491","-79.990927","","11","0","0","0","0","0","1","0","0","","0","0","0","","","2","","0","","40 26:22.167","","7","79 59:27.337","8","0","0","0","2301","2","0","0","N","2","0","0","3","02301","0","","6.0","","1","N","N","","0","","0","0","0","","0","","","3","2","0","0","0","2","0","2","0","1","","","","N","","","","","","","","","",""
"2013089493","","1","0","0","0","0","0","0","0","0","1","0","","02","9","2013","7","40.459781","-79.971364","","11","0","0","0","0","0","1","0","0","","0","0","0","","","0","","1","","40 27:35.212","","3","79 58:16.911","0","0","0","0","2301","0","0","0","N","0","0","0","4","02301","0","","1.0","","1","N","N","","0","","0","0","3","","0","","","4","0","0","0","0","0","0","2","0","4","","","","N","","","","","","","","","",""
"2013089633","","1","0","0","0","0","0","0","0","0","4","0","","02","9","2013","7","40.472466","-79.787738","","11","0","0","0","1","0","0","0","0","2","0","0","0","","","0","","2","","40 28:20.877","2","0","79 47:15.856","0","0","0","0","2113","0","0","0","N","0","0","0","3","02113","0","","1.0","","1","N","N","","0","","0","0","1","","3","Y","","2","0","0","0","0","0","0","2","0","2","","","","N","","","","","","","","","",""
"2013090392","","1","0","0","0","0","0","0","0","0","4","0","","02","9","2013","2","40.541053","-79.804163","","11","0","0","0","0","0","1","0","1","","0","0","0","","","1","","1","","40 32:27.791","","0","79 48:14.988","3","0","0","0","2418","0","0","0","N","0","0","0","3","02418","0","","1.0","","1","N","N","","1","","1","0","0","","2","","","2","1","0","0","0","0","0","2","0","2","","","","N","","","","","","","","","",""
"2013091676","","3","0","0","0","0","0","0","0","0","1","0","","02","9","2013","6","40.481434","-79.805906","","11","0","0","0","0","1","1","0","0","","0","0","0","","","1","","0","","40 28:53.163","","0","79 48:21.260","8","0","0","0","2113","0","0","0","N","0","0","0","4","02113","0","","1.0","","1","N","N","","0","","0","0","0","","0","","","3","1","0","0","0","1","0","2","0","3","","","","N","","","","","","","","","",""
"2013091741","","0","0","0","0","0","0","0","0","0","4","0","","02","9","2013","6","40.486653","-80.054708","","11","0","0","0","0","0","0","0","0","1","0","0","0","","","0","","0","","40 29:11.949","2","0","80 03:16.949","0","0","0","0","2404","0","0","0","N","0","0","0","2","02404","0","","1.0","","1","N","N","","0","","0","0","0","","2","N","","2","0","0","0","0","0","0","2","2","2","","","","N","","","","","","","","","",""
"2013091047","","0","0","0","0","0","0","0","0","0","4","0","","02","9","2013","2","40.300792","-79.865978","","11","0","0","0","0","0","0","0","0","3","1","0","0","","","0","","2","","40 18:02.850","4","0","79 51:57.519","1","1","0","1","2443","0","0","0","N","0","0","0","4","02443","0","9","1.0","","98","N","N","","0","9","0","0","0","","3","Y","","2","0","0","0","0","0","0","1","1","2","","","","N","","","","","","","","","",""
"2013089558","","1","0","0","0","0","0","0","0","0","7","0","","02","9","2013","3","40.474171","-79.756987","","11","0","0","0","0","0","1","0","0","1","0","0","0","","","1","","0","","40 28:27.015","2","0","79 45:25.152","8","0","0","0","2466","0","0","0","N","0","0","0","1","02466","0","","5.0","","1","N","N","","0","","0","0","0","","0","Y","","1","1","0","0","0","1","0","2","0","1","","","","N","","","","","","","","","",""
"2013089764","","1","0","0","0","0","0","0","0","0","1","0","","02","9","2013","4","40.542278","-80.013328","","11","0","0","0","0","0","0","1","1","1","0","0","0","","","0","","0","","40 32:32.199","2","0","80 00:47.981","0","0","0","0","2116","0","0","0","N","0","0","0","4","02116","0","","1.0","","1","N","N","","0","","0","0","2","","0","N","","3","0","0","0","0","0","0","2","0","3","","","","N","","","","","","","","","",""
"2013089700","","1","0","0","0","0","0","0","0","0","7","0","","02","9","2013","1","40.435403","-79.984546","","11","0","0","0","0","1","0","0","0","","0","0","0","","","0","","2","","40 26:07.450","","0","79 59:04.366","0","0","0","0","2301","0","0","0","N","0","0","0","1","02301","0","","1.0","","1","N","N","","0","","0","0","0","","0","","","1","0","0","0","0","0","0","2","0","1","","","","N","","","","","","","","","",""
"2013090463","","1","0","0","0","0","0","0","0","0","4","0","","02","9","2013","3","40.328054","-79.944746","","11","0","0","1","1","0","0","0","0","","0","0","0","","","0","","0","","40 19:40.993","","0","79 56:41.085","0","0","0","0","2454","0","0","0","N","0","0","0","2","02454","0","","1.0","","1","N","N","","1","","0","0","0","","0","","","2","0","0","0","0","0","0","2","0","2","","","","N","","","","","","","","","",""
"2013089025","","0","0","0","0","0","0","0","0","0","7","0","","02","9","2013","5","40.453169","-80.072057","","11","0","0","0","0","0","0","0","0","","0","0","0","","","0","","0","","40 27:11.408","","0","80 04:19.405","9","0","0","0","2301","0","0","0","N","0","0","0","1","02301","0","","5.0","","1","N","N","","1","","0","0","0","","0","","","1","0","0","0","0","0","1","2","0","1","","","","N","","","","","","","","","",""
"2013089848","","1","0","0","0","0","0","0","0","0","7","0","","02","9","2013","7","40.384304","-80.190426","","11","0","1","0","0","0","0","0","0","1","0","0","0","","","1","","0","","40 23:03.494","5","0","80 11:25.535","3","0","0","0","2119","0","0","0","N","0","0","0","1","02119","0","","5.0","","1","N","N","","0","","1","0","0","","0","N","","1","1","0","0","0","0","0","1","0","1","","","","N","","","","","","","","","",""
"2013090397","","1","0","0","0","0","0","0","0","0","4","0","","02","9","2013","3","40.448882","-79.893916","","11","0","0","0","0","0","1","0","0","","0","0","0","","","0","","1","","40 26:55.975","","0","79 53:38.097","0","0","0","0","2301","0","0","0","N","0","0","0","2","02301","0","","1.0","","1","N","N","","0","","0","0","1","","0","","","3","0","0","0","0","0","0","2","1","3","","","","N","","","","","","","","","",""
"2013090464","","3","0","0","0","0","0","0","0","0","4","0","","02","9","2013","2","40.403239","-79.983347","","11","0","0","0","0","0","0","0","0","","0","0","0","","","0","","0","","40 24:11.660","","0","79 59:00.049","0","0","0","0","2301","0","0","0","","0","0","0","2","02301","0","","1.0","","9","","","","0","","0","0","0","","0","","","3","0","0","0","0","0","0","2","0","3","","","","N","","","","","","","","","",""
"2013089850","","2","0","0","0","0","0","0","0","0","2","0","","02","9","2013","1","40.442325","-79.802053","","11","0","0","0","0","0","1","0","0","2","0","0","0","","","3","","0","","40 26:32.370","6","0","79 48:07.390","3","0","0","0","2113","0","0","0","N","0","0","0","3","02113","1","","1.0","","1","N","N","","0","","1","0","0","","0","N","","2","3","0","0","0","1","0","2","0","2","","","","N","","","","","","","","","",""
"2013091413","","1","0","0","0","0","0","0","0","0","6","1","","02","9","2013","6","40.454063","-79.885242","","11","0","0","0","0","0","2","0","0","","0","1","0","","","1","","1","","40 27:14.626","","0","79 53:06.870","8","0","0","0","2301","0","0","0","N","0","0","0","2","02301","0","","1.0","","1","N","N","","0","","0","0","0","","3","","","2","1","0","0","0","1","0","2","0","2","","","","N","","","","","","","","","",""
"2013090750","","0","0","0","0","0","0","0","0","0","7","0","","02","9","2013","4","40.42613","-79.938526","","11","0","0","0","0","0","0","0","0","","0","0","0","","","0","","0","","40 25:34.067","","0","79 56:18.693","0","0","0","0","2301","0","0","0","N","0","0","0","2","02301","0","","4.0","","1","N","N","","0","","0","0","0","","0","","","1","0","0","0","0","0","0","2","1","1","","","","N","","","","","","","","","",""
"2013090526","","1","0","0","0","0","0","0","0","0","7","0","","02","8","2013","4","40.492264","-79.895863","","11","0","0","0","0","0","1","0","0","","0","0","0","","","0","","0","","40 29:32.151","","0","79 53:45.106","0","0","0","0","2401","0","0","0","N","0","0","0","1","68D02","0","","5.0","","1","N","N","","0","","0","0","0","","0","","","2","0","0","0","0","0","0","2","0","1","","","","N","","","","","","","","","",""
"2013089027","","1","0","0","0","0","0","0","0","0","4","0","","02","9","2013","5","40.459193","-79.970767","","11","0","0","0","0","0","1","0","0","2","0","0","0","","","2","","1","","40 27:33.094","5","0","79 58:14.761","3","0","0","0","2301","0","0","0","N","0","0","0","3","02301","1","","1.0","","1","N","N","","0","","1","0","1","","2","Y","","2","2","2","0","0","0","0","2","0","2","","","","N","","","","","","","","","",""
"2013089092","","1","0","0","0","0","0","0","0","0","1","0","","02","8","2013","2","40.432016","-79.95975","","11","0","0","0","0","0","0","0","0","","0","0","0","","","0","","0","","40 25:55.258","","0","79 57:35.099","0","0","0","0","2301","0","0","0","N","0","0","0","2","68B03","0","","1.0","","1","N","N","","1","","0","0","0","","0","","","2","0","0","0","0","0","0","2","0","2","","","","N","","","","","","","","","",""
"2013090399","","1","0","0","0","0","0","0","0","0","5","0","","02","9","2013","1","40.3594","-79.908009","","11","0","0","0","0","0","0","0","0","1","0","0","0","","","1","","0","","40 21:33.839","1","0","79 54:28.832","8","0","0","0","2473","0","0","0","N","0","0","0","4","02473","0","","1.0","","1","N","N","","0","","0","0","1","","0","N","","2","1","0","0","0","1","0","2","0","2","","","","N","","","","","","","","","",""
"2013090527","","1","0","0","0","0","0","0","0","0","7","0","","02","8","2013","4","40.586831","-79.77793","","11","0","0","0","0","0","1","0","0","","0","0","0","","","0","","0","","40 35:12.592","","0","79 46:40.548","0","0","0","0","2104","0","0","0","N","0","0","0","1","68D02","0","","2.0","","9","N","N","","0","","0","0","0","","0","","","1","0","0","0","0","0","0","2","0","1","","","","N","","","","","","","","","",""
"2013089783","","1","0","0","0","0","0","0","0","0","5","0","","02","8","2013","2","40.509382","-79.855266","","11","0","0","0","0","0","1","0","0","","0","0","0","","","1","","0","","40 30:33.776","","0","79 51:18.958","3","0","0","0","2112","0","0","0","N","0","0","0","2","68D02","0","","1.0","","1","N","N","","1","","1","0","0","","0","","","2","1","2","0","0","0","0","2","0","2","","","","N","","","","","","","","","",""
"2013089093","","0","0","0","0","0","0","0","0","0","7","0","","02","8","2013","3","40.464972","-80.111538","","11","0","0","0","0","0","0","0","0","2","0","0","0","","","0","","0","","40 27:53.898","1","0","80 06:41.536","0","0","0","0","2126","0","0","0","Y","0","0","0","1","68B03","0","","4.0","","1","N","N","","1","","0","0","0","","0","N","","1","0","0","0","0","0","0","2","0","1","","","","N","","","","","","","","","",""
"2013089852","","2","0","0","0","0","0","0","0","0","1","0","","02","9","2013","7","40.457078","-80.029661","","11","0","0","0","0","0","0","0","0","1","0","0","0","","","2","","0","","40 27:25.480","1","0","80 01:46.779","3","0","0","0","2301","0","0","0","N","0","0","0","2","02301","1","","1.0","","1","N","N","","0","","1","0","0","","0","N","","2","2","1","0","0","0","0","2","0","2","","","","N","","","","","","","","","",""
"2013090752","","2","0","0","0","0","0","0","0","0","4","0","","02","9","2013","4","40.487139","-80.055294","","11","0","0","0","0","0","0","0","0","","0","0","0","","","1","","0","","40 29:13.702","","0","80 03:19.057","4","0","0","0","2404","0","0","0","N","0","0","0","3","02404","1","","1.0","","1","N","N","","0","","0","0","0","","0","","","2","1","0","0","0","0","0","2","0","2","","","","N","","","","","","","","","",""
"2013089094","","0","0","0","0","0","0","0","0","0","5","1","","02","8","2013","4","40.427194","-79.89123","","11","0","0","0","1","0","0","0","0","","0","1","0","","","1","","0","","40 25:37.897","","0","79 53:28.427","4","0","0","0","2301","0","0","0","N","0","0","0","2","68B03","1","","1.0","","1","N","N","","1","","0","0","0","","0","","","3","1","0","0","0","0","0","2","0","2","","","","N","","","","","","","","","",""
"2013091420","","1","0","0","0","0","0","0","0","0","1","0","","02","9","2013","6","40.380657","-79.812183","","11","0","1","0","0","0","0","0","0","1","0","0","0","","","1","","2","","40 22:50.365","1","0","79 48:43.857","8","0","0","0","2424","0","0","0","N","0","0","0","3","02424","0","","1.0","","9","N","N","","0","","0","0","1","","0","N","","2","1","0","0","0","1","0","2","0","2","","","","N","","","","","","","","","",""
"2013090469","","1","0","0","0","0","0","0","0","0","4","0","","02","9","2013","3","40.355395","-79.990705","","11","0","0","0","0","0","0","0","0","1","0","0","0","","","0","","2","","40 21:19.422","1","0","79 59:26.538","0","0","0","0","2476","0","0","0","N","0","0","0","4","02476","0","","1.0","","1","N","N","","0","","0","0","0","","3","N","","2","0","0","0","0","0","0","2","1","2","","","","N","","","","","","","","","",""
"2013089018","","0","0","0","0","0","0","0","0","0","0","0","","02","9","2013","5","40.382332","-79.995124","","11","0","0","0","0","0","1","0","0","","0","0","0","","","1","","1","","40 22:56.395","","0","79 59:42.446","3","0","0","1","2301","0","0","0","N","0","0","0","1","02301","0","","2.0","","1","N","N","","0","","1","0","0","","0","","","2","1","0","0","0","0","0","2","0","1","","","","N","","","","","","","","","",""
"2013089095","","1","0","0","0","0","0","0","0","0","1","0","","02","8","2013","4","40.42048","-80.038881","","11","0","0","0","1","0","0","0","0","","0","0","0","","","0","","0","","40 25:13.727","","0","80 02:19.972","0","0","0","0","2301","0","0","0","N","0","0","0","2","68B03","0","","1.0","","1","N","N","","1","","0","0","0","","0","","","2","0","0","0","0","0","0","2","0","2","","","","N","","","","","","","","","",""
"2013089171","","2","0","0","0","0","0","0","0","0","1","0","","02","9","2013","6","40.47152","-79.926282","","11","0","0","0","0","0","0","1","0","","0","0","0","","","0","","1","","40 28:17.472","","0","79 55:34.615","0","0","0","0","2301","0","0","0","N","0","0","0","3","02301","0","","1.0","","1","N","N","","0","","0","0","0","","2","","","2","0","0","0","0","0","0","2","0","2","","","","N","","","","","","","","","",""
"2013089706","","1","0","0","0","0","0","0","0","0","1","0","","02","9","2013","7","40.512506","-79.958114","","11","0","0","0","0","0","1","1","0","","0","0","0","","","2","","1","","40 30:45.021","","0","79 57:29.209","8","0","0","0","2118","0","0","0","N","0","0","0","5","02118","0","","1.0","","1","N","N","","0","","0","0","1","","0","","","2","2","0","0","0","2","0","2","0","2","","","","N","","","","","","","","","",""
"2013090543","","2","0","0","0","0","0","0","0","0","1","0","90","02","9","2013","2","40.208864","-79.840448","","11","0","0","0","0","0","1","1","0","","0","0","0","","","0","","0","","40 12:31.909","","0","79 50:25.612","0","0","0","0","2204","0","0","0","N","0","0","0","2","02204","0","","1.0","","1","N","N","","0","","0","0","0","","0","","","2","0","0","0","0","0","0","1","0","2","","","Y","Y","2","1","","","N","Y","","","",""
"2013089096","","0","0","0","0","0","0","0","0","0","7","0","","02","8","2013","4","40.428765","-79.945814","","11","0","0","0","0","0","0","0","0","","0","0","0","","","0","","0","","40 25:43.553","","0","79 56:44.932","0","0","0","0","2301","0","0","0","N","0","0","0","1","68B03","0","","2.0","","9","N","N","","0","","0","0","1","","0","","","1","0","0","0","0","0","0","2","0","1","","","","N","","","","","","","","","",""
"2013089856","","2","0","0","0","0","0","0","0","0","4","0","","02","9","2013","6","40.449156","-79.762252","","11","0","1","0","1","0","0","0","0","1","0","0","0","","","0","","1","","40 26:56.961","3","0","79 45:44.107","0","0","0","0","2446","0","0","0","N","0","0","0","5","02446","0","","1.0","","1","N","N","","0","","0","0","1","","3","N","","3","0","0","0","0","0","0","2","0","3","","","","N","","","","","","","","","",""
"2013089020","","1","0","0","0","0","0","0","0","0","1","0","","02","9","2013","5","40.652466","-80.061644","","11","0","0","0","0","0","0","0","0","2","0","0","0","","","0","","0","","40 39:08.877","3","0","80 03:41.917","0","0","0","0","2216","0","0","0","N","0","0","0","5","02505","0","","1.0","","1","N","N","","1","","0","0","0","","0","N","","3","0","0","0","0","0","0","2","1","3","","","","N","","","","","","","","","",""
"2013089032","","2","0","0","0","0","0","0","0","0","4","0","","02","9","2013","5","40.437594","-79.770092","","11","0","0","0","0","0","0","0","0","","0","0","0","","","0","","0","","40 26:15.340","","0","79 46:12.330","0","0","0","0","2446","0","0","0","N","0","0","0","3","02446","0","","1.0","","1","N","N","","0","","0","0","0","","0","","","2","0","1","0","0","0","0","2","0","2","","","","N","","","","","","","","","",""
"2013089097","","2","0","0","0","0","0","0","0","0","1","0","","02","8","2013","4","40.419033","-80.053012","","11","0","0","0","1","0","0","0","0","1","0","0","0","","","1","","0","","40 25:08.517","3","0","80 03:10.844","8","0","0","0","2435","0","0","0","N","0","0","0","4","68B03","0","","1.0","","9","N","N","","0","","0","0","0","","0","N","","2","1","0","0","0","1","0","2","0","2","","","","N","","","","","","","","","",""
"2013091423","","0","0","0","0","0","0","0","0","0","0","1","","02","9","2013","5","40.369573","-80.222024","","11","0","0","0","0","0","1","0","0","1","0","1","0","","","1","","0","","40 22:10.462","5","0","80 13:19.286","8","0","0","0","2119","0","0","0","N","0","0","0","1","02119","0","","5.0","","1","N","N","","0","","0","0","0","","0","N","","1","1","0","0","0","1","0","2","0","1","","","","N","","","","","","","","","",""
"2013075675","","1","0","0","0","0","0","0","0","0","8","0","","02","7","2013","6","40.361214","-79.959383","","11","0","0","0","0","0","0","0","0","","0","0","0","","","1","","0","","40 21:40.370","","0","79 57:33.778","8","0","0","0","2403","1","0","0","N","1","0","0","2","02403","0","","1.0","","1","N","N","","0","","0","0","0","","0","","","2","1","0","0","0","1","0","2","0","1","","","","N","","","","","","","","","",""
"2013089098","","1","0","0","0","0","0","0","0","0","1","0","","02","8","2013","6","40.425956","-79.91296","","11","0","0","0","0","0","0","0","0","","0","0","0","","","0","","0","","40 25:33.442","","0","79 54:46.656","0","0","0","0","2301","0","0","0","N","0","0","0","3","68B03","0","","1.0","","1","N","N","","0","","0","0","2","","0","","","3","0","0","0","0","0","0","2","0","3","","","","N","","","","","","","","","",""
"2013089858","","1","0","0","0","0","0","0","0","0","7","0","","02","9","2013","5","40.65641","-80.050092","","11","0","0","0","0","0","0","0","0","1","0","0","0","","","0","","0","","40 39:23.075","6","0","80 03:00.332","0","0","0","0","2216","0","0","0","N","0","0","0","1","02505","0","","5.0","","1","N","N","","0","","0","0","0","","0","N","","1","0","0","0","0","0","0","2","0","1","","","","N","","","","","","","","","",""
"2013089995","","1","0","0","0","0","0","0","0","0","1","1","","02","9","2013","2","40.43697","-79.771281","","11","0","0","0","0","0","1","0","0","","0","1","0","","","0","","0","","40 26:13.092","","0","79 46:16.611","0","0","0","0","2446","0","0","0","N","0","0","0","4","02446","0","","1.0","","1","N","N","","0","","0","0","1","","0","","","3","0","0","0","0","0","0","2","0","3","","","","N","","","","","","","","","",""
"2013075676","","0","0","0","0","0","0","0","0","0","7","0","","02","7","2013","6","40.324827","-79.791363","","11","0","0","0","0","0","0","0","0","3","0","0","0","","","1","","0","","40 19:29.376","6","0","79 47:28.906","8","0","0","0","2477","0","0","0","N","0","0","0","1","02477","0","","5.0","","1","N","N","","1","","0","0","0","","0","Y","","1","1","1","0","0","1","0","2","0","1","","","","N","","","","","","","","","",""
"2013090547","","2","0","0","0","0","0","0","0","0","5","0","","02","9","2013","3","40.481405","-80.039654","","11","0","0","0","0","0","0","0","0","2","0","0","0","","","0","","0","","40 28:53.058","7","0","80 02:22.754","0","0","0","0","2301","0","0","0","N","0","0","0","1","02301","0","","6.0","","1","N","N","","1","","0","0","0","","0","Y","","3","0","1","0","0","0","0","2","0","3","","","","N","","","","","","","","","",""
"2013089099","","1","0","0","0","0","0","1","0","0","1","1","","02","8","2013","7","40.443085","-79.838975","","11","0","0","0","0","0","2","0","0","2","0","0","0","","","1","","0","","40 26:35.107","4","0","79 50:20.311","4","0","0","0","2419","0","0","0","N","0","0","0","4","68B03","1","","1.0","","1","N","N","","0","","0","0","1","","0","N","","3","1","0","0","0","0","0","2","0","3","","","","N","","","","","","","","","",""
"2013089996","","3","0","0","0","0","0","0","0","0","4","0","","02","9","2013","2","40.435278","-79.78935","","11","0","0","0","1","0","0","1","0","1","0","0","0","","","0","","0","","40 26:07.002","6","0","79 47:21.659","0","0","0","0","2446","0","0","0","N","0","0","0","4","02446","0","","1.0","","1","N","N","","0","","0","0","0","","0","N","","3","0","0","0","0","0","0","2","0","3","","","","N","","","","","","","","","",""
"2013089023","","0","0","0","0","0","0","0","0","0","4","0","","02","9","2013","5","40.471023","-80.008598","","11","0","0","0","0","0","1","0","0","2","0","0","0","","","0","","1","","40 28:15.682","6","0","80 00:30.952","9","0","0","0","2301","0","0","0","N","0","0","0","5","02301","0","","1.0","","1","N","N","","0","","0","0","1","","2","N","","2","0","0","0","0","0","3","2","1","2","","","","N","","","","","","","","","",""
"2013090548","","1","0","0","0","0","0","0","0","0","7","0","","02","9","2013","3","40.414249","-80.090912","","11","0","0","0","0","0","0","0","0","","0","0","0","","","1","","0","","40 24:51.296","","0","80 05:27.283","4","0","0","0","2415","0","0","0","N","0","0","0","1","02415","1","","5.0","","1","N","N","","0","","0","0","0","","0","","","1","1","1","0","0","0","0","2","0","1","","","","N","","","","","","","","","",""
"2013090761","","1","0","0","0","0","0","0","0","0","7","0","","02","9","2013","4","40.367272","-79.856238","","11","0","0","0","0","0","0","0","0","","0","0","0","","","0","","0","","40 22:02.179","","0","79 51:22.456","0","0","0","0","2303","0","0","0","N","0","0","0","1","02303","0","","4.0","","1","N","N","","0","","0","0","0","","0","","","1","0","0","0","0","0","0","2","0","1","","","","N","","","","","","","","","",""
"2013090549","","0","0","0","0","0","0","0","0","0","99","0","","02","9","2013","7","40.625732","-79.926852","","11","0","0","0","0","0","0","0","0","1","0","0","0","","","1","","2","","40 37:32.636","4","0","79 55:36.666","4","0","0","1","2217","0","0","0","N","0","0","0","1","02505","1","","1.0","","1","N","N","","0","","0","0","0","","0","N","","1","1","0","0","0","0","0","2","0","1","","","","N","","","","","","","","","",""
"2013089862","","1","0","0","0","0","0","0","0","0","7","0","","02","8","2013","4","40.555908","-80.2221","","11","0","0","0","0","0","0","0","0","1","0","0","0","","","1","","0","","40 33:21.267","3","0","80 13:19.560","4","0","0","0","2103","0","0","0","N","0","0","0","1","02103","1","","2.0","","9","N","N","","0","","0","0","0","","0","N","","1","1","0","0","0","0","0","2","0","1","","","","N","","","","","","","","","",""
"2013074282","","2","0","0","0","0","0","0","0","0","4","0","","02","7","2013","7","40.368182","-80.103353","","11","0","0","0","0","0","0","0","0","1","0","0","0","","","0","","2","","40 22:05.455","3","7","80 06:12.070","0","0","0","0","2102","0","0","0","N","0","0","0","3","02102","0","","1.0","","1","N","N","","0","","0","0","0","","2","N","","2","0","0","0","0","0","0","2","0","2","","","","N","","","","","","","","","",""
"2013075027","","0","0","0","0","0","0","0","0","0","1","1","","02","7","2013","3","40.412459","-80.078257","","11","0","0","0","1","0","1","0","0","","0","1","0","","","1","","0","","40 24:44.851","","0","80 04:41.724","8","0","0","0","2117","0","0","0","N","0","0","0","3","68B03","0","","1.0","","1","N","N","","0","","0","0","1","","0","","","2","1","0","0","0","1","0","2","0","2","","","","N","","","","","","","","","",""
"2013091444","","1","0","0","0","0","0","0","0","0","7","0","","02","9","2013","6","40.41011","-80.082479","","11","0","0","0","0","0","0","0","1","","0","0","0","","","0","","0","","40 24:36.396","","0","80 04:56.926","0","0","0","0","2415","0","0","0","N","0","0","0","1","02415","0","","5.0","","1","N","N","","0","","0","0","0","","0","","","1","0","0","0","0","0","0","2","0","1","","","","N","","","","","","","","","",""
"2013075696","","1","0","0","0","0","0","0","0","0","4","0","","02","7","2013","7","40.343668","-79.841171","","11","0","0","0","0","0","1","0","0","2","0","0","0","","","0","","2","","40 20:37.204","2","0","79 50:28.215","0","0","0","0","2304","0","0","0","N","0","0","0","2","02304","0","","1.0","","9","N","N","","0","","0","0","1","","0","Y","","2","0","0","0","0","0","0","2","0","2","","","","N","","","","","","","","","",""