"CRN","ARRIVAL_TM","AUTOMOBILE_COUNT","BELTED_DEATH_COUNT","BELTED_SUSP_SERIOUS_INJ_COUNT","BICYCLE_COUNT","BICYCLE_DEATH_COUNT","BICYCLE_SUSP_SERIOUS_INJ_COUNT","BUS_COUNT","CHLDPAS_DEATH_COUNT","CHLDPAS_SUSP_SERIOUS_INJ_COUNT","COLLISION_TYPE","COMM_VEH_COUNT","CONS_ZONE_SPD_LIM","COUNTY","CRASH_MONTH","CRASH_YEAR","DAY_OF_WEEK","DEC_LATITUDE","DEC_LONGITUDE","DISPATCH_TM","DISTRICT","DRIVER_COUNT_16YR","DRIVER_COUNT_17YR","DRIVER_COUNT_18YR","DRIVER_COUNT_19YR","DRIVER_COUNT_20YR","DRIVER_COUNT_50_64YR","DRIVER_COUNT_65_74YR","DRIVER_COUNT_75PLUS","EST_HRS_CLOSED","FATAL_COUNT","HEAVY_TRUCK_COUNT","HORSE_BUGGY_COUNT","HOUR_OF_DAY","ILLUMINATION","INJURY_COUNT","INTERSECTION_RELATED","INTERSECT_TYPE","LANE_CLOSED","LATITUDE","LN_CLOSE_DIR","LOCATION_TYPE","LONGITUDE","MAX_SEVERITY_LEVEL","MCYCLE_DEATH_COUNT","MCYCLE_SUSP_SERIOUS_INJ_COUNT","MOTORCYCLE_COUNT","MUNICIPALITY","NONMOTR_COUNT","NONMOTR_DEATH_COUNT","NONMOTR_SUSP_SERIOUS_INJ_COUNT","NTFY_HIWY_MAINT","PED_COUNT","PED_DEATH_COUNT","PED_SUSP_SERIOUS_INJ_COUNT","PERSON_COUNT","POLICE_AGCY","POSSIBLE_INJ_COUNT","RDWY_SURF_TYPE_CD","RELATION_TO_ROAD","ROADWAY_CLEARED","ROAD_CONDITION","SCH_BUS_IND","SCH_ZONE_IND","SECONDARY_CRASH","SMALL_TRUCK_COUNT","SPEC_JURIS_CD","SUSP_MINOR_INJ_COUNT","SUSP_SERIOUS_INJ_COUNT","SUV_COUNT","TCD_FUNC_CD","TCD_TYPE","TFC_DETOUR_IND","TIME_OF_DAY","TOTAL_UNITS","TOT_INJ_COUNT","UNBELTED_OCC_COUNT","UNB_DEATH_COUNT","UNB_SUSP_SERIOUS_INJ_COUNT","UNK_INJ_DEG_COUNT","UNK_INJ_PER_COUNT","URBAN_RURAL","VAN_COUNT","VEHICLE_COUNT","WEATHER1","WEATHER2","WORKERS_PRES","WORK_ZONE_IND","WORK_ZONE_LOC","WORK_ZONE_TYPE","WZ_CLOSE_DETOUR","WZ_FLAGGER","WZ_LAW_OFFCR_IND","WZ_LN_CLOSURE","WZ_MOVING","WZ_OTHER","WZ_SHLDER_MDN","WZ_WORKERS_INJ_KILLED"
"2013075837","","3","0","0","0","0","0","0","0","0","5","0","","02","7","2013","7","40.434308","-80.011305","","11","0","0","0","0","0","0","0","0","","0","0","0","","","0","","0","","40 26:03.508","","0","80 00:40.698","0","0","0","0","2301","0","0","0","N","0","0","0","2","02301","0","","1.0","","9","N","N","","0","","0","0","0","","0","","","3","0","0","0","0","0","0","2","0","3","","","","N","","","","","","","","","",""
"2013076595","","0","0","0","0","0","0","0","0","0","7","0","","02","7","2013","2","40.473865","-79.719742","","11","0","0","0","0","0","1","0","0","2","0","0","0","","","0","","0","","40 28:25.914","2","0","79 43:11.071","0","0","0","0","2466","0","0","0","N","0","0","0","1","02466","0","","5.0","","1","N","N","","1","","0","0","0","","0","Y","","1","0","1","0","0","0","0","2","0","1","","","","N","","","","","","","","","",""
"2013075901","","1","0","0","0","0","0","0","0","0","4","0","","02","7","2013","1","40.449195","-80.004952","","11","0","0","0","0","0","1","0","0","","0","0","0","","","0","","1","","40 26:57.102","","0","80 00:17.827","0","0","0","0","2301","0","0","0","N","0","0","0","3","02301","0","","1.0","","1","N","N","","1","","0","0","0","","2","","","2","0","0","0","0","0","0","2","0","2","","","","N","","","","","","","","","",""
"2013075379","","2","0","0","0","0","0","0","0","0","6","1","","02","7","2013","6","40.471531","-79.978389","","11","0","0","0","0","0","0","0","1","","0","1","0","","","0","","0","","40 28:17.510","","7","79 58:42.200","0","0","0","0","2301","0","0","0","N","0","0","0","1","02301","0","","1.0","","1","N","N","","0","","0","0","0","","0","","","3","0","1","0","0","0","0","2","0","3","","","","N","","","","","","","","","",""
"2013075827","","1","0","0","0","0","0","0","0","0","7","0","35","02","7","2013","1","40.464406","-79.980047","","11","0","0","0","0","0","0","0","0","1","0","0","0","","","0","","0","","40 27:51.861","1","99","79 58:48.169","0","0","0","0","2301","0","0","0","N","0","0","0","1","02301","0","","1.0","","9","N","N","","0","","0","0","0","","0","Y","","1","0","0","0","0","0","0","2","0","1","","","N","Y","4","1","","","Y","","","Y","",""
"2013074283","","3","0","0","0","0","0","0","0","0","1","0","","02","7","2013","2","40.613879","-79.947404","","11","0","0","0","0","0","1","0","0","","0","0","0","","","0","","1","","40 36:49.963","","0","79 56:50.656","0","0","0","0","2207","0","0","0","N","0","0","0","3","02207","0","","1.0","","9","N","N","","0","","0","0","0","","2","","","3","0","0","0","0","0","0","2","0","3","","","","N","","","","","","","","","",""
"2013075238","","1","0","0","0","0","0","0","0","0","1","0","","02","7","2013","5","40.469651","-79.930071","","11","0","0","0","0","0","1","0","0","","0","0","0","","","0","","1","","40 28:10.743","","0","79 55:48.255","0","0","0","0","2301","0","0","0","N","0","0","0","2","02301","0","","1.0","","1","N","N","","0","","0","0","1","","2","","","2","0","0","0","0","0","0","2","0","2","","","","N","","","","","","","","","",""
"2013076046","","1","0","0","0","0","0","0","0","0","4","0","","02","7","2013","1","40.451451","-79.90819","","11","0","0","0","0","0","0","0","0","","0","0","0","","","1","","1","","40 27:05.223","","0","79 54:29.484","3","0","0","0","2301","0","0","0","N","0","0","0","4","02301","0","","1.0","","1","N","N","","1","","1","0","0","","2","","","2","1","0","0","0","0","1","2","0","2","","","","N","","","","","","","","","",""
"2013074272","","1","0","0","0","0","0","0","0","0","8","0","","02","7","2013","2","40.52119","-79.838964","","11","1","0","0","0","0","0","0","0","2","0","0","0","","","1","","1","","40 31:16.285","5","0","79 50:20.269","2","0","0","0","2451","1","0","1","N","1","0","1","3","02451","0","","1.0","","9","N","N","","0","","0","1","0","","3","N","","2","1","0","0","0","0","0","2","0","1","","","","N","","","","","","","","","",""
"2013075904","","2","0","0","0","0","0","0","0","0","6","0","","02","7","2013","1","40.464484","-79.930088","","11","0","0","0","0","0","0","0","0","","0","0","0","","","0","","1","","40 27:52.142","","0","79 55:48.316","9","0","0","0","2301","0","0","0","N","0","0","0","5","02301","0","","1.0","","1","N","N","","0","","0","0","0","","3","","","2","0","1","0","0","0","5","2","0","2","","","","N","","","","","","","","","",""
"2013076666","","0","0","0","0","0","0","0","0","0","1","0","","02","7","2013","3","40.411004","-79.955525","","11","0","0","0","0","0","2","0","0","","0","0","0","","","0","","2","","40 24:39.614","","0","79 57:19.891","0","0","0","0","2301","0","0","0","N","0","0","0","2","02301","0","","1.0","","1","N","N","","0","","0","0","1","","2","","","2","0","0","0","0","0","0","2","1","2","","","","N","","","","","","","","","",""
"2013075241","","1","0","0","0","0","0","0","0","0","1","0","","02","7","2013","5","40.468128","-79.927861","","11","0","0","0","0","0","0","1","0","2","0","0","0","","","0","","2","","40 28:05.260","4","0","79 55:40.299","0","0","0","0","2301","0","0","0","N","0","0","0","2","02301","0","","1.0","","1","N","N","","0","","0","0","1","","0","N","","2","0","0","0","0","0","0","2","0","2","","","","N","","","","","","","","","",""
"2013076048","","2","0","0","0","0","0","0","0","0","5","0","","02","7","2013","1","40.437961","-79.991059","","11","0","0","0","0","0","0","0","0","","0","0","0","","","0","","1","","40 26:16.659","","0","79 59:27.812","9","0","0","0","2301","0","0","0","N","0","0","0","4","02301","0","","1.0","","9","N","N","","0","","0","0","0","","1","","","2","0","0","0","0","0","2","2","0","2","","","","N","","","","","","","","","",""
"2013076458","","2","0","0","0","0","0","0","0","0","4","0","","02","7","2013","2","40.429375","-79.988627","","11","0","0","0","0","0","0","0","0","","0","0","0","","","0","","1","","40 25:45.750","","0","79 59:19.057","0","0","0","0","2301","0","0","0","N","0","0","0","2","02301","0","","1.0","","1","N","N","","0","","0","0","0","","2","","","2","0","0","0","0","0","0","2","0","2","","","","N","","","","","","","","","",""
"2013074350","","1","0","0","0","0","0","0","0","0","4","0","","02","7","2013","3","40.472928","-80.072715","","11","0","0","0","0","0","0","0","0","1","0","0","0","","","2","","1","","40 28:22.541","6","0","80 04:21.774","3","0","0","0","2122","0","0","0","N","0","0","0","2","02122","0","","1.0","","1","N","N","","1","","1","0","0","","3","N","","2","2","0","0","0","1","0","2","0","2","","","","N","","","","","","","","","",""
"2013074953","","2","0","0","0","0","0","0","0","0","1","0","","02","7","2013","3","40.439163","-79.829722","","11","0","0","0","0","0","2","0","0","","0","0","0","","","1","","2","","40 26:20.988","","0","79 49:46.999","4","0","0","0","2419","0","0","0","N","0","0","0","5","02419","1","","1.0","","1","N","N","","0","","0","0","1","","0","","","3","1","0","0","0","0","0","2","0","3","","","","N","","","","","","","","","",""
"2013076602","","1","0","0","0","0","0","0","0","0","7","0","","02","7","2013","1","40.468124","-79.76712","","11","0","0","0","0","0","0","0","0","","0","0","0","","","0","","0","","40 28:05.246","","0","79 46:01.631","0","0","0","0","2466","0","0","0","N","0","0","0","1","02466","0","","5.0","","1","N","N","","0","","0","0","0","","0","","","1","0","0","0","0","0","0","2","0","1","","","","N","","","","","","","","","",""
"2013076461","","1","0","0","0","0","0","0","0","0","4","0","","02","7","2013","2","40.43805","-79.993342","","11","0","0","0","0","0","0","0","0","1","0","1","0","","","1","","1","","40 26:16.980","1","0","79 59:36.031","4","0","0","0","2301","0","0","0","N","0","0","0","3","02301","1","","1.0","","1","N","N","","0","","0","0","0","","3","Y","","2","1","0","0","0","0","0","2","0","2","","","","N","","","","","","","","","",""
"2013074288","","0","0","0","0","0","0","0","0","0","7","0","","02","7","2013","3","40.391489","-79.933839","","11","0","0","0","0","0","0","0","0","","0","0","0","","","1","","0","","40 23:29.360","","0","79 56:01.819","8","0","0","0","2301","0","0","0","N","0","0","0","1","02301","0","","5.0","","1","N","N","","0","","0","0","1","","0","","","1","1","0","0","0","1","0","2","0","1","","","","N","","","","","","","","","",""
"2013075097","","0","0","0","0","0","0","0","0","0","7","0","","02","7","2013","5","40.388581","-80.167721","","11","0","0","0","0","0","0","1","0","","0","0","0","","","0","","0","","40 23:18.893","","0","80 10:03.795","0","0","0","0","2102","0","0","0","N","0","0","0","1","02102","0","","5.0","","1","N","N","","1","","0","0","0","","0","","","1","0","0","0","0","0","0","2","0","1","","","","N","","","","","","","","","",""
"2013075909","","0","0","0","0","0","0","0","0","0","7","0","","02","7","2013","7","40.481493","-79.747357","","11","0","0","0","0","0","0","0","0","2","0","0","0","","","2","","0","","40 28:53.373","5","0","79 44:50.485","4","0","0","0","2440","0","0","0","N","0","0","0","3","02440","1","","5.0","","9","N","N","","1","","0","0","0","","0","Y","","1","2","2","0","0","1","0","2","0","1","","","","N","","","","","","","","","",""
"2013076603","","1","0","0","0","0","0","0","0","0","4","1","","02","7","2013","2","40.491481","-79.86589","","11","0","0","0","0","0","2","0","0","","0","1","0","","","1","","1","","40 29:29.330","","0","79 51:57.203","3","0","0","0","2408","0","0","0","N","0","0","0","2","02408","0","","1.0","","1","N","N","","0","","1","0","0","","2","","","2","1","0","0","0","0","0","2","0","2","","","","N","","","","","","","","","",""
"2013076670","","1","0","0","0","0","0","0","0","0","4","0","","02","7","2013","3","40.454562","-80.014774","","11","0","0","0","0","0","0","0","0","","0","0","0","","","0","","0","","40 27:16.423","","0","80 00:53.186","0","0","0","0","2301","0","0","0","N","0","0","0","2","02301","0","","1.0","","1","N","N","","0","","0","0","1","","0","","","2","0","0","0","0","0","0","2","0","2","","","","N","","","","","","","","","",""
"2013076684","","1","0","0","0","0","0","0","0","0","4","0","","02","7","2013","3","40.575045","-80.075417","","11","0","0","0","0","0","0","0","2","","0","0","0","","","1","","1","","40 34:30.163","","0","80 04:31.501","3","0","0","0","2481","1","0","0","N","1","0","0","3","02481","0","","1.0","","1","N","N","","0","","1","0","2","","3","","","4","1","0","0","0","0","0","2","0","3","","","","N","","","","","","","","","",""
"2013076604","","1","0","0","0","0","0","0","0","0","1","0","","02","7","2013","6","40.438441","-79.771408","","11","0","0","0","0","0","0","0","1","1","0","0","0","","","2","","0","","40 26:18.386","3","0","79 46:17.069","4","0","0","0","2446","0","0","0","N","0","0","0","4","02446","2","","1.0","","1","N","N","","0","","0","0","1","","0","N","","2","2","0","0","0","0","0","2","0","2","","","","N","","","","","","","","","",""
"2013075703","","1","0","0","0","0","0","0","0","0","4","0","","02","7","2013","7","40.453614","-79.999932","","11","0","0","0","0","0","1","0","0","","0","0","0","","","0","","0","","40 27:13.011","","0","79 59:59.755","0","0","0","0","2301","0","0","0","N","0","0","0","4","02301","0","","1.0","","9","N","N","","0","","0","0","1","","0","","","2","0","0","0","0","0","0","2","0","2","","","","N","","","","","","","","","",""
"2013074290","","1","0","0","0","0","0","0","0","0","4","0","","02","7","2013","3","40.477582","-79.842819","","11","0","0","0","0","0","0","0","0","","0","0","0","","","0","","2","","40 28:39.295","","0","79 50:34.148","0","0","0","0","2113","0","0","0","N","0","0","0","2","02113","0","","1.0","","1","N","N","","0","","0","0","1","","0","","","2","0","1","0","0","0","0","2","0","2","","","","N","","","","","","","","","",""
"2013074354","","2","0","0","0","0","0","0","0","0","4","0","","02","7","2013","2","40.45623","-79.895639","","11","0","0","0","0","0","1","0","0","3","0","0","0","","","1","","1","","40 27:22.428","7","0","79 53:44.300","8","0","0","0","2301","0","0","0","N","0","0","0","3","02301","0","","1.0","","1","N","N","","0","","0","0","0","","2","Y","","2","1","0","0","0","1","0","2","0","2","","","","N","","","","","","","","","",""
"2013074208","","1","0","0","0","0","0","0","0","0","1","0","","02","7","2013","3","40.452307","-79.938049","","11","0","0","0","0","0","1","0","0","1","0","0","0","","","0","","1","","40 27:08.305","4","0","79 56:16.976","0","0","0","0","2301","0","0","0","N","0","0","0","1","02301","0","","1.0","","9","N","N","","0","","0","0","1","","0","N","","2","0","0","0","0","0","0","2","0","2","","","","N","","","","","","","","","",""
"2013075847","","2","0","0","0","0","0","0","0","0","4","0","","02","7","2013","7","40.465866","-79.825577","","11","0","0","0","0","0","1","0","0","1","0","0","0","","","1","","0","","40 27:57.117","1","0","79 49:32.076","8","0","0","0","2113","0","0","0","N","0","0","0","4","02113","0","","1.0","","9","N","N","","0","","0","0","0","","3","N","","2","1","0","0","0","1","0","2","0","2","","","","N","","","","","","","","","",""
"2013075248","","1","0","0","0","0","0","0","0","0","1","0","","02","7","2013","5","40.386838","-79.827416","","11","0","0","0","0","0","0","0","0","","0","0","0","","","0","","0","","40 23:12.618","","7","79 49:38.697","0","0","0","0","2111","0","0","0","N","0","0","0","2","02111","0","","1.0","","1","N","N","","0","","0","0","1","","0","","","2","0","0","0","0","0","0","2","0","2","","","","N","","","","","","","","","",""
"2013074209","","1","0","0","0","0","0","0","0","0","4","0","","02","7","2013","3","40.403604","-80.040431","","11","0","0","0","0","0","0","0","0","2","0","0","0","","","3","","1","","40 24:12.974","2","0","80 02:25.552","8","0","0","0","2301","0","0","0","N","0","0","0","3","02301","0","","1.0","","1","N","N","","0","","0","0","1","","3","N","","2","3","0","0","0","3","0","2","0","2","","","","N","","","","","","","","","",""
"2013074280","","2","0","0","0","0","0","0","0","0","1","0","","02","7","2013","3","40.564848","-79.957075","","11","0","1","0","0","0","0","0","0","2","0","0","0","","","0","","0","","40 33:53.453","1","0","79 57:25.471","0","0","0","0","2207","0","0","0","N","0","0","0","3","02207","0","","1.0","","1","N","N","","0","","0","0","0","","0","N","","2","0","0","0","0","0","0","2","0","2","","","","N","","","","","","","","","",""
"2013075848","","1","0","0","0","0","0","0","0","0","1","0","","02","7","2013","6","40.507748","-80.005748","","11","0","0","0","0","0","0","0","0","1","0","0","0","","","0","","0","","40 30:27.892","2","0","80 00:20.694","0","0","0","0","2116","0","0","0","N","0","0","0","2","02116","0","","1.0","","1","N","N","","0","","0","0","1","","0","N","","2","0","0","0","0","0","0","2","0","2","","","","N","","","","","","","","","",""
"2013075914","","1","0","0","0","0","0","0","0","0","7","0","","02","7","2013","7","40.349387","-79.944143","","11","0","0","0","0","0","0","0","0","","0","0","0","","","1","","0","","40 20:57.792","","0","79 56:38.915","3","0","0","0","2473","0","0","0","N","0","0","0","1","02473","0","","5.0","","1","N","N","","0","","1","0","0","","0","","","1","1","0","0","0","0","0","2","0","1","","","","N","","","","","","","","","",""
"2013076673","","3","0","0","0","0","0","0","0","0","1","0","","02","7","2013","2","40.653969","-80.082519","","11","0","0","0","0","0","0","0","0","","0","0","0","","","1","","1","","40 39:14.289","","0","80 04:57.069","4","0","0","0","2212","0","0","0","N","0","0","0","3","02505","1","","1.0","","1","N","N","","0","","0","0","0","","0","","","3","1","0","0","0","0","0","2","0","3","","","","N","","","","","","","","","",""
"2013076055","","0","0","0","0","0","0","0","0","0","7","0","","02","7","2013","6","40.393771","-79.819334","","11","0","0","0","0","0","0","0","0","","0","0","0","","","1","","0","","40 23:37.575","","0","79 49:09.602","2","0","1","1","2111","0","0","0","N","0","0","0","1","02111","0","","1.0","","1","N","N","","0","","0","1","0","","0","","","1","1","0","0","0","0","0","2","0","1","","","","N","","","","","","","","","",""
"2013074357","","2","0","0","0","0","0","0","0","0","4","0","","02","7","2013","6","40.460759","-79.915919","","11","0","0","0","0","1","1","0","0","","0","0","0","","","1","","1","","40 27:38.732","","0","79 54:57.308","4","0","0","0","2301","0","0","0","N","0","0","0","3","02301","1","","1.0","","1","N","N","","0","","0","0","0","","2","","","2","1","0","0","0","0","0","2","0","2","","","","N","","","","","","","","","",""
"2013075915","","1","0","0","0","0","0","0","0","0","1","0","","02","7","2013","1","40.402867","-80.060416","","11","0","0","0","0","0","2","0","0","","0","0","0","","","1","","2","","40 24:10.321","","0","80 03:37.496","8","0","0","0","2117","0","0","0","N","0","0","0","9","02117","0","","1.0","","1","N","N","","0","","0","0","2","","0","","","3","1","0","0","0","1","0","2","0","3","","","","N","","","","","","","","","",""
"2013074211","","0","0","0","0","0","0","0","0","0","7","0","35","02","7","2013","3","40.464871","-79.979686","","11","0","0","0","0","0","1","0","0","3","0","0","0","","","0","","0","","40 27:53.537","2","0","79 58:46.870","0","0","0","0","2301","0","0","0","N","0","0","0","6","02301","0","","1.0","","9","N","N","","1","","0","0","1","","0","N","","2","0","0","0","0","0","0","2","0","2","","","Y","Y","4","1","Y","","N","Y","","","",""
"2013074359","","0","0","0","0","0","0","0","0","0","0","0","30","02","7","2013","3","40.500034","-80.072789","","11","0","0","0","0","0","0","0","0","","0","0","0","","","1","","2","","40 30:00.124","","0","80 04:22.040","3","0","0","1","2402","0","0","0","N","0","0","0","2","02402","0","","1.0","","9","N","N","","0","","1","0","1","","3","","","2","1","0","0","0","0","0","2","0","2","","","N","Y","4","1","","","N","Y","","","",""
"2013075708","","2","0","0","0","0","0","0","0","0","1","0","","02","7","2013","7","40.354827","-79.95625","","11","0","0","0","0","0","1","0","0","2","0","0","0","","","2","","3","","40 21:17.378","1","0","79 57:22.500","8","0","0","0","2473","0","0","0","N","0","0","0","6","02473","0","","1.0","","9","N","N","","0","","0","0","1","","3","N","","3","2","0","0","0","2","0","2","0","3","","","","N","","","","","","","","","",""
"2013074213","","2","0","0","0","0","0","0","0","0","4","0","","02","7","2013","3","40.457399","-79.936915","","11","0","0","0","0","0","1","0","0","1","0","0","0","","","1","","1","","40 27:26.635","4","0","79 56:12.895","4","0","0","0","2301","0","0","0","N","0","0","0","3","02301","1","","1.0","","1","N","N","","0","","0","0","0","","2","N","","2","1","0","0","0","0","0","2","0","2","","","","N","","","","","","","","","",""
"2013074978","","0","0","0","0","0","0","0","0","0","7","0","","02","7","2013","6","40.368655","-80.123774","","11","0","0","0","0","0","0","0","0","2","0","0","0","","","1","","0","","40 22:07.159","1","0","80 07:25.588","3","0","0","0","2119","0","0","0","N","0","0","0","2","02119","0","","5.0","","1","N","N","","1","","1","0","0","","0","N","","1","1","0","0","0","0","0","2","0","1","","","","N","","","","","","","","","",""
"2013074295","","1","0","0","0","0","0","0","0","0","4","0","","02","7","2013","3","40.455364","-80.053678","","11","0","0","0","0","0","0","0","0","2","0","0","0","","","2","","1","","40 27:19.310","7","0","80 03:13.240","3","0","0","0","2301","0","0","0","N","0","0","0","3","02301","0","","1.0","","1","N","N","","0","","2","0","0","","3","Y","","2","2","0","0","0","0","0","2","0","2","","","","N","","","","","","","","","",""
"2013075851","","1","0","0","0","0","0","0","0","0","7","0","","02","7","2013","7","40.571949","-80.201329","","11","0","0","0","0","0","0","0","0","2","0","0","0","","","0","","2","","40 34:19.016","2","0","80 12:04.784","0","0","0","0","2107","0","0","0","N","0","0","0","1","02107","0","","5.0","","9","N","N","","0","","0","0","0","","0","N","","1","0","0","0","0","0","0","1","0","1","","","","N","","","","","","","","","",""
"2013076058","","1","0","0","0","0","0","0","0","0","8","0","","02","7","2013","1","40.475665","-79.970355","","11","0","0","0","0","0","0","0","0","3","1","0","0","","","1","","0","","40 28:32.393","2","0","79 58:13.278","1","0","0","0","2445","1","1","0","N","1","1","0","3","02445","1","2","1.0","","9","N","N","","0","0","0","0","0","","0","Y","","2","1","0","0","0","0","0","2","0","1","","","","N","","","","","","","","","",""
"2013076469","","0","0","0","0","0","0","0","0","0","7","0","","02","7","2013","3","40.372599","-80.126725","","11","0","0","0","0","0","0","0","0","1","0","0","0","","","0","","0","","40 22:21.356","2","0","80 07:36.210","0","0","0","0","2102","0","0","0","N","0","0","0","1","02102","0","","5.0","","1","N","N","","1","","0","0","0","","0","N","","1","0","0","0","0","0","0","2","0","1","","","","N","","","","","","","","","",""
"2013074967","","1","0","0","0","0","0","0","0","0","7","0","","02","7","2013","4","40.656677","-80.0889","","11","0","0","0","0","0","0","0","0","","0","0","0","","","0","","0","","40 39:24.038","","0","80 05:20.039","0","0","0","0","2212","0","0","0","N","0","0","0","1","02505","0","","3.0","","1","N","N","","0","","0","0","0","","0","","","1","0","0","0","0","0","0","2","0","1","","","","N","","","","","","","","","",""
"2013075118","","1","0","0","0","0","0","0","0","0","7","0","","02","7","2013","4","40.575148","-79.973229","","11","0","0","1","0","0","0","0","0","","0","0","0","","","1","","0","","40 34:30.533","","0","79 58:23.623","3","0","0","0","2207","0","0","0","N","0","0","0","5","02207","0","","4.0","","1","N","N","","0","","1","0","0","","0","","","1","1","0","0","0","0","2","2","0","1","","","","N","","","","","","","","","",""
"2013076693","","2","0","0","0","0","0","0","0","0","1","0","","02","7","2013","3","40.442904","-79.956971","","11","0","0","0","0","0","0","0","1","","0","0","0","","","1","","0","","40 26:34.455","","0","79 57:25.096","8","0","0","0","2301","0","0","0","N","0","0","0","3","02301","0","","1.0","","1","N","N","","0","","0","0","0","","2","","","2","1","0","0","0","1","0","2","0","2","","","","N","","","","","","","","","",""
"2013075934","","1","0","0","0","0","0","0","0","0","4","0","","02","7","2013","7","40.476528","-80.000164","","11","0","0","0","0","0","0","0","0","1","0","0","0","","","0","","0","","40 28:35.500","1","0","80 00:00.590","0","0","0","0","2301","0","0","0","N","0","0","0","1","02301","0","","1.0","","1","N","N","","0","","0","0","0","","0","N","","2","0","0","0","0","0","0","2","1","2","","","","N","","","","","","","","","",""
"2013076694","","4","0","0","0","0","0","0","0","0","1","0","","02","7","2013","3","40.484896","-79.857868","","11","0","0","0","0","0","1","0","0","","0","0","0","","","3","","0","","40 29:05.625","","0","79 51:28.324","4","0","0","0","2113","0","0","0","N","0","0","0","6","02113","3","","1.0","","1","N","N","","0","","0","0","0","","0","","","4","3","0","0","0","0","0","2","0","4","","","","N","","","","","","","","","",""
"2013075257","","2","0","0","0","0","0","0","0","0","5","0","","02","7","2013","4","40.38275","-79.820863","","11","0","0","0","0","0","1","0","0","1","0","0","0","","","0","","2","","40 22:57.900","3","0","79 49:15.106","0","0","0","0","2111","0","0","0","N","0","0","0","4","02111","0","","1.0","","9","N","N","","0","","0","0","0","","0","N","","2","0","0","0","0","0","0","2","0","2","","","","N","","","","","","","","","",""
"2013074229","","0","0","0","0","0","0","0","0","0","2","0","","02","7","2013","3","40.517151","-80.065584","","11","0","0","0","0","0","1","0","0","2","0","0","0","","","2","","0","","40 31:01.743","7","0","80 03:56.102","4","0","0","0","2215","0","0","0","Y","0","0","0","2","02215","2","","1.0","","9","N","N","","1","","0","0","1","","0","Y","","2","2","0","0","0","0","0","2","0","2","","","","N","","","","","","","","","",""
"2013074364","","1","0","0","0","0","0","0","0","0","7","0","","02","7","2013","2","40.599677","-80.118784","","11","0","0","0","0","1","0","0","0","2","0","0","0","","","0","","2","","40 35:58.838","1","0","80 07:07.623","0","0","0","0","2481","0","0","0","N","0","0","0","2","02481","0","","5.0","","9","N","N","","0","","0","0","0","","0","N","","1","0","0","0","0","0","0","1","0","1","","","","N","","","","","","","","","",""
"2013074970","","2","0","0","0","0","0","0","0","0","1","0","","02","7","2013","2","40.651993","-80.054866","","11","0","0","0","0","0","0","0","0","","0","0","0","","","3","","1","","40 39:07.175","","0","80 03:17.516","4","0","0","0","2216","0","0","0","N","0","0","0","5","02505","3","","1.0","","9","N","N","","0","","0","0","0","","7","","","2","3","0","0","0","0","0","2","0","2","","","","N","","","","","","","","","",""
"2013075936","","2","0","0","0","0","0","0","0","0","2","0","","02","7","2013","1","40.494459","-79.788379","","11","0","0","0","0","0","0","0","0","","0","0","0","","","0","","2","","40 29:40.051","","0","79 47:18.163","0","0","0","0","2113","0","0","0","N","0","0","0","6","02113","0","","1.0","","1","N","N","","0","","0","0","0","","0","","","2","0","0","0","0","0","0","2","0","2","","","","N","","","","","","","","","",""
"2013076062","","0","0","0","0","0","0","0","0","0","7","0","","02","7","2013","5","40.524714","-79.83727","","11","0","0","0","0","0","1","0","0","","0","0","0","","","1","","0","","40 31:28.971","","0","79 50:14.172","4","0","0","1","2451","0","0","0","N","0","0","0","1","02451","1","","4.0","","1","N","N","","0","","0","0","0","","0","","","1","1","0","0","0","0","0","2","0","1","","","","N","","","","","","","","","",""
"2013075790","","1","0","0","0","0","0","0","0","0","1","0","","02","7","2013","7","40.666807","-79.933691","","11","0","0","0","0","0","0","0","1","","0","0","0","","","0","","2","","40 40:00.505","","0","79 56:01.286","0","0","0","0","2217","0","0","0","N","0","0","0","3","02505","0","","1.0","","1","N","N","","1","","0","0","0","","3","","","2","0","0","0","0","0","0","1","0","2","","","","N","","","","","","","","","",""
"2013075922","","0","0","0","0","0","0","0","0","0","7","0","","02","7","2013","1","40.622192","-80.115027","","11","0","1","0","0","0","0","0","0","1","0","0","0","","","1","","0","","40 37:19.891","6","0","80 06:54.097","4","0","0","0","2212","0","0","0","N","0","0","0","1","02505","1","","5.0","","1","N","N","","1","","0","0","0","","0","Y","","1","1","0","0","0","0","0","1","0","1","","","","N","","","","","","","","","",""
"2013075123","","2","0","0","0","0","0","0","0","0","4","0","","02","7","2013","4","40.384796","-79.977007","","11","0","0","1","0","0","1","0","0","1","0","0","0","","","0","","2","","40 23:05.265","3","0","79 58:37.225","0","0","0","0","2413","0","0","0","N","0","0","0","4","02413","0","","1.0","","1","N","N","","0","","0","0","0","","0","N","","2","0","3","0","0","0","0","2","0","2","","","","N","","","","","","","","","",""
"2013076698","","1","0","0","0","0","0","0","0","0","1","0","","02","7","2013","3","40.590874","-79.751375","","11","0","1","0","0","0","0","0","0","","0","0","0","","","0","","0","","40 35:27.146","","0","79 45:04.950","0","0","0","0","2464","0","0","0","N","0","0","0","2","64305","0","","1.0","","1","N","N","","1","","0","0","0","","0","","","2","0","0","0","0","0","0","2","0","2","","","","N","","","","","","","","","",""