"CRN","ARRIVAL_TM","AUTOMOBILE_COUNT","BELTED_DEATH_COUNT","BELTED_SUSP_SERIOUS_INJ_COUNT","BICYCLE_COUNT","BICYCLE_DEATH_COUNT","BICYCLE_SUSP_SERIOUS_INJ_COUNT","BUS_COUNT","CHLDPAS_DEATH_COUNT","CHLDPAS_SUSP_SERIOUS_INJ_COUNT","COLLISION_TYPE","COMM_VEH_COUNT","CONS_ZONE_SPD_LIM","COUNTY","CRASH_MONTH","CRASH_YEAR","DAY_OF_WEEK","DEC_LATITUDE","DEC_LONGITUDE","DISPATCH_TM","DISTRICT","DRIVER_COUNT_16YR","DRIVER_COUNT_17YR","DRIVER_COUNT_18YR","DRIVER_COUNT_19YR","DRIVER_COUNT_20YR","DRIVER_COUNT_50_64YR","DRIVER_COUNT_65_74YR","DRIVER_COUNT_75PLUS","EST_HRS_CLOSED","FATAL_COUNT","HEAVY_TRUCK_COUNT","HORSE_BUGGY_COUNT","HOUR_OF_DAY","ILLUMINATION","INJURY_COUNT","INTERSECTION_RELATED","INTERSECT_TYPE","LANE_CLOSED","LATITUDE","LN_CLOSE_DIR","LOCATION_TYPE","LONGITUDE","MAX_SEVERITY_LEVEL","MCYCLE_DEATH_COUNT","MCYCLE_SUSP_SERIOUS_INJ_COUNT","MOTORCYCLE_COUNT","MUNICIPALITY","NONMOTR_COUNT","NONMOTR_DEATH_COUNT","NONMOTR_SUSP_SERIOUS_INJ_COUNT","NTFY_HIWY_MAINT","PED_COUNT","PED_DEATH_COUNT","PED_SUSP_SERIOUS_INJ_COUNT","PERSON_COUNT","POLICE_AGCY","POSSIBLE_INJ_COUNT","RDWY_SURF_TYPE_CD","RELATION_TO_ROAD","ROADWAY_CLEARED","ROAD_CONDITION","SCH_BUS_IND","SCH_ZONE_IND","SECONDARY_CRASH","SMALL_TRUCK_COUNT","SPEC_JURIS_CD","SUSP_MINOR_INJ_COUNT","SUSP_SERIOUS_INJ_COUNT","SUV_COUNT","TCD_FUNC_CD","TCD_TYPE","TFC_DETOUR_IND","TIME_OF_DAY","TOTAL_UNITS","TOT_INJ_COUNT","UNBELTED_OCC_COUNT","UNB_DEATH_COUNT","UNB_SUSP_SERIOUS_INJ_COUNT","UNK_INJ_DEG_COUNT","UNK_INJ_PER_COUNT","URBAN_RURAL","VAN_COUNT","VEHICLE_COUNT","WEATHER1","WEATHER2","WORKERS_PRES","WORK_ZONE_IND","WORK_ZONE_LOC","WORK_ZONE_TYPE","WZ_CLOSE_DETOUR","WZ_FLAGGER","WZ_LAW_OFFCR_IND","WZ_LN_CLOSURE","WZ_MOVING","WZ_OTHER","WZ_SHLDER_MDN","WZ_WORKERS_INJ_KILLED"
"2013071159","","3","0","0","0","0","0","0","0","0","1","0","","02","7","2013","7","40.423886","-79.858065","","11","0","0","0","0","0","0","0","1","2","0","0","0","","","0","","0","","40 25:25.989","3","0","79 51:29.033","0","0","0","0","2431","0","0","0","N","0","0","0","4","02431","0","","1.0","","1","N","N","","0","","0","0","0","","0","N","","3","0","0","0","0","0","0","2","0","3","","","","N","","","","","","","","","",""
"2013072736","","1","0","0","0","0","0","0","0","0","4","0","","02","7","2013","4","40.452566","-79.712698","","11","0","0","0","0","0","1","0","1","","0","0","0","","","1","","0","","40 27:09.236","","0","79 42:45.713","4","0","0","0","2466","0","0","0","N","0","0","0","3","02466","1","","1.0","","1","N","N","","0","","0","0","1","","0","","","2","1","0","0","0","0","0","2","0","2","","","","N","","","","","","","","","",""
"2013072860","","1","0","0","0","0","0","0","0","0","7","0","","02","7","2013","5","40.46476","-79.830574","","11","0","0","0","0","0","0","0","0","2","0","0","0","","","1","","0","","40 27:53.135","3","0","79 49:50.068","4","0","0","0","2113","0","0","0","N","0","0","0","1","02113","1","","5.0","","1","N","N","","0","","0","0","0","","0","N","","1","1","0","0","0","0","0","2","0","1","","","","N","","","","","","","","","",""
"2013072737","","1","0","0","0","0","0","0","0","0","7","0","","02","7","2013","4","40.451916","-80.027667","","11","0","0","0","0","0","0","0","0","","0","0","0","","","0","","2","","40 27:06.897","","0","80 01:39.600","9","0","0","0","2301","0","0","0","","0","0","0","2","02301","0","","9.0","","1","N","N","","0","","0","0","0","","0","","","1","0","0","0","0","0","2","2","0","1","","","","N","","","","","","","","","",""
"2013073488","","0","0","0","1","0","0","0","0","0","8","0","","02","7","2013","4","40.401015","-79.938445","","11","0","0","0","0","0","0","0","0","","0","0","0","","","1","","1","","40 24:03.654","","0","79 56:18.402","4","0","0","0","2301","1","0","0","N","0","0","0","2","02301","1","","1.0","","1","N","N","","0","","0","0","0","","3","","","2","1","0","0","0","0","0","2","1","1","","","","N","","","","","","","","","",""
"2013073742","","1","0","0","0","0","0","0","0","0","7","0","","02","7","2013","7","40.41983","-79.883253","","11","0","0","0","0","0","0","0","0","","0","0","0","","","0","","0","","40 25:11.388","","0","79 52:59.710","0","0","0","0","2463","0","0","0","N","0","0","0","1","02463","0","","5.0","","1","N","N","","0","","0","0","0","","0","","","1","0","0","0","0","0","0","2","0","1","","","","N","","","","","","","","","",""
"2013072863","","0","0","0","0","0","0","1","0","0","5","1","","02","7","2013","4","40.479653","-79.9549","","11","0","0","0","0","0","1","0","0","","0","0","0","","","1","","1","","40 28:46.749","","0","79 57:17.641","4","0","0","0","2301","0","0","0","N","0","0","0","2","02503","1","","1.0","","1","N","N","","0","","0","0","1","","0","","","2","1","1","0","0","0","0","2","0","2","","","","N","","","","","","","","","",""
"2013072144","","1","0","0","0","0","0","0","0","0","2","0","","02","7","2013","2","40.398315","-80.094661","","11","0","0","0","0","0","1","0","0","","0","0","0","","","0","","1","","40 23:53.934","","0","80 05:40.779","0","0","0","0","2117","0","0","0","N","0","0","0","2","02117","0","","1.0","","1","N","N","","0","","0","0","1","","0","","","2","0","0","0","0","0","0","2","0","2","","","","N","","","","","","","","","",""
"2013073006","","2","0","0","0","0","0","0","0","0","4","0","","02","7","2013","5","40.48005","-79.833522","","11","0","0","0","0","0","0","1","0","","0","0","0","","","0","","0","","40 28:48.180","","0","79 50:00.679","0","0","0","0","2113","0","0","0","N","0","0","0","1","02113","0","","2.0","","1","N","N","","0","","0","0","0","","0","","","2","0","0","0","0","0","0","2","0","2","","","","N","","","","","","","","","",""
"2013072218","","2","0","0","0","0","0","0","0","0","2","0","","02","7","2013","3","40.471305","-79.925661","","11","0","0","0","0","0","0","0","0","1","0","0","0","","","0","","2","","40 28:16.698","2","0","79 55:32.379","0","0","0","0","2301","0","0","0","N","0","0","0","3","02301","0","","1.0","","1","N","N","","0","","0","0","0","","0","Y","","2","0","0","0","0","0","0","2","0","2","","","","N","","","","","","","","","",""
"2013071997","","2","0","0","0","0","0","0","0","0","4","0","","02","7","2013","2","40.45362","-79.915337","","11","0","0","0","0","0","0","0","0","","0","0","0","","","0","","2","","40 27:13.032","","0","79 54:55.213","0","0","0","0","2301","0","0","0","N","0","0","0","2","02301","0","","1.0","","1","N","N","","0","","0","0","0","","2","","","2","0","0","0","0","0","0","2","0","2","","","","N","","","","","","","","","",""
"2013071381","","0","0","0","0","0","0","0","0","0","7","0","","02","7","2013","7","40.333537","-80.133396","","11","0","0","0","0","0","1","0","0","1","0","0","0","","","1","","2","","40 20:00.732","3","0","80 08:00.226","8","0","0","0","2119","0","0","0","N","0","0","0","1","02119","0","","2.0","","1","N","N","","1","","0","0","0","","0","N","","1","1","1","0","0","1","0","2","0","1","","","","N","","","","","","","","","",""
"2013072664","","1","0","0","0","0","0","0","0","0","1","0","","02","7","2013","1","40.490193","-79.911417","","11","0","0","0","0","0","1","0","1","2","0","0","0","","","0","","0","","40 29:24.693","4","3","79 54:41.100","0","0","0","0","2112","0","0","0","N","0","0","0","2","68D02","0","","1.0","","1","N","N","","0","","0","0","1","","0","N","","2","0","0","0","0","0","0","2","0","2","","","","N","","","","","","","","","",""
"2013072803","","2","0","0","0","0","0","0","0","0","1","0","","02","6","2013","7","40.526555","-80.22952","","11","0","0","0","0","0","0","0","0","2","0","0","0","","","0","","0","","40 31:35.597","3","0","80 13:46.273","0","0","0","0","2213","0","0","0","N","0","0","0","1","68B03","0","","1.0","","1","N","N","","0","","0","0","0","","7","N","","2","0","0","0","0","0","0","2","0","2","","","","N","","","","","","","","","",""
"2013072866","","0","0","0","0","0","0","0","0","0","7","0","","02","7","2013","4","40.548679","-79.887248","","11","1","0","0","0","0","0","0","0","4","0","0","0","","","1","","2","","40 32:55.243","5","0","79 53:14.094","4","0","0","0","2432","0","0","0","N","0","0","0","1","02432","1","","5.0","","1","N","N","","0","","0","0","1","","0","Y","","1","1","0","0","0","0","0","2","0","1","","","","N","","","","","","","","","",""
"2013072946","","0","0","0","0","0","0","0","0","0","7","0","","02","7","2013","4","40.608733","-80.056318","","11","0","0","0","0","0","0","0","0","","0","0","0","","","1","","1","","40 36:31.438","","0","80 03:22.744","4","0","0","0","2108","0","0","0","N","0","0","0","4","02108","1","","4.0","","1","N","N","","0","","0","0","2","","3","","","2","1","0","0","0","0","0","2","0","2","","","","N","","","","","","","","","",""
"2013071447","","2","0","0","0","0","0","0","0","0","4","0","","02","7","2013","4","40.409207","-79.964502","","11","0","0","0","0","0","0","0","0","2","0","0","0","","","2","","2","","40 24:33.145","3","0","79 57:52.207","8","0","0","0","2301","0","0","0","N","0","0","0","2","02403","0","","1.0","","1","N","N","","0","","0","0","0","","0","N","","2","2","0","0","0","2","0","2","0","2","","","","N","","","","","","","","","",""
"2013071999","","0","0","0","0","0","0","0","0","0","7","0","","02","7","2013","7","40.633175","-79.953391","","11","1","0","0","0","0","0","0","0","2","0","0","0","","","0","","2","","40 37:59.431","6","0","79 57:12.208","0","0","0","0","2217","0","0","0","N","0","0","0","1","02505","0","","5.0","","1","N","N","","0","","0","0","1","","0","Y","","1","0","1","0","0","0","0","2","0","1","","","","N","","","","","","","","","",""
"2013072804","","2","0","0","0","0","0","0","0","0","1","0","","02","7","2013","4","40.456805","-79.998534","","11","0","0","0","0","0","0","0","0","","0","0","0","","","1","","0","","40 27:24.499","","0","79 59:54.722","8","0","0","0","2301","0","0","0","N","0","0","0","3","68B03","0","","1.0","","1","N","N","","0","","0","0","0","","0","","","2","1","0","0","0","1","0","2","0","2","","","","N","","","","","","","","","",""
"2013072867","","2","0","0","0","0","0","0","0","0","4","0","","02","7","2013","5","40.459781","-79.971364","","11","0","0","0","0","0","0","1","0","","0","0","0","","","2","","1","","40 27:35.212","","0","79 58:16.911","8","0","0","0","2301","0","0","0","N","0","0","0","4","02301","0","","1.0","","3","N","N","","0","","0","0","0","","2","","","2","2","0","0","0","2","0","2","0","2","","","","N","","","","","","","","","",""
"2013072947","","0","0","0","0","0","0","0","0","0","7","0","","02","7","2013","4","40.597865","-80.045921","","11","0","1","0","0","0","0","0","0","","0","0","0","","","0","","0","","40 35:52.314","","7","80 02:45.315","0","0","0","0","2108","0","0","0","N","0","0","0","3","02108","0","","5.0","","1","N","N","","0","","0","0","1","","0","","","1","0","0","0","0","0","0","2","0","1","","","","N","","","","","","","","","",""
"2013073747","","1","0","0","0","0","0","0","0","0","7","0","","02","7","2013","1","40.34967","-79.87512","","11","0","0","0","0","0","0","0","0","1","0","0","0","","","1","","0","","40 20:58.812","4","0","79 52:30.432","4","0","0","0","2304","0","0","0","N","0","0","0","1","02304","1","","5.0","","1","N","N","","0","","0","0","0","","0","Y","","1","1","1","0","0","0","0","2","0","1","","","","N","","","","","","","","","",""
"2013072743","","1","0","0","1","0","0","0","0","0","8","0","","02","7","2013","4","40.462146","-79.949958","","11","0","0","0","0","0","0","0","0","1","0","0","0","","","1","","1","","40 27:43.725","2","0","79 56:59.848","3","0","0","0","2301","1","0","0","N","0","0","0","3","02301","0","","1.0","","1","N","N","","0","","1","0","0","","2","Y","","2","1","1","0","0","0","0","2","0","1","","","","N","","","","","","","","","",""
"2013073494","","1","0","0","0","0","0","0","0","0","4","0","","02","7","2013","6","40.480082","-79.849275","","11","0","0","0","0","0","2","0","0","2","0","0","0","","","0","","0","","40 28:48.296","1","0","79 50:57.389","0","0","0","0","2113","0","0","0","N","0","0","0","2","02113","0","","1.0","","1","N","N","","1","","0","0","0","","0","Y","","2","0","0","0","0","0","0","2","0","2","","","","N","","","","","","","","","",""
"2013072000","","0","0","0","0","0","0","0","0","0","7","0","","02","7","2013","2","40.410726","-80.014492","","11","0","0","0","0","0","0","0","0","","0","0","0","","","0","","0","","40 24:38.612","","0","80 00:52.172","9","0","0","0","2301","0","0","0","N","0","0","0","1","02301","0","","4.0","","1","N","N","","0","","0","0","1","","0","","","1","0","0","0","0","0","1","2","0","1","","","","N","","","","","","","","","",""
"2013072805","","1","0","0","0","0","0","0","0","0","7","0","","02","7","2013","7","40.608197","-80.09436","","11","0","0","0","0","0","0","0","0","","0","0","0","","","0","","0","","40 36:29.510","","0","80 05:39.695","0","0","0","0","2481","0","0","0","N","0","0","0","1","68B03","0","","2.0","","1","N","N","","0","","0","0","0","","0","","","1","0","0","0","0","0","0","2","0","1","","","","N","","","","","","","","","",""
"2013072948","","1","0","0","0","0","0","0","0","0","6","0","","02","7","2013","4","40.361886","-80.014473","","11","0","0","1","0","0","1","0","0","1","0","0","0","","","1","","0","","40 21:42.790","6","0","80 00:52.102","4","0","0","0","2416","0","0","0","N","0","0","0","2","02416","1","","1.0","","1","N","N","","1","","0","0","0","","0","N","","2","1","0","0","0","0","0","2","0","2","","","","N","","","","","","","","","",""
"2013073010","","2","0","0","0","0","0","0","0","0","1","0","","02","7","2013","5","40.449184","-80.023432","","11","0","0","0","0","0","1","0","0","","0","0","0","","","0","","10","","40 26:57.061","","0","80 01:24.355","0","0","0","0","2301","0","0","0","N","0","0","0","2","02301","0","","1.0","","1","N","N","","0","","0","0","0","","0","","","2","0","0","0","0","0","0","2","0","2","","","","N","","","","","","","","","",""
"2013072001","","2","0","0","0","0","0","0","0","0","5","0","","02","7","2013","5","40.508391","-80.088364","","11","0","0","0","0","0","0","0","0","2","0","0","0","","","0","","2","","40 30:30.207","5","0","80 05:18.110","0","0","0","0","2405","0","0","0","N","0","0","0","1","02215","0","","1.0","","1","N","N","","0","","0","0","0","","0","N","","3","0","0","0","0","0","0","2","1","3","","","","N","","","","","","","","","",""
"2013072806","","0","0","0","0","0","0","0","0","0","1","0","","02","7","2013","3","40.446911","-80.167755","","11","0","0","0","0","0","0","1","0","","0","0","0","","","0","","6","","40 26:48.878","","2","80 10:03.918","0","0","0","0","2115","0","0","0","N","0","0","0","2","68B03","0","","1.0","","1","N","N","","0","","0","0","2","","4","","","2","0","0","0","0","0","0","2","0","2","","","","N","","","","","","","","","",""
"2013071310","","0","0","0","0","0","0","0","0","0","7","0","","02","7","2013","4","40.428557","-79.937889","","11","0","0","0","0","0","0","0","0","1","0","0","0","","","1","","0","","40 25:42.805","3","0","79 56:16.400","4","0","0","0","2301","0","0","0","N","0","0","0","1","68B03","1","","4.0","","9","N","N","","0","","0","0","1","","0","N","","1","1","0","0","0","0","0","2","0","1","","","","N","","","","","","","","","",""
"2013073575","","0","0","0","0","0","0","0","0","0","7","0","","02","7","2013","6","40.577058","-79.823161","","11","0","0","0","0","0","0","0","0","2","0","0","0","","","3","","0","","40 34:37.407","5","0","79 49:23.378","4","0","0","0","2209","0","0","0","N","0","0","0","3","02209","3","","4.0","","1","N","N","","1","","0","0","0","","0","Y","","1","3","0","0","0","0","0","2","0","1","","","","N","","","","","","","","","",""
"2013071168","","1","0","0","0","0","0","0","0","0","5","0","","02","6","2013","1","40.413385","-80.081004","","11","0","0","0","0","0","0","0","0","2","0","0","0","","","0","","0","","40 24:48.185","3","0","80 04:51.613","0","0","0","0","2415","0","0","0","N","0","0","0","1","68B03","0","","2.0","","1","N","N","","1","","0","0","0","","0","Y","","2","0","1","0","0","0","0","2","0","2","","","","N","","","","","","","","","",""
"2013072745","","1","0","0","0","0","0","0","0","0","7","0","","02","7","2013","1","40.438869","-79.760496","","11","1","0","0","0","0","0","0","0","1","0","0","0","","","0","","1","","40 26:19.929","1","0","79 45:37.786","0","0","0","0","2446","0","0","0","N","0","0","0","1","02446","0","","4.0","","1","N","N","","0","","0","0","0","","2","N","","1","0","0","0","0","0","0","2","0","1","","","","N","","","","","","","","","",""
"2013071244","","0","0","0","0","0","0","1","0","0","1","1","","02","7","2013","6","40.45362","-79.892987","","11","0","0","0","1","0","1","0","0","1","0","0","0","","","0","","2","","40 27:13.032","3","0","79 53:34.753","0","0","0","0","2301","0","0","0","N","0","0","0","2","02503","0","","1.0","","1","N","N","","0","","0","0","1","","3","N","","2","0","0","0","0","0","0","2","0","2","","","","N","","","","","","","","","",""
"2013072003","","2","0","0","0","0","0","0","0","0","4","0","","02","7","2013","3","40.448582","-79.95001","","11","0","0","0","0","1","0","0","0","","0","0","0","","","2","","0","","40 26:54.895","","0","79 57:00.036","3","0","0","0","2301","0","0","0","N","0","0","0","2","02301","1","","1.0","","1","N","N","","0","","1","0","0","","0","","","2","2","0","0","0","0","0","2","0","2","","","","N","","","","","","","","","",""
"2013072807","","1","0","0","0","0","0","0","0","0","5","0","","02","7","2013","3","40.597803","-80.093403","","11","0","0","0","0","0","2","0","0","","0","0","0","","","1","","0","","40 35:52.091","","0","80 05:36.252","4","0","0","0","2481","0","0","0","N","0","0","0","3","68B03","1","","1.0","","1","N","N","","0","","0","0","1","","0","","","2","1","0","0","0","0","0","2","0","2","","","","N","","","","","","","","","",""
"2013071311","","1","0","0","0","0","0","0","0","0","1","0","","02","7","2013","4","40.434338","-79.965074","","11","0","0","0","0","0","1","0","0","","0","0","0","","","1","","0","","40 26:03.617","","2","79 57:54.266","4","0","0","0","2301","0","0","0","N","0","0","0","2","68B03","1","","1.0","","1","N","N","","0","","0","0","1","","4","","","2","1","0","0","0","0","0","2","0","2","","","","N","","","","","","","","","",""
"2013073497","","1","0","0","0","0","0","0","0","0","2","0","","02","7","2013","5","40.376886","-79.909324","","11","0","0","0","0","0","1","0","0","1","0","0","0","","","1","","1","","40 22:36.789","1","0","79 54:33.568","4","0","0","0","2448","0","0","0","N","0","0","0","2","02448","1","","1.0","","1","N","N","","0","","0","0","1","","2","N","","2","1","0","0","0","0","0","2","0","2","","","","N","","","","","","","","","",""
"2013071312","","0","0","0","0","0","0","0","0","0","7","0","","02","7","2013","5","40.518874","-80.054641","","11","0","0","0","0","0","1","0","0","2","0","0","0","","","1","","0","","40 31:07.946","1","0","80 03:16.707","3","0","0","0","2116","0","0","0","N","0","0","0","1","68B03","0","","4.0","","1","N","N","","0","","1","0","0","","0","Y","","1","1","1","0","0","0","0","2","1","1","","","","N","","","","","","","","","",""
"2013072884","","0","0","0","0","0","0","0","0","0","7","0","","02","7","2013","3","40.578056","-79.980306","","11","0","0","0","0","0","0","0","0","2","0","0","0","","","1","","0","","40 34:41.000","5","0","79 58:49.100","4","0","0","0","2207","0","0","0","N","0","0","0","1","02501","1","","4.0","","1","N","N","","0","","0","0","1","","0","Y","","1","1","0","0","0","0","0","2","0","1","","","","N","","","","","","","","","",""
"2013073753","","2","0","0","0","0","0","0","0","0","4","0","","02","7","2013","1","40.429179","-79.921213","","11","0","0","0","0","0","0","0","0","2","0","0","0","","","0","","1","","40 25:45.044","3","0","79 55:16.366","0","0","0","0","2301","0","0","0","N","0","0","0","2","02301","0","","1.0","","1","N","N","","0","","0","0","0","","1","N","","2","0","0","0","0","0","0","2","0","2","","","","N","","","","","","","","","",""
"2013073625","","1","0","0","0","0","0","0","0","0","7","0","","02","7","2013","1","40.44113","-80.004041","","11","0","0","0","0","0","0","0","0","1","0","0","0","","","0","","2","","40 26:28.068","4","0","80 00:14.547","0","0","0","0","2301","0","0","0","N","0","0","0","1","02301","0","","1.0","","1","N","N","","0","","0","0","0","","2","N","","1","0","0","0","0","0","0","2","0","1","","","","N","","","","","","","","","",""
"2013071465","","0","0","0","0","0","0","0","0","0","1","0","","02","7","2013","4","40.457767","-79.910411","","11","0","0","0","0","0","2","0","0","","0","0","0","","","0","","0","","40 27:27.961","","0","79 54:37.479","0","0","0","0","2301","0","0","0","N","0","0","0","2","02301","0","","1.0","","1","N","N","","0","","0","0","2","","2","","","2","0","1","0","0","0","0","2","0","2","","","","N","","","","","","","","","",""
"2013073430","","1","0","0","0","0","0","0","0","0","4","0","","02","7","2013","6","40.544715","-80.031686","","11","0","0","0","0","0","1","0","0","1","0","0","0","","","2","","2","","40 32:40.974","3","0","80 01:54.069","8","0","0","0","2116","0","0","0","N","0","0","0","3","02116","0","","1.0","","1","N","N","","0","","0","0","1","","0","N","","2","2","0","0","0","2","0","2","0","2","","","","N","","","","","","","","","",""
"2013072748","","1","0","0","1","0","0","0","0","0","8","0","","02","7","2013","4","40.410135","-80.082507","","11","0","0","0","0","0","1","0","0","","0","0","0","","","1","","1","","40 24:36.487","","0","80 04:57.026","8","0","0","0","2415","1","0","0","N","0","0","0","2","02415","0","","1.0","","1","N","N","","0","","0","0","0","","2","","","2","1","0","0","0","1","0","2","0","1","","","","N","","","","","","","","","",""
"2013072226","","0","0","0","0","0","0","0","0","0","99","0","","02","7","2013","3","40.434912","-80.034056","","11","0","0","0","0","0","1","0","0","1","0","0","0","","","1","","3","","40 26:05.682","5","0","80 02:02.602","8","0","0","1","2301","0","0","0","N","0","0","0","1","02301","0","","1.0","","9","N","N","","0","","0","0","0","","3","N","","1","1","0","0","0","1","0","2","0","1","","","","N","","","","","","","","","",""
"2013073627","","2","0","0","0","0","0","0","0","0","2","0","35","02","7","2013","6","40.332453","-79.985196","","11","0","0","0","0","0","0","0","0","2","0","0","0","","","1","","2","","40 19:56.832","7","0","79 59:06.704","4","0","0","0","2403","0","0","0","N","0","0","0","4","02403","1","","1.0","","1","N","N","","0","","0","0","0","","2","N","","2","1","0","0","0","0","0","2","0","2","","","N","Y","8","1","","","Y","Y","","","",""
"2013072154","","0","0","0","0","0","0","0","0","0","5","1","","02","7","2013","3","40.465479","-80.061197","","11","0","0","0","0","0","1","0","0","2","0","1","0","","","0","","1","","40 27:55.726","4","0","80 03:40.308","0","0","0","0","2444","0","0","0","N","0","0","0","2","02444","0","","1.0","","1","N","N","","0","","0","0","1","","2","N","","2","0","0","0","0","0","0","2","0","2","","","","N","","","","","","","","","",""
"2013072751","","1","0","0","0","0","0","0","0","0","6","0","25","02","7","2013","4","40.459193","-79.970767","","11","0","0","0","0","0","0","0","0","9","0","0","0","","","2","","1","","40 27:33.094","4","0","79 58:14.761","4","0","0","0","2301","0","0","0","N","0","0","0","2","02301","2","","1.0","","1","N","N","","0","","0","0","1","","2","N","","2","2","0","0","0","0","0","2","0","2","","","N","Y","2","1","","","N","Y","","","",""
"2013073567","","1","0","0","0","0","0","0","0","0","4","0","","02","7","2013","1","40.449195","-80.004952","","11","0","0","0","0","0","0","0","0","","0","0","0","","","0","","1","","40 26:57.102","","0","80 00:17.827","0","0","0","0","2301","0","0","0","N","0","0","0","2","02301","0","","1.0","","1","N","N","","1","","0","0","0","","1","","","2","0","0","0","0","0","0","2","0","2","","","","N","","","","","","","","","",""
"2013072888","","1","0","0","0","0","0","0","0","0","4","0","","02","7","2013","2","40.487489","-79.920203","","11","0","0","0","1","0","1","0","0","","0","0","0","","","1","","2","","40 29:14.960","","0","79 55:12.730","8","0","0","0","2301","0","0","0","N","0","0","0","2","02301","0","","1.0","","1","","N","","0","","0","0","1","","0","","","2","1","0","0","0","1","0","2","0","2","","","","N","","","","","","","","","",""
"2013073633","","1","0","0","0","0","0","0","0","0","4","0","","02","7","2013","6","40.457257","-79.909028","","11","0","0","0","0","0","1","1","0","","0","0","0","","","0","","1","","40 27:26.125","","0","79 54:32.499","0","0","0","0","2301","0","0","0","N","0","0","0","2","02301","0","","1.0","","1","N","N","","0","","0","0","1","","2","","","2","0","0","0","0","0","0","2","0","2","","","","N","","","","","","","","","",""
"2013072013","","0","0","0","0","0","0","0","0","0","7","0","","02","7","2013","3","40.458706","-79.898236","","11","0","0","0","0","1","0","0","0","","0","0","0","","","1","","2","","40 27:31.341","","0","79 53:53.649","4","0","0","0","2301","0","0","0","N","0","0","0","3","02301","1","","5.0","","1","N","N","","0","","0","0","0","","3","","","1","1","0","0","0","0","1","2","1","1","","","","N","","","","","","","","","",""
"2013071393","","0","0","0","0","0","0","0","0","0","1","0","","02","7","2013","6","40.438129","-79.76002","","11","0","0","0","0","0","0","0","0","","0","0","0","","","2","","0","","40 26:17.263","","0","79 45:36.072","8","0","0","0","2446","0","0","0","N","0","0","0","4","02446","0","","1.0","","1","N","N","","0","","0","0","2","","2","","","2","2","0","0","0","2","1","2","0","2","","","","N","","","","","","","","","",""
"2013071458","","2","0","0","0","0","0","0","0","0","1","0","","02","7","2013","3","40.397561","-79.947064","","11","0","1","0","0","0","0","0","0","","0","0","0","","","0","","0","","40 23:51.221","","0","79 56:49.430","0","0","0","0","2403","0","0","0","N","0","0","0","3","02403","0","","1.0","","9","N","N","","1","","0","0","0","","0","","","3","0","0","0","0","0","0","2","0","3","","","","N","","","","","","","","","",""
"2013073570","","2","0","0","0","0","0","0","0","0","2","0","","02","7","2013","7","40.402264","-79.989408","","11","0","0","0","0","0","0","0","0","","0","0","0","","","2","","0","","40 24:08.150","","0","79 59:21.870","4","0","0","0","2301","0","0","0","N","0","0","0","2","02301","1","","2.0","","1","N","N","","0","","0","0","0","","0","","","2","2","2","0","0","1","0","2","0","2","","","","N","","","","","","","","","",""
"2013073425","","2","0","0","0","0","0","0","0","0","5","0","","02","7","2013","6","40.466546","-79.964465","","11","0","0","0","0","0","1","0","0","3","0","0","0","","","0","","0","","40 27:59.565","4","0","79 57:52.073","0","0","0","0","2301","0","0","0","N","0","0","0","1","02301","0","","6.0","","1","N","N","","1","","0","0","0","","0","Y","","3","0","0","0","0","0","0","2","0","3","","","","N","","","","","","","","","",""
"2013072173","","2","0","0","0","0","0","0","0","0","1","0","","02","7","2013","3","40.43637","-79.976491","","11","0","0","0","0","0","0","0","0","2","0","0","0","","","3","","2","","40 26:10.933","4","0","79 58:35.366","8","0","0","0","2301","0","0","0","N","0","0","0","4","02301","0","","1.0","","1","N","N","","0","","0","0","1","","0","N","","3","3","0","0","0","3","0","2","0","3","","","","N","","","","","","","","","",""
"2013071473","","2","0","0","0","0","0","0","0","0","1","0","","02","7","2013","1","40.402377","-79.881203","","11","0","1","0","0","0","0","0","0","","0","0","0","","","2","","0","","40 24:08.557","","0","79 52:52.332","8","0","0","0","2475","0","0","0","N","0","0","0","3","02475","0","","1.0","","1","N","N","","0","","0","0","0","","0","","","2","2","0","0","0","2","0","2","0","2","","","","N","","","","","","","","","",""
"2013072235","","1","0","0","0","0","0","0","0","0","7","0","","02","7","2013","4","40.504876","-80.189254","","11","0","0","1","0","0","0","0","0","","0","0","0","","","0","","0","","40 30:17.553","","0","80 11:21.315","0","0","0","0","2213","0","0","0","N","0","0","0","1","02213","0","","4.0","","9","N","N","","0","","0","0","0","","0","","","1","0","0","0","0","0","0","2","0","1","","","","N","","","","","","","","","",""
"2013072757","","1","0","0","0","0","0","0","0","0","4","0","","02","7","2013","4","40.598086","-80.077544","","11","0","1","0","0","0","0","0","0","2","0","0","0","","","1","","2","","40 35:53.109","1","0","80 04:39.158","4","0","0","0","2481","0","0","0","N","0","0","0","4","02481","1","","1.0","","1","N","N","","1","","0","0","0","","3","N","","2","1","0","0","0","0","0","2","0","2","","","","N","","","","","","","","","",""
"2013073588","","1","0","0","1","0","0","0","0","0","4","0","","02","7","2013","6","40.482294","-79.952177","","11","0","0","0","0","0","0","0","0","","0","0","0","","","1","","1","","40 28:56.257","","0","79 57:07.838","4","0","0","0","2301","1","0","0","N","0","0","0","2","02301","1","","1.0","","1","N","N","","0","","0","0","0","","2","","","2","1","0","0","0","0","0","2","0","1","","","","N","","","","","","","","","",""