"CRN","ARRIVAL_TM","AUTOMOBILE_COUNT","BELTED_DEATH_COUNT","BELTED_SUSP_SERIOUS_INJ_COUNT","BICYCLE_COUNT","BICYCLE_DEATH_COUNT","BICYCLE_SUSP_SERIOUS_INJ_COUNT","BUS_COUNT","CHLDPAS_DEATH_COUNT","CHLDPAS_SUSP_SERIOUS_INJ_COUNT","COLLISION_TYPE","COMM_VEH_COUNT","CONS_ZONE_SPD_LIM","COUNTY","CRASH_MONTH","CRASH_YEAR","DAY_OF_WEEK","DEC_LATITUDE","DEC_LONGITUDE","DISPATCH_TM","DISTRICT","DRIVER_COUNT_16YR","DRIVER_COUNT_17YR","DRIVER_COUNT_18YR","DRIVER_COUNT_19YR","DRIVER_COUNT_20YR","DRIVER_COUNT_50_64YR","DRIVER_COUNT_65_74YR","DRIVER_COUNT_75PLUS","EST_HRS_CLOSED","FATAL_COUNT","HEAVY_TRUCK_COUNT","HORSE_BUGGY_COUNT","HOUR_OF_DAY","ILLUMINATION","INJURY_COUNT","INTERSECTION_RELATED","INTERSECT_TYPE","LANE_CLOSED","LATITUDE","LN_CLOSE_DIR","LOCATION_TYPE","LONGITUDE","MAX_SEVERITY_LEVEL","MCYCLE_DEATH_COUNT","MCYCLE_SUSP_SERIOUS_INJ_COUNT","MOTORCYCLE_COUNT","MUNICIPALITY","NONMOTR_COUNT","NONMOTR_DEATH_COUNT","NONMOTR_SUSP_SERIOUS_INJ_COUNT","NTFY_HIWY_MAINT","PED_COUNT","PED_DEATH_COUNT","PED_SUSP_SERIOUS_INJ_COUNT","PERSON_COUNT","POLICE_AGCY","POSSIBLE_INJ_COUNT","RDWY_SURF_TYPE_CD","RELATION_TO_ROAD","ROADWAY_CLEARED","ROAD_CONDITION","SCH_BUS_IND","SCH_ZONE_IND","SECONDARY_CRASH","SMALL_TRUCK_COUNT","SPEC_JURIS_CD","SUSP_MINOR_INJ_COUNT","SUSP_SERIOUS_INJ_COUNT","SUV_COUNT","TCD_FUNC_CD","TCD_TYPE","TFC_DETOUR_IND","TIME_OF_DAY","TOTAL_UNITS","TOT_INJ_COUNT","UNBELTED_OCC_COUNT","UNB_DEATH_COUNT","UNB_SUSP_SERIOUS_INJ_COUNT","UNK_INJ_DEG_COUNT","UNK_INJ_PER_COUNT","URBAN_RURAL","VAN_COUNT","VEHICLE_COUNT","WEATHER1","WEATHER2","WORKERS_PRES","WORK_ZONE_IND","WORK_ZONE_LOC","WORK_ZONE_TYPE","WZ_CLOSE_DETOUR","WZ_FLAGGER","WZ_LAW_OFFCR_IND","WZ_LN_CLOSURE","WZ_MOVING","WZ_OTHER","WZ_SHLDER_MDN","WZ_WORKERS_INJ_KILLED"
"2013073336","","2","0","0","0","0","0","0","0","0","1","0","","02","7","2013","6","40.619681","-80.080719","","11","0","0","0","0","0","1","0","0","","0","0","0","","","0","","2","","40 37:10.852","","0","80 04:50.589","0","0","0","0","2212","0","0","0","N","0","0","0","2","02505","0","","1.0","","9","N","N","","0","","0","0","0","","0","","","2","0","0","0","0","0","0","2","0","2","","","","N","","","","","","","","","",""
"2013072617","","0","0","0","0","0","0","0","0","0","7","0","","02","7","2013","3","40.379025","-80.046764","","11","0","0","0","0","0","0","0","1","2","0","0","0","","","1","","0","","40 22:44.490","5","0","80 02:48.350","4","0","0","0","2109","0","0","0","N","0","0","0","1","02109","1","","5.0","","1","N","N","","0","","0","0","1","","0","Y","","1","1","0","0","0","0","0","2","0","1","","","","N","","","","","","","","","",""
"2013073071","","2","0","0","0","0","0","0","0","0","5","0","","02","7","2013","4","40.355058","-80.034527","","11","0","0","0","0","0","0","0","0","2","0","0","0","","","0","","0","","40 21:18.210","4","0","80 02:04.298","0","0","0","0","2109","0","0","0","N","0","0","0","1","02109","0","","2.0","","1","N","N","","0","","0","0","0","","0","N","","3","0","0","0","0","0","0","2","1","3","","","","N","","","","","","","","","",""
"2013072405","","2","0","0","0","0","0","0","0","0","1","0","","02","7","2013","3","40.450206","-79.928424","","11","0","0","0","0","0","1","0","0","1","0","0","0","","","3","","1","","40 27:00.741","3","0","79 55:42.326","4","0","0","0","2301","0","0","0","N","0","0","0","5","02301","3","","1.0","","9","N","N","","1","","0","0","0","","0","Y","","3","3","0","0","0","0","0","2","0","3","","","","N","","","","","","","","","",""
"2013072530","","2","0","0","0","0","0","0","0","0","1","0","","02","7","2013","7","40.478289","-80.076428","","11","0","0","0","0","0","0","0","0","1","0","0","0","","","0","","0","","40 28:41.840","3","0","80 04:35.140","0","0","0","0","2122","0","0","0","N","0","0","0","2","02122","0","","1.0","","1","N","N","","0","","0","0","0","","0","Y","","2","0","2","0","0","0","0","2","0","2","","","","N","","","","","","","","","",""
"2013072618","","2","0","0","0","0","0","0","0","0","4","0","","02","7","2013","3","40.380428","-80.044541","","11","0","0","0","0","0","0","1","0","2","0","0","0","","","0","","0","","40 22:49.542","1","0","80 02:40.347","0","0","0","0","2109","0","0","0","N","0","0","0","2","02109","0","","1.0","","1","N","N","","0","","0","0","0","","0","N","","2","0","1","0","0","0","0","2","0","2","","","","N","","","","","","","","","",""
"2013070760","","0","0","0","1","0","0","0","0","0","8","1","","02","7","2013","6","40.445075","-79.957312","","11","0","0","0","0","0","0","0","0","","0","1","0","","","1","","2","","40 26:42.270","","0","79 57:26.323","3","0","0","0","2301","1","0","0","N","0","0","0","2","02301","0","","2.0","","1","N","N","","0","","1","0","0","","0","","","2","1","0","0","0","0","0","2","0","1","","","","N","","","","","","","","","",""
"2013070761","","1","0","0","0","0","0","0","0","0","7","0","","02","7","2013","7","40.44709","-80.051061","","11","0","0","0","0","0","0","0","0","","0","0","0","","","0","","2","","40 26:49.524","","0","80 03:03.819","0","0","0","0","2301","0","0","0","N","0","0","0","1","02301","0","","5.0","","1","N","N","","0","","0","0","0","","3","","","1","0","0","0","0","0","0","2","0","1","","","","N","","","","","","","","","",""
"2013070825","","3","0","0","0","0","0","0","0","0","7","0","","02","7","2013","7","40.386027","-79.831233","","11","0","0","0","0","0","0","0","0","","0","0","0","","","0","","0","","40 23:09.697","","0","79 49:52.438","0","0","0","0","2111","0","0","0","N","0","0","0","2","02111","0","","5.0","","1","N","N","","0","","0","0","0","","0","","","3","0","0","0","0","0","0","2","0","3","","","","N","","","","","","","","","",""
"2013071790","","1","0","0","0","0","0","0","0","0","4","0","","02","7","2013","1","40.378225","-80.064701","","11","0","0","0","0","0","1","0","0","1","0","0","0","","","1","","5","","40 22:41.611","4","0","80 03:52.925","4","0","0","1","2109","0","0","0","N","0","0","0","3","02109","1","","1.0","","1","N","N","","0","","0","0","0","","2","N","","2","1","0","0","0","0","0","2","0","2","","","","N","","","","","","","","","",""
"2013073152","","0","0","0","0","0","0","0","0","0","1","0","","02","7","2013","5","40.420471","-79.850909","","11","0","0","0","0","0","0","0","0","2","0","0","0","","","1","","2","","40 25:13.696","4","0","79 51:03.274","8","0","0","0","2431","0","0","0","N","0","0","0","2","02431","0","","1.0","","1","N","N","","1","","0","0","1","","8","N","","2","1","0","0","0","1","0","2","0","2","","","","N","","","","","","","","","",""
"2013072409","","1","0","0","1","0","0","0","0","0","8","0","","02","7","2013","3","40.462126","-79.926858","","11","0","0","0","0","0","1","0","0","","0","0","0","","","1","","1","","40 27:43.653","","0","79 55:36.688","8","0","0","0","2301","1","0","0","N","0","0","0","2","02301","0","","1.0","","9","N","N","","0","","0","0","0","","3","","","2","1","0","0","0","1","0","2","0","1","","","","N","","","","","","","","","",""
"2013071791","","2","0","0","0","0","0","0","0","0","4","0","","02","7","2013","5","40.452047","-80.134386","","11","0","0","0","0","0","1","0","0","","0","0","0","","","0","","0","","40 27:07.369","","0","80 08:03.791","0","0","0","0","2115","0","0","0","N","0","0","0","2","02115","0","","1.0","","1","N","N","","0","","0","0","0","","0","","","2","0","0","0","0","0","0","2","0","2","","","","N","","","","","","","","","",""
"2013072547","","0","0","0","0","0","0","0","0","0","1","0","","02","7","2013","4","40.407253","-79.905322","","11","0","0","0","0","0","0","0","0","2","0","0","0","","","1","","0","","40 24:26.112","7","0","79 54:19.160","8","0","0","0","2448","0","0","0","N","0","0","0","1","02448","0","","6.0","","1","N","N","","1","","0","0","0","","3","Y","","2","1","1","0","0","1","0","2","1","2","","","","N","","","","","","","","","",""
"2013072410","","1","0","0","0","0","0","0","0","0","1","0","","02","7","2013","6","40.453987","-79.997852","","11","0","0","0","0","0","0","0","0","","0","0","0","","","0","","1","","40 27:14.353","","0","79 59:52.267","0","0","0","0","2301","0","0","0","N","0","0","0","1","02301","0","","4.0","","1","N","N","","1","","0","0","0","","0","","","2","0","0","0","0","0","0","2","0","2","","","","N","","","","","","","","","",""
"2013071725","","0","0","0","0","0","0","0","0","0","7","0","","02","7","2013","6","40.36982","-79.784406","","11","0","0","0","0","0","0","0","0","2","0","0","0","","","1","","2","","40 22:11.353","3","0","79 47:03.863","8","0","0","1","2111","0","0","0","N","0","0","0","1","02111","0","","1.0","","1","N","N","","0","","0","0","0","","0","N","","1","1","0","0","0","1","0","2","0","1","","","","N","","","","","","","","","",""
"2013071792","","1","0","0","0","0","0","0","0","0","4","0","","02","7","2013","2","40.352418","-79.821896","","11","0","0","0","0","0","0","0","0","","0","0","0","","","0","","2","","40 21:08.706","","0","79 49:18.827","0","0","0","0","2477","0","0","0","N","0","0","0","4","02477","0","","1.0","","1","N","N","","1","","0","0","0","","4","","","2","0","0","0","0","0","0","2","0","2","","","","N","","","","","","","","","",""
"2013073354","","2","0","0","0","0","0","0","0","0","4","0","","02","7","2013","6","40.376881","-79.909312","","11","0","0","0","0","0","0","0","0","1","0","0","0","","","1","","1","","40 22:36.771","7","0","79 54:33.522","8","0","0","0","2301","0","0","0","N","0","0","0","3","02301","0","","1.0","","1","N","N","","0","","0","0","0","","2","N","","2","1","0","0","0","1","0","2","0","2","","","","N","","","","","","","","","",""
"2013071793","","1","0","0","0","0","0","0","0","0","1","0","","02","7","2013","6","40.447658","-80.154799","","11","0","0","0","0","0","1","0","0","2","0","0","0","","","1","","0","","40 26:51.568","3","0","80 09:17.276","8","0","0","0","2115","0","0","0","N","0","0","0","2","02115","0","","1.0","","1","N","N","","0","","0","0","1","","0","N","","2","1","0","0","0","1","0","2","0","2","","","","N","","","","","","","","","",""
"2013072549","","0","0","0","0","0","0","0","0","0","2","0","","02","7","2013","4","40.487004","-79.808796","","11","0","0","0","0","0","1","0","0","3","0","0","0","","","2","","2","","40 29:13.216","6","0","79 48:31.664","3","0","0","0","2113","0","0","0","N","0","0","0","2","02113","0","","1.0","","1","N","N","","0","","2","0","2","","0","N","","2","2","0","0","0","0","0","2","0","2","","","","N","","","","","","","","","",""
"2013073014","","2","0","0","0","0","0","0","0","0","1","0","","02","7","2013","5","40.419274","-79.882335","","11","0","0","0","0","0","0","0","0","","0","0","0","","","1","","0","","40 25:09.386","","0","79 52:56.407","8","0","0","0","2463","0","0","0","N","0","0","0","2","02463","0","","1.0","","1","N","N","","0","","0","0","0","","0","","","2","1","0","0","0","1","0","2","0","2","","","","N","","","","","","","","","",""
"2013071581","","2","0","0","0","0","0","0","0","0","4","0","","02","7","2013","4","40.448933","-80.000739","","11","0","0","0","0","0","0","0","0","1","0","0","0","","","1","","1","","40 26:56.157","7","0","80 00:02.660","3","0","0","0","2301","0","0","0","N","0","0","0","3","02301","0","","1.0","","1","N","N","","0","","1","0","0","","1","N","","2","1","1","0","0","0","0","2","0","2","","","","N","","","","","","","","","",""
"2013070766","","1","0","0","0","0","0","0","0","0","5","0","","02","7","2013","6","40.482205","-80.070591","","11","0","0","0","0","0","0","0","0","2","0","0","0","","","0","","0","","40 28:55.938","5","0","80 04:14.127","0","0","0","0","2122","0","0","0","N","0","0","0","1","02122","0","","1.0","","1","N","N","","1","","0","0","0","","0","Y","","2","0","0","0","0","0","0","2","0","2","","","","N","","","","","","","","","",""
"2013070830","","1","0","0","0","0","0","0","0","0","1","1","","02","7","2013","6","40.456286","-79.991187","","11","0","0","0","0","0","0","0","0","2","0","1","0","","","1","","0","","40 27:22.628","4","2","79 59:28.273","3","0","0","0","2301","0","0","0","N","0","0","0","2","02301","0","","1.0","","1","N","N","","0","","1","0","0","","0","N","","2","1","1","0","0","0","0","2","0","2","","","","N","","","","","","","","","",""
"2013072413","","0","0","0","0","0","0","0","0","0","4","1","","02","7","2013","1","40.349763","-79.830102","","11","0","0","0","0","0","1","0","0","3","0","1","0","","","0","","0","","40 20:59.146","5","0","79 49:48.367","0","0","0","0","2477","0","0","0","N","0","0","0","2","02477","0","","1.0","","1","N","N","","1","","0","0","0","","0","N","","2","0","0","0","0","0","0","2","0","2","","","","N","","","","","","","","","",""
"2013072414","","2","0","0","0","0","0","0","0","0","1","0","","02","7","2013","5","40.311209","-79.892821","","11","0","0","0","0","0","1","0","0","","0","0","0","","","0","","0","","40 18:40.354","","0","79 53:34.156","0","0","0","0","2302","0","0","0","N","0","0","0","4","02302","0","","1.0","","1","N","N","","0","","0","0","0","","0","","","2","0","2","0","0","0","0","2","0","2","","","","N","","","","","","","","","",""
"2013070834","","1","0","0","0","0","0","0","0","0","7","0","","02","7","2013","6","40.442725","-80.052766","","11","0","0","0","0","0","0","0","0","","0","0","0","","","0","","0","","40 26:33.810","","0","80 03:09.957","0","0","0","0","2301","0","0","0","N","0","0","0","1","02301","0","","4.0","","1","N","N","","0","","0","0","0","","0","","","1","0","0","0","0","0","0","2","0","1","","","","N","","","","","","","","","",""
"2013073146","","0","0","0","0","0","0","0","0","0","7","0","","02","7","2013","6","40.459214","-79.927463","","11","0","0","0","0","0","0","1","0","1","0","0","0","","","1","","10","","40 27:33.170","1","0","79 55:38.866","8","0","0","0","2301","0","0","0","N","0","0","0","1","02301","0","","5.0","","1","N","N","","0","","0","0","0","","0","N","","1","1","0","0","0","1","0","2","1","1","","","","N","","","","","","","","","",""
"2013072416","","0","0","0","0","0","0","0","0","0","7","0","","02","7","2013","4","40.540106","-80.025161","","11","0","0","0","0","0","1","0","0","","0","0","0","","","0","","2","","40 32:24.381","","0","80 01:30.579","0","0","0","0","2116","0","0","0","N","0","0","0","1","02116","0","","2.0","","9","N","N","","0","","0","0","0","","0","","","1","0","0","0","0","0","0","2","1","1","","","","N","","","","","","","","","",""
"2013072554","","0","0","0","0","0","0","0","0","0","8","0","","02","7","2013","4","40.325272","-80.016174","","11","0","0","0","0","0","0","0","0","","0","0","0","","","1","","1","","40 19:30.979","","0","80 00:58.226","8","0","0","0","2407","1","0","0","N","1","0","0","2","02501","0","","1.0","","1","N","N","","0","","0","0","1","","0","","","2","1","0","0","0","1","0","2","0","1","","","","N","","","","","","","","","",""
"2013073360","","1","0","0","0","0","0","0","0","0","7","0","","02","7","2013","6","40.344834","-79.961276","","11","0","0","0","0","0","1","0","0","4","0","0","0","","","1","","0","","40 20:41.403","4","0","79 57:40.595","2","0","0","0","2473","0","0","0","N","0","0","0","1","02473","0","","5.0","","1","N","N","","0","","0","1","0","","0","Y","","1","1","0","0","0","0","0","2","0","1","","","","N","","","","","","","","","",""
"2013071600","","0","0","0","0","0","0","0","0","0","7","0","","02","7","2013","7","40.422439","-79.758878","","11","0","0","0","0","0","0","0","0","","0","0","0","","","1","","0","","40 25:20.780","","0","79 45:31.960","8","0","0","0","2446","0","0","0","N","0","0","0","1","02446","0","","2.0","","1","N","N","","0","","0","0","1","","0","","","1","1","0","0","0","1","0","2","0","1","","","","N","","","","","","","","","",""
"2013073161","","2","0","0","0","0","0","0","0","0","1","0","","02","7","2013","6","40.450247","-79.955203","","11","0","0","0","0","0","1","0","0","","0","0","0","","","1","","0","","40 27:00.890","","0","79 57:18.730","4","0","0","0","2301","0","0","0","N","0","0","0","3","02301","1","","1.0","","1","N","N","","0","","0","0","0","","0","","","2","1","0","0","0","0","0","2","0","2","","","","N","","","","","","","","","",""
"2013072220","","2","0","0","0","0","0","0","0","0","4","0","","02","7","2013","3","40.428177","-79.971115","","11","0","0","0","0","0","0","0","0","","0","0","0","","","0","","1","","40 25:41.436","","0","79 58:16.014","0","0","0","0","2301","0","0","0","N","0","0","0","4","02301","0","","1.0","","9","N","N","","0","","0","0","0","","0","","","2","0","0","0","0","0","0","2","0","2","","","","N","","","","","","","","","",""
"2013070837","","2","0","0","0","0","0","0","0","0","1","0","","02","7","2013","4","40.339105","-80.126014","","11","0","0","0","0","0","1","1","0","1","0","0","0","","","1","","1","","40 20:20.779","2","0","80 07:33.650","8","0","0","0","2119","0","0","0","N","0","0","0","2","02119","0","","1.0","","1","N","N","","0","","0","0","0","","0","N","","2","1","0","0","0","1","0","2","0","2","","","","N","","","","","","","","","",""
"2013072221","","1","0","0","0","0","0","0","0","0","4","0","","02","7","2013","3","40.468925","-80.09793","","11","0","0","0","0","0","1","0","0","2","0","0","0","","","1","","1","","40 28:08.130","7","0","80 05:52.548","8","0","0","0","2126","0","0","0","N","0","0","0","3","02126","0","","1.0","","9","N","N","","1","","0","0","0","","2","Y","","2","1","0","0","0","1","0","2","0","2","","","","N","","","","","","","","","",""
"2013070838","","1","0","0","0","0","0","0","0","0","2","0","","02","7","2013","6","40.457399","-79.936915","","11","0","0","0","0","0","0","0","0","","0","0","0","","","0","","1","","40 27:26.636","","0","79 56:12.894","0","0","0","0","2301","0","0","0","N","0","0","0","2","02301","0","","1.0","","1","N","N","","0","","0","0","1","","2","","","2","0","0","0","0","0","0","2","0","2","","","","N","","","","","","","","","",""
"2013071589","","1","0","0","0","0","0","0","0","0","7","0","","02","7","2013","7","40.473467","-80.028625","","11","0","0","0","0","1","0","0","0","1","0","0","0","","","0","","1","","40 28:24.481","1","0","80 01:43.050","0","0","0","0","2301","0","0","0","N","0","0","0","1","02301","0","","5.0","","1","N","N","","0","","0","0","0","","0","Y","","1","0","0","0","0","0","0","2","0","1","","","","N","","","","","","","","","",""
"2013071604","","1","0","0","0","0","0","0","0","0","7","0","","02","7","2013","7","40.451054","-79.714982","","11","0","0","0","0","0","1","0","0","1","0","0","0","","","0","","0","","40 27:03.794","1","0","79 42:53.936","0","0","0","0","2466","0","0","0","N","0","0","0","1","02466","0","","5.0","","1","N","N","","0","","0","0","0","","0","N","","1","0","0","0","0","0","0","2","0","1","","","","N","","","","","","","","","",""
"2013071113","","1","0","0","0","0","0","0","0","0","0","0","","02","7","2013","6","40.398259","-79.999779","","11","0","0","0","0","0","0","0","0","1","0","0","0","","","0","","2","","40 23:53.732","1","0","79 59:59.203","0","0","0","0","2301","0","0","0","N","0","0","0","3","02301","0","","1.0","","1","N","N","","1","","0","0","1","","0","N","","3","0","0","0","0","0","0","2","0","3","","","","N","","","","","","","","","",""
"2013070854","","2","0","0","0","0","0","0","0","0","1","0","","02","7","2013","6","40.438746","-79.747874","","11","0","0","0","0","0","0","1","0","1","0","0","0","","","2","","0","","40 26:19.486","4","0","79 44:52.346","3","0","0","0","2446","0","0","0","N","0","0","0","5","02446","0","","1.0","","1","N","N","","0","","2","0","1","","0","N","","3","2","0","0","0","0","1","2","0","3","","","","N","","","","","","","","","",""
"2013071529","","0","0","0","0","0","0","0","0","0","7","0","","02","7","2013","1","40.272104","-79.884929","","11","0","0","0","0","0","0","0","0","3","0","0","0","","","1","","0","","40 16:19.576","2","7","79 53:05.744","2","0","0","0","2105","0","0","0","N","0","0","0","1","02105","0","","5.0","","1","N","N","","1","","0","1","0","","0","N","","1","1","0","0","0","0","0","2","0","1","","","","N","","","","","","","","","",""
"2013070855","","2","0","0","0","0","0","0","0","0","1","0","","02","7","2013","6","40.430689","-80.000798","","11","0","0","1","0","0","0","0","0","","0","0","0","","","1","","2","","40 25:50.479","","0","80 00:02.872","8","0","0","0","2301","0","0","0","N","0","0","0","2","02301","0","","1.0","","1","N","N","","0","","0","0","0","","0","","","2","1","0","0","0","1","0","2","0","2","","","","N","","","","","","","","","",""
"2013071755","","1","0","0","0","0","0","0","0","0","7","0","","02","7","2013","5","40.582919","-80.187898","","11","0","0","0","0","0","0","0","0","1","0","0","0","","","3","","0","","40 34:58.508","3","7","80 11:16.432","8","0","0","0","2480","0","0","0","N","0","0","0","3","02480","0","","5.0","","1","N","N","","0","","0","0","0","","0","N","","1","3","0","0","0","3","0","1","0","1","","","","N","","","","","","","","","",""
"2013073368","","0","0","0","0","0","0","0","0","0","7","0","","02","7","2013","7","40.437995","-79.991979","","11","0","0","0","1","0","0","0","0","","0","0","0","","","1","","2","","40 26:16.782","","4","79 59:31.124","4","0","0","1","2301","0","0","0","N","0","0","0","1","02301","1","","4.0","","1","N","N","","0","","0","0","0","","2","","","1","1","0","0","0","0","0","2","0","1","","","","N","","","","","","","","","",""
"2013073027","","2","0","0","0","0","0","0","0","0","4","0","","02","7","2013","5","40.442116","-80.060685","","11","0","0","0","0","1","0","1","0","","0","0","0","","","0","","2","","40 26:31.617","","0","80 03:38.466","0","0","0","0","2439","0","0","0","N","0","0","0","3","02301","0","","1.0","","1","N","N","","0","","0","0","0","","3","","","2","0","0","0","0","0","0","2","0","2","","","","N","","","","","","","","","",""
"2013070844","","2","0","0","0","0","0","0","0","0","6","0","","02","7","2013","5","40.408298","-79.90965","","11","0","0","0","0","0","1","0","0","","0","0","0","","","0","","1","","40 24:29.872","","0","79 54:34.740","0","0","0","0","2438","0","0","0","N","0","0","0","2","02438","0","","1.0","","1","N","N","","0","","0","0","0","","3","","","2","0","0","0","0","0","0","2","0","2","","","","N","","","","","","","","","",""
"2013071608","","1","0","0","0","0","0","0","0","0","7","0","","02","7","2013","1","40.409411","-79.798147","","11","0","0","0","0","0","0","0","0","1","0","0","0","","","0","","0","","40 24:33.880","3","0","79 47:53.330","0","0","0","0","2446","0","0","0","N","0","0","0","1","02446","0","","2.0","","1","N","N","","0","","0","0","0","","0","N","","1","0","0","0","0","0","0","2","0","1","","","","N","","","","","","","","","",""
"2013073369","","2","0","0","0","0","0","0","0","0","4","0","","02","7","2013","6","40.459605","-79.929702","","11","0","0","0","0","0","1","0","0","","0","0","0","","","0","","1","","40 27:34.577","","0","79 55:46.926","0","0","0","0","2301","0","0","0","N","0","0","0","3","02301","0","","1.0","","1","N","N","","0","","0","0","0","","2","","","2","0","0","0","0","0","0","2","0","2","","","","N","","","","","","","","","",""
"2013071531","","0","0","0","0","0","0","0","0","0","0","0","","02","7","2013","5","40.495287","-80.066184","","11","0","0","0","0","0","0","0","0","1","0","0","0","","","1","","0","","40 29:43.032","2","0","80 03:58.261","3","0","0","1","2402","0","0","0","N","0","0","0","1","02402","0","","1.0","","1","N","N","","0","","1","0","0","","0","N","","1","1","0","0","0","0","0","2","0","1","","","","N","","","","","","","","","",""
"2013072564","","1","0","0","0","0","0","0","0","0","4","0","","02","7","2013","1","40.345131","-79.942217","","11","0","0","0","0","0","0","0","0","","0","0","0","","","1","","0","","40 20:42.470","","7","79 56:31.980","4","0","0","0","2473","0","0","0","N","0","0","0","4","02473","1","","1.0","","1","N","N","","0","","0","0","1","","0","","","2","1","0","0","0","0","0","2","0","2","","","","N","","","","","","","","","",""
"2013071597","","1","0","0","0","0","0","0","0","0","7","0","","02","7","2013","1","40.420875","-79.965891","","11","0","0","0","1","0","0","0","0","","0","0","0","","","0","","0","","40 25:15.150","","0","79 57:57.207","0","0","0","0","2301","0","0","0","N","0","0","0","1","02301","0","","5.0","","1","N","N","","0","","0","0","0","","0","","","1","0","0","0","0","0","0","2","0","1","","","","N","","","","","","","","","",""
"2013070859","","1","0","0","0","0","0","0","0","0","5","0","","02","7","2013","6","40.437749","-79.962219","","11","0","0","0","0","0","0","0","0","","0","0","0","","","1","","0","","40 26:15.895","","0","79 57:43.988","8","0","0","0","2301","0","0","0","N","0","0","0","2","02301","0","","1.0","","1","N","N","","0","","0","0","2","","0","","","3","1","0","0","0","1","0","2","0","3","","","","N","","","","","","","","","",""
"2013072566","","2","0","0","0","0","0","0","0","0","4","0","","02","7","2013","3","40.491481","-79.86589","","11","0","0","0","0","0","0","1","0","","0","0","0","","","0","","1","","40 29:29.330","","0","79 51:57.203","0","0","0","0","2112","0","0","0","N","0","0","0","2","02112","0","","1.0","","1","N","N","","0","","0","0","0","","2","","","2","0","1","0","0","0","0","2","0","2","","","","N","","","","","","","","","",""
"2013071119","","2","0","0","0","0","0","0","0","0","4","0","","02","7","2013","6","40.460936","-79.968217","","11","0","0","0","0","0","0","0","0","","0","0","0","","","1","","2","","40 27:39.369","","0","79 58:05.581","8","0","0","0","2301","0","0","0","N","0","0","0","3","02301","0","","1.0","","1","N","N","","0","","0","0","0","","3","","","2","1","0","0","0","1","0","2","0","2","","","","N","","","","","","","","","",""
"2013070780","","0","0","0","0","0","0","0","0","0","1","1","","02","6","2013","6","40.415575","-80.084506","","11","0","0","0","0","0","1","0","0","3","0","1","0","","","2","","0","","40 24:56.070","3","0","80 05:04.223","3","0","0","0","2415","0","0","0","N","0","0","0","3","68B03","1","","1.0","","1","N","N","","1","","1","0","0","","0","N","","2","2","0","0","0","0","0","2","0","2","","","","N","","","","","","","","","",""
"2013070860","","3","0","0","0","0","0","0","0","0","6","0","","02","7","2013","6","40.455896","-79.941956","","11","0","0","0","0","0","0","0","0","1","0","0","0","","","0","","1","","40 27:21.227","2","0","79 56:31.040","0","0","0","0","2301","0","0","0","N","0","0","0","3","02301","0","","1.0","","1","N","N","","0","","0","0","0","","2","N","","3","0","0","0","0","0","0","2","0","3","","","","N","","","","","","","","","",""
"2013071745","","1","0","0","1","0","0","0","0","0","8","0","","02","7","2013","2","40.440769","-79.998182","","11","0","0","0","1","0","0","0","0","1","0","0","0","","","1","","1","","40 26:26.768","1","0","79 59:53.455","3","0","0","0","2301","1","0","0","N","0","0","0","3","02301","0","","1.0","","1","N","N","","0","","1","0","0","","2","N","","2","1","2","0","0","0","0","2","0","1","","","","N","","","","","","","","","",""
"2013072567","","1","0","0","0","0","0","0","0","0","1","0","","02","7","2013","3","40.37035","-80.087075","","11","0","0","0","0","0","2","0","0","","0","0","0","","","1","","0","","40 22:13.260","","0","80 05:13.470","4","0","0","0","2117","0","0","0","N","0","0","0","2","02117","1","","1.0","","1","N","N","","0","","0","0","1","","0","","","2","1","0","0","0","0","0","2","0","2","","","","N","","","","","","","","","",""
"2013072231","","0","0","0","0","0","0","0","0","0","4","0","","02","7","2013","2","40.574391","-80.016529","","11","0","0","0","0","0","0","0","1","","0","0","0","","","0","","1","","40 34:27.807","","0","80 00:59.504","0","0","0","0","2108","0","0","0","N","0","0","0","2","02108","0","","1.0","","1","N","N","","0","","0","0","2","","3","","","2","0","0","0","0","0","0","2","0","2","","","","N","","","","","","","","","",""
"2013073031","","2","0","0","0","0","0","0","0","0","4","0","","02","7","2013","5","40.426975","-79.980753","","11","0","0","1","0","1","0","0","0","1","0","0","0","","","0","","1","","40 25:37.110","3","0","79 58:50.710","0","0","0","0","2301","0","0","0","N","0","0","0","4","02301","0","","1.0","","1","N","N","","0","","0","0","0","","2","N","","2","0","0","0","0","0","0","2","0","2","","","","N","","","","","","","","","",""
"2013070781","","1","0","0","0","0","0","0","0","0","1","0","","02","7","2013","3","40.428974","-79.94015","","11","0","0","0","0","0","1","0","0","","0","0","0","","","0","","0","","40 25:44.308","","0","79 56:24.539","0","0","0","0","2301","0","0","0","N","0","0","0","2","68B03","0","","1.0","","1","N","N","","0","","0","0","1","","0","","","2","0","0","0","0","0","0","2","0","2","","","","N","","","","","","","","","",""
"2013071534","","1","0","0","0","0","0","0","0","0","7","0","","02","7","2013","1","40.451467","-79.891545","","11","0","0","0","0","0","0","0","0","","0","0","0","","","1","","0","","40 27:05.281","","0","79 53:29.562","8","0","0","0","2301","0","0","0","N","0","0","0","4","02301","0","","4.0","","1","N","N","","0","","0","0","0","","0","","","1","1","0","0","0","1","3","2","0","1","","","","N","","","","","","","","","",""