"CRN","ARRIVAL_TM","AUTOMOBILE_COUNT","BELTED_DEATH_COUNT","BELTED_SUSP_SERIOUS_INJ_COUNT","BICYCLE_COUNT","BICYCLE_DEATH_COUNT","BICYCLE_SUSP_SERIOUS_INJ_COUNT","BUS_COUNT","CHLDPAS_DEATH_COUNT","CHLDPAS_SUSP_SERIOUS_INJ_COUNT","COLLISION_TYPE","COMM_VEH_COUNT","CONS_ZONE_SPD_LIM","COUNTY","CRASH_MONTH","CRASH_YEAR","DAY_OF_WEEK","DEC_LATITUDE","DEC_LONGITUDE","DISPATCH_TM","DISTRICT","DRIVER_COUNT_16YR","DRIVER_COUNT_17YR","DRIVER_COUNT_18YR","DRIVER_COUNT_19YR","DRIVER_COUNT_20YR","DRIVER_COUNT_50_64YR","DRIVER_COUNT_65_74YR","DRIVER_COUNT_75PLUS","EST_HRS_CLOSED","FATAL_COUNT","HEAVY_TRUCK_COUNT","HORSE_BUGGY_COUNT","HOUR_OF_DAY","ILLUMINATION","INJURY_COUNT","INTERSECTION_RELATED","INTERSECT_TYPE","LANE_CLOSED","LATITUDE","LN_CLOSE_DIR","LOCATION_TYPE","LONGITUDE","MAX_SEVERITY_LEVEL","MCYCLE_DEATH_COUNT","MCYCLE_SUSP_SERIOUS_INJ_COUNT","MOTORCYCLE_COUNT","MUNICIPALITY","NONMOTR_COUNT","NONMOTR_DEATH_COUNT","NONMOTR_SUSP_SERIOUS_INJ_COUNT","NTFY_HIWY_MAINT","PED_COUNT","PED_DEATH_COUNT","PED_SUSP_SERIOUS_INJ_COUNT","PERSON_COUNT","POLICE_AGCY","POSSIBLE_INJ_COUNT","RDWY_SURF_TYPE_CD","RELATION_TO_ROAD","ROADWAY_CLEARED","ROAD_CONDITION","SCH_BUS_IND","SCH_ZONE_IND","SECONDARY_CRASH","SMALL_TRUCK_COUNT","SPEC_JURIS_CD","SUSP_MINOR_INJ_COUNT","SUSP_SERIOUS_INJ_COUNT","SUV_COUNT","TCD_FUNC_CD","TCD_TYPE","TFC_DETOUR_IND","TIME_OF_DAY","TOTAL_UNITS","TOT_INJ_COUNT","UNBELTED_OCC_COUNT","UNB_DEATH_COUNT","UNB_SUSP_SERIOUS_INJ_COUNT","UNK_INJ_DEG_COUNT","UNK_INJ_PER_COUNT","URBAN_RURAL","VAN_COUNT","VEHICLE_COUNT","WEATHER1","WEATHER2","WORKERS_PRES","WORK_ZONE_IND","WORK_ZONE_LOC","WORK_ZONE_TYPE","WZ_CLOSE_DETOUR","WZ_FLAGGER","WZ_LAW_OFFCR_IND","WZ_LN_CLOSURE","WZ_MOVING","WZ_OTHER","WZ_SHLDER_MDN","WZ_WORKERS_INJ_KILLED"
"2013071855","","1","0","0","0","0","0","0","0","0","4","1","","02","7","2013","3","40.610962","-79.760774","","11","0","0","0","0","0","0","0","0","2","0","1","0","","","0","","0","","40 36:39.463","2","0","79 45:38.785","0","0","0","0","2464","0","0","0","Y","0","0","0","2","68Z99","0","","1.0","","1","N","N","","0","","0","0","0","","0","N","","2","0","1","0","0","0","0","1","0","2","","","","N","","","","","","","","","",""
"2013072611","","0","0","0","0","0","0","0","0","0","4","0","","02","7","2013","4","40.397498","-80.190504","","11","0","0","0","0","0","1","0","0","2","0","0","0","","","1","","0","","40 23:50.992","3","0","80 11:25.814","8","0","0","1","2214","0","0","0","N","0","0","0","2","02214","0","","1.0","","1","N","N","","0","","0","0","1","","0","N","","2","1","0","0","0","1","0","2","0","2","","","","N","","","","","","","","","",""
"2013116618","","0","0","0","0","0","0","0","0","0","4","0","","02","11","2013","6","40.440684","-79.767465","","11","0","0","0","0","0","1","1","0","1","0","0","0","","","1","","2","","40 26:26.462","5","0","79 46:02.874","4","0","0","1","2446","0","0","0","N","0","0","0","3","02446","1","","1.0","","1","N","N","","1","","0","0","1","","0","Y","","3","1","0","0","0","0","1","2","0","3","","","","N","","","","","","","","","",""
"2013117340","","0","0","0","0","0","0","0","0","0","0","0","","02","11","2013","1","40.622358","-79.836481","","11","0","0","0","0","0","0","0","0","1","0","0","0","","","0","","0","","40 37:20.490","2","0","79 50:11.330","0","0","0","0","2220","0","0","0","N","0","0","0","1","02220","0","","1.0","","9","N","N","","0","","0","0","1","","0","N","","1","0","0","0","0","0","0","2","0","1","","","","N","","","","","","","","","",""
"2013116034","","1","0","0","0","0","0","0","0","0","4","0","","02","11","2013","1","40.449725","-79.986084","","11","0","0","0","0","0","1","0","0","","0","0","0","","","0","","1","","40 26:59.010","","0","79 59:09.902","0","0","0","0","2301","0","0","0","N","0","0","0","2","02301","0","","1.0","","9","N","N","","0","","0","0","0","","3","","","2","0","0","0","0","0","0","2","1","2","","","","N","","","","","","","","","",""
"2013117410","","1","0","0","0","0","0","0","0","0","7","0","","02","11","2013","5","40.392663","-80.058311","","11","0","0","0","0","0","0","0","0","","0","0","0","","","1","","2","","40 23:33.586","","0","80 03:29.919","4","0","0","0","2117","0","0","0","N","0","0","0","1","02117","1","","5.0","","1","N","N","","0","","0","0","0","","0","","","1","1","0","0","0","0","0","2","0","1","","","","N","","","","","","","","","",""
"2013116174","","0","0","0","0","0","0","0","0","0","1","1","","02","11","2013","6","40.313191","-79.938614","","11","0","0","0","0","0","1","1","1","","0","0","0","","","0","","1","","40 18:47.487","","0","79 56:19.009","0","0","0","0","2440","0","0","0","N","0","0","0","3","02440","0","","1.0","","1","N","N","","2","","0","0","1","","2","","","3","0","0","0","0","0","0","2","0","3","","","","N","","","","","","","","","",""
"2013117550","","2","0","0","0","0","0","0","0","0","5","0","","02","11","2013","7","40.449574","-80.064329","","11","0","0","0","0","0","1","0","0","","0","0","0","","","0","","2","","40 26:58.466","","0","80 03:51.584","0","0","0","0","2301","0","0","0","N","0","0","0","4","02301","0","","1.0","","1","N","N","","0","","0","0","0","","0","","","2","0","0","0","0","0","0","2","0","2","","","","N","","","","","","","","","",""
"2013116619","","1","0","0","0","0","0","0","0","0","7","0","","02","10","2013","4","40.41718","-79.838379","","11","0","0","0","0","0","0","0","0","","0","0","0","","","1","","0","","40 25:01.849","","0","79 50:18.164","3","0","0","0","2219","0","0","0","N","0","0","0","1","02219","0","","2.0","","1","N","N","","0","","1","0","0","","0","","","1","1","0","0","0","0","0","2","0","1","","","","N","","","","","","","","","",""
"2013116632","","0","0","0","0","0","0","0","0","0","4","0","","02","11","2013","2","40.330104","-79.988217","","11","0","0","0","0","0","2","0","0","1","0","0","0","","","1","","2","","40 19:48.375","2","0","79 59:17.582","4","0","0","0","2219","0","0","0","N","0","0","0","2","02219","1","","1.0","","1","N","N","","1","","0","0","1","","2","N","","2","1","0","0","0","0","0","2","0","2","","","","N","","","","","","","","","",""
"2013116760","","1","0","0","0","0","0","0","0","0","1","0","","02","8","2013","3","40.420236","-79.790064","","11","0","0","0","0","0","0","0","0","","0","0","0","","","1","","0","","40 25:12.850","","0","79 47:24.230","4","0","0","0","2446","0","0","0","N","0","0","0","2","02446","1","","1.0","","1","N","N","","0","","0","0","1","","0","","","2","1","0","0","0","0","0","2","0","2","","","","N","","","","","","","","","",""
"2013116244","","0","0","0","0","0","0","0","0","0","8","0","","02","11","2013","2","40.440913","-80.034828","","11","0","0","0","0","0","0","0","0","","0","0","0","","","1","","1","","40 26:27.285","","0","80 02:05.381","8","0","0","0","2301","1","0","0","N","1","0","0","2","02301","0","","1.0","","1","N","N","","0","","0","0","1","","2","","","2","1","0","0","0","1","0","2","0","1","","","","N","","","","","","","","","",""
"2013071093","","2","0","0","0","0","0","0","0","0","4","0","","02","7","2013","6","40.44161","-80.240672","","11","0","0","0","0","0","2","0","0","","0","0","0","","","2","","1","","40 26:29.796","","0","80 14:26.419","4","0","0","0","2214","0","0","0","N","0","0","0","5","02214","2","","1.0","","9","N","N","","0","","0","0","0","","3","","","2","2","1","0","0","0","0","2","0","2","","","","N","","","","","","","","","",""
"2013117936","","1","0","0","0","0","0","0","0","0","7","0","","02","11","2013","7","40.436932","-79.994891","","11","0","0","0","0","0","0","0","0","","0","0","0","","","0","","0","","40 26:12.955","","0","79 59:41.606","0","0","0","0","2301","0","0","0","N","0","0","0","1","02301","0","","1.0","","1","N","N","","0","","0","0","0","","0","","","1","0","0","0","0","0","0","2","0","1","","","","N","","","","","","","","","",""
"2013116633","","1","0","0","0","0","0","0","0","0","1","0","","02","11","2013","3","40.590015","-79.750828","","11","0","0","0","0","0","0","0","0","1","0","0","0","","","0","","1","","40 35:24.053","2","0","79 45:02.979","0","0","0","0","2464","0","0","0","N","0","0","0","2","64305","0","","1.0","","1","N","N","","1","","0","0","0","","2","Y","","2","0","0","0","0","0","0","2","0","2","","","","N","","","","","","","","","",""
"2013118340","","2","0","0","0","0","0","0","0","0","1","0","","02","11","2013","6","40.439792","-79.923074","","11","0","0","0","0","0","0","0","0","","0","0","0","","","0","","1","","40 26:23.251","","0","79 55:23.066","0","0","0","0","2301","0","0","0","N","0","0","0","2","02301","0","","1.0","","1","N","N","","0","","0","0","0","","3","","","2","0","0","0","0","0","0","2","0","2","","","","N","","","","","","","","","",""
"2013072614","","2","0","0","0","0","0","0","0","0","4","0","","02","7","2013","4","40.451899","-80.028232","","11","0","1","0","0","0","0","0","0","2","0","0","0","","","0","","2","","40 27:06.836","4","0","80 01:41.634","0","0","0","0","2116","0","0","0","N","0","0","0","3","02116","0","","1.0","","1","N","N","","0","","0","0","1","","2","Y","","3","0","1","0","0","0","0","2","0","3","","","","N","","","","","","","","","",""
"2013117331","","1","0","0","0","0","0","0","0","0","1","0","","02","11","2013","4","40.382091","-79.819158","","11","0","0","0","0","0","1","1","0","","0","0","0","","","0","","2","","40 22:55.527","","0","79 49:08.968","0","0","0","0","2111","0","0","0","N","0","0","0","2","02111","0","","1.0","","1","N","N","","1","","0","0","0","","0","","","2","0","0","0","0","0","0","2","0","2","","","","N","","","","","","","","","",""
"2013116762","","2","0","0","0","0","0","0","0","0","1","0","","02","11","2013","3","40.470831","-79.821309","","11","0","0","0","0","0","0","0","0","","0","0","0","","","0","","2","","40 28:14.991","","0","79 49:16.713","0","0","0","0","2113","0","0","0","N","0","0","0","4","02113","0","","1.0","","1","N","N","","0","","0","0","0","","0","","","2","0","0","0","0","0","0","2","0","2","","","","N","","","","","","","","","",""
"2013118064","","1","0","0","0","0","0","0","0","0","4","0","","02","11","2013","6","40.374549","-80.093117","","11","0","0","0","0","0","1","0","0","","0","0","0","","","1","","2","","40 22:28.375","","0","80 05:35.222","4","0","0","0","2117","0","0","0","N","0","0","0","2","02117","1","","1.0","","9","N","N","","0","","0","0","1","","3","","","2","1","0","0","0","0","0","2","0","2","","","","N","","","","","","","","","",""
"2013116259","","2","0","0","0","0","0","0","0","0","4","0","","02","10","2013","4","40.407092","-79.889494","","11","0","0","0","0","0","0","0","0","","0","0","0","","","1","","0","","40 24:25.532","","0","79 53:22.179","4","0","0","0","2475","0","0","0","N","0","0","0","2","02475","1","","5.0","","9","N","N","","0","","0","0","0","","0","","","2","1","0","0","0","0","0","2","0","2","","","","N","","","","","","","","","",""
"2013117042","","1","0","0","0","0","0","0","0","0","7","0","","02","11","2013","2","40.38315","-80.096587","","11","0","0","0","0","0","0","1","0","1","0","0","0","","","2","","0","","40 22:59.341","2","0","80 05:47.714","4","0","0","0","2102","0","0","0","Y","0","0","0","2","68B03","2","","4.0","","1","N","N","","0","","0","0","0","","0","N","","1","2","0","0","0","0","0","2","0","1","","","","N","","","","","","","","","",""
"2013116397","","1","0","0","0","0","0","0","0","0","7","0","","02","11","2013","2","40.371623","-79.997086","","11","0","0","0","0","0","0","0","0","2","0","0","0","","","1","","0","","40 22:17.841","5","0","79 59:49.511","4","0","0","0","2476","0","0","0","N","0","0","0","1","02476","1","","5.0","","1","N","N","","0","","0","0","0","","0","Y","","1","1","0","0","0","0","0","2","0","1","","","","N","","","","","","","","","",""
"2013116778","","1","0","0","0","0","0","0","0","0","7","0","","02","11","2013","3","40.488341","-79.81944","","11","0","0","0","0","0","1","0","0","1","0","0","0","","","0","","2","","40 29:18.027","5","0","79 49:09.984","0","0","0","0","2113","0","0","0","N","0","0","0","2","02113","0","","5.0","","1","N","N","","0","","0","0","0","","0","Y","","1","0","0","0","0","0","0","2","0","1","","","","N","","","","","","","","","",""
"2013116903","","1","0","0","0","0","0","0","0","0","5","0","","02","11","2013","4","40.478644","-79.931026","","11","0","0","0","0","0","1","0","0","","0","0","0","","","1","","0","","40 28:43.118","","0","79 55:51.693","8","0","0","0","2301","0","0","0","N","0","0","0","2","02301","0","","1.0","","1","N","N","","0","","0","0","1","","0","","","2","1","0","0","0","1","0","2","0","2","","","","N","","","","","","","","","",""
"2013116637","","4","0","0","0","0","0","0","0","0","1","0","","02","11","2013","6","40.586467","-80.040321","","11","0","2","3","0","0","0","0","0","1","0","0","0","","","1","","0","","40 35:11.281","5","0","80 02:25.157","8","0","0","0","2108","0","0","0","N","0","0","0","12","02108","0","","1.0","","1","N","N","","1","","0","0","0","","0","N","","5","1","0","0","0","1","0","2","0","5","","","","N","","","","","","","","","",""
"2013117417","","1","0","0","0","0","0","0","0","0","1","0","40","02","11","2013","4","40.572128","-80.023504","","11","0","0","0","0","0","1","0","0","1","0","0","0","","","1","","1","","40 34:19.660","1","0","80 01:24.616","8","0","0","0","2108","0","0","0","N","0","0","0","2","02108","0","","1.0","","1","N","N","","0","","0","0","0","","2","N","","2","1","0","0","0","1","0","2","1","2","","","Y","Y","4","1","N","N","N","N","N","N","N",""
"2013118067","","0","0","0","0","0","0","0","0","0","4","0","","02","11","2013","6","40.374549","-80.093117","","11","0","0","0","0","0","0","0","0","","0","0","0","","","0","","2","","40 22:28.375","","0","80 05:35.222","0","0","0","0","2117","0","0","0","N","0","0","0","2","02117","0","","1.0","","9","N","N","","1","","0","0","1","","3","","","2","0","1","0","0","0","0","2","0","2","","","","N","","","","","","","","","",""
"2013116625","","0","0","0","0","0","0","0","0","0","7","0","","02","11","2013","2","40.62673","-79.896216","","11","0","0","0","0","0","0","0","0","2","0","0","0","","","1","","0","","40 37:36.227","3","0","79 53:46.377","4","0","0","0","2220","0","0","0","N","0","0","0","1","02220","1","","2.0","","1","N","N","","0","","0","0","0","","0","Y","","1","1","1","0","0","0","0","1","1","1","","","","N","","","","","","","","","",""
"2013116638","","2","0","0","0","0","0","0","0","0","2","0","","02","11","2013","6","40.556981","-80.018558","","11","0","0","0","0","0","0","0","1","","0","0","0","","","3","","0","","40 33:25.133","","7","80 01:06.809","4","0","0","0","2108","0","0","0","N","0","0","0","5","02108","3","","1.0","","1","N","N","","0","","0","0","0","","2","","","2","3","1","0","0","0","0","2","0","2","","","","N","","","","","","","","","",""
"2013117348","","0","0","0","0","0","0","0","0","0","8","0","","02","11","2013","5","40.407229","-80.089045","","11","0","0","0","0","0","0","0","0","","0","0","0","","","1","","1","","40 24:26.023","","0","80 05:20.562","4","0","0","0","2415","1","0","0","N","1","0","0","2","02415","1","","1.0","","1","N","N","","1","","0","0","0","","2","","","2","1","0","0","0","0","0","2","0","1","","","","N","","","","","","","","","",""
"2013117418","","2","0","0","0","0","0","0","0","0","4","0","","02","11","2013","4","40.574391","-80.016529","","11","0","0","0","0","0","0","1","0","","0","0","0","","","0","","1","","40 34:27.807","","0","80 00:59.504","0","0","0","0","2108","0","0","0","N","0","0","0","2","02108","0","","1.0","","1","N","N","","0","","0","0","0","","3","","","2","0","0","0","0","0","0","2","0","2","","","","N","","","","","","","","","",""
"2013116766","","1","0","0","0","0","0","0","0","0","6","0","","02","11","2013","3","40.456822","-79.955108","","11","0","0","0","0","0","0","0","0","","0","0","0","","","0","","1","","40 27:24.560","","0","79 57:18.389","0","0","0","0","2301","0","0","0","N","0","0","0","3","02301","0","","1.0","","1","N","N","","0","","0","0","1","","2","","","2","0","0","0","0","0","0","2","0","2","","","","N","","","","","","","","","",""
"2013072619","","2","0","0","0","0","0","0","0","0","4","0","","02","7","2013","5","40.430757","-80.134568","","11","0","0","0","0","1","0","0","1","","0","0","0","","","0","","2","","40 25:50.725","","0","80 08:04.444","0","0","0","0","2115","0","0","0","N","0","0","0","2","02115","0","","1.0","","1","N","N","","0","","0","0","0","","0","","","2","0","0","0","0","0","0","2","0","2","","","","N","","","","","","","","","",""
"2013116627","","1","0","0","0","0","0","0","0","0","99","0","","02","11","2013","3","","","","11","0","0","0","0","0","0","0","0","","0","0","0","","","2","","3","","","","0","","8","0","0","0","2301","0","0","0","N","0","0","0","2","02301","0","","1.0","","1","N","N","","0","","0","0","0","","0","","","1","2","0","0","0","2","0","1","0","1","","","","N","","","","","","","","","",""
"2013116639","","2","0","0","0","0","0","0","0","0","2","0","","02","11","2013","2","40.57341","-80.036957","","11","0","0","0","0","0","0","0","0","1","0","0","0","","","0","","1","","40 34:24.276","5","0","80 02:13.045","0","0","0","0","2108","0","0","0","N","0","0","0","2","02108","0","","1.0","","1","N","N","","0","","0","0","0","","0","N","","2","0","0","0","0","0","0","2","0","2","","","","N","","","","","","","","","",""
"2013117349","","1","0","0","0","0","0","0","0","0","2","0","","02","11","2013","5","40.383624","-79.977349","","11","0","0","0","0","0","0","0","0","","0","0","0","","","1","","2","","40 23:01.046","","0","79 58:38.456","4","0","0","0","2301","0","0","0","N","0","0","0","4","02301","1","","1.0","","1","N","N","","1","","0","0","0","","3","","","2","1","0","0","0","0","0","2","0","2","","","","N","","","","","","","","","",""
"2013116042","","1","0","1","0","0","0","0","0","0","7","0","","02","11","2013","7","40.389553","-79.956071","","11","0","1","0","0","0","0","0","0","2","0","0","0","","","1","","0","","40 23:22.392","6","0","79 57:21.854","2","0","0","0","2403","0","0","0","N","0","0","0","1","02403","0","","4.0","","1","N","N","","0","","0","1","0","","0","N","","1","1","0","0","0","0","0","2","0","1","","","","N","","","","","","","","","",""
"2013117419","","1","0","0","0","0","0","0","0","0","4","1","","02","11","2013","4","40.450844","-80.108316","","11","0","0","0","0","0","0","1","0","2","0","1","0","","","0","","0","","40 27:03.040","4","0","80 06:29.939","0","0","0","0","2115","0","0","0","N","0","0","0","2","02115","0","","1.0","","2","N","N","","0","","0","0","0","","0","N","","2","0","0","0","0","0","0","2","0","2","","","","N","","","","","","","","","",""
"2013116781","","2","0","0","0","0","0","0","0","0","1","0","","02","11","2013","3","40.485369","-79.945729","","11","0","0","0","0","0","1","0","0","","0","0","0","","","1","","0","","40 29:07.327","","0","79 56:44.623","8","0","0","0","2301","0","0","0","N","0","0","0","3","02301","0","","1.0","","1","N","N","","0","","0","0","1","","0","","","3","1","0","0","0","1","0","2","0","3","","","","N","","","","","","","","","",""
"2013118069","","1","0","0","0","0","0","0","0","0","1","0","","02","11","2013","7","40.234423","-79.855779","","11","0","0","0","0","0","0","1","1","","0","0","0","","","0","","0","","40 14:03.922","","0","79 51:20.805","0","0","0","0","2204","0","0","0","N","0","0","0","2","02204","0","","1.0","","1","N","N","","0","","0","0","1","","0","","","2","0","0","0","0","0","0","1","0","2","","","","N","","","","","","","","","",""
"2013116182","","2","0","0","0","0","0","0","0","0","4","0","","02","11","2013","6","40.439163","-79.829722","","11","0","0","0","0","0","0","1","1","2","0","0","0","","","2","","2","","40 26:20.988","5","0","79 49:46.999","2","0","0","0","2419","0","0","0","N","0","0","0","3","02419","0","","1.0","","1","N","N","","1","","0","1","0","","3","Y","","3","2","1","0","1","1","0","2","0","3","","","","N","","","","","","","","","",""
"2013118230","","1","0","0","0","0","0","0","0","0","7","0","","02","11","2013","1","40.580131","-80.070836","","11","0","0","0","0","0","0","0","0","","0","0","0","","","0","","0","","40 34:48.471","","0","80 04:15.009","0","0","0","0","2481","0","0","0","N","0","0","0","1","02481","0","","5.0","","1","N","N","","0","","0","0","0","","0","","","1","0","0","0","0","0","0","2","0","1","","","","N","","","","","","","","","",""
"2013116640","","0","0","0","0","0","0","0","0","0","7","0","00","02","11","2013","1","40.293006","-80.030794","","11","0","0","0","0","0","0","0","0","","0","0","0","","","0","","2","","40 17:34.822","","3","80 01:50.859","0","0","0","0","2407","0","0","0","N","0","0","0","1","02407","0","","3.0","","9","N","N","","0","","0","0","1","","2","","","1","0","0","0","0","0","0","2","0","1","","","N","Y","3","1","N","N","N","N","N","N","Y",""
"2013117420","","0","0","0","0","0","0","0","0","0","7","0","","02","11","2013","3","40.525518","-80.224473","","11","0","0","0","0","0","0","1","0","1","0","0","0","","","0","","0","","40 31:31.865","5","0","80 13:28.103","0","0","0","0","2213","0","0","0","N","0","0","0","1","02213","0","","2.0","","7","N","N","","0","","0","0","1","","0","N","","1","0","0","0","0","0","0","2","0","1","","","","N","","","","","","","","","",""
"2013116183","","3","0","0","0","0","0","0","0","0","1","0","","02","11","2013","2","40.442277","-79.917177","","11","0","0","0","0","0","0","0","0","","0","0","0","","","1","","1","","40 26:32.197","","0","79 55:01.837","4","0","0","0","2301","0","0","0","N","0","0","0","3","02301","1","","1.0","","1","N","N","","0","","0","0","0","","2","","","3","1","0","0","0","0","0","2","0","3","","","","N","","","","","","","","","",""
"2013117957","","1","0","0","0","0","0","0","0","0","7","0","","02","11","2013","7","40.635369","-79.853005","","11","0","0","1","0","0","0","0","0","","0","0","0","","","0","","0","","40 38:07.330","","0","79 51:10.817","0","0","0","0","2220","0","0","0","N","0","0","0","1","02220","0","","5.0","","1","N","N","","0","","0","0","0","","0","","","1","0","0","0","0","0","0","2","0","1","","","","N","","","","","","","","","",""
"2013117421","","1","0","0","0","0","0","0","0","0","4","0","","02","11","2013","5","40.337466","-79.808754","","11","0","0","0","0","0","0","0","0","","0","0","0","","","0","","1","","40 20:14.876","","0","79 48:31.516","0","0","0","0","2477","0","0","0","N","0","0","0","3","02477","0","","1.0","","1","N","N","","1","","0","0","0","","2","","","2","0","0","0","0","0","0","2","0","2","","","","N","","","","","","","","","",""
"2013116769","","0","0","0","0","0","0","0","0","0","4","0","","02","11","2013","3","40.545878","-80.016897","","11","0","0","0","0","0","1","0","0","","0","0","0","","","1","","1","","40 32:45.159","","0","80 01:00.828","3","0","0","1","2116","0","0","0","N","0","0","0","2","02116","0","","1.0","","1","N","N","","0","","1","0","1","","2","","","2","1","0","0","0","0","0","2","0","2","","","","N","","","","","","","","","",""
"2013116185","","1","0","0","0","0","0","0","0","0","7","0","","02","11","2013","2","40.533858","-79.773841","","11","0","0","0","0","0","0","0","0","","0","0","0","","","1","","0","","40 32:01.887","","0","79 46:25.826","8","0","0","0","2466","0","0","0","N","0","0","0","1","02466","0","","1.0","","9","N","N","","0","","0","0","0","","0","","","1","1","0","0","0","1","0","1","0","1","","","","N","","","","","","","","","",""
"2013118233","","1","0","0","0","0","0","0","0","0","7","0","","02","11","2013","1","40.460953","-79.869124","","11","0","0","0","0","0","0","0","0","1","0","0","0","","","0","","0","","40 27:39.429","3","0","79 52:08.848","0","0","0","0","2113","0","0","0","N","0","0","0","1","02113","0","","2.0","","1","N","N","","0","","0","0","0","","0","Y","","1","0","0","0","0","0","0","2","0","1","","","","N","","","","","","","","","",""
"2013118345","","2","0","0","0","0","0","0","0","0","1","0","","02","11","2013","7","40.34951","-80.093883","","11","0","0","0","0","0","0","0","0","3","0","0","0","","","0","","0","","40 20:58.237","3","0","80 05:37.978","0","0","0","0","2123","0","0","0","N","0","0","0","1","02123","0","","2.0","","7","N","N","","0","","0","0","0","","0","N","","2","0","0","0","0","0","0","2","0","2","","","","N","","","","","","","","","",""
"2013117946","","0","0","0","0","0","0","0","0","0","7","0","","02","11","2013","7","40.459607","-79.994812","","11","0","0","0","0","0","0","0","0","2","0","0","0","","","0","","0","","40 27:34.585","7","0","79 59:41.323","9","0","0","0","2301","0","0","0","N","0","0","0","2","02301","0","","4.0","","1","N","N","","0","","0","0","1","","0","Y","","2","0","0","0","0","0","1","2","0","2","","","","N","","","","","","","","","",""
"2013117353","","1","0","0","0","0","0","0","0","0","7","0","","02","11","2013","5","40.463314","-79.921631","","11","0","0","0","0","0","0","0","1","","0","0","0","","","1","","0","","40 27:47.930","","7","79 55:17.870","8","0","0","0","2301","0","0","0","N","0","0","0","1","02301","0","","5.0","","1","N","N","","0","","0","0","0","","0","","","1","1","0","0","0","1","0","2","0","1","","","","N","","","","","","","","","",""
"2013116188","","1","0","0","0","0","0","0","0","0","1","0","","02","11","2013","2","40.406763","-80.003981","","11","0","0","0","0","0","1","0","0","1","0","0","0","","","1","","0","","40 24:24.348","1","0","80 00:14.333","8","0","0","0","2301","0","0","0","N","0","0","0","3","02301","0","","1.0","","1","N","N","","1","","0","0","0","","0","N","","2","1","0","0","0","1","0","2","0","2","","","","N","","","","","","","","","",""
"2013071103","","2","0","0","0","0","0","0","0","0","4","0","","02","7","2013","6","40.446873","-79.954817","","11","0","0","0","0","0","1","0","0","","0","0","0","","","0","","1","","40 26:48.742","","0","79 57:17.341","0","0","0","0","2301","0","0","0","N","0","0","0","3","02301","0","","1.0","","1","N","N","","0","","0","0","0","","3","","","2","0","1","0","0","0","0","2","0","2","","","","N","","","","","","","","","",""
"2013117947","","1","0","0","0","0","0","0","0","0","4","0","","02","11","2013","6","40.355649","-80.051358","","11","0","0","0","0","0","0","1","0","1","0","0","0","","","0","","0","","40 21:20.336","1","7","80 03:04.888","0","0","0","0","2109","0","0","0","N","0","0","0","2","02109","0","","1.0","","9","N","N","","0","","0","0","1","","2","Y","","2","0","0","0","0","0","0","2","0","2","","","","N","","","","","","","","","",""
"2013117959","","0","0","0","0","0","0","0","0","0","7","0","","02","11","2013","6","40.46765","-80.307445","","11","0","0","0","0","0","1","0","0","","0","0","0","","","0","","0","","40 28:03.540","","0","80 18:26.803","0","0","0","0","2203","0","0","0","N","0","0","0","1","02203","0","","5.0","","9","N","N","","0","","0","0","0","","0","","","1","0","0","0","0","0","0","1","1","1","","","","N","","","","","","","","","",""
"2013117563","","1","0","0","0","0","0","0","0","0","2","0","","02","11","2013","5","40.444114","-79.927887","","11","0","0","0","0","0","0","0","0","","0","0","0","","","0","","1","","40 26:38.811","","0","79 55:40.393","9","0","0","0","2301","0","0","0","N","0","0","0","2","02301","0","","1.0","","1","N","N","","0","","0","0","1","","2","","","2","0","2","0","0","0","1","2","0","2","","","","N","","","","","","","","","",""
"2013118235","","1","0","0","0","0","0","0","0","0","7","0","","02","11","2013","7","40.438485","-79.972852","","11","0","0","0","0","0","0","0","0","2","0","0","0","","","0","","0","","40 26:18.547","2","0","79 58:22.267","0","0","0","0","2301","0","0","0","N","0","0","0","1","02301","0","","5.0","","1","N","N","","0","","0","0","0","","0","N","","1","0","0","0","0","0","0","2","0","1","","","","N","","","","","","","","","",""
"2013117960","","1","0","0","0","0","0","0","0","0","7","0","","02","11","2013","7","40.418049","-79.966892","","11","0","0","0","0","0","0","0","0","","0","0","0","","","1","","3","","40 25:04.976","","0","79 58:00.811","4","0","0","0","2301","0","0","0","N","0","0","0","1","02301","1","","5.0","","1","N","N","","0","","0","0","0","","0","","","1","1","0","0","0","0","0","2","0","1","","","","N","","","","","","","","","",""
"2013118025","","1","0","0","0","0","0","0","0","0","4","0","","02","11","2013","6","40.368341","-80.084136","","11","0","0","1","0","0","1","0","0","2","0","0","0","","","0","","1","","40 22:06.027","3","0","80 05:02.889","0","0","0","0","2117","0","0","0","N","0","0","0","2","02117","0","","1.0","","9","N","N","","0","","0","0","1","","0","Y","","2","0","0","0","0","0","0","2","0","2","","","","N","","","","","","","","","",""
"2013116047","","0","0","0","0","0","0","0","0","0","7","0","","02","11","2013","6","40.404982","-79.891314","","11","0","0","0","0","0","0","0","0","1","0","0","0","","","1","","0","","40 24:17.936","2","0","79 53:28.732","8","0","0","0","2448","0","0","0","N","0","0","0","1","02448","0","","2.0","","1","N","N","","1","","0","0","0","","0","Y","","1","1","0","0","0","1","0","2","0","1","","","","N","","","","","","","","","",""
"2013118236","","1","0","0","0","0","0","0","0","0","7","0","","02","11","2013","1","40.458656","-79.998494","","11","0","0","0","0","0","0","0","0","1","0","0","0","","","0","","2","","40 27:31.163","4","3","79 59:54.577","0","0","0","0","2301","0","0","0","N","0","0","0","4","02301","0","","2.0","","1","N","N","","0","","0","0","0","","0","N","","1","0","0","0","0","0","0","2","0","1","","","","N","","","","","","","","","",""