"CRN","ARRIVAL_TM","AUTOMOBILE_COUNT","BELTED_DEATH_COUNT","BELTED_SUSP_SERIOUS_INJ_COUNT","BICYCLE_COUNT","BICYCLE_DEATH_COUNT","BICYCLE_SUSP_SERIOUS_INJ_COUNT","BUS_COUNT","CHLDPAS_DEATH_COUNT","CHLDPAS_SUSP_SERIOUS_INJ_COUNT","COLLISION_TYPE","COMM_VEH_COUNT","CONS_ZONE_SPD_LIM","COUNTY","CRASH_MONTH","CRASH_YEAR","DAY_OF_WEEK","DEC_LATITUDE","DEC_LONGITUDE","DISPATCH_TM","DISTRICT","DRIVER_COUNT_16YR","DRIVER_COUNT_17YR","DRIVER_COUNT_18YR","DRIVER_COUNT_19YR","DRIVER_COUNT_20YR","DRIVER_COUNT_50_64YR","DRIVER_COUNT_65_74YR","DRIVER_COUNT_75PLUS","EST_HRS_CLOSED","FATAL_COUNT","HEAVY_TRUCK_COUNT","HORSE_BUGGY_COUNT","HOUR_OF_DAY","ILLUMINATION","INJURY_COUNT","INTERSECTION_RELATED","INTERSECT_TYPE","LANE_CLOSED","LATITUDE","LN_CLOSE_DIR","LOCATION_TYPE","LONGITUDE","MAX_SEVERITY_LEVEL","MCYCLE_DEATH_COUNT","MCYCLE_SUSP_SERIOUS_INJ_COUNT","MOTORCYCLE_COUNT","MUNICIPALITY","NONMOTR_COUNT","NONMOTR_DEATH_COUNT","NONMOTR_SUSP_SERIOUS_INJ_COUNT","NTFY_HIWY_MAINT","PED_COUNT","PED_DEATH_COUNT","PED_SUSP_SERIOUS_INJ_COUNT","PERSON_COUNT","POLICE_AGCY","POSSIBLE_INJ_COUNT","RDWY_SURF_TYPE_CD","RELATION_TO_ROAD","ROADWAY_CLEARED","ROAD_CONDITION","SCH_BUS_IND","SCH_ZONE_IND","SECONDARY_CRASH","SMALL_TRUCK_COUNT","SPEC_JURIS_CD","SUSP_MINOR_INJ_COUNT","SUSP_SERIOUS_INJ_COUNT","SUV_COUNT","TCD_FUNC_CD","TCD_TYPE","TFC_DETOUR_IND","TIME_OF_DAY","TOTAL_UNITS","TOT_INJ_COUNT","UNBELTED_OCC_COUNT","UNB_DEATH_COUNT","UNB_SUSP_SERIOUS_INJ_COUNT","UNK_INJ_DEG_COUNT","UNK_INJ_PER_COUNT","URBAN_RURAL","VAN_COUNT","VEHICLE_COUNT","WEATHER1","WEATHER2","WORKERS_PRES","WORK_ZONE_IND","WORK_ZONE_LOC","WORK_ZONE_TYPE","WZ_CLOSE_DETOUR","WZ_FLAGGER","WZ_LAW_OFFCR_IND","WZ_LN_CLOSURE","WZ_MOVING","WZ_OTHER","WZ_SHLDER_MDN","WZ_WORKERS_INJ_KILLED"
"2013117525","","1","0","0","0","0","0","0","0","0","1","0","","02","10","2013","3","40.375399","-79.983245","","11","0","0","0","1","0","1","0","0","","0","0","0","","","1","","1","","40 22:31.436","","0","79 58:59.683","8","0","0","0","2413","0","0","0","N","0","0","0","5","02413","0","","1.0","","1","N","N","","1","","0","0","0","","2","","","2","1","0","0","0","1","0","2","0","2","","","","N","","","","","","","","","",""
"2013117537","","2","0","0","0","0","0","0","0","0","4","0","","02","11","2013","5","40.481814","-79.850647","","11","0","0","0","1","0","0","0","0","","0","0","0","","","0","","0","","40 28:54.529","","0","79 51:02.329","9","0","0","0","2113","0","0","0","N","0","0","0","4","02113","0","","1.0","","1","N","N","","0","","0","0","0","","0","","","2","0","0","0","0","0","3","2","0","2","","","","N","","","","","","","","","",""
"2013116294","","2","0","0","0","0","0","0","0","0","4","0","","02","11","2013","2","40.355851","-80.028223","","11","0","0","0","0","0","2","0","0","2","0","0","0","","","1","","2","","40 21:21.063","4","0","80 01:41.601","4","0","0","0","2407","0","0","0","N","0","0","0","3","02407","1","","1.0","","1","N","N","","0","","0","0","0","","2","Y","","2","1","0","0","0","0","0","2","0","2","","","","N","","","","","","","","","",""
"2013116963","","2","0","0","0","0","0","0","0","0","4","0","","02","11","2013","7","40.431124","-79.792084","","11","0","0","0","0","0","0","1","0","","0","0","0","","","0","","2","","40 25:52.046","","0","79 47:31.502","0","0","0","0","2446","0","0","0","N","0","0","0","2","02446","0","","1.0","","1","N","N","","0","","0","0","0","","2","","","2","0","1","0","0","0","0","2","0","2","","","","N","","","","","","","","","",""
"2013117886","","1","0","0","0","0","0","0","0","0","4","0","","02","11","2013","5","40.527985","-79.850431","","11","0","0","0","0","0","0","0","0","1","0","0","0","","","0","","0","","40 31:40.746","1","0","79 51:01.553","0","0","0","0","2208","0","0","0","","0","0","0","3","02208","0","","1.0","","1","","","","1","","0","0","0","","0","N","","2","0","0","0","0","0","0","2","0","2","","","","N","","","","","","","","","",""
"2013116571","","2","0","0","0","0","0","0","0","0","1","0","","02","11","2013","3","40.437663","-79.97255","","11","0","0","0","0","0","2","0","0","","0","0","0","","","0","","2","","40 26:15.588","","3","79 58:21.180","0","0","0","0","2301","0","0","0","N","0","0","0","4","02301","0","","1.0","","1","N","N","","0","","0","0","1","","2","","","3","0","0","0","0","0","0","2","0","3","","","","N","","","","","","","","","",""
"2013116295","","1","0","0","0","0","0","0","0","0","1","0","","02","11","2013","2","40.336003","-80.049298","","11","0","0","0","0","0","0","0","0","","0","0","0","","","1","","0","","40 20:09.610","","0","80 02:57.472","4","0","0","0","2407","0","0","0","N","0","0","0","2","02407","1","","1.0","","1","N","N","","0","","0","0","0","","0","","","2","1","1","0","0","0","0","2","1","2","","","","N","","","","","","","","","",""
"2013117173","","2","0","0","0","0","0","0","0","0","4","0","","02","11","2013","4","40.45289","-79.920715","","11","0","0","0","0","0","0","1","0","","0","0","0","","","0","","1","","40 27:10.404","","0","79 55:14.574","9","0","0","0","2301","0","0","0","N","0","0","0","7","02301","0","","1.0","","1","N","N","","0","","0","0","0","","2","","","2","0","2","0","0","0","1","2","0","2","","","","N","","","","","","","","","",""
"2013116296","","1","0","0","0","0","0","0","0","0","4","0","","02","11","2013","3","40.348544","-80.057789","","11","0","0","0","0","0","1","0","0","1","0","0","0","","","1","","0","","40 20:54.757","1","7","80 03:28.039","8","0","0","0","2407","0","0","0","N","0","0","0","2","02407","0","","1.0","","1","N","N","","0","","0","0","1","","0","N","","2","1","0","0","0","1","0","2","0","2","","","","N","","","","","","","","","",""
"2013115769","","1","0","0","0","0","0","0","0","0","8","0","","02","11","2013","7","40.340639","-79.964521","","11","0","0","0","0","0","0","0","0","1","0","0","0","","","1","","1","","40 20:26.300","2","0","79 57:52.276","8","0","0","0","2454","1","0","0","N","1","0","0","2","02454","0","","1.0","","1","N","N","","0","","0","0","0","","2","N","","2","1","0","0","0","1","0","2","0","1","","","","N","","","","","","","","","",""
"2013115847","","2","0","0","0","0","0","0","0","0","4","0","","02","11","2013","1","40.456342","-80.074065","","11","0","0","0","0","2","0","0","0","","0","0","0","","","0","","0","","40 27:22.831","","0","80 04:26.634","0","0","0","0","2301","0","0","0","N","0","0","0","4","02301","0","","1.0","","98","N","N","","0","","0","0","0","","0","","","2","0","0","0","0","0","0","2","0","2","","","","N","","","","","","","","","",""
"2013116297","","1","0","0","0","0","0","0","0","0","4","0","","02","11","2013","2","40.357834","-80.071041","","11","0","0","0","0","0","1","0","0","","0","0","0","","","1","","0","","40 21:28.203","","0","80 04:15.748","4","0","0","0","2407","0","0","0","N","0","0","0","2","02407","1","","1.0","","1","N","N","","0","","0","0","0","","0","","","2","1","0","0","0","0","0","2","1","2","","","","N","","","","","","","","","",""
"2013115784","","1","0","0","0","0","0","0","0","0","2","0","","02","11","2013","7","40.531722","-80.025564","","11","0","0","0","0","0","0","0","0","","0","0","0","","","0","","0","","40 31:54.200","","0","80 01:32.030","0","0","0","0","2116","0","0","0","N","0","0","0","1","02116","0","","6.0","","1","N","N","","0","","0","0","1","","0","","","2","0","1","0","0","0","0","2","0","2","","","","N","","","","","","","","","",""
"2013118381","","2","0","0","0","0","0","0","0","0","1","0","","02","11","2013","3","","","","11","0","0","0","1","0","0","0","0","2","0","0","0","","","0","","0","","","1","0","","0","0","0","0","2111","0","0","0","N","0","0","0","2","02111","0","","1.0","","1","N","N","","0","","0","0","0","","0","N","","2","0","0","0","0","0","0","1","0","2","","","","N","","","","","","","","","",""
"2013116954","","2","0","0","0","0","0","0","0","0","5","0","","02","11","2013","7","40.467979","-79.919326","","11","0","0","0","0","0","1","0","0","","0","0","0","","","0","","0","","40 28:04.724","","0","79 55:09.573","0","0","0","0","2301","0","0","0","N","0","0","0","1","02301","0","","1.0","","1","N","N","","0","","0","0","1","","0","","","3","0","0","0","0","0","0","2","0","3","","","","N","","","","","","","","","",""
"2013117684","","1","0","0","0","0","0","0","0","0","7","0","","02","11","2013","6","40.472383","-79.889072","","11","0","0","0","0","0","0","0","0","","0","0","0","","","0","","2","","40 28:20.580","","0","79 53:20.660","0","0","0","0","2301","0","0","0","N","0","0","0","1","02301","0","","5.0","","9","N","N","","0","","0","0","0","","0","","","1","0","0","0","0","0","0","2","0","1","","","","N","","","","","","","","","",""
"2013115916","","0","0","0","0","0","0","0","0","0","1","0","","02","11","2013","1","40.632407","-80.001669","","11","0","0","0","0","0","1","0","0","2","0","0","0","","","0","","0","","40 37:56.666","6","0","80 00:06.008","0","0","0","0","2216","0","0","0","N","0","0","0","3","02505","0","","1.0","","9","N","N","","2","","0","0","0","","0","N","","2","0","0","0","0","0","0","2","0","2","","","","N","","","","","","","","","",""
"2013118382","","1","0","0","0","0","0","0","0","0","1","0","","02","11","2013","7","40.364028","-80.047965","","11","0","0","0","0","0","1","0","0","1","0","0","0","","","1","","2","","40 21:50.502","5","0","80 02:52.673","4","0","0","0","2109","0","0","0","N","0","0","0","2","02109","1","","1.0","","2","N","N","","0","","0","0","1","","0","Y","","2","1","0","0","0","0","0","2","0","2","","","","N","","","","","","","","","",""
"2013117685","","0","1","0","0","0","0","0","0","0","1","0","","02","11","2013","6","40.623784","-79.724444","","11","0","0","0","0","0","1","0","1","2","1","0","0","","","0","","5","","40 37:25.622","4","0","79 43:27.999","1","0","0","0","2106","0","0","0","N","0","0","0","3","02106","0","2","1.0","","1","N","N","","2","0","0","0","0","","2","N","","3","0","0","0","0","0","0","2","1","3","","","","N","","","","","","","","","",""
"2013117754","","2","0","0","0","0","0","0","0","0","4","1","","02","11","2013","6","40.406671","-79.967404","","11","0","0","0","0","0","1","1","0","","0","1","0","","","0","","0","","40 24:24.015","","0","79 58:02.654","0","0","0","0","2403","0","0","0","N","0","0","0","2","02403","0","","1.0","","9","N","N","","0","","0","0","0","","0","","","3","0","0","0","0","0","0","2","0","3","","","","N","","","","","","","","","",""
"2013115787","","2","0","0","0","0","0","0","0","0","4","0","","02","11","2013","7","40.496042","-80.007021","","11","0","0","0","0","0","1","0","0","1","0","0","0","","","0","","1","","40 29:45.751","5","0","80 00:25.275","0","0","0","0","2301","0","0","0","N","0","0","0","3","02301","0","","1.0","","1","N","N","","0","","0","0","0","","3","N","","2","0","0","0","0","0","0","2","0","2","","","","N","","","","","","","","","",""
"2013115917","","1","0","0","0","0","0","0","0","0","4","0","","02","11","2013","1","40.576024","-79.978798","","11","0","0","1","0","0","0","0","0","","0","0","0","","","0","","2","","40 34:33.685","","0","79 58:43.673","0","0","0","0","2207","0","0","0","N","0","0","0","2","02207","0","","1.0","","9","N","N","","0","","0","0","1","","3","","","2","0","0","0","0","0","0","1","0","2","","","","N","","","","","","","","","",""
"2013116374","","2","0","0","0","0","0","0","0","0","1","0","","02","11","2013","2","40.454076","-79.996814","","11","0","0","0","0","0","0","0","0","2","0","0","0","","","0","","1","","40 27:14.672","3","0","79 59:48.532","0","0","0","0","2301","0","0","0","N","0","0","0","2","02301","0","","1.0","","1","N","N","","0","","0","0","0","","2","N","","2","0","2","0","0","0","0","2","0","2","","","","N","","","","","","","","","",""
"2013117767","","1","0","0","0","0","0","0","0","0","0","0","","02","11","2013","6","40.451709","-79.981622","","11","0","0","0","0","0","0","0","0","","0","0","0","","","0","","2","","40 27:06.152","","0","79 58:53.839","0","0","0","0","2301","0","0","0","N","0","0","0","1","02301","0","","1.0","","1","N","N","","0","","0","0","0","","0","","","2","0","0","0","0","0","0","2","0","1","","","","N","","","","","","","","","",""
"2013116440","","1","0","0","0","0","0","0","0","0","1","0","45","02","10","2013","6","40.426136","-79.89602","","11","0","0","0","0","0","0","0","0","","0","0","0","","","0","","0","","40 25:34.091","","0","79 53:45.672","0","0","0","0","2301","0","0","0","N","0","0","0","4","68B03","0","","1.0","","1","N","N","","1","","0","0","0","","0","","","2","0","0","0","0","0","0","2","0","2","","","Y","Y","2","2","N","N","N","Y","N","N","N",""
"2013117179","","2","0","0","0","0","0","0","0","0","4","0","","02","11","2013","4","40.395953","-79.987242","","11","0","0","0","1","0","0","0","0","1","0","0","0","","","2","","0","","40 23:45.430","1","0","79 59:14.071","3","0","0","2","2301","0","0","0","N","0","0","0","4","02301","0","","1.0","","1","N","N","","0","","2","0","0","","0","N","","4","2","0","0","0","0","0","2","0","4","","","","N","","","","","","","","","",""
"2013117893","","2","0","0","0","0","0","0","0","0","1","0","","02","11","2013","6","40.438664","-79.744184","","11","0","0","0","0","0","0","0","0","","0","0","0","","","0","","0","","40 26:19.189","","0","79 44:39.062","0","0","0","0","2446","0","0","0","N","0","0","0","3","02446","0","","1.0","","9","N","N","","0","","0","0","1","","0","","","3","0","0","0","0","0","0","2","0","3","","","","N","","","","","","","","","",""
"2013116895","","0","0","0","0","0","0","0","0","0","0","0","","02","11","2013","7","40.438706","-79.96089","","11","0","0","0","0","0","0","0","0","","0","0","0","","","1","","0","","40 26:19.340","","0","79 57:39.205","8","0","0","1","2301","0","0","0","N","0","0","0","2","02506","0","","1.0","","1","N","N","","0","","0","0","0","","0","","","1","1","0","0","0","1","0","2","0","1","","","","N","","","","","","","","","",""
"2013116441","","1","0","0","0","0","0","0","0","0","7","0","","02","11","2013","3","40.422625","-80.102925","","11","0","0","0","0","0","0","0","0","","0","0","0","","","0","","0","","40 25:21.451","","2","80 06:10.530","0","0","0","0","2115","0","0","0","Y","0","0","0","1","68B03","0","","2.0","","6","N","N","","0","","0","0","0","","0","","","1","0","0","0","0","0","0","2","0","1","","","","N","","","","","","","","","",""
"2013116453","","1","0","0","0","0","0","0","0","0","7","0","","02","11","2013","3","40.579467","-79.784519","","11","0","0","0","0","0","0","0","0","","0","0","0","","","1","","7","","40 34:46.080","","2","79 47:04.267","3","0","0","0","2104","0","0","0","N","0","0","0","1","68D02","0","","5.0","","1","N","N","","0","","1","0","0","","0","","","1","1","0","0","0","0","0","2","0","1","","","","N","","","","","","","","","",""
"2013117689","","1","0","0","0","0","0","0","0","0","1","0","","02","11","2013","6","40.458792","-79.985798","","11","0","0","0","0","0","0","0","0","","0","0","0","","","0","","0","","40 27:31.651","","0","79 59:08.871","0","0","0","0","2301","0","0","0","N","0","0","0","2","02301","0","","1.0","","9","N","N","","0","","0","0","1","","0","","","2","0","0","0","0","0","0","2","0","2","","","","N","","","","","","","","","",""
"2013118267","","2","0","0","0","0","0","0","0","0","4","0","","02","11","2013","1","40.451509","-79.908149","","11","0","0","0","0","0","0","0","0","","0","0","0","","","0","","1","","40 27:05.432","","0","79 54:29.335","0","0","0","0","2301","0","0","0","N","0","0","0","2","02301","0","","1.0","","1","N","N","","0","","0","0","0","","2","","","2","0","0","0","0","0","0","2","0","2","","","","N","","","","","","","","","",""
"2013117770","","1","0","0","0","0","0","0","0","0","1","0","","02","11","2013","6","40.437064","-80.191504","","11","0","0","0","0","0","1","0","0","","0","0","0","","","0","","2","","40 26:13.431","","0","80 11:29.416","0","0","0","0","2214","0","0","0","N","0","0","0","4","02214","0","","1.0","","9","N","N","","0","","0","0","1","","2","","","2","0","0","0","0","0","0","2","0","2","","","","N","","","","","","","","","",""
"2013115921","","1","0","0","0","0","0","0","0","0","1","0","","02","10","2013","6","40.352855","-80.105565","","11","0","0","0","0","0","1","0","0","3","0","0","0","","","1","","0","","40 21:10.277","6","0","80 06:20.035","3","0","0","0","2414","0","0","0","N","0","0","0","1","02414","0","","2.0","","1","N","N","","0","","1","0","1","","0","Y","","2","1","1","0","0","0","0","2","0","2","","","","N","","","","","","","","","",""
"2013118109","","1","0","0","0","0","0","0","0","0","5","0","","02","11","2013","7","40.602483","-79.754369","","11","0","0","0","0","0","1","0","0","1","0","0","0","","","1","","0","","40 36:08.940","6","0","79 45:15.728","4","0","0","0","2464","0","0","0","N","0","0","0","2","02464","1","","6.0","","9","N","N","","0","","0","0","1","","3","Y","","2","1","0","0","0","0","0","2","0","2","","","","N","","","","","","","","","",""
"2013116974","","0","0","0","0","0","0","0","0","0","1","0","","02","11","2013","4","40.307144","-80.093355","","11","0","0","0","0","0","1","0","0","2","0","0","0","","","1","","1","","40 18:25.719","1","0","80 05:36.079","8","0","0","0","2123","0","0","0","N","0","0","0","2","02123","0","","1.0","","1","N","N","","0","","0","0","2","","2","N","","2","1","0","0","0","1","0","2","0","2","","","","N","","","","","","","","","",""
"2013117690","","1","0","0","0","0","0","0","0","0","4","0","","02","11","2013","5","40.340492","-80.058467","","11","0","0","0","1","0","0","0","0","1","0","0","0","","","0","","0","","40 20:25.770","4","7","80 03:30.480","0","0","0","0","2123","0","0","0","N","0","0","0","2","02123","0","","1.0","","1","N","N","","0","","0","0","0","","3","N","","2","0","0","0","0","0","0","2","1","2","","","","N","","","","","","","","","",""
"2013116515","","1","0","0","0","0","0","0","0","0","1","0","","02","11","2013","3","40.440463","-79.965578","","11","0","0","0","0","0","0","0","0","","0","0","0","","","0","","0","","40 26:25.666","","7","79 57:56.080","0","0","0","0","2301","0","0","0","N","0","0","0","2","02301","0","","1.0","","1","N","N","","0","","0","0","1","","0","","","2","0","0","0","0","0","0","2","0","2","","","","N","","","","","","","","","",""
"2013115922","","3","0","0","0","0","0","0","0","0","5","0","","02","10","2013","6","40.354296","-80.10786","","11","0","0","0","0","0","1","0","0","2","0","0","0","","","0","","0","","40 21:15.465","5","0","80 06:28.296","0","0","0","0","2414","0","0","0","N","0","0","0","1","02414","0","","2.0","","1","N","N","","0","","0","0","0","","0","N","","3","0","0","0","0","0","0","2","0","3","","","","N","","","","","","","","","",""
"2013103291","","2","0","0","0","0","0","0","0","0","6","0","","02","10","2013","6","40.602017","-79.755294","","11","0","0","0","0","0","0","0","0","2","0","0","0","","","0","","0","","40 36:07.260","6","0","79 45:19.060","0","0","0","0","2464","0","0","0","N","0","0","0","3","02464","0","","1.0","","1","N","N","","0","","0","0","0","","0","Y","","2","0","0","0","0","0","0","2","0","2","","","","N","","","","","","","","","",""
"2013115923","","1","0","0","0","0","0","0","0","0","6","0","","02","11","2013","7","40.350871","-80.10745","","11","0","0","0","0","0","0","0","1","","0","0","0","","","0","","2","","40 21:03.137","","0","80 06:26.821","0","0","0","0","2414","0","0","0","N","0","0","0","4","02414","0","","1.0","","1","N","N","","0","","0","0","0","","0","","","2","0","0","0","0","0","0","2","0","2","","","","N","","","","","","","","","",""
"2013117773","","3","0","0","0","0","0","0","0","0","4","0","","02","11","2013","6","40.450672","-80.023482","","11","0","0","0","0","0","0","0","0","2","0","0","0","","","0","","1","","40 27:02.419","7","0","80 01:24.535","0","0","0","0","2301","0","0","0","N","0","0","0","3","02301","0","","1.0","","9","N","N","","0","","0","0","0","","2","N","","3","0","0","0","0","0","0","2","0","3","","","","N","","","","","","","","","",""
"2013115860","","1","0","0","0","0","0","0","0","0","4","0","","02","11","2013","5","40.522585","-80.082459","","11","0","0","1","0","0","0","0","0","","0","0","0","","","0","","0","","40 31:21.306","","0","80 04:56.852","0","0","0","0","2215","0","0","0","N","0","0","0","2","02215","0","","1.0","","9","N","N","","1","","0","0","0","","0","","","2","0","0","0","0","0","0","2","0","2","","","","N","","","","","","","","","",""
"2013117184","","0","0","0","0","0","0","0","0","0","7","0","","02","11","2013","4","40.404627","-80.018983","","11","0","0","0","0","0","0","0","0","","0","0","0","","","1","","0","","40 24:16.658","","0","80 01:08.340","8","0","0","1","2301","0","0","0","N","0","0","0","1","02301","0","","2.0","","1","N","N","","0","","0","0","0","","0","","","1","1","0","0","0","1","0","2","0","1","","","","N","","","","","","","","","",""
"2013115924","","1","0","0","0","0","0","0","0","0","4","0","","02","11","2013","2","40.348978","-80.104608","","11","0","0","0","0","0","1","0","0","","0","0","0","","","1","","1","","40 20:56.320","","0","80 06:16.589","8","0","0","0","2414","0","0","0","N","0","0","0","2","02414","0","","1.0","","1","N","N","","0","","0","0","1","","3","","","2","1","0","0","0","1","0","2","0","2","","","","N","","","","","","","","","",""
"2013117041","","0","0","0","0","0","0","0","0","0","7","0","","02","11","2013","1","40.549198","-80.08617","","11","0","0","0","0","0","0","0","0","","0","0","0","","","0","","0","","40 32:57.111","","0","80 05:10.211","0","0","0","0","2215","0","0","0","Y","0","0","0","1","68B03","0","","2.0","","9","N","N","","0","","0","0","1","","0","","","1","0","0","0","0","0","0","2","0","1","","","","N","","","","","","","","","",""
"2013115795","","1","0","0","0","0","0","0","0","0","7","0","","02","11","2013","1","40.407332","-80.034143","","11","0","0","0","0","0","0","0","0","","0","0","0","","","0","","0","","40 24:26.395","","0","80 02:02.914","0","0","0","0","2301","0","0","0","N","0","0","0","1","02301","0","","2.0","","9","N","N","","0","","0","0","0","","0","","","1","0","1","0","0","0","0","2","0","1","","","","N","","","","","","","","","",""
"2013117903","","2","0","0","0","0","0","0","0","0","4","0","","02","11","2013","6","40.478478","-80.031129","","11","0","0","0","0","0","0","0","0","","0","0","0","","","0","","0","","40 28:42.519","","0","80 01:52.066","9","0","0","0","2301","0","0","0","N","0","0","0","4","02301","0","","1.0","","9","N","N","","0","","0","0","0","","0","","","2","0","0","0","0","0","1","2","0","2","","","","N","","","","","","","","","",""
"2013115862","","1","0","0","0","0","0","0","0","0","4","0","","02","11","2013","6","40.381418","-79.816881","","11","0","0","0","0","0","0","1","0","","0","0","0","","","1","","2","","40 22:53.104","","0","79 49:00.772","4","0","0","0","2111","0","0","0","N","0","0","0","2","02111","1","","1.0","","1","N","N","","0","","0","0","1","","0","","","2","1","1","0","0","0","0","2","0","2","","","","N","","","","","","","","","",""
"2013117043","","1","0","0","0","0","0","0","0","0","1","0","","02","11","2013","3","40.411577","-80.076087","","11","0","0","0","0","0","0","0","0","","0","0","0","","","0","","6","","40 24:41.677","","2","80 04:33.912","0","0","0","0","2117","0","0","0","N","0","0","0","2","68B03","0","","7.0","","1","N","N","","0","","0","0","1","","4","","","2","0","0","0","0","0","0","2","0","2","","","","N","","","","","","","","","",""
"2013117056","","0","0","0","0","0","0","0","0","0","1","0","","02","11","2013","3","40.492912","-79.91052","","11","0","0","0","0","0","1","1","0","","0","0","0","","","0","","6","","40 29:34.483","","2","79 54:37.873","0","0","0","0","2112","0","0","0","N","0","0","0","2","68D02","0","","1.0","","1","N","N","","1","","0","0","1","","3","","","2","0","0","0","0","0","0","2","0","2","","","","N","","","","","","","","","",""
"2013117776","","1","0","0","0","0","0","0","0","0","1","0","","02","11","2013","6","40.467766","-79.961179","","11","0","0","0","0","0","1","0","0","","0","0","0","","","0","","0","","40 28:03.959","","0","79 57:40.245","0","0","0","0","2301","0","0","0","N","0","0","0","3","02301","0","","1.0","","9","N","N","","0","","0","0","1","","0","","","2","0","0","0","0","0","0","2","0","2","","","","N","","","","","","","","","",""
"2013116535","","2","0","0","0","0","0","0","0","0","4","0","","02","11","2013","3","40.447287","-79.944189","","11","0","0","0","0","1","1","0","0","1","0","0","0","","","1","","2","","40 26:50.233","6","0","79 56:39.080","8","0","0","0","2301","0","0","0","N","0","0","0","2","02301","0","","1.0","","1","N","N","","0","","0","0","0","","3","N","","2","1","0","0","0","1","0","2","0","2","","","","N","","","","","","","","","",""
"2013116399","","0","0","0","0","0","0","0","0","0","4","0","","02","11","2013","4","40.41407","-80.009676","","11","0","0","0","0","0","0","0","0","","0","0","0","","","0","","0","","40 24:50.653","","3","80 00:34.834","0","0","0","0","2301","0","0","0","N","0","0","0","2","02301","0","","1.0","","2","N","N","","2","","0","0","0","","0","","","2","0","0","0","0","0","0","2","0","2","","","","N","","","","","","","","","",""
"2013102535","","1","0","0","0","0","0","0","0","0","4","0","","02","10","2013","2","40.444202","-80.028173","","11","0","0","0","0","0","1","0","0","","0","0","0","","","1","","1","","40 26:39.126","","0","80 01:41.424","4","0","0","0","2301","0","0","0","","0","0","0","2","02301","1","","1.0","","1","","","","0","","0","0","0","","2","","","2","1","0","0","0","0","0","2","1","2","","","","N","","","","","","","","","",""
"2013118117","","1","0","0","0","0","0","0","0","0","5","0","","02","11","2013","6","40.544746","-79.8388","","11","0","0","0","0","0","0","0","0","1","0","0","0","","","0","","0","","40 32:41.084","3","0","79 50:19.681","0","0","0","0","2208","0","0","0","N","0","0","0","2","02208","0","","1.0","","9","N","N","","1","","0","0","0","","0","N","","2","0","0","0","0","0","0","2","0","2","","","","N","","","","","","","","","",""
"2013115801","","1","0","0","0","0","0","0","0","0","7","0","","02","11","2013","4","40.28143","-79.909","","11","0","0","0","0","0","0","0","0","","0","0","0","","","0","","0","","40 16:53.148","","0","79 54:32.401","0","0","0","0","2440","0","0","0","N","0","0","0","1","02440","0","","1.0","","7","N","N","","0","","0","0","0","","0","","","1","0","0","0","0","0","0","2","0","1","","","","N","","","","","","","","","",""
"2013115867","","0","0","0","0","0","0","0","0","0","4","1","","02","11","2013","5","40.497817","-80.091476","","11","0","0","0","0","0","0","0","0","2","0","1","0","","","1","","0","","40 29:52.141","4","7","80 05:29.313","4","0","0","0","2110","0","0","0","N","0","0","0","2","02215","1","","1.0","","1","N","N","","1","","0","0","0","","2","N","","2","1","0","0","0","0","0","2","0","2","","","","N","","","","","","","","","",""
"2013115802","","1","0","0","0","0","0","0","0","0","7","0","","02","11","2013","1","40.454543","-80.232555","","11","0","0","0","0","0","0","0","0","","0","0","0","","","0","","2","","40 27:16.354","","0","80 13:57.198","0","0","0","0","2214","0","0","0","N","0","0","0","1","02214","0","","5.0","","9","N","N","","0","","0","0","0","","0","","","1","0","0","0","0","0","0","2","0","1","","","","N","","","","","","","","","",""
"2013115868","","2","0","0","0","0","0","0","0","0","4","0","","02","11","2013","4","40.370375","-79.786261","","11","0","0","0","0","0","0","0","2","","0","0","0","","","0","","1","","40 22:13.350","","0","79 47:10.538","0","0","0","0","2111","0","0","0","N","0","0","0","2","02111","0","","1.0","","1","N","N","","0","","0","0","0","","2","","","2","0","0","0","0","0","0","2","0","2","","","","N","","","","","","","","","",""
"2013117206","","1","0","0","0","0","0","0","0","0","8","0","","02","11","2013","4","40.474387","-79.97123","","11","0","0","0","0","0","0","0","0","1","0","0","0","","","2","","1","","40 28:27.793","2","2","79 58:16.428","4","0","0","0","2445","2","0","0","N","2","0","0","3","02445","2","","7.0","","1","N","N","","0","","0","0","0","","8","N","","3","2","0","0","0","0","0","2","0","1","","","","N","","","","","","","","","",""
"2013103302","","0","0","0","0","0","0","0","0","0","7","0","","02","10","2013","3","40.458182","-79.999264","","11","0","0","0","0","0","0","0","0","","0","0","0","","","0","","10","","40 27:29.455","","0","79 59:57.349","0","0","0","0","2301","0","0","0","N","0","0","0","1","02301","0","","2.0","","1","N","N","","0","","0","0","1","","0","","","1","0","0","0","0","0","0","2","0","1","","","","N","","","","","","","","","",""
"2013116987","","0","0","0","0","0","0","0","0","0","7","0","","02","11","2013","4","40.460511","-79.815688","","11","0","0","0","0","0","0","0","1","2","0","0","0","","","1","","0","","40 27:37.839","6","0","79 48:56.476","8","0","0","0","2113","0","0","0","N","0","0","0","1","02113","0","","5.0","","1","N","N","","0","","0","0","1","","0","Y","","1","1","0","0","0","1","0","2","0","1","","","","N","","","","","","","","","",""