"CRN","ARRIVAL_TM","AUTOMOBILE_COUNT","BELTED_DEATH_COUNT","BELTED_SUSP_SERIOUS_INJ_COUNT","BICYCLE_COUNT","BICYCLE_DEATH_COUNT","BICYCLE_SUSP_SERIOUS_INJ_COUNT","BUS_COUNT","CHLDPAS_DEATH_COUNT","CHLDPAS_SUSP_SERIOUS_INJ_COUNT","COLLISION_TYPE","COMM_VEH_COUNT","CONS_ZONE_SPD_LIM","COUNTY","CRASH_MONTH","CRASH_YEAR","DAY_OF_WEEK","DEC_LATITUDE","DEC_LONGITUDE","DISPATCH_TM","DISTRICT","DRIVER_COUNT_16YR","DRIVER_COUNT_17YR","DRIVER_COUNT_18YR","DRIVER_COUNT_19YR","DRIVER_COUNT_20YR","DRIVER_COUNT_50_64YR","DRIVER_COUNT_65_74YR","DRIVER_COUNT_75PLUS","EST_HRS_CLOSED","FATAL_COUNT","HEAVY_TRUCK_COUNT","HORSE_BUGGY_COUNT","HOUR_OF_DAY","ILLUMINATION","INJURY_COUNT","INTERSECTION_RELATED","INTERSECT_TYPE","LANE_CLOSED","LATITUDE","LN_CLOSE_DIR","LOCATION_TYPE","LONGITUDE","MAX_SEVERITY_LEVEL","MCYCLE_DEATH_COUNT","MCYCLE_SUSP_SERIOUS_INJ_COUNT","MOTORCYCLE_COUNT","MUNICIPALITY","NONMOTR_COUNT","NONMOTR_DEATH_COUNT","NONMOTR_SUSP_SERIOUS_INJ_COUNT","NTFY_HIWY_MAINT","PED_COUNT","PED_DEATH_COUNT","PED_SUSP_SERIOUS_INJ_COUNT","PERSON_COUNT","POLICE_AGCY","POSSIBLE_INJ_COUNT","RDWY_SURF_TYPE_CD","RELATION_TO_ROAD","ROADWAY_CLEARED","ROAD_CONDITION","SCH_BUS_IND","SCH_ZONE_IND","SECONDARY_CRASH","SMALL_TRUCK_COUNT","SPEC_JURIS_CD","SUSP_MINOR_INJ_COUNT","SUSP_SERIOUS_INJ_COUNT","SUV_COUNT","TCD_FUNC_CD","TCD_TYPE","TFC_DETOUR_IND","TIME_OF_DAY","TOTAL_UNITS","TOT_INJ_COUNT","UNBELTED_OCC_COUNT","UNB_DEATH_COUNT","UNB_SUSP_SERIOUS_INJ_COUNT","UNK_INJ_DEG_COUNT","UNK_INJ_PER_COUNT","URBAN_RURAL","VAN_COUNT","VEHICLE_COUNT","WEATHER1","WEATHER2","WORKERS_PRES","WORK_ZONE_IND","WORK_ZONE_LOC","WORK_ZONE_TYPE","WZ_CLOSE_DETOUR","WZ_FLAGGER","WZ_LAW_OFFCR_IND","WZ_LN_CLOSURE","WZ_MOVING","WZ_OTHER","WZ_SHLDER_MDN","WZ_WORKERS_INJ_KILLED"
"2013116494","","1","0","0","0","0","0","0","0","0","7","0","","02","11","2013","1","40.524737","-79.819944","","11","0","0","0","0","0","0","0","0","1","0","0","0","","","0","","0","","40 31:29.053","4","0","79 49:11.797","0","0","0","0","2466","0","0","0","N","0","0","0","1","68T02","0","","3.0","","9","N","N","","0","","0","0","0","","0","N","","1","0","0","0","0","0","0","2","0","1","","","","N","","","","","","","","","",""
"2013117227","","1","0","0","0","0","0","0","0","0","7","0","","02","11","2013","4","40.643929","-79.782976","","11","0","0","0","0","0","0","0","0","2","0","0","0","","","1","","0","","40 38:38.145","6","0","79 46:58.712","4","0","0","0","2202","0","0","0","Y","0","0","0","1","02202","1","","4.0","","2","N","N","","0","","0","0","0","","0","Y","","1","1","0","0","0","0","0","1","0","1","","","","N","","","","","","","","","",""
"2013103320","","1","0","0","0","0","0","0","0","0","4","0","","02","6","2013","2","40.359022","-80.114269","","11","0","1","0","0","0","0","0","1","","0","0","0","","","0","","1","","40 21:32.479","","0","80 06:51.368","0","0","0","0","2414","0","0","0","N","0","0","0","2","02414","0","","1.0","","9","N","N","","1","","0","0","0","","3","","","2","0","1","0","0","0","0","2","0","2","","","","N","","","","","","","","","",""
"2013116357","","2","0","0","0","0","0","0","0","0","1","0","","02","11","2013","2","40.441714","-80.021491","","11","0","0","0","0","0","0","0","0","","0","0","0","","","0","","0","","40 26:30.170","","0","80 01:17.369","0","0","0","0","2301","0","0","0","N","0","0","0","3","02301","0","","1.0","","1","N","N","","0","","0","0","0","","2","","","2","0","0","0","0","0","0","2","0","2","","","","N","","","","","","","","","",""
"2013103321","","2","0","0","0","0","0","0","0","0","1","0","","02","6","2013","4","40.357471","-80.104027","","11","1","0","0","0","0","0","0","0","","0","0","0","","","0","","0","","40 21:26.896","","0","80 06:14.496","0","0","0","0","2414","0","0","0","N","0","0","0","1","02414","0","","1.0","","9","N","N","","0","","0","0","0","","0","","","2","0","0","0","0","0","0","2","0","2","","","","N","","","","","","","","","",""
"2013118139","","1","0","0","0","0","0","0","0","0","1","0","","02","11","2013","3","40.411545","-80.075999","","11","0","0","1","0","0","0","0","0","1","0","0","0","","","2","","0","","40 24:41.561","3","0","80 04:33.595","8","0","0","0","2117","0","0","0","N","0","0","0","3","68B03","0","","1.0","","1","N","N","","0","","0","0","1","","0","N","","2","2","0","0","0","2","0","2","0","2","","","","N","","","","","","","","","",""
"2013115824","","2","0","0","0","0","0","0","0","0","4","0","","02","11","2013","1","40.443165","-79.896735","","11","0","0","0","0","0","0","0","0","","0","0","0","","","0","","2","","40 26:35.394","","0","79 53:48.246","0","0","0","0","2301","0","0","0","N","0","0","0","4","02301","0","","1.0","","9","N","N","","0","","0","0","0","","0","","","2","0","0","0","0","0","0","2","0","2","","","","N","","","","","","","","","",""
"2013117876","","1","0","0","0","0","0","0","0","0","6","0","","02","11","2013","6","40.51351","-79.908836","","11","0","1","0","0","0","0","1","0","2","0","0","0","","","0","","0","","40 30:48.636","4","0","79 54:31.809","0","0","0","0","2432","0","0","0","N","0","0","0","3","02432","0","","1.0","","9","N","N","","1","","0","0","0","","0","N","","2","0","0","0","0","0","0","2","0","2","","","","N","","","","","","","","","",""
"2013103322","","1","0","0","0","0","0","0","0","0","5","0","","02","7","2013","1","40.359383","-80.101129","","11","0","0","0","0","0","0","0","1","","0","0","0","","","0","","0","","40 21:33.778","","0","80 06:04.064","0","0","0","0","2414","0","0","0","N","0","0","0","1","02414","0","","2.0","","1","N","N","","0","","0","0","0","","0","","","2","0","0","0","0","0","0","2","1","2","","","","N","","","","","","","","","",""
"2013116347","","0","0","0","0","0","0","0","0","0","1","0","","02","11","2013","2","40.443544","-80.054084","","11","0","0","0","0","0","1","0","0","","0","0","0","","","1","","0","","40 26:36.758","","0","80 03:14.702","8","0","0","0","2301","0","0","0","N","0","0","0","2","02301","0","","1.0","","1","N","N","","0","","0","0","2","","0","","","2","1","0","0","0","1","0","2","0","2","","","","N","","","","","","","","","",""
"2013117877","","2","0","0","0","0","0","0","0","0","4","0","","02","10","2013","7","40.438113","-79.774199","","11","0","0","0","0","0","1","0","0","5","1","0","0","","","1","","2","","40 26:17.205","6","7","79 46:27.115","1","0","0","0","2446","0","0","0","N","0","0","0","2","02446","0","2","1.0","","1","N","N","","0","0","0","1","0","","2","Y","","2","1","0","0","0","0","0","2","0","2","","","","N","","","","","","","","","",""
"2013103323","","0","0","0","0","0","0","0","0","0","7","1","","02","8","2013","5","40.363215","-80.114898","","11","0","0","0","0","0","0","0","0","","0","1","0","","","1","","2","","40 21:47.574","","0","80 06:53.632","8","0","0","0","2414","0","0","0","N","0","0","0","1","02414","0","","5.0","","1","N","N","","0","","0","0","0","","3","","","1","1","0","0","0","1","0","2","0","1","","","","N","","","","","","","","","",""
"2013118368","","1","0","0","0","0","0","0","0","0","4","0","","02","11","2013","1","40.451023","-79.98575","","11","0","0","0","0","0","1","0","0","","0","1","0","","","0","","2","","40 27:03.682","","0","79 59:08.700","0","0","0","0","2301","0","0","0","N","0","0","0","3","02301","0","","4.0","","1","N","N","","0","","0","0","0","","0","","","2","0","0","0","0","0","0","2","0","2","","","","N","","","","","","","","","",""
"2013116943","","0","0","0","0","0","0","0","0","0","4","0","","02","11","2013","4","40.396244","-79.883685","","11","0","0","0","0","0","0","1","0","1","0","0","0","","","2","","1","","40 23:46.478","5","0","79 53:01.267","4","0","0","0","2473","0","0","0","N","0","0","0","3","02473","2","","1.0","","1","N","N","","0","","0","0","2","","3","Y","","2","2","1","0","0","0","0","2","0","2","","","","N","","","","","","","","","",""
"2013118250","","2","0","0","0","0","0","0","0","0","5","0","","02","11","2013","1","40.445312","-79.92094","","11","0","0","0","0","0","0","0","0","","0","0","0","","","0","","0","","40 26:43.123","","0","79 55:15.384","0","0","0","0","2301","0","0","0","N","0","0","0","2","02301","0","","6.0","","1","N","N","","0","","0","0","0","","0","","","2","0","0","0","0","0","0","2","0","2","","","","N","","","","","","","","","",""
"2013117164","","3","0","0","0","0","0","0","0","0","1","0","","02","11","2013","4","40.223001","-79.876777","","11","0","0","1","0","0","0","0","1","2","0","0","0","","","2","","0","","40 13:22.804","2","0","79 52:36.397","8","0","0","0","2204","0","0","0","N","0","0","0","4","02204","0","","1.0","","1","N","N","","0","","0","0","0","","0","N","","3","2","0","0","0","2","0","1","0","3","","","","N","","","","","","","","","",""
"2013103324","","1","0","0","0","0","0","0","0","0","5","0","","02","9","2013","2","40.363542","-80.111244","","11","0","0","0","0","0","0","0","0","","0","0","0","","","0","","0","","40 21:48.750","","0","80 06:40.480","0","0","0","0","2414","0","0","0","N","0","0","0","1","02414","0","","2.0","","1","N","N","","0","","0","0","1","","0","","","3","0","0","0","0","0","0","2","1","3","","","","N","","","","","","","","","",""
"2013116956","","1","0","0","0","0","0","0","0","0","4","0","","02","11","2013","4","40.460221","-79.842652","","11","0","0","0","0","0","0","0","1","","0","0","0","","","1","","5","","40 27:36.794","","0","79 50:33.548","4","0","0","0","2113","0","0","0","N","0","0","0","2","02113","1","","1.0","","1","N","N","","0","","0","0","0","","2","","","2","1","0","0","0","0","0","2","1","2","","","","N","","","","","","","","","",""
"2013117672","","2","0","0","0","0","0","0","0","0","5","0","","02","11","2013","6","40.367557","-79.855883","","11","0","0","0","0","0","1","0","0","","0","0","0","","","0","","1","","40 22:03.205","","0","79 51:21.178","0","0","0","0","2303","0","0","0","N","0","0","0","2","02303","0","","1.0","","9","N","N","","0","","0","0","0","","3","","","2","0","0","0","0","0","0","2","0","2","","","","N","","","","","","","","","",""
"2013118251","","1","0","0","0","0","0","0","0","0","0","0","","02","11","2013","1","40.446476","-80.211292","","11","0","0","0","0","1","0","0","0","","0","0","0","","","0","","0","","40 26:47.313","","0","80 12:40.651","0","0","0","0","2214","0","0","0","N","0","0","0","1","02214","0","","5.0","","2","N","N","","0","","0","0","0","","0","","","1","0","0","0","0","0","0","2","0","1","","","","N","","","","","","","","","",""
"2013117879","","1","0","0","0","0","0","0","0","0","7","0","","02","11","2013","6","40.449258","-80.209297","","11","0","0","0","0","0","0","0","0","1","0","0","0","","","0","","0","","40 26:57.330","5","0","80 12:33.470","0","0","0","0","2214","0","0","0","N","0","0","0","2","02214","0","","5.0","","9","N","N","","0","","0","0","0","","0","N","","1","0","0","0","0","0","0","2","0","1","","","","N","","","","","","","","","",""
"2013103325","","1","0","0","0","0","0","0","0","0","1","0","","02","9","2013","4","40.353775","-80.101831","","11","0","0","0","1","0","0","0","0","1","0","0","0","","","1","","0","","40 21:13.591","4","0","80 06:06.593","4","0","0","0","2414","0","0","0","N","0","0","0","3","02414","1","","1.0","","1","N","N","","1","","0","0","1","","0","N","","3","1","2","0","0","0","0","2","0","3","","","","N","","","","","","","","","",""
"2013116289","","3","0","0","0","0","0","0","0","0","1","0","","02","11","2013","6","40.567388","-80.00696","","11","0","0","0","0","0","1","0","0","","0","0","0","","","0","","1","","40 34:02.595","","0","80 00:25.056","0","0","0","0","2108","0","0","0","N","0","0","0","6","02108","0","","1.0","","1","N","N","","0","","0","0","1","","2","","","4","0","0","0","0","0","0","2","0","4","","","","N","","","","","","","","","",""
"2013115759","","0","0","0","0","0","0","0","0","0","4","0","","02","11","2013","7","40.637426","-80.081864","","11","0","0","0","0","0","0","0","0","","0","0","0","","","0","","1","","40 38:14.733","","0","80 04:54.711","0","0","0","0","2412","0","0","0","N","0","0","0","3","02505","0","","1.0","","1","N","N","","1","","0","0","1","","3","","","2","0","0","0","0","0","0","2","0","2","","","","N","","","","","","","","","",""
"2013103326","","2","0","0","0","0","0","0","0","0","1","0","","02","10","2013","4","40.359491","-80.111776","","11","0","0","0","0","0","1","0","1","1","0","0","0","","","2","","0","","40 21:34.167","2","0","80 06:42.394","3","0","0","0","2414","0","0","0","N","0","0","0","3","02414","0","","1.0","","1","N","N","","0","","2","0","0","","0","N","","2","2","1","0","0","0","0","2","0","2","","","","N","","","","","","","","","",""
"2013116290","","1","0","0","0","0","0","0","0","0","4","0","","02","11","2013","2","40.391725","-80.049267","","11","0","0","0","0","0","1","1","0","2","0","0","0","","","0","","1","","40 23:30.210","1","0","80 02:57.361","0","0","0","0","2109","0","0","0","N","0","0","0","2","02109","0","","1.0","","1","N","N","","0","","0","0","1","","3","N","","2","0","0","0","0","0","0","2","0","2","","","","N","","","","","","","","","",""
"2013118144","","2","0","0","0","0","0","0","0","0","1","0","","02","11","2013","6","40.493979","-79.902872","","11","0","0","0","0","1","0","0","0","3","0","0","0","","","0","","0","","40 29:38.323","2","0","79 54:10.339","0","0","0","0","2401","0","0","0","N","0","0","0","3","68D02","0","","1.0","","9","N","N","","0","","0","0","1","","0","N","","3","0","0","0","0","0","0","2","0","3","","","","N","","","","","","","","","",""
"2013115760","","3","0","0","0","0","0","0","0","0","4","0","","02","11","2013","7","40.443863","-80.027591","","11","0","0","0","0","0","1","1","0","1","0","0","0","","","2","","1","","40 26:37.906","4","0","80 01:39.328","4","0","0","0","2301","0","0","0","N","0","0","0","11","02301","2","","1.0","","1","N","N","","0","","0","0","0","","2","N","","3","2","1","0","0","0","0","2","0","3","","","","N","","","","","","","","","",""
"2013117882","","0","0","0","0","0","0","0","0","0","1","0","","02","11","2013","6","40.481479","-79.878051","","11","0","0","0","0","0","1","0","0","1","0","0","0","","","0","","0","","40 28:53.323","6","0","79 52:40.982","0","0","0","0","2113","0","0","0","N","0","0","0","3","02113","0","","1.0","","9","N","N","","2","","0","0","0","","0","N","","2","0","0","0","0","0","0","2","0","2","","","","N","","","","","","","","","",""
"2013103327","","1","0","0","0","0","0","0","0","0","4","0","","02","10","2013","6","40.358578","-80.109418","","11","0","0","0","0","0","0","0","0","1","0","0","0","","","1","","1","","40 21:30.880","3","0","80 06:33.904","8","0","0","0","2414","0","0","0","N","0","0","0","3","02414","0","","1.0","","1","N","N","","0","","0","0","0","","0","N","","2","1","0","0","0","1","0","2","1","2","","","","N","","","","","","","","","",""
"2013118374","","1","0","0","0","0","0","0","0","0","4","0","","02","11","2013","1","40.404583","-79.942555","","11","0","0","0","0","0","0","0","0","1","0","0","0","","","0","","2","","40 24:16.498","3","0","79 56:33.197","0","0","0","0","2301","0","0","0","N","0","0","0","1","02301","0","","1.0","","1","N","N","","0","","0","0","1","","0","N","","3","0","0","0","0","0","0","2","1","3","","","","N","","","","","","","","","",""
"2013116291","","0","0","0","0","0","0","0","0","0","99","0","","02","11","2013","4","40.483238","-80.201814","","11","0","0","0","0","0","0","0","0","","0","0","0","","","0","","0","","40 28:59.656","","0","80 12:06.531","0","0","0","0","2213","0","0","0","N","0","0","0","1","02213","0","","1.0","","1","N","N","","0","","0","0","1","","0","","","1","0","0","0","0","0","0","2","0","1","","","","N","","","","","","","","","",""
"2013115762","","1","0","0","0","0","0","0","0","0","4","0","","02","11","2013","7","40.453376","-79.980689","","11","0","0","0","0","0","0","0","0","2","0","0","0","","","1","","1","","40 27:12.153","4","0","79 58:50.480","8","0","0","1","2301","0","0","0","N","0","0","0","2","02301","0","","1.0","","1","N","N","","0","","0","0","0","","3","Y","","2","1","0","0","0","1","0","2","0","2","","","","N","","","","","","","","","",""
"2013116568","","1","0","0","0","0","0","0","0","0","7","0","","02","11","2013","3","40.338086","-79.806746","","11","0","0","0","0","0","0","0","1","1","0","0","0","","","0","","0","","40 20:17.111","6","7","79 48:24.287","0","0","0","0","2477","0","0","0","N","0","0","0","1","02477","0","","2.0","","1","N","N","","0","","0","0","0","","2","N","","1","0","0","0","0","0","0","2","0","1","","","","N","","","","","","","","","",""
"2013116292","","2","0","0","0","0","0","0","0","0","7","0","","02","11","2013","3","40.466608","-80.197762","","11","0","0","0","0","0","0","0","0","","0","0","0","","","1","","0","","40 27:59.788","","0","80 11:51.943","4","0","0","0","2213","0","0","0","N","0","0","0","2","02213","1","","2.0","","9","N","N","","0","","0","0","0","","0","","","2","1","0","0","0","0","0","2","0","2","","","","N","","","","","","","","","",""
"2013116443","","1","0","0","0","0","0","0","0","0","99","0","","02","11","2013","5","40.38599","-80.097636","","11","0","0","0","0","0","0","0","0","","0","0","0","","","0","","0","","40 23:09.565","","0","80 05:51.488","0","0","0","0","2117","0","0","0","N","0","0","0","1","68B03","0","","1.0","","1","N","N","","0","","0","0","0","","0","","","1","0","0","0","0","0","0","2","0","1","","","","N","","","","","","","","","",""
"2013117169","","3","0","0","0","0","0","0","0","0","1","0","","02","11","2013","1","40.3364","-79.866258","","11","0","0","0","0","0","0","0","0","1","0","0","0","","","0","","0","","40 20:11.040","5","0","79 51:58.528","0","0","0","0","2455","0","0","0","N","0","0","0","3","02455","0","","6.0","","1","N","N","","0","","0","0","0","","0","Y","","3","0","0","0","0","0","0","2","0","3","","","","N","","","","","","","","","",""
"2013117884","","0","0","0","0","0","0","0","0","0","7","0","","02","11","2013","6","40.510167","-79.895884","","11","0","0","0","0","0","1","0","0","","0","0","0","","","0","","0","","40 30:36.601","","0","79 53:45.182","0","0","0","0","2432","0","0","0","N","0","0","0","1","02432","0","","5.0","","9","N","N","","0","","0","0","1","","0","","","1","0","0","0","0","0","0","2","0","1","","","","N","","","","","","","","","",""
"2013116293","","1","0","0","0","0","0","0","0","0","7","0","","02","11","2013","3","40.517234","-80.190563","","11","0","0","1","0","0","0","0","0","2","0","0","0","","","0","","0","","40 31:02.043","1","0","80 11:26.026","0","0","0","0","2213","0","0","0","N","0","0","0","1","02213","0","","5.0","","7","N","N","","0","","0","0","0","","0","N","","1","0","0","0","0","0","0","2","0","1","","","","N","","","","","","","","","",""
"2013102588","","1","0","0","0","0","0","0","0","0","7","0","","02","10","2013","1","40.629337","-79.944805","","11","0","0","0","0","0","0","0","0","1","0","0","0","","","2","","0","","40 37:45.613","6","0","79 56:41.298","2","0","0","0","2217","0","0","0","N","0","0","0","2","02505","0","","5.0","","1","N","N","","0","","1","1","0","","0","N","","1","2","1","0","1","0","0","2","0","1","","","","N","","","","","","","","","",""
"2013103343","","1","0","0","0","0","0","0","0","0","0","0","","02","10","2013","3","40.643961","-80.096923","","11","0","0","0","0","0","0","0","0","","0","0","0","","","0","","6","","40 38:38.258","","0","80 05:48.922","0","0","0","0","2212","0","0","0","N","0","0","0","1","68B03","0","","4.0","","1","N","N","","0","","0","0","0","","0","","","1","0","0","0","0","0","0","2","0","1","","","","N","","","","","","","","","",""
"2013103344","","2","0","0","0","0","0","0","0","0","1","0","","02","10","2013","4","40.434186","-79.995054","","11","0","0","0","0","0","0","0","0","2","0","0","0","","","0","","0","","40 26:03.069","4","0","79 59:42.196","0","0","0","0","2301","0","0","0","N","0","0","0","2","68B03","0","","1.0","","1","N","N","","0","","0","0","0","","0","N","","2","0","0","0","0","0","0","2","0","2","","","","N","","","","","","","","","",""
"2013101894","","0","0","0","0","0","0","0","0","0","8","0","","02","10","2013","6","40.336431","-79.971576","","11","0","0","0","0","0","0","0","0","1","0","0","0","","","1","","2","","40 20:11.152","5","0","79 58:17.672","4","0","0","0","2454","1","0","0","N","1","0","0","2","02454","1","","1.0","","9","N","N","","0","","0","0","0","","2","N","","2","1","0","0","0","0","0","2","1","1","","","","N","","","","","","","","","",""
"2013101908","","1","0","0","0","0","0","0","0","0","1","0","","02","10","2013","6","40.550619","-80.098728","","11","0","0","0","0","0","0","0","0","","0","0","0","","","0","","0","","40 33:02.230","","0","80 05:55.420","0","0","0","0","2215","0","0","0","N","0","0","0","2","02215","0","","1.0","","1","N","N","","1","","0","0","0","","0","","","2","0","0","0","0","0","0","2","0","2","","","","N","","","","","","","","","",""
"2013103345","","1","0","0","0","0","0","0","0","0","7","0","","02","10","2013","4","40.432251","-79.959962","","11","0","0","0","0","0","1","0","0","2","0","0","0","","","0","","0","","40 25:56.104","4","0","79 57:35.863","0","0","0","0","2301","0","0","0","N","0","0","0","1","68B03","0","","2.0","","1","N","N","","0","","0","0","0","","0","N","","1","0","0","0","0","0","0","2","0","1","","","","N","","","","","","","","","",""
"2013103346","","2","0","0","0","0","0","0","0","0","1","0","","02","10","2013","5","40.441346","-80.15766","","11","0","0","0","0","0","0","1","0","","0","0","0","","","0","","0","","40 26:28.844","","0","80 09:27.576","0","0","0","0","2115","0","0","0","N","0","0","0","2","68B03","0","","1.0","","1","N","N","","0","","0","0","0","","0","","","2","0","0","0","0","0","0","2","0","2","","","","N","","","","","","","","","",""
"2013101979","","1","0","0","0","0","0","0","0","0","1","1","","02","9","2013","5","40.432846","-79.870661","","11","0","0","0","0","0","0","0","0","","0","1","0","","","1","","0","","40 25:58.247","","0","79 52:14.379","4","0","0","0","2478","0","0","0","N","0","0","0","3","68B03","1","","1.0","","1","N","N","","0","","0","0","0","","0","","","2","1","0","0","0","0","0","2","0","2","","","","N","","","","","","","","","",""
"2013103347","","2","0","0","0","0","0","0","0","0","1","0","","02","10","2013","5","40.425607","-79.906301","","11","0","0","0","0","0","1","0","0","","0","0","0","","","0","","0","","40 25:32.185","","0","79 54:22.684","0","0","0","0","2301","0","0","0","N","0","0","0","2","68B03","0","","1.0","","1","N","N","","0","","0","0","0","","0","","","2","0","0","0","0","0","0","2","0","2","","","","N","","","","","","","","","",""
"2013101980","","2","0","0","0","0","0","0","0","0","1","0","","02","10","2013","2","40.440401","-80.187127","","11","0","0","0","0","0","0","0","0","","0","0","0","","","0","","0","","40 26:25.442","","0","80 11:13.656","0","0","0","0","2214","0","0","0","N","0","0","0","2","68B03","0","","1.0","","9","N","N","","0","","0","0","0","","0","","","2","0","0","0","0","0","0","1","0","2","","","","N","","","","","","","","","",""
"2013102800","","0","0","0","0","0","0","0","0","0","5","0","","02","10","2013","2","40.428843","-79.982641","","11","0","0","0","0","0","0","0","0","","0","0","0","","","0","","0","","40 25:43.836","","0","79 58:57.508","0","0","0","0","2301","0","0","0","N","0","0","0","2","02301","0","","1.0","","1","N","N","","0","","0","0","1","","0","","","2","0","0","0","0","0","0","2","1","2","","","","N","","","","","","","","","",""
"2013102057","","1","0","0","0","0","0","0","0","0","7","0","","02","10","2013","7","40.461542","-80.017592","","11","0","0","0","0","0","0","0","0","","0","0","0","","","0","","2","","40 27:41.551","","0","80 01:03.331","0","0","0","0","2301","0","0","0","N","0","0","0","1","02301","0","","4.0","","1","N","N","","0","","0","0","0","","0","","","1","0","1","0","0","0","0","2","0","1","","","","N","","","","","","","","","",""
"2013103348","","1","0","0","0","0","0","0","0","0","1","0","","02","10","2013","6","40.42569","-79.911164","","11","0","0","0","0","0","0","0","0","1","0","0","0","","","0","","0","","40 25:32.485","3","4","79 54:40.189","0","0","0","0","2301","0","0","0","N","0","0","0","2","68B03","0","","1.0","","1","N","N","","0","","0","0","1","","0","N","","2","0","0","0","0","0","0","2","0","2","","","","N","","","","","","","","","",""
"2013101912","","1","0","0","0","0","0","0","0","0","0","0","","02","10","2013","6","40.48653","-79.915153","","11","0","0","0","0","0","0","0","0","","0","0","0","","","0","","0","","40 29:11.508","","0","79 54:54.549","0","0","0","0","2301","0","0","0","N","0","0","0","1","02301","0","","2.0","","1","N","N","","0","","0","0","0","","0","","","1","0","0","0","0","0","0","2","0","1","","","","N","","","","","","","","","",""
"2013101981","","0","0","0","0","0","0","0","0","0","1","0","","02","10","2013","2","40.411545","-80.075999","","11","0","0","0","0","0","1","0","0","","0","0","0","","","0","","0","","40 24:41.561","","0","80 04:33.595","0","0","0","0","2415","0","0","0","N","0","0","0","4","68B03","0","","1.0","","9","N","N","","0","","0","0","2","","0","","","2","0","0","0","0","0","0","2","0","2","","","","N","","","","","","","","","",""
"2013102813","","0","0","0","0","0","0","0","0","0","7","0","","02","10","2013","2","40.369683","-80.011016","","11","0","0","0","0","0","0","0","0","2","0","1","0","","","0","","0","","40 22:10.857","1","0","80 00:39.656","0","0","0","0","2416","0","0","0","N","0","0","0","1","02416","0","","5.0","","1","N","N","","0","","0","0","0","","0","Y","","1","0","1","0","0","0","0","2","0","1","","","","N","","","","","","","","","",""
"2013101982","","1","0","0","0","0","0","0","0","0","1","0","","02","10","2013","2","40.411545","-80.075999","","11","0","0","0","0","0","1","0","0","","0","0","0","","","0","","0","","40 24:41.561","","0","80 04:33.595","0","0","0","0","2415","0","0","0","N","0","0","0","2","68B03","0","","1.0","","9","N","N","","0","","0","0","1","","0","","","2","0","0","0","0","0","0","2","0","2","","","","N","","","","","","","","","",""
"2013102814","","1","0","0","0","0","0","0","0","0","7","0","","02","10","2013","2","40.363566","-80.026547","","11","0","0","0","1","0","0","0","0","4","0","0","0","","","1","","0","","40 21:48.838","5","0","80 01:35.569","8","0","0","0","2416","0","0","0","N","0","0","0","1","02416","0","","5.0","","1","N","N","","0","","0","0","0","","0","Y","","1","1","0","0","0","1","0","2","0","1","","","","N","","","","","","","","","",""
"2013102060","","2","0","0","0","0","0","0","0","0","1","0","","02","10","2013","7","40.353761","-79.989666","","11","0","0","0","0","1","0","0","0","1","0","0","0","","","1","","0","","40 21:13.539","1","0","79 59:22.797","8","0","0","0","2476","0","0","0","N","0","0","0","7","02476","0","","1.0","","1","N","N","","0","","0","0","0","","0","N","","2","1","1","0","0","1","0","2","0","2","","","","N","","","","","","","","","",""
"2013103424","","1","0","0","0","0","0","1","0","0","1","0","","02","10","2013","4","40.457058","-79.995238","","11","0","0","0","0","0","0","0","0","","0","0","0","","","1","","2","","40 27:25.408","","0","79 59:42.856","8","0","0","0","2301","0","0","0","N","0","0","0","2","02301","0","","1.0","","9","Y","N","","0","","0","0","0","","0","","","2","1","0","0","0","1","0","2","0","2","","","","N","","","","","","","","","",""
"2013101914","","1","0","0","0","0","0","0","0","0","1","0","","02","9","2013","6","40.506733","-80.006887","","11","0","0","0","0","0","0","0","0","","0","0","0","","","0","","1","","40 30:24.237","","0","80 00:24.793","0","0","0","0","2116","0","0","0","","0","0","0","2","02116","0","","1.0","","1","","","","0","","0","0","1","","2","","","2","0","0","0","0","0","0","2","0","2","","","","N","","","","","","","","","",""
"2013102062","","0","0","0","0","0","0","0","0","0","1","0","","02","10","2013","7","40.391914","-80.061151","","11","0","0","0","0","0","0","0","1","","0","0","0","","","0","","0","","40 23:30.891","","0","80 03:40.144","0","0","0","0","2117","0","0","0","N","0","0","0","2","02117","0","","1.0","","9","N","N","","0","","0","0","2","","0","","","2","0","0","0","0","0","0","2","0","2","","","","N","","","","","","","","","",""
"2013102130","","0","0","1","0","0","0","0","0","0","0","1","","02","9","2013","7","40.611845","-79.757024","","11","0","0","0","0","0","0","0","0","3","0","1","0","","","1","","0","","40 36:42.642","1","0","79 45:25.287","2","0","0","0","2202","0","0","0","Y","0","0","0","1","68D02","0","","2.0","","1","N","N","","0","","0","1","0","","0","Y","","1","1","0","0","0","0","0","2","0","1","","","","N","","","","","","","","","",""
"2013102064","","1","0","0","0","0","0","0","0","0","8","0","","02","10","2013","7","40.391316","-79.986641","","11","0","0","0","0","0","0","0","0","","0","0","0","","","1","","2","","40 23:28.737","","0","79 59:11.907","4","0","0","0","2301","1","0","0","N","1","0","0","2","02301","1","","1.0","","1","N","N","","0","","0","0","0","","2","","","2","1","0","0","0","0","0","2","0","1","","","","N","","","","","","","","","",""