"CRN","ARRIVAL_TM","AUTOMOBILE_COUNT","BELTED_DEATH_COUNT","BELTED_SUSP_SERIOUS_INJ_COUNT","BICYCLE_COUNT","BICYCLE_DEATH_COUNT","BICYCLE_SUSP_SERIOUS_INJ_COUNT","BUS_COUNT","CHLDPAS_DEATH_COUNT","CHLDPAS_SUSP_SERIOUS_INJ_COUNT","COLLISION_TYPE","COMM_VEH_COUNT","CONS_ZONE_SPD_LIM","COUNTY","CRASH_MONTH","CRASH_YEAR","DAY_OF_WEEK","DEC_LATITUDE","DEC_LONGITUDE","DISPATCH_TM","DISTRICT","DRIVER_COUNT_16YR","DRIVER_COUNT_17YR","DRIVER_COUNT_18YR","DRIVER_COUNT_19YR","DRIVER_COUNT_20YR","DRIVER_COUNT_50_64YR","DRIVER_COUNT_65_74YR","DRIVER_COUNT_75PLUS","EST_HRS_CLOSED","FATAL_COUNT","HEAVY_TRUCK_COUNT","HORSE_BUGGY_COUNT","HOUR_OF_DAY","ILLUMINATION","INJURY_COUNT","INTERSECTION_RELATED","INTERSECT_TYPE","LANE_CLOSED","LATITUDE","LN_CLOSE_DIR","LOCATION_TYPE","LONGITUDE","MAX_SEVERITY_LEVEL","MCYCLE_DEATH_COUNT","MCYCLE_SUSP_SERIOUS_INJ_COUNT","MOTORCYCLE_COUNT","MUNICIPALITY","NONMOTR_COUNT","NONMOTR_DEATH_COUNT","NONMOTR_SUSP_SERIOUS_INJ_COUNT","NTFY_HIWY_MAINT","PED_COUNT","PED_DEATH_COUNT","PED_SUSP_SERIOUS_INJ_COUNT","PERSON_COUNT","POLICE_AGCY","POSSIBLE_INJ_COUNT","RDWY_SURF_TYPE_CD","RELATION_TO_ROAD","ROADWAY_CLEARED","ROAD_CONDITION","SCH_BUS_IND","SCH_ZONE_IND","SECONDARY_CRASH","SMALL_TRUCK_COUNT","SPEC_JURIS_CD","SUSP_MINOR_INJ_COUNT","SUSP_SERIOUS_INJ_COUNT","SUV_COUNT","TCD_FUNC_CD","TCD_TYPE","TFC_DETOUR_IND","TIME_OF_DAY","TOTAL_UNITS","TOT_INJ_COUNT","UNBELTED_OCC_COUNT","UNB_DEATH_COUNT","UNB_SUSP_SERIOUS_INJ_COUNT","UNK_INJ_DEG_COUNT","UNK_INJ_PER_COUNT","URBAN_RURAL","VAN_COUNT","VEHICLE_COUNT","WEATHER1","WEATHER2","WORKERS_PRES","WORK_ZONE_IND","WORK_ZONE_LOC","WORK_ZONE_TYPE","WZ_CLOSE_DETOUR","WZ_FLAGGER","WZ_LAW_OFFCR_IND","WZ_LN_CLOSURE","WZ_MOVING","WZ_OTHER","WZ_SHLDER_MDN","WZ_WORKERS_INJ_KILLED"
"2013103527","","1","0","0","0","0","0","0","0","0","7","0","","02","10","2013","3","40.435845","-80.14376","","11","0","0","0","0","0","0","0","0","1","0","0","0","","","1","","0","","40 26:09.042","1","0","80 08:37.536","3","0","0","0","2115","0","0","0","N","0","0","0","1","02115","0","","2.0","","1","N","N","","0","","1","0","0","","0","N","","1","1","1","0","0","0","0","2","0","1","","","","N","","","","","","","","","",""
"2013103329","","1","0","0","0","0","0","0","0","0","1","1","","02","10","2013","3","40.35629","-80.096483","","11","0","0","0","0","0","1","0","0","","0","1","0","","","1","","0","","40 21:22.643","","0","80 05:47.337","3","0","0","0","2414","0","0","0","N","0","0","0","1","02414","0","","2.0","","1","N","N","","0","","1","0","0","","0","","","2","1","0","0","0","0","0","2","0","2","","","","N","","","","","","","","","",""
"2013101818","","1","0","0","0","0","0","0","0","0","1","0","","02","10","2013","5","40.449576","-80.125571","","11","0","0","0","0","0","1","0","0","","0","0","0","","","0","","1","","40 26:58.474","","0","80 07:32.054","0","0","0","0","2115","0","0","0","N","0","0","0","3","02115","0","","1.0","","1","N","N","","0","","0","0","1","","2","","","2","0","0","0","0","0","0","2","0","2","","","","N","","","","","","","","","",""
"2013102842","","0","0","0","0","0","0","0","0","0","1","0","","02","10","2013","7","40.42101","-80.04376","","11","0","0","0","0","1","1","0","0","","0","0","0","","","0","","0","","40 25:15.636","","2","80 02:37.537","0","0","0","0","2435","0","0","0","N","0","0","0","5","68B03","0","","1.0","","1","N","N","","0","","0","0","2","","4","","","2","0","0","0","0","0","0","2","0","2","","","","N","","","","","","","","","",""
"2013103650","","1","0","0","0","0","0","0","0","0","7","0","","02","10","2013","4","40.40095","-79.88023","","11","0","0","0","1","0","0","0","0","1","0","0","0","","","0","","0","","40 24:03.420","1","0","79 52:48.828","0","0","0","0","2473","0","0","0","N","0","0","0","1","02473","0","","3.0","","1","N","N","","0","","0","0","0","","0","N","","1","0","0","0","0","0","0","2","0","1","","","","N","","","","","","","","","",""
"2013103528","","2","0","0","0","0","0","0","0","0","4","0","","02","10","2013","4","40.519771","-80.217904","","11","0","0","0","0","0","0","0","1","","0","0","0","","","2","","2","","40 31:11.175","","7","80 13:04.453","4","0","0","0","2213","0","0","0","N","0","0","0","2","02213","2","","1.0","","9","N","N","","0","","0","0","0","","2","","","2","2","0","0","0","0","0","2","0","2","","","","N","","","","","","","","","",""
"2013103529","","3","0","0","0","0","0","0","0","0","1","0","","02","10","2013","2","40.351912","-80.024572","","11","0","0","0","1","0","0","0","0","1","0","0","0","","","0","","0","","40 21:06.884","1","0","80 01:28.459","0","0","0","0","2407","0","0","0","N","0","0","0","3","02407","0","","1.0","","9","N","N","","0","","0","0","0","","0","N","","3","0","0","0","0","0","0","2","0","3","","","","N","","","","","","","","","",""
"2013102921","","2","0","0","0","0","0","0","0","0","1","0","","02","10","2013","7","40.584434","-79.950806","","11","0","0","0","0","0","1","0","0","2","0","0","0","","","2","","2","","40 35:03.962","1","0","79 57:02.900","3","0","0","0","2207","0","0","0","N","0","0","0","3","02207","1","","1.0","","1","N","N","","0","","1","0","0","","2","N","","3","2","0","0","0","0","0","2","1","3","","","","N","","","","","","","","","",""
"2013101965","","2","0","0","0","0","0","0","0","0","1","0","","02","10","2013","6","40.358959","-79.93416","","11","0","0","0","0","0","0","0","0","","0","0","0","","","1","","0","","40 21:32.251","","0","79 56:02.977","4","0","0","0","2473","0","0","0","N","0","0","0","2","02473","1","","1.0","","1","N","N","","0","","0","0","0","","0","","","2","1","0","0","0","0","0","2","0","2","","","","N","","","","","","","","","",""
"2013102028","","2","0","0","0","0","0","0","0","0","1","0","","02","10","2013","6","40.51825","-79.952708","","11","0","0","0","0","0","0","0","0","","0","0","0","","","0","","0","","40 31:05.699","","0","79 57:09.748","0","0","0","0","2118","0","0","0","N","0","0","0","3","02118","0","","1.0","","1","N","N","","1","","0","0","0","","0","","","3","0","0","0","0","0","0","2","0","3","","","","N","","","","","","","","","",""
"2013102579","","3","0","0","0","0","0","0","0","0","1","0","","02","10","2013","2","40.361086","-79.990909","","11","0","0","0","0","0","1","0","0","1","0","0","0","","","1","","1","","40 21:39.908","3","0","79 59:27.273","4","0","0","0","2476","0","0","0","N","0","0","0","3","02476","1","","1.0","","9","N","N","","0","","0","0","0","","2","N","","3","1","0","0","0","0","0","2","0","3","","","","N","","","","","","","","","",""
"2013103469","","1","0","0","0","0","0","0","0","0","7","0","","02","10","2013","4","40.415031","-79.80028","","11","0","0","0","0","0","0","0","1","","0","0","0","","","1","","0","","40 24:54.111","","0","79 48:01.008","8","0","0","0","2446","0","0","0","N","0","0","0","1","02446","0","","5.0","","9","N","N","","0","","0","0","0","","0","","","1","1","0","0","0","1","0","2","0","1","","","","N","","","","","","","","","",""
"2013102789","","0","0","0","0","0","0","0","0","0","8","0","","02","10","2013","3","","","","11","0","0","0","0","0","0","0","0","","0","0","0","","","1","","2","","","","0","","8","0","0","0","2301","1","0","0","N","1","0","0","1","02301","0","","1.0","","1","N","N","","0","","0","0","0","","0","","","2","1","0","0","0","1","0","1","0","1","","","","N","","","","","","","","","",""
"2013102030","","1","0","0","0","0","0","0","0","0","7","0","","02","10","2013","6","40.393591","-80.081452","","11","0","0","0","0","0","0","0","0","1","0","0","0","","","0","","0","","40 23:36.928","6","0","80 04:53.227","0","0","0","0","2117","0","0","0","N","0","0","0","1","02117","0","","2.0","","9","N","N","","0","","0","0","0","","0","N","","1","0","0","0","0","0","0","2","0","1","","","","N","","","","","","","","","",""
"2013103659","","2","0","0","0","0","0","0","0","0","1","0","","02","10","2013","3","40.637519","-80.063013","","11","0","0","0","0","0","0","0","0","1","0","0","0","","","1","","0","","40 38:15.070","1","0","80 03:46.847","4","0","0","0","2212","0","0","0","N","0","0","0","2","02505","1","","1.0","","1","N","N","","0","","0","0","0","","0","N","","2","1","0","0","0","0","0","2","0","2","","","","N","","","","","","","","","",""
"2013103470","","0","0","0","0","0","0","0","0","0","0","0","","02","10","2013","4","40.423794","-79.988602","","11","0","0","0","0","0","0","1","0","","0","0","0","","","0","","0","","40 25:25.658","","0","79 59:18.967","0","0","0","0","2301","0","0","0","N","0","0","0","1","02301","0","","1.0","","9","N","N","","0","","0","0","0","","0","","","1","0","0","0","0","0","0","2","1","1","","","","N","","","","","","","","","",""
"2013103471","","1","0","0","0","0","0","0","0","0","7","0","","02","10","2013","4","40.405282","-80.074375","","11","0","0","0","0","0","1","0","0","","0","0","0","","","1","","3","","40 24:19.016","","0","80 04:27.749","4","0","0","0","2415","0","0","0","N","0","0","0","1","02415","1","","2.0","","9","N","N","","0","","0","0","0","","0","","","1","1","0","0","0","0","0","2","0","1","","","","N","","","","","","","","","",""
"2013102791","","3","0","0","0","0","0","0","0","0","6","0","","02","10","2013","1","40.424022","-79.977703","","11","0","0","0","0","0","0","0","0","","0","0","0","","","0","","0","","40 25:26.480","","0","79 58:39.730","0","0","0","0","2301","0","0","0","N","0","0","0","2","02301","0","","2.0","","1","N","N","","0","","0","0","0","","0","","","4","0","1","0","0","0","0","2","0","3","","","","N","","","","","","","","","",""
"2013103339","","3","0","0","0","0","0","0","0","0","1","0","","02","9","2013","6","40.444014","-80.009081","","11","0","0","0","0","0","0","0","0","1","0","0","0","","","0","","0","","40 26:38.449","1","3","80 00:32.693","0","0","0","0","2301","0","0","0","N","0","0","0","4","68B03","0","","1.0","","1","N","N","","0","","0","0","0","","0","N","","3","0","0","0","0","0","0","2","0","3","","","","N","","","","","","","","","",""
"2013102792","","1","0","0","0","0","0","0","0","0","1","0","90","02","10","2013","3","40.28527","-79.878394","","11","0","0","0","0","0","1","1","0","2","0","0","0","","","1","","0","","40 17:06.971","5","0","79 52:42.220","8","0","0","0","2440","0","0","0","N","0","0","0","3","02440","0","","1.0","","1","N","N","","0","","0","0","2","","7","N","","3","1","0","0","0","1","0","2","0","3","","","Y","Y","3","1","","Y","N","","","","",""
"2013103663","","1","0","0","0","0","0","0","0","0","8","0","","02","10","2013","4","40.399645","-80.04442","","11","0","0","0","0","0","0","0","1","1","0","0","0","","","1","","2","","40 23:58.722","2","0","80 02:39.912","2","0","0","0","2301","1","0","1","N","1","0","1","2","02301","0","","1.0","","1","N","N","","0","","0","1","0","","2","Y","","2","1","0","0","0","0","0","2","0","1","","","","N","","","","","","","","","",""
"2013103340","","0","0","0","0","0","0","0","0","0","7","0","","02","9","2013","7","40.438739","-80.191867","","11","0","0","0","0","0","0","0","0","2","0","0","0","","","0","","0","","40 26:19.460","3","0","80 11:30.720","0","0","0","0","2214","0","0","0","N","0","0","0","1","68B03","0","","4.0","","1","N","N","","0","","0","0","1","","0","N","","1","0","0","0","0","0","0","1","0","1","","","","N","","","","","","","","","",""
"2013102049","","3","0","0","0","0","0","0","0","0","2","0","","02","10","2013","3","40.502501","-80.054404","","11","0","0","0","0","0","0","0","0","1","0","0","0","","","0","","0","","40 30:09.004","7","0","80 03:15.856","0","0","0","0","2404","0","0","0","N","0","0","0","1","02404","0","","6.0","","1","N","N","","0","","0","0","0","","0","N","","3","0","1","0","0","0","0","2","0","3","","","","N","","","","","","","","","",""
"2013103341","","1","0","0","0","0","0","0","0","0","4","0","","02","9","2013","7","40.443616","-80.009066","","11","0","0","0","0","0","0","0","0","1","0","0","0","","","0","","0","","40 26:37.019","2","3","80 00:32.639","0","0","0","0","2301","0","0","0","N","0","0","0","2","68B03","0","","1.0","","1","N","N","","0","","0","0","1","","0","N","","2","0","0","0","0","0","0","2","0","2","","","","N","","","","","","","","","",""
"2013103540","","1","0","0","0","0","0","0","0","0","7","0","","02","10","2013","4","40.644741","-79.944507","","11","0","0","0","0","0","1","0","0","1","0","0","0","","","0","","0","","40 38:41.066","4","0","79 56:40.224","0","0","0","0","2217","0","0","0","N","0","0","0","1","02505","0","","5.0","","9","N","N","","0","","0","0","0","","0","Y","","1","0","0","0","0","0","0","2","0","1","","","","N","","","","","","","","","",""
"2013103342","","1","0","0","0","0","0","0","0","0","7","0","","02","10","2013","4","40.38211","-80.096374","","11","0","0","0","0","0","0","0","0","","0","0","0","","","0","","0","","40 22:55.597","","0","80 05:46.947","0","0","0","0","2102","0","0","0","Y","0","0","0","1","68B03","0","","3.0","","1","N","N","","0","","0","0","0","","0","","","1","0","0","0","0","0","0","2","0","1","","","","N","","","","","","","","","",""
"2013100746","","2","0","0","0","0","0","0","0","0","4","0","","02","10","2013","5","40.462482","-79.927828","","11","0","0","0","0","0","0","0","1","1","0","0","0","","","1","","1","","40 27:44.935","2","0","79 55:40.180","4","0","0","0","2301","0","0","0","N","0","0","0","2","02301","1","","1.0","","1","N","N","","0","","0","0","0","","1","Y","","2","1","0","0","0","0","0","2","0","2","","","","N","","","","","","","","","",""
"2013102260","","1","0","0","0","0","0","0","0","0","7","0","","02","10","2013","1","40.519078","-79.860099","","11","0","0","0","0","0","0","0","0","1","0","0","0","","","0","","0","","40 31:08.680","7","0","79 51:36.356","0","0","0","0","2112","0","0","0","N","0","0","0","1","02112","0","","2.0","","9","N","N","","0","","0","0","0","","0","N","","1","0","0","0","0","0","0","2","0","1","","","","N","","","","","","","","","",""
"2013102343","","1","0","0","0","0","0","0","0","0","7","0","","02","10","2013","1","40.429224","-79.931591","","11","0","0","0","0","0","0","0","0","1","0","0","0","","","1","","0","","40 25:45.206","7","8","79 55:53.729","8","0","0","0","2301","0","0","0","N","0","0","0","2","02301","0","","2.0","","1","N","N","","0","","0","0","0","","0","N","","1","1","2","0","0","1","0","2","0","1","","","","N","","","","","","","","","",""
"2013102404","","2","0","0","0","0","0","0","0","0","4","0","","02","10","2013","1","40.437151","-79.998411","","11","0","0","0","0","0","0","0","0","1","0","0","0","","","0","","2","","40 26:13.743","5","0","79 59:54.279","0","0","0","0","2301","0","0","0","N","0","0","0","3","02301","0","","1.0","","1","N","N","","0","","0","0","0","","2","N","","2","0","0","0","0","0","0","2","0","2","","","","N","","","","","","","","","",""
"2013101714","","1","0","0","0","0","0","0","0","0","1","0","","02","10","2013","6","40.492782","-79.847599","","11","0","0","0","1","0","1","0","0","1","0","0","0","","","1","","0","","40 29:34.015","4","0","79 50:51.355","8","0","0","0","2113","0","0","0","N","0","0","0","3","02113","0","","1.0","","1","N","N","","0","","0","0","1","","2","Y","","2","1","0","0","0","1","0","2","0","2","","","","N","","","","","","","","","",""
"2013102483","","1","0","0","0","0","0","0","0","0","7","0","","02","10","2013","5","40.442078","-79.798969","","11","0","0","0","0","0","0","0","0","","0","0","0","","","1","","0","","40 26:31.479","","0","79 47:56.288","3","0","0","0","2446","0","0","0","N","0","0","0","1","68B03","0","","2.0","","1","N","N","","0","","1","0","0","","0","","","1","1","0","0","0","0","0","2","0","1","","","","N","","","","","","","","","",""
"2013100747","","1","0","0","0","0","0","0","0","0","7","0","","02","10","2013","5","40.472875","-80.037883","","11","0","0","0","0","0","0","0","0","","0","0","0","","","1","","2","","40 28:22.350","","0","80 02:16.378","8","0","0","0","2301","0","0","0","N","0","0","0","1","02301","0","","5.0","","1","N","N","","0","","0","0","0","","0","","","1","1","0","0","0","1","0","2","0","1","","","","N","","","","","","","","","",""
"2013100824","","0","0","0","0","0","0","0","0","0","1","0","","02","10","2013","2","40.437593","-79.983346","","11","0","0","0","0","1","0","0","0","","0","0","0","","","0","","0","","40 26:15.334","","0","79 59:00.044","0","0","0","0","2301","0","0","0","N","0","0","0","2","02301","0","","1.0","","1","N","N","","0","","0","0","2","","0","","","2","0","0","0","0","0","0","2","0","2","","","","N","","","","","","","","","",""
"2013101419","","0","0","0","0","0","0","0","0","0","8","0","","02","10","2013","5","40.430682","-79.892598","","11","0","0","0","0","0","0","0","0","1","0","0","0","","","1","","2","","40 25:50.455","7","0","79 53:33.352","3","0","0","0","2463","1","0","0","N","1","0","0","2","02463","0","","1.0","","1","N","N","","0","","1","0","1","","3","N","","2","1","0","0","0","0","0","2","0","1","","","","N","","","","","","","","","",""
"2013101716","","0","0","0","0","0","0","0","0","0","8","0","","02","10","2013","6","40.461838","-80.018573","","11","0","0","0","0","0","0","0","0","","0","0","0","","","1","","0","","40 27:42.616","","0","80 01:06.862","8","0","0","0","2301","1","0","0","N","1","0","0","2","02301","0","","1.0","","9","N","N","","0","","0","0","0","","0","","","2","1","0","0","0","1","0","2","0","1","","","","N","","","","","","","","","",""
"2013101718","","4","0","0","0","0","0","0","0","0","4","0","","02","10","2013","6","40.426292","-79.963576","","11","0","0","0","0","0","1","0","0","1","0","0","0","","","1","","1","","40 25:34.651","4","0","79 57:48.873","4","0","0","0","2301","0","0","0","N","0","0","0","5","02301","1","","1.0","","1","N","N","","0","","0","0","0","","2","N","","4","1","0","0","0","0","0","2","0","4","","","","N","","","","","","","","","",""
"2013102201","","3","0","0","0","0","0","0","0","0","6","0","","02","10","2013","7","40.453025","-79.906297","","11","0","0","0","0","0","0","0","0","2","0","0","0","","","0","","0","","40 27:10.890","3","0","79 54:22.669","0","0","0","0","2301","0","0","0","N","0","0","0","1","02301","0","","6.0","","1","N","N","","0","","0","0","1","","0","N","","4","0","0","0","0","0","0","2","0","4","","","","N","","","","","","","","","",""
"2013103026","","0","0","0","0","0","0","0","0","0","4","0","","02","10","2013","1","40.465968","-80.113203","","11","0","0","0","1","0","0","0","0","","0","0","0","","","0","","2","","40 27:57.484","","0","80 06:47.530","0","0","0","0","2115","0","0","0","N","0","0","0","3","02115","0","","1.0","","9","N","N","","0","","0","0","2","","0","","","2","0","0","0","0","0","0","2","0","2","","","","N","","","","","","","","","",""
"2013100815","","2","0","0","0","0","0","0","0","0","4","0","","02","10","2013","4","40.437065","-79.771176","","11","0","0","0","0","0","1","1","0","1","0","0","0","","","0","","0","","40 26:13.434","6","0","79 46:16.233","0","0","0","0","2446","0","0","0","N","0","0","0","2","02446","0","","1.0","","1","N","N","","0","","0","0","0","","0","N","","2","0","0","0","0","0","0","2","0","2","","","","N","","","","","","","","","",""
"2013101643","","2","0","0","0","0","0","0","0","0","4","0","","02","10","2013","6","40.437138","-79.919235","","11","0","0","0","0","0","0","1","0","","0","0","0","","","0","","1","","40 26:13.696","","0","79 55:09.246","0","0","0","0","2301","0","0","0","N","0","0","0","4","02301","0","","1.0","","9","N","N","","0","","0","0","0","","3","","","2","0","0","0","0","0","0","2","0","2","","","","N","","","","","","","","","",""
"2013100973","","1","0","0","0","0","0","0","0","0","1","0","","02","10","2013","6","40.357545","-79.843985","","11","0","0","1","0","0","0","0","0","1","0","0","0","","","1","","0","","40 21:27.163","1","3","79 50:38.345","8","0","0","0","2304","0","0","0","N","0","0","0","3","02304","0","","1.0","","1","N","N","","0","","0","0","1","","0","N","","2","1","1","0","0","1","0","2","0","2","","","","N","","","","","","","","","",""
"2013103027","","0","0","0","0","0","0","0","0","0","8","0","","02","10","2013","7","40.398931","-80.04152","","11","0","0","0","0","0","0","0","0","","0","0","0","","","2","","0","","40 23:56.151","","0","80 02:29.472","3","0","0","0","2422","2","0","0","N","2","0","0","3","02422","1","","6.0","","1","N","N","","0","","1","0","1","","0","","","3","2","0","0","0","0","0","2","0","1","","","","N","","","","","","","","","",""
"2013101708","","1","0","0","0","0","0","0","0","0","4","0","","02","10","2013","6","40.367964","-79.779834","","11","0","0","0","0","0","0","1","0","","0","0","0","","","0","","1","","40 22:04.670","","0","79 46:47.401","0","0","0","0","2111","0","0","0","N","0","0","0","6","02111","0","","1.0","","9","N","N","","1","","0","0","0","","2","","","2","0","3","0","0","0","0","2","0","2","","","","N","","","","","","","","","",""
"2013103028","","1","0","0","0","0","0","0","0","0","4","0","","02","10","2013","2","40.536552","-80.184343","","11","0","0","0","0","0","1","0","0","2","0","0","0","","","1","","1","","40 32:11.587","1","0","80 11:03.636","4","0","0","0","2458","0","0","0","N","0","0","0","5","02458","1","","1.0","","1","N","N","","1","","0","0","0","","2","N","","2","1","0","0","0","0","0","2","0","2","","","","N","","","","","","","","","",""
"2013102350","","1","0","0","0","0","0","0","0","0","4","0","","02","10","2013","1","40.396964","-79.978661","","11","0","0","0","0","0","0","0","1","","0","0","0","","","0","","1","","40 23:49.071","","0","79 58:43.179","0","0","0","0","2301","0","0","0","N","0","0","0","4","02301","0","","1.0","","1","N","N","","0","","0","0","1","","2","","","2","0","1","0","0","0","0","2","0","2","","","","N","","","","","","","","","",""
"2013103029","","2","0","0","0","0","0","0","0","0","4","0","","02","10","2013","3","40.543949","-80.19264","","11","0","0","0","0","0","1","0","1","","0","0","0","","","0","","3","","40 32:38.215","","0","80 11:33.505","0","0","0","0","2458","0","0","0","N","0","0","0","2","02458","0","","1.0","","1","N","N","","0","","0","0","0","","2","","","2","0","0","0","0","0","0","2","0","2","","","","N","","","","","","","","","",""
"2013102268","","1","0","0","0","0","0","0","0","0","4","0","","02","10","2013","2","40.514136","-80.005012","","11","0","1","0","0","0","1","0","0","1","0","0","0","","","2","","2","","40 30:50.891","4","2","80 00:18.042","4","0","0","0","2116","0","0","0","N","0","0","0","3","02116","2","","1.0","","9","N","N","","1","","0","0","0","","2","Y","","2","2","0","0","0","0","0","2","0","2","","","","N","","","","","","","","","",""
"2013101579","","3","0","0","0","0","0","0","0","0","1","0","","02","10","2013","6","40.457868","-79.935298","","11","0","0","0","0","0","1","0","0","1","0","0","0","","","0","","1","","40 27:28.325","2","0","79 56:07.074","0","0","0","0","2301","0","0","0","N","0","0","0","3","02301","0","","1.0","","1","N","N","","0","","0","0","0","","2","N","","3","0","0","0","0","0","0","2","0","3","","","","N","","","","","","","","","",""
"2013103091","","0","0","0","0","0","0","0","0","0","7","1","","02","8","2013","2","40.510534","-79.854918","","11","0","0","0","0","0","0","0","0","","0","0","0","","","0","","0","","40 30:37.922","","0","79 51:17.706","0","0","0","0","2112","0","0","0","N","0","0","0","1","68D02","0","","2.0","","1","N","N","","1","","0","0","0","","0","","","1","0","0","0","0","0","0","2","0","1","","","","N","","","","","","","","","",""
"2013101441","","2","0","0","0","0","0","0","0","0","4","0","","02","9","2013","4","40.495931","-80.066793","","11","0","0","0","0","0","0","0","0","1","0","0","0","","","1","","0","","40 29:45.351","5","0","80 04:00.454","4","0","0","0","2402","0","0","0","N","0","0","0","4","02402","1","","1.0","","1","N","N","","0","","0","0","0","","0","Y","","2","1","4","0","0","0","0","2","0","2","","","","N","","","","","","","","","",""
"2013102272","","0","0","0","0","0","0","0","0","0","2","0","","02","9","2013","4","40.370039","-80.099985","","11","0","0","0","0","0","0","0","0","","0","0","0","","","0","","2","","40 22:12.140","","0","80 05:59.946","0","0","0","0","2102","0","0","0","N","0","0","0","2","02102","0","","1.0","","1","N","N","","1","","0","0","1","","0","","","2","0","0","0","0","0","0","2","0","2","","","","N","","","","","","","","","",""
"2013103092","","0","0","0","0","0","0","0","0","0","7","0","","02","9","2013","1","40.550064","-79.819183","","11","0","0","0","0","0","0","0","0","","0","0","0","","","0","","0","","40 33:00.231","","0","79 49:09.060","0","0","0","0","2208","0","0","0","N","0","0","0","3","68D02","0","","3.0","","1","N","N","","0","","0","0","1","","0","","","1","0","0","0","0","0","0","2","0","1","","","","N","","","","","","","","","",""
"2013102286","","1","0","0","0","0","0","0","0","0","1","0","","02","10","2013","1","40.454648","-79.946262","","11","0","0","0","0","0","0","0","0","1","0","0","0","","","4","","0","","40 27:16.731","4","0","79 56:46.544","3","0","0","0","2301","0","0","0","N","0","0","0","4","02301","1","","1.0","","1","N","N","","0","","1","0","1","","0","Y","","3","4","0","0","0","2","0","2","0","2","","","","N","","","","","","","","","",""
"2013101648","","1","0","0","0","0","0","0","0","0","4","0","","02","10","2013","3","40.596754","-79.947593","","11","0","0","0","0","0","0","1","0","1","0","0","0","","","1","","0","","40 35:48.315","2","0","79 56:51.336","4","0","0","0","2217","0","0","0","N","0","0","0","2","02505","1","","1.0","","1","N","N","","0","","0","0","0","","0","Y","","2","1","0","0","0","0","0","2","1","2","","","","N","","","","","","","","","",""
"2013102966","","0","0","0","0","0","0","0","0","0","8","0","","02","10","2013","3","40.429375","-79.988627","","11","0","0","0","0","0","0","0","0","","0","0","0","","","1","","1","","40 25:45.750","","0","79 59:19.057","4","0","0","0","2301","1","0","0","N","1","0","0","2","02301","1","","1.0","","1","N","N","","0","","0","0","0","","2","","","2","1","0","0","0","0","0","2","1","1","","","","N","","","","","","","","","",""
"2013100980","","1","0","0","0","0","0","0","0","0","0","0","","02","10","2013","5","40.43287","-80.01346","","11","0","0","0","0","0","1","0","0","","0","0","0","","","1","","1","","40 25:58.332","","0","80 00:48.456","8","0","0","1","2301","0","0","0","N","0","0","0","2","02301","0","","1.0","","1","N","N","","0","","0","0","0","","3","","","2","1","0","0","0","1","0","2","0","2","","","","N","","","","","","","","","",""
"2013100760","","1","0","0","0","0","0","0","0","0","7","0","","02","6","2013","6","40.555796","-80.085171","","11","0","0","0","0","0","0","0","0","","0","0","0","","","0","","0","","40 33:20.866","","0","80 05:06.617","0","0","0","0","2215","0","0","0","Y","0","0","0","1","68B03","0","","2.0","","1","N","N","","0","","0","0","0","","0","","","1","0","0","0","0","0","0","2","0","1","","","","N","","","","","","","","","",""
"2013103094","","1","0","0","0","0","0","0","0","0","7","0","","02","10","2013","4","40.495649","-79.910679","","11","0","0","0","0","1","0","0","0","2","0","0","0","","","1","","0","","40 29:44.337","1","0","79 54:38.445","3","0","0","0","2461","0","0","0","N","0","0","0","1","68D02","0","","2.0","","1","N","N","","0","","1","0","0","","0","Y","","1","1","1","0","0","0","0","2","0","1","","","","N","","","","","","","","","",""
"2013102430","","1","0","0","0","0","0","0","0","0","4","0","","02","10","2013","7","40.368341","-80.084136","","11","0","0","0","0","0","0","0","0","2","0","0","0","","","4","","1","","40 22:06.027","2","0","80 05:02.889","4","0","0","0","2117","0","0","0","N","0","0","0","4","02117","2","","1.0","","1","N","N","","0","","0","0","1","","2","N","","2","4","0","0","0","2","0","2","0","2","","","","N","","","","","","","","","",""
"2013100981","","1","0","0","0","0","0","0","0","0","1","0","","02","10","2013","5","40.395764","-79.997708","","11","0","0","0","1","0","0","0","0","","0","0","0","","","2","","0","","40 23:44.750","","0","79 59:51.748","4","0","0","0","2301","0","0","0","N","0","0","0","2","02301","1","","1.0","","1","N","N","","0","","0","0","1","","0","","","2","2","0","0","0","1","0","2","0","2","","","","N","","","","","","","","","",""
"2013102968","","1","0","0","0","0","0","0","0","0","7","0","","02","10","2013","3","40.404804","-79.825906","","11","0","0","0","0","0","0","0","0","","0","0","0","","","0","","1","","40 24:17.294","","0","79 49:33.261","9","0","0","0","2467","0","0","0","N","0","0","0","1","02467","0","","5.0","","1","N","N","","0","","0","0","0","","2","","","1","0","0","0","0","0","1","2","0","1","","","","N","","","","","","","","","",""
"2013100836","","2","0","0","0","0","0","0","0","0","1","0","","02","10","2013","4","40.48742","-79.918426","","11","0","1","0","0","0","1","0","0","1","0","0","0","","","0","","2","","40 29:14.711","1","2","79 55:06.332","0","0","0","0","2301","0","0","0","N","0","0","0","3","02301","0","","1.0","","1","N","N","","0","","0","0","0","","0","Y","","2","0","0","0","0","0","0","2","0","2","","","","N","","","","","","","","","",""