"CRN","ARRIVAL_TM","AUTOMOBILE_COUNT","BELTED_DEATH_COUNT","BELTED_SUSP_SERIOUS_INJ_COUNT","BICYCLE_COUNT","BICYCLE_DEATH_COUNT","BICYCLE_SUSP_SERIOUS_INJ_COUNT","BUS_COUNT","CHLDPAS_DEATH_COUNT","CHLDPAS_SUSP_SERIOUS_INJ_COUNT","COLLISION_TYPE","COMM_VEH_COUNT","CONS_ZONE_SPD_LIM","COUNTY","CRASH_MONTH","CRASH_YEAR","DAY_OF_WEEK","DEC_LATITUDE","DEC_LONGITUDE","DISPATCH_TM","DISTRICT","DRIVER_COUNT_16YR","DRIVER_COUNT_17YR","DRIVER_COUNT_18YR","DRIVER_COUNT_19YR","DRIVER_COUNT_20YR","DRIVER_COUNT_50_64YR","DRIVER_COUNT_65_74YR","DRIVER_COUNT_75PLUS","EST_HRS_CLOSED","FATAL_COUNT","HEAVY_TRUCK_COUNT","HORSE_BUGGY_COUNT","HOUR_OF_DAY","ILLUMINATION","INJURY_COUNT","INTERSECTION_RELATED","INTERSECT_TYPE","LANE_CLOSED","LATITUDE","LN_CLOSE_DIR","LOCATION_TYPE","LONGITUDE","MAX_SEVERITY_LEVEL","MCYCLE_DEATH_COUNT","MCYCLE_SUSP_SERIOUS_INJ_COUNT","MOTORCYCLE_COUNT","MUNICIPALITY","NONMOTR_COUNT","NONMOTR_DEATH_COUNT","NONMOTR_SUSP_SERIOUS_INJ_COUNT","NTFY_HIWY_MAINT","PED_COUNT","PED_DEATH_COUNT","PED_SUSP_SERIOUS_INJ_COUNT","PERSON_COUNT","POLICE_AGCY","POSSIBLE_INJ_COUNT","RDWY_SURF_TYPE_CD","RELATION_TO_ROAD","ROADWAY_CLEARED","ROAD_CONDITION","SCH_BUS_IND","SCH_ZONE_IND","SECONDARY_CRASH","SMALL_TRUCK_COUNT","SPEC_JURIS_CD","SUSP_MINOR_INJ_COUNT","SUSP_SERIOUS_INJ_COUNT","SUV_COUNT","TCD_FUNC_CD","TCD_TYPE","TFC_DETOUR_IND","TIME_OF_DAY","TOTAL_UNITS","TOT_INJ_COUNT","UNBELTED_OCC_COUNT","UNB_DEATH_COUNT","UNB_SUSP_SERIOUS_INJ_COUNT","UNK_INJ_DEG_COUNT","UNK_INJ_PER_COUNT","URBAN_RURAL","VAN_COUNT","VEHICLE_COUNT","WEATHER1","WEATHER2","WORKERS_PRES","WORK_ZONE_IND","WORK_ZONE_LOC","WORK_ZONE_TYPE","WZ_CLOSE_DETOUR","WZ_FLAGGER","WZ_LAW_OFFCR_IND","WZ_LN_CLOSURE","WZ_MOVING","WZ_OTHER","WZ_SHLDER_MDN","WZ_WORKERS_INJ_KILLED"
"2013101637","","2","0","0","0","0","0","0","0","0","1","0","","02","10","2013","6","40.494976","-80.011879","","11","0","0","0","0","0","0","0","1","2","0","0","0","","","3","","6","","40 29:41.914","1","2","80 00:42.766","3","0","0","0","2301","0","0","0","N","0","0","0","5","02301","2","","7.0","","1","N","N","","0","","1","0","0","","0","N","","2","3","2","0","0","0","0","2","0","2","","","","N","","","","","","","","","",""
"2013102482","","3","0","0","0","0","0","0","0","0","1","0","","02","9","2013","4","40.416095","-80.058955","","11","0","0","0","0","0","1","0","0","","0","0","0","","","0","","0","","40 24:57.941","","0","80 03:32.239","0","0","0","0","2435","0","0","0","N","0","0","0","3","68B03","0","","1.0","","1","N","N","","0","","0","0","0","","0","","","3","0","0","0","0","0","0","2","0","3","","","","N","","","","","","","","","",""
"2013109326","","1","0","0","0","0","0","0","0","0","2","0","","02","10","2013","3","40.541222","-79.788583","","11","0","0","0","0","0","1","1","0","2","0","0","0","","","2","","1","","40 32:28.400","6","0","79 47:18.898","4","0","0","0","2462","0","0","0","N","0","0","0","3","02462","1","","1.0","","1","N","N","","0","","0","0","1","","0","Y","","2","2","1","0","0","1","0","2","0","2","","","","N","","","","","","","","","",""
"2013107978","","2","0","0","0","0","0","0","0","0","4","0","","02","10","2013","2","40.354097","-79.836674","","11","0","0","1","0","0","0","1","0","","0","0","0","","","0","","2","","40 21:14.750","","0","79 50:12.027","0","0","0","0","2304","0","0","0","N","0","0","0","2","02304","0","","1.0","","1","N","","","0","","0","0","0","","2","","","2","0","0","0","0","0","0","2","0","2","","","","N","","","","","","","","","",""
"2013107297","","2","0","0","0","0","0","0","0","0","1","0","","02","10","2013","6","40.411638","-80.006677","","11","0","0","1","0","0","0","0","0","1","0","0","0","","","1","","0","","40 24:41.897","1","0","80 00:24.037","4","0","0","0","2301","0","0","0","N","0","0","0","8","02301","1","","1.0","","1","N","N","","0","","0","0","2","","0","N","","4","1","0","0","0","0","0","2","0","4","","","","N","","","","","","","","","",""
"2013109467","","1","0","0","0","0","0","0","0","0","6","0","","02","10","2013","5","40.438023","-79.913084","","11","0","0","0","0","0","1","0","0","1","0","0","0","","","2","","1","","40 26:16.882","1","0","79 54:47.102","4","0","0","0","2301","0","0","0","N","0","0","0","3","02301","2","","1.0","","9","N","N","","1","","0","0","0","","2","N","","2","2","1","0","0","0","0","2","0","2","","","","N","","","","","","","","","",""
"2013108060","","2","0","0","0","0","0","0","0","0","4","0","","02","10","2013","6","40.345702","-79.793599","","11","0","0","0","0","0","0","0","0","1","0","0","0","","","1","","0","","40 20:44.527","5","0","79 47:36.955","8","0","0","0","2477","0","0","0","N","0","0","0","5","02477","0","","1.0","","1","N","N","","0","","0","0","0","","0","Y","","2","1","0","0","0","1","0","2","0","2","","","","N","","","","","","","","","",""
"2013108918","","1","0","0","0","0","0","0","0","0","5","0","","02","10","2013","4","40.449207","-79.901303","","11","0","0","0","0","0","1","0","0","1","0","0","0","","","0","","1","","40 26:57.146","3","0","79 54:04.692","0","0","0","0","2301","0","0","0","N","0","0","0","6","02301","0","","1.0","","1","N","N","","0","","0","0","1","","2","N","","2","0","0","0","0","0","0","2","0","2","","","","N","","","","","","","","","",""
"2013109575","","1","0","0","0","0","0","0","0","0","5","1","","02","10","2013","3","40.540013","-79.822665","","11","0","0","0","0","0","1","0","0","","0","1","0","","","0","","0","","40 32:24.046","","3","79 49:21.594","0","0","0","0","2208","0","0","0","N","0","0","0","2","68T02","0","","1.0","","1","N","N","","0","","0","0","0","","0","","","2","0","0","0","0","0","0","2","0","2","","","","N","","","","","","","","","",""
"2013109330","","1","0","0","0","0","0","0","0","0","8","0","","02","10","2013","5","40.456614","-79.930117","","11","0","0","0","0","0","0","1","0","","0","0","0","","","1","","0","","40 27:23.811","","0","79 55:48.420","2","0","0","0","2301","1","0","1","N","1","0","1","2","02301","0","","1.0","","1","N","N","","0","","0","1","0","","0","","","2","1","0","0","0","0","0","2","0","1","","","","N","","","","","","","","","",""
"2013107225","","0","0","0","0","0","0","0","0","0","7","0","","02","10","2013","3","40.499724","-79.86353","","11","0","0","0","0","0","0","1","0","","0","0","0","","","0","","7","","40 29:59.007","","2","79 51:48.709","0","0","0","0","2112","0","0","0","Y","0","0","0","1","68D02","0","","4.0","","1","N","N","","0","","0","0","1","","0","","","1","0","0","0","0","0","0","2","0","1","","","","N","","","","","","","","","",""
"2013107366","","1","0","0","0","0","0","0","0","0","4","0","","02","10","2013","6","40.3825","-80.046867","","11","0","0","0","0","0","1","0","1","1","0","0","0","","","0","","0","","40 22:57.000","6","0","80 02:48.720","0","0","0","0","2109","0","0","0","N","0","0","0","4","02109","0","","5.0","","1","N","N","","1","","0","0","1","","0","Y","","3","0","0","0","0","0","0","2","0","3","","","","N","","","","","","","","","",""
"2013109578","","0","0","0","0","0","0","0","0","0","99","0","","02","10","2013","4","40.618497","-79.981101","","11","0","0","0","0","0","0","0","0","","0","0","0","","","0","","0","","40 37:06.588","","0","79 58:51.964","0","0","0","0","2217","0","0","0","N","0","0","0","1","68T02","0","","1.0","","1","N","N","","0","","0","0","1","","0","","","1","0","0","0","0","0","0","1","0","1","","","","N","","","","","","","","","",""
"2013107845","","1","0","0","0","0","0","0","0","0","4","0","","02","10","2013","6","40.373019","-80.099353","","11","0","0","0","0","0","0","1","0","","0","0","0","","","0","","2","","40 22:22.867","","2","80 05:57.669","0","0","0","0","2102","0","0","0","N","0","0","0","2","02102","0","","7.0","","9","N","N","","0","","0","0","1","","2","","","2","0","0","0","0","0","0","2","0","2","","","","N","","","","","","","","","",""
"2013107985","","1","0","0","0","0","0","0","0","0","7","0","","02","10","2013","2","40.540598","-79.722314","","11","0","0","0","0","0","0","1","0","","0","0","0","","","0","","0","","40 32:26.152","","0","79 43:20.332","0","0","0","0","2466","0","0","0","N","0","0","0","1","02466","0","","2.0","","1","N","N","","0","","0","0","0","","0","","","1","0","0","0","0","0","0","1","0","1","","","","N","","","","","","","","","",""
"2013107367","","1","0","0","0","0","0","0","0","0","4","0","","02","10","2013","6","40.378853","-80.032854","","11","0","0","0","0","0","0","0","0","","0","0","0","","","0","","1","","40 22:43.870","","0","80 01:58.274","0","0","0","0","2109","0","0","0","N","0","0","0","2","02109","0","","1.0","","1","N","N","","0","","0","0","1","","3","","","2","0","0","0","0","0","0","2","0","2","","","","N","","","","","","","","","",""
"2013107846","","1","0","0","0","0","0","0","0","0","7","0","","02","10","2013","1","40.336324","-79.977074","","11","0","0","0","0","0","0","0","0","2","0","0","0","","","0","","0","","40 20:10.766","3","0","79 58:37.466","0","0","0","0","2454","0","0","0","N","0","0","0","1","02454","0","","2.0","","1","N","N","","0","","0","0","0","","0","N","","1","0","0","0","0","0","0","2","0","1","","","","N","","","","","","","","","",""
"2013109472","","3","0","0","0","0","0","0","0","0","1","0","","02","10","2013","6","40.338064","-80.045813","","11","0","0","0","1","0","0","0","0","","0","0","0","","","0","","0","","40 20:17.030","","0","80 02:44.926","9","0","0","0","2407","0","0","0","N","0","0","0","3","02407","0","","1.0","","1","N","N","","0","","0","0","0","","0","","","3","0","0","0","0","0","1","2","0","3","","","","N","","","","","","","","","",""
"2013109595","","2","0","0","0","0","0","0","0","0","4","0","","02","10","2013","5","40.347114","-79.864117","","11","0","0","0","0","1","0","0","0","2","0","0","0","","","1","","1","","40 20:49.611","7","0","79 51:50.822","8","0","0","0","2304","0","0","0","N","0","0","0","4","02304","0","","1.0","","9","N","N","","0","","0","0","0","","2","Y","","2","1","0","0","0","1","2","2","0","2","","","","N","","","","","","","","","",""
"2013109596","","3","0","0","0","0","0","0","0","0","1","0","","02","10","2013","5","40.451509","-79.908149","","11","0","0","0","0","0","0","0","0","","0","0","0","","","0","","1","","40 27:05.432","","0","79 54:29.335","0","0","0","0","2301","0","0","0","N","0","0","0","7","02301","0","","1.0","","9","N","N","","0","","0","0","0","","2","","","3","0","0","0","0","0","0","2","0","3","","","","N","","","","","","","","","",""
"2013109582","","1","0","0","0","0","0","0","0","0","7","0","","02","10","2013","5","40.451788","-79.996395","","11","0","0","0","0","0","0","0","0","","0","0","0","","","0","","0","","40 27:06.435","","0","79 59:47.022","0","0","0","0","2301","0","0","0","N","0","0","0","1","02301","0","","4.0","","9","N","N","","0","","0","0","0","","0","","","1","0","0","0","0","0","0","2","0","1","","","","N","","","","","","","","","",""
"2013109597","","1","0","0","0","0","0","0","0","0","1","0","","02","10","2013","5","40.482072","-80.114599","","11","0","1","0","0","0","1","0","0","1","0","0","0","","","1","","2","","40 28:55.459","6","0","80 06:52.556","8","0","0","0","2126","0","0","0","N","0","0","0","3","02126","0","","1.0","","9","N","N","","0","","0","0","1","","0","N","","3","1","0","0","0","1","0","2","1","3","","","","N","","","","","","","","","",""
"2013109335","","1","0","0","0","0","0","0","0","0","1","0","","02","10","2013","5","40.456914","-79.938524","","11","0","0","0","0","0","1","0","0","1","0","0","0","","","0","","1","","40 27:24.889","1","0","79 56:18.688","0","0","0","0","2301","0","0","0","N","0","0","0","2","02301","0","","1.0","","9","N","N","","0","","0","0","0","","2","N","","2","0","0","0","0","0","0","2","1","2","","","","N","","","","","","","","","",""
"2013107862","","0","0","0","0","0","0","0","0","0","7","0","","02","10","2013","2","40.489023","-79.935425","","11","0","0","0","0","0","0","0","0","","0","0","0","","","0","","0","","40 29:20.484","","0","79 56:07.531","0","0","0","0","2301","0","0","0","N","0","0","0","1","02301","0","","2.0","","1","N","N","","0","","0","0","1","","0","","","1","0","0","0","0","0","0","2","0","1","","","","N","","","","","","","","","",""
"2013108718","","2","0","0","0","0","0","0","0","0","4","0","","02","10","2013","3","40.419067","-79.926108","","11","0","0","0","0","0","0","0","0","","0","0","0","","","0","","1","","40 25:08.641","","0","79 55:33.988","0","0","0","0","2301","0","0","0","N","0","0","0","3","02301","0","","1.0","","1","Y","N","","0","","0","0","0","","3","","","2","0","0","0","0","0","0","2","0","2","","","","N","","","","","","","","","",""
"2013107307","","0","0","0","0","0","0","0","0","0","8","0","","02","10","2013","6","40.446799","-80.017464","","11","0","0","0","0","0","0","0","0","","0","0","0","","","1","","2","","40 26:48.476","","0","80 01:02.870","4","0","0","0","2301","1","0","0","N","1","0","0","4","02301","1","","1.0","","1","N","N","","0","","0","0","1","","2","","","2","1","0","0","0","0","0","2","0","1","","","","N","","","","","","","","","",""
"2013109336","","1","0","0","0","0","0","0","0","0","1","0","","02","10","2013","5","40.390265","-79.934328","","11","0","0","0","0","0","1","0","0","1","0","0","0","","","1","","3","","40 23:24.954","2","2","79 56:03.582","8","0","0","0","2301","0","0","0","","0","0","0","3","02301","0","","1.0","","9","","","","1","","0","0","0","","4","N","","2","1","0","0","0","1","0","2","0","2","","","","N","","","","","","","","","",""
"2013109599","","1","0","0","0","0","0","0","0","0","7","0","","02","10","2013","4","40.390519","-79.951059","","11","0","0","0","0","0","0","0","0","1","0","0","0","","","1","","3","","40 23:25.869","1","0","79 57:03.812","4","0","0","0","2403","0","0","0","N","0","0","0","1","02403","1","","2.0","","1","N","N","","0","","0","0","0","","3","Y","","1","1","0","0","0","0","0","2","0","1","","","","N","","","","","","","","","",""
"2013108929","","0","0","0","0","0","0","0","0","0","7","0","","02","10","2013","1","40.578841","-80.088609","","11","0","0","0","0","0","0","0","0","","0","0","0","","","0","","2","","40 34:43.828","","0","80 05:18.992","0","0","0","0","2481","0","0","0","","0","0","0","2","02481","0","","5.0","","1","N","N","","0","","0","0","1","","0","","","1","0","0","0","0","0","0","2","0","1","","","","N","","","","","","","","","",""
"2013109587","","1","0","0","0","0","0","1","0","0","1","1","","02","10","2013","5","40.340329","-79.93829","","11","0","0","0","0","0","1","0","0","","0","0","0","","","1","","1","","40 20:25.183","","0","79 56:17.845","4","0","0","0","2473","0","0","0","N","0","0","0","2","02503","1","","1.0","","9","N","N","","0","","0","0","0","","2","","","2","1","0","0","0","0","0","2","0","2","","","","N","","","","","","","","","",""
"2013108005","","0","0","0","0","0","0","0","0","0","1","0","","02","10","2013","2","40.460349","-79.923842","","11","0","0","0","0","0","1","0","0","","0","0","0","","","0","","2","","40 27:37.255","","0","79 55:25.832","0","0","0","0","2301","0","0","0","N","0","0","0","2","02301","0","","1.0","","1","N","N","","1","","0","0","1","","2","","","2","0","0","0","0","0","0","2","0","2","","","","N","","","","","","","","","",""
"2013107309","","1","0","0","0","0","0","0","0","0","8","0","","02","10","2013","6","40.453759","-79.99917","","11","0","0","0","0","0","0","0","0","","0","0","0","","","1","","2","","40 27:13.532","","0","79 59:57.013","3","0","0","0","2301","1","0","0","N","1","0","0","2","02301","0","","1.0","","1","N","N","","0","","1","0","0","","0","","","2","1","0","0","0","0","0","2","0","1","","","","N","","","","","","","","","",""
"2013108070","","1","0","0","0","0","0","0","0","0","4","0","","02","10","2013","2","40.49676","-79.83479","","11","0","0","0","0","0","0","0","0","3","0","0","0","","","3","","1","","40 29:48.336","6","0","79 50:05.244","3","0","0","0","2113","0","0","0","N","0","0","0","3","02113","2","","1.0","","1","N","N","","0","","1","0","1","","3","Y","","2","3","0","0","0","0","0","2","0","2","","","","N","","","","","","","","","",""
"2013109588","","1","0","0","0","0","0","0","0","0","8","0","","02","10","2013","5","40.422923","-79.891031","","11","0","0","0","0","0","0","0","0","","0","0","0","","","1","","1","","40 25:22.522","","0","79 53:27.711","3","0","0","0","2463","1","0","0","N","1","0","0","1","02463","0","","1.0","","9","N","N","","0","","1","0","0","","0","","","2","1","0","0","0","0","0","2","0","1","","","","N","","","","","","","","","",""
"2013109589","","1","0","0","0","0","0","0","0","0","1","0","","02","10","2013","5","40.422809","-80.003666","","11","0","0","0","0","0","1","0","0","1","0","0","0","","","1","","0","","40 25:22.114","2","4","80 00:13.197","8","0","0","0","2301","0","0","0","Y","0","0","0","4","02301","0","","1.0","","9","N","N","","0","","0","0","2","","0","N","","3","1","0","0","0","1","0","2","0","3","","","","N","","","","","","","","","",""
"2013107093","","1","0","0","0","0","0","0","0","0","4","0","","02","10","2013","6","40.569904","-79.942203","","11","0","1","0","0","0","0","0","0","2","0","0","0","","","2","","0","","40 34:11.655","6","0","79 56:31.931","4","0","0","0","2207","0","0","0","N","0","0","0","2","02207","2","","1.0","","1","N","N","","0","","0","0","1","","0","Y","","2","2","0","0","0","0","0","2","0","2","","","","N","","","","","","","","","",""
"2013108722","","2","0","0","0","0","0","0","0","0","1","0","","02","10","2013","3","40.56184","-79.959218","","11","0","0","0","0","0","1","0","0","1","0","0","0","","","2","","0","","40 33:42.625","1","0","79 57:33.186","4","0","0","0","2207","0","0","0","","0","0","0","3","02207","1","","1.0","","1","","","","1","","0","0","0","","0","N","","3","2","0","0","0","1","0","2","0","3","","","","N","","","","","","","","","",""
"2013107996","","2","0","0","0","0","0","0","0","0","4","0","","02","10","2013","6","40.33245","-79.93379","","11","0","0","0","1","0","1","0","0","","0","0","0","","","0","","1","","40 19:56.821","","0","79 56:01.645","0","0","0","0","2473","0","0","0","N","0","0","0","2","02473","0","","1.0","","1","N","N","","0","","0","0","0","","2","","","2","0","0","0","0","0","0","2","0","2","","","","N","","","","","","","","","",""
"2013108863","","2","0","0","0","0","0","0","0","0","1","0","","02","10","2013","6","40.409539","-79.867159","","11","0","0","0","0","0","0","0","0","","0","0","0","","","0","","0","","40 24:34.340","","0","79 52:01.772","0","0","0","0","2449","0","0","0","N","0","0","0","1","02449","0","","1.0","","1","N","N","","0","","0","0","0","","0","","","2","0","1","0","0","0","0","2","0","2","","","","N","","","","","","","","","",""
"2013109007","","1","0","0","0","0","0","0","0","0","99","0","","02","10","2013","7","40.426974","-80.293814","","11","0","0","0","0","0","1","0","0","","0","0","0","","","0","","0","","40 25:37.106","","0","80 17:37.732","0","0","0","0","2214","0","0","0","N","0","0","0","2","68B03","0","","1.0","","1","N","N","","0","","0","0","0","","0","","","1","0","0","0","0","0","0","1","0","1","","","","N","","","","","","","","","",""
"2013107534","","1","0","0","0","0","0","0","0","0","4","0","","02","10","2013","7","40.519079","-80.004803","","11","0","0","0","0","0","2","0","0","","0","0","0","","","0","","0","","40 31:08.686","","7","80 00:17.290","0","0","0","0","2116","0","0","0","N","0","0","0","5","02116","0","","1.0","","1","N","N","","0","","0","0","1","","2","","","2","0","0","0","0","0","0","2","0","2","","","","N","","","","","","","","","",""
"2013108790","","0","0","0","0","0","0","0","0","0","2","1","","02","10","2013","4","40.428027","-79.926921","","11","0","0","0","0","0","2","0","0","1","0","1","0","","","0","","0","","40 25:40.897","3","0","79 55:36.916","0","0","0","0","2301","0","0","0","N","0","0","0","2","68B03","0","","1.0","","1","N","N","","1","","0","0","0","","2","N","","2","0","0","0","0","0","0","2","0","2","","","","N","","","","","","","","","",""
"2013107454","","2","0","0","0","0","0","0","0","0","6","0","","02","10","2013","7","40.467295","-80.007584","","11","0","0","0","0","0","0","0","0","","0","0","0","","","0","","0","","40 28:02.262","","0","80 00:27.302","0","0","0","0","2301","0","0","0","N","0","0","0","2","02301","0","","6.0","","1","N","N","","0","","0","0","1","","0","","","3","0","0","0","0","0","0","2","0","3","","","","N","","","","","","","","","",""
"2013108725","","2","0","0","0","0","0","0","0","0","1","0","","02","10","2013","7","40.492279","-79.904388","","11","0","0","0","0","0","0","0","0","","0","0","0","","","1","","0","","40 29:32.204","","0","79 54:15.796","4","0","0","0","2401","0","0","0","N","0","0","0","3","02401","1","","6.0","","1","N","N","","0","","0","0","1","","0","","","3","1","0","0","0","0","0","2","0","3","","","","N","","","","","","","","","",""
"2013108010","","0","0","0","0","0","0","0","0","0","7","0","","02","10","2013","2","40.573962","-79.954688","","11","0","0","0","0","0","0","0","0","","0","0","0","","","1","","0","","40 34:26.263","","0","79 57:16.878","3","0","0","0","2207","0","0","0","N","0","0","0","3","02207","0","","4.0","","1","N","N","","0","","1","0","1","","0","","","1","1","0","0","0","0","2","2","0","1","","","","N","","","","","","","","","",""
"2013109607","","1","0","0","0","0","0","0","0","0","1","0","","02","10","2013","5","40.438227","-79.830316","","11","0","0","0","0","0","1","0","0","2","0","0","0","","","3","","0","","40 26:17.616","6","0","79 49:49.136","4","0","0","0","2419","0","0","0","","0","0","0","4","02419","3","","1.0","","9","","","","0","","0","0","1","","0","Y","","2","3","0","0","0","0","0","2","0","2","","","","N","","","","","","","","","",""
"2013108000","","1","0","0","0","0","0","0","0","0","4","0","","02","10","2013","2","40.46067","-79.971923","","11","0","0","0","0","0","2","0","0","1","0","0","0","","","1","","0","","40 27:38.411","4","0","79 58:18.924","4","0","0","0","2301","0","0","0","N","0","0","0","2","02301","1","","1.0","","1","N","N","","1","","0","0","0","","0","N","","2","1","0","0","0","0","0","2","0","2","","","","N","","","","","","","","","",""
"2013109608","","2","0","0","0","0","0","0","0","0","1","0","","02","10","2013","5","40.397675","-79.999448","","11","0","0","0","0","0","0","0","0","","0","0","0","","","0","","0","","40 23:51.629","","0","79 59:58.012","0","0","0","0","2301","0","0","0","N","0","0","0","2","02301","0","","4.0","","9","N","N","","0","","0","0","0","","0","","","2","0","0","0","0","0","0","2","0","2","","","","N","","","","","","","","","",""
"2013108077","","2","0","0","0","0","0","0","0","0","4","0","","02","10","2013","1","40.574046","-80.052233","","11","0","0","1","0","0","0","0","0","2","0","0","0","","","3","","2","","40 34:26.565","1","0","80 03:08.038","4","0","0","0","2108","0","0","0","N","0","0","0","6","02108","1","","1.0","","1","N","N","","0","","0","0","0","","3","N","","2","3","0","0","0","2","0","2","0","2","","","","N","","","","","","","","","",""
"2013108868","","1","0","0","0","0","0","0","0","0","7","0","","02","10","2013","3","40.492182","-79.938321","","11","0","0","0","0","0","0","0","0","","0","0","0","","","1","","3","","40 29:31.856","","8","79 56:17.956","4","0","0","0","2461","0","0","0","Y","0","0","0","1","02461","1","","7.0","","1","N","N","","0","","0","0","0","","0","","","1","1","0","0","0","0","0","2","0","1","","","","N","","","","","","","","","",""
"2013108013","","0","0","0","0","0","0","0","0","0","1","0","","02","10","2013","2","40.491232","-80.297329","","11","0","0","0","0","0","1","0","0","1","0","0","0","","","0","","0","","40 29:28.435","3","0","80 17:50.384","0","0","0","0","2203","0","0","0","N","0","0","0","2","02203","0","","1.0","","1","N","N","","2","","0","0","0","","0","N","","2","0","1","0","0","0","0","2","0","2","","","","N","","","","","","","","","",""
"2013108078","","0","0","0","0","0","0","0","0","0","1","0","","02","10","2013","7","40.352724","-80.0503","","11","0","0","0","0","0","1","1","0","1","0","0","0","","","0","","0","","40 21:09.807","1","0","80 03:01.079","0","0","0","0","2407","0","0","0","N","0","0","0","6","02407","0","","1.0","","1","N","N","","0","","0","0","3","","0","N","","3","0","0","0","0","0","0","2","0","3","","","","N","","","","","","","","","",""
"2013107102","","0","0","0","0","0","0","0","0","0","4","0","","02","10","2013","6","40.43804","-79.917737","","11","0","0","0","1","0","0","1","0","","0","0","0","","","0","","1","","40 26:16.944","","0","79 55:03.853","0","0","0","0","2301","0","0","0","","0","0","0","4","02301","0","","1.0","","1","","","","0","","0","0","1","","3","","","2","0","0","0","0","0","0","2","1","2","","","","N","","","","","","","","","",""
"2013107319","","1","0","0","0","0","0","0","0","0","4","0","","02","10","2013","6","40.475102","-80.095863","","11","0","0","0","0","0","0","0","0","1","0","0","0","","","0","","2","","40 28:30.367","7","0","80 05:45.106","0","0","0","0","2126","0","0","0","N","0","0","0","3","02126","0","","1.0","","1","N","N","","1","","0","0","0","","0","Y","","2","0","0","0","0","0","0","2","0","2","","","","N","","","","","","","","","",""
"2013108079","","1","0","0","0","0","0","0","0","0","8","0","","02","10","2013","2","40.397494","-80.036123","","11","0","0","0","0","0","0","0","0","","0","0","0","","","1","","2","","40 23:50.978","","0","80 02:10.042","4","0","0","0","2422","1","0","0","N","1","0","0","2","02422","1","","1.0","","1","N","N","","0","","0","0","0","","0","","","2","1","0","0","0","0","0","2","0","1","","","","N","","","","","","","","","",""
"2013109679","","2","0","0","0","0","0","0","0","0","4","0","","02","11","2013","6","40.475102","-80.095863","","11","0","0","0","0","0","0","0","0","","0","0","0","","","0","","2","","40 28:30.367","","0","80 05:45.106","0","0","0","0","2126","0","0","0","N","0","0","0","3","02126","0","","1.0","","9","N","N","","0","","0","0","0","","3","","","2","0","0","0","0","0","0","2","0","2","","","","N","","","","","","","","","",""
"2013107103","","2","0","0","0","0","0","0","0","0","4","0","","02","10","2013","6","40.473674","-79.856493","","11","0","0","0","0","0","0","0","0","2","0","0","0","","","2","","2","","40 28:25.228","3","0","79 51:23.374","4","0","0","0","2113","0","0","0","N","0","0","0","2","02113","2","","1.0","","1","N","N","","0","","0","0","0","","3","N","","2","2","0","0","0","0","0","2","0","2","","","","N","","","","","","","","","",""
"2013107874","","1","0","0","0","0","0","0","0","0","7","0","","02","10","2013","2","40.369251","-79.94618","","11","0","0","0","0","0","0","0","0","","0","0","0","","","0","","2","","40 22:09.303","","0","79 56:46.247","0","0","0","0","2403","0","0","0","N","0","0","0","1","02403","0","","5.0","","1","N","N","","0","","0","0","0","","0","","","1","0","0","0","0","0","0","2","0","1","","","","N","","","","","","","","","",""
"2013107320","","1","0","0","0","0","0","0","0","0","7","0","","02","10","2013","6","40.442996","-79.991388","","11","0","0","0","0","0","0","0","0","","0","0","0","","","1","","0","","40 26:34.787","","0","79 59:28.996","8","0","0","0","2301","0","0","0","N","0","0","0","1","02301","0","","1.0","","1","N","N","","0","","0","0","0","","0","","","1","1","0","0","0","1","0","2","0","1","","","","N","","","","","","","","","",""
"2013108745","","0","0","0","0","0","0","0","0","0","99","0","","02","10","2013","2","40.315662","-79.939734","","11","0","0","0","0","0","0","0","0","","0","0","0","","","0","","0","","40 18:56.384","","0","79 56:23.041","0","0","0","0","2440","0","0","0","N","0","0","0","1","02440","0","","1.0","","1","N","N","","0","","0","0","1","","0","","","1","0","0","0","0","0","0","2","0","1","","","","N","","","","","","","","","",""
"2013108017","","3","0","0","0","0","0","0","0","0","1","0","","02","10","2013","7","40.518067","-80.00466","","11","0","0","0","0","0","0","0","0","1","0","0","0","","","0","","0","","40 31:05.042","1","0","80 00:16.776","0","0","0","0","2116","0","0","0","N","0","0","0","3","02116","0","","1.0","","1","N","N","","0","","0","0","0","","0","N","","3","0","0","0","0","0","0","2","0","3","","","","N","","","","","","","","","",""
"2013108746","","3","0","0","0","0","0","0","0","0","2","0","","02","10","2013","1","40.429198","-79.999478","","11","0","0","0","0","0","0","0","0","1","0","0","0","","","1","","0","","40 25:45.113","4","2","79 59:58.119","4","0","0","0","2301","0","0","0","N","0","0","0","1","02301","1","","6.0","","1","N","N","","1","","0","0","2","","0","N","","6","1","0","0","0","0","0","2","0","6","","","","N","","","","","","","","","",""
"2013107877","","0","0","0","0","0","0","0","0","0","7","0","","02","10","2013","1","40.416776","-80.014504","","11","0","0","0","0","0","0","0","0","","2","0","0","","","2","","0","","40 25:00.394","","0","80 00:52.215","1","0","0","0","2301","0","0","0","N","0","0","0","4","02301","0","2","5.0","","1","N","N","","0","0","0","1","1","","0","","","1","2","0","0","0","1","0","2","0","1","","","","N","","","","","","","","","",""