"CRN","ARRIVAL_TM","AUTOMOBILE_COUNT","BELTED_DEATH_COUNT","BELTED_SUSP_SERIOUS_INJ_COUNT","BICYCLE_COUNT","BICYCLE_DEATH_COUNT","BICYCLE_SUSP_SERIOUS_INJ_COUNT","BUS_COUNT","CHLDPAS_DEATH_COUNT","CHLDPAS_SUSP_SERIOUS_INJ_COUNT","COLLISION_TYPE","COMM_VEH_COUNT","CONS_ZONE_SPD_LIM","COUNTY","CRASH_MONTH","CRASH_YEAR","DAY_OF_WEEK","DEC_LATITUDE","DEC_LONGITUDE","DISPATCH_TM","DISTRICT","DRIVER_COUNT_16YR","DRIVER_COUNT_17YR","DRIVER_COUNT_18YR","DRIVER_COUNT_19YR","DRIVER_COUNT_20YR","DRIVER_COUNT_50_64YR","DRIVER_COUNT_65_74YR","DRIVER_COUNT_75PLUS","EST_HRS_CLOSED","FATAL_COUNT","HEAVY_TRUCK_COUNT","HORSE_BUGGY_COUNT","HOUR_OF_DAY","ILLUMINATION","INJURY_COUNT","INTERSECTION_RELATED","INTERSECT_TYPE","LANE_CLOSED","LATITUDE","LN_CLOSE_DIR","LOCATION_TYPE","LONGITUDE","MAX_SEVERITY_LEVEL","MCYCLE_DEATH_COUNT","MCYCLE_SUSP_SERIOUS_INJ_COUNT","MOTORCYCLE_COUNT","MUNICIPALITY","NONMOTR_COUNT","NONMOTR_DEATH_COUNT","NONMOTR_SUSP_SERIOUS_INJ_COUNT","NTFY_HIWY_MAINT","PED_COUNT","PED_DEATH_COUNT","PED_SUSP_SERIOUS_INJ_COUNT","PERSON_COUNT","POLICE_AGCY","POSSIBLE_INJ_COUNT","RDWY_SURF_TYPE_CD","RELATION_TO_ROAD","ROADWAY_CLEARED","ROAD_CONDITION","SCH_BUS_IND","SCH_ZONE_IND","SECONDARY_CRASH","SMALL_TRUCK_COUNT","SPEC_JURIS_CD","SUSP_MINOR_INJ_COUNT","SUSP_SERIOUS_INJ_COUNT","SUV_COUNT","TCD_FUNC_CD","TCD_TYPE","TFC_DETOUR_IND","TIME_OF_DAY","TOTAL_UNITS","TOT_INJ_COUNT","UNBELTED_OCC_COUNT","UNB_DEATH_COUNT","UNB_SUSP_SERIOUS_INJ_COUNT","UNK_INJ_DEG_COUNT","UNK_INJ_PER_COUNT","URBAN_RURAL","VAN_COUNT","VEHICLE_COUNT","WEATHER1","WEATHER2","WORKERS_PRES","WORK_ZONE_IND","WORK_ZONE_LOC","WORK_ZONE_TYPE","WZ_CLOSE_DETOUR","WZ_FLAGGER","WZ_LAW_OFFCR_IND","WZ_LN_CLOSURE","WZ_MOVING","WZ_OTHER","WZ_SHLDER_MDN","WZ_WORKERS_INJ_KILLED"
"2013107121","","2","0","0","0","0","0","0","0","0","4","0","","02","10","2013","6","40.435804","-79.962272","","11","0","0","0","0","0","0","1","0","","0","0","0","","","0","","1","","40 26:08.894","","0","79 57:44.179","0","0","0","0","2301","0","0","0","N","0","0","0","2","02301","0","","1.0","","1","N","N","","0","","0","0","0","","0","","","2","0","0","0","0","0","0","2","0","2","","","","N","","","","","","","","","",""
"2013108736","","1","0","0","0","0","0","0","0","0","7","0","","02","10","2013","3","40.458637","-79.998484","","11","0","0","0","0","1","0","0","0","1","0","0","0","","","1","","2","","40 27:31.092","5","0","79 59:54.544","3","0","0","0","2301","0","0","0","N","0","0","0","1","02301","0","","7.0","","1","N","N","","0","","1","0","0","","8","N","","1","1","1","0","0","0","0","2","0","1","","","","N","","","","","","","","","",""
"2013107953","","2","0","0","0","0","0","0","0","0","5","0","","02","10","2013","7","40.359257","-79.9062","","11","0","1","0","0","0","1","0","0","1","0","0","0","","","1","","0","","40 21:33.325","1","99","79 54:22.320","4","0","0","0","2473","0","0","0","N","0","0","0","2","02473","1","","1.0","","1","N","N","","0","","0","0","0","","0","N","","2","1","0","0","0","0","0","2","0","2","","","","N","","","","","","","","","",""
"2013108878","","2","0","0","0","0","0","0","0","0","4","0","","02","10","2013","2","40.30074","-79.923681","","11","0","0","0","0","0","1","0","0","2","0","0","0","","","1","","2","","40 18:02.664","1","0","79 55:25.251","8","0","0","0","2440","0","0","0","N","0","0","0","3","02440","0","","1.0","","1","N","N","","0","","0","0","0","","3","N","","2","1","0","0","0","1","1","2","0","2","","","","N","","","","","","","","","",""
"2013108737","","0","0","0","0","0","0","0","0","0","7","1","","02","10","2013","3","40.489037","-79.86533","","11","0","0","0","0","0","0","0","0","6","0","1","0","","","0","","0","","40 29:20.533","7","0","79 51:55.188","0","0","0","0","2408","0","0","0","Y","0","0","0","1","02408","0","","5.0","","1","N","N","","0","","0","0","0","","0","Y","","1","0","0","0","0","0","0","2","0","1","","","","N","","","","","","","","","",""
"2013108749","","1","0","0","0","0","0","0","0","0","7","0","","02","10","2013","4","40.478621","-80.09259","","11","0","0","0","0","0","0","0","0","","0","0","0","","","0","","0","","40 28:43.035","","0","80 05:33.324","0","0","0","0","2126","0","0","0","N","0","0","0","1","02126","0","","2.0","","1","N","N","","0","","0","0","0","","0","","","1","0","0","0","0","0","0","2","0","1","","","","N","","","","","","","","","",""
"2013108893","","2","0","0","0","0","0","0","0","0","2","0","","02","10","2013","3","40.445266","-79.85768","","11","0","0","0","0","0","1","0","1","2","0","0","0","","","0","","0","","40 26:42.957","6","0","79 51:27.648","0","0","0","0","2419","0","0","0","N","0","0","0","2","02419","0","","1.0","","1","N","N","","0","","0","0","0","","0","N","","2","0","0","0","0","0","0","2","0","2","","","","N","","","","","","","","","",""
"2013107881","","2","0","0","0","0","0","0","0","0","4","0","","02","10","2013","1","40.415739","-80.02315","","11","0","1","0","0","0","0","0","0","2","0","0","0","","","1","","0","","40 24:56.660","5","0","80 01:23.340","4","0","0","0","2301","0","0","0","N","0","0","0","1","02301","1","","5.0","","1","N","N","","0","","0","0","2","","0","N","","4","1","1","0","0","0","0","2","0","4","","","","N","","","","","","","","","",""
"2013107942","","1","0","0","0","0","0","0","0","0","99","0","","02","10","2013","7","40.632777","-79.987653","","11","0","0","0","1","0","0","0","0","","0","0","0","","","0","","0","","40 37:57.998","","0","79 59:15.551","0","0","0","0","2217","0","0","0","N","0","0","0","1","68T02","0","","1.0","","1","N","N","","0","","0","0","0","","0","","","1","0","0","0","0","0","0","1","0","1","","","","N","","","","","","","","","",""
"2013108022","","1","0","0","0","0","0","0","0","0","1","0","","02","10","2013","2","40.461135","-79.947989","","11","0","0","0","0","0","2","0","0","","0","0","0","","","1","","0","","40 27:40.086","","0","79 56:52.760","8","0","0","0","2301","0","0","0","N","0","0","0","3","02301","0","","1.0","","1","N","N","","0","","0","0","0","","2","","","2","1","0","0","0","1","0","2","1","2","","","","N","","","","","","","","","",""
"2013107815","","2","0","0","0","0","0","0","0","0","4","0","","02","10","2013","1","40.449706","-80.025099","","11","0","0","0","0","0","0","1","0","1","0","0","0","","","3","","1","","40 26:58.940","2","0","80 01:30.356","3","0","0","0","2301","0","0","0","N","0","0","0","3","02301","1","","1.0","","1","N","N","","0","","1","0","0","","2","Y","","2","3","0","0","0","1","0","2","0","2","","","","N","","","","","","","","","",""
"2013108023","","1","0","0","0","0","0","0","0","0","1","0","","02","10","2013","6","40.332543","-79.891854","","11","0","0","0","0","0","0","0","0","1","0","0","0","","","1","","1","","40 19:57.154","5","0","79 53:30.674","4","0","0","0","2433","0","0","0","N","0","0","0","3","02433","1","","1.0","","1","N","N","","0","","0","0","1","","3","Y","","2","1","0","0","0","0","0","2","0","2","","","","N","","","","","","","","","",""
"2013109688","","1","0","0","0","0","0","0","0","0","1","0","","02","11","2013","6","40.421301","-79.949646","","11","0","0","0","0","0","1","0","0","","0","0","0","","","0","","0","","40 25:16.684","","0","79 56:58.725","0","0","0","0","2301","0","0","0","N","0","0","0","2","02301","0","","1.0","","9","N","N","","1","","0","0","0","","0","","","2","0","0","0","0","0","0","2","0","2","","","","N","","","","","","","","","",""
"2013108895","","1","0","0","0","0","0","0","0","0","4","0","","02","10","2013","4","40.437295","-79.975965","","11","0","0","0","0","0","0","0","0","","0","0","0","","","2","","1","","40 26:14.262","","0","79 58:33.474","4","0","0","0","2301","0","0","0","N","0","0","0","2","02301","2","","1.0","","1","N","N","","0","","0","0","0","","0","","","2","2","0","0","0","0","0","2","1","2","","","","N","","","","","","","","","",""
"2013107944","","2","0","0","0","0","0","0","0","0","1","0","","02","10","2013","2","40.513239","-80.1546","","11","0","0","0","0","0","0","0","0","","0","0","0","","","1","","0","","40 30:47.660","","0","80 09:16.560","8","0","0","0","2420","0","0","0","N","0","0","0","1","02420","0","","2.0","","1","N","N","","0","","0","0","1","","0","","","3","1","0","0","0","1","0","2","0","3","","","","N","","","","","","","","","",""
"2013109507","","0","0","0","0","0","0","0","0","0","1","0","","02","10","2013","4","40.578844","-80.095462","","11","0","0","0","0","0","1","1","0","","0","0","0","","","0","","0","","40 34:43.840","","0","80 05:43.662","0","0","0","0","2481","0","0","0","N","0","0","0","6","68B03","0","","1.0","","1","N","N","","1","","0","0","1","","0","","","2","0","0","0","0","0","0","2","0","2","","","","N","","","","","","","","","",""
"2013107340","","1","0","0","0","0","0","0","0","0","1","0","","02","10","2013","7","40.425725","-80.019819","","11","0","0","0","0","0","0","0","0","2","0","0","0","","","0","","0","","40 25:32.610","1","0","80 01:11.350","0","0","0","0","2301","0","0","0","N","0","0","0","2","02301","0","","1.0","","1","N","N","","0","","0","0","0","","0","N","","2","0","0","0","0","0","0","2","1","2","","","","N","","","","","","","","","",""
"2013109508","","2","0","0","0","0","0","0","0","0","5","0","","02","10","2013","5","40.425811","-79.910768","","11","0","0","0","0","0","0","0","0","1","0","0","0","","","1","","0","","40 25:32.921","4","0","79 54:38.765","4","0","0","0","2301","0","0","0","Y","0","0","0","2","68B03","1","","1.0","","1","N","N","","0","","0","0","0","","0","N","","2","1","0","0","0","0","0","2","0","2","","","","N","","","","","","","","","",""
"2013107128","","0","0","0","0","0","0","0","0","0","99","0","","02","10","2013","5","40.349675","-79.93207","","11","0","0","0","0","0","0","0","0","1","0","0","0","","","0","","0","","40 20:58.831","3","0","79 55:55.452","0","0","0","0","2473","0","0","0","N","0","0","0","2","02473","0","","1.0","","1","N","N","","0","","0","0","1","","0","N","","1","0","0","0","0","0","0","2","0","1","","","","N","","","","","","","","","",""
"2013107885","","2","0","0","0","0","0","0","0","0","7","0","","02","10","2013","1","40.48742","-79.918426","","11","0","0","0","0","0","0","0","0","2","0","0","0","","","1","","2","","40 29:14.711","6","0","79 55:06.332","4","0","0","0","2301","0","0","0","N","0","0","0","3","02301","1","","1.0","","1","N","N","","0","","0","0","0","","0","N","","2","1","0","0","0","0","0","2","0","2","","","","N","","","","","","","","","",""
"2013107959","","1","0","0","0","0","0","0","0","0","1","0","","02","10","2013","1","40.535544","-80.010139","","11","0","0","0","0","0","1","1","0","","0","0","0","","","0","","0","","40 32:07.960","","0","80 00:36.500","0","0","0","0","2116","0","0","0","N","0","0","0","2","02116","0","","1.0","","1","N","N","","0","","0","0","1","","0","","","2","0","0","0","0","0","0","2","0","2","","","","N","","","","","","","","","",""
"2013109509","","0","0","0","0","0","0","0","0","0","0","0","","02","10","2013","6","40.440351","-79.832461","","11","0","0","0","0","0","0","0","0","2","0","0","0","","","0","","0","","40 26:25.263","3","0","79 49:56.858","0","0","0","0","2419","0","0","0","N","0","0","0","1","68B03","0","","1.0","","1","N","N","","1","","0","0","0","","0","N","","1","0","0","0","0","0","0","2","0","1","","","","N","","","","","","","","","",""
"2013107330","","0","0","0","0","0","0","0","0","0","4","0","","02","10","2013","6","40.409658","-79.962542","","11","0","0","0","0","0","0","0","0","3","0","0","0","","","3","","3","","40 24:34.770","6","0","79 57:45.150","3","0","0","0","2403","0","0","0","N","0","0","0","4","02403","2","","1.0","","1","N","N","","0","","1","0","2","","0","Y","","2","3","2","0","0","0","0","2","0","2","","","","N","","","","","","","","","",""
"2013108898","","2","0","0","0","0","0","0","0","0","1","0","","02","10","2013","4","40.432987","-80.191271","","11","0","0","0","0","0","1","0","0","","0","0","0","","","0","","2","","40 25:58.753","","0","80 11:28.577","0","0","0","0","2214","0","0","0","N","0","0","0","2","02214","0","","1.0","","1","N","N","","0","","0","0","0","","0","","","2","0","0","0","0","0","0","1","0","2","","","","N","","","","","","","","","",""
"2013107886","","1","0","0","0","0","0","0","0","0","7","0","","02","10","2013","1","40.397949","-79.790286","","11","0","0","1","0","0","0","0","0","2","0","0","0","","","1","","0","","40 23:52.618","6","0","79 47:25.029","8","0","0","0","2446","0","0","0","N","0","0","0","2","02446","0","","5.0","","1","N","N","","0","","0","0","0","","0","N","","1","1","0","0","0","1","0","2","0","1","","","","N","","","","","","","","","",""
"2013107343","","2","0","0","0","0","0","0","0","0","4","0","","02","10","2013","7","40.442524","-79.95749","","11","0","0","0","0","0","0","0","0","","0","0","0","","","0","","2","","40 26:33.086","","0","79 57:26.964","0","0","0","0","2301","0","0","0","N","0","0","0","3","02301","0","","1.0","","1","N","N","","0","","0","0","0","","2","","","2","0","0","0","0","0","0","2","0","2","","","","N","","","","","","","","","",""
"2013107962","","1","0","0","0","0","0","0","0","0","7","0","","02","10","2013","1","40.345894","-80.057049","","11","0","0","0","0","0","0","0","1","3","0","0","0","","","0","","1","","40 20:45.219","2","0","80 03:25.378","0","0","0","0","2123","0","0","0","Y","0","0","0","2","02123","0","","4.0","","1","N","N","","0","","0","0","0","","2","N","","1","0","0","0","0","0","0","2","0","1","","","","N","","","","","","","","","",""
"2013108029","","2","0","0","0","0","0","0","0","0","4","0","","02","10","2013","2","40.422055","-80.048201","","11","0","0","0","0","0","1","0","0","2","0","0","0","","","0","","2","","40 25:19.399","3","2","80 02:53.522","0","0","0","0","2435","0","0","0","N","0","0","0","2","02435","0","","7.0","","1","N","N","","0","","0","0","0","","3","N","","2","0","0","0","0","0","0","2","0","2","","","","N","","","","","","","","","",""
"2013107951","","0","0","0","0","0","0","0","0","0","8","0","","02","10","2013","2","40.463668","-79.705456","","11","0","0","0","0","0","0","0","0","","0","0","0","","","1","","1","","40 27:49.204","","0","79 42:19.641","8","0","0","0","2466","1","0","0","N","1","0","0","2","02466","0","","1.0","","1","N","N","","0","","0","0","1","","2","","","2","1","0","0","0","1","0","2","0","1","","","","N","","","","","","","","","",""
"2013107197","","1","0","0","0","0","0","0","0","0","4","0","","02","10","2013","5","40.566223","-80.007838","","11","0","0","0","0","0","0","0","1","","0","0","0","","","0","","0","","40 33:58.402","","0","80 00:28.217","0","0","0","0","2108","0","0","0","Y","0","0","0","2","02108","0","","1.0","","1","N","N","","0","","0","0","1","","0","","","2","0","1","0","0","0","0","2","0","2","","","","N","","","","","","","","","",""
"2013108761","","1","0","0","0","0","0","0","0","0","7","0","","02","10","2013","4","40.445612","-79.998636","","11","0","0","0","0","1","0","0","0","","0","0","0","","","1","","3","","40 26:44.203","","0","79 59:55.088","8","0","0","0","2301","0","0","0","N","0","0","0","2","02301","0","","1.0","","1","N","N","","0","","0","0","0","","0","","","1","1","0","0","0","1","0","2","0","1","","","","N","","","","","","","","","",""
"2013107198","","2","0","0","0","0","0","0","0","0","1","0","","02","10","2013","5","40.449981","-80.109975","","11","0","0","0","0","0","0","0","0","1","0","0","0","","","0","","1","","40 26:59.930","3","2","80 06:35.911","0","0","0","0","2115","0","0","0","N","0","0","0","2","02115","0","","7.0","","1","N","N","","0","","0","0","0","","2","N","","2","0","0","0","0","0","0","2","0","2","","","","N","","","","","","","","","",""
"2013109316","","1","0","0","0","0","0","0","0","0","1","0","99","02","10","2013","5","40.489147","-80.0798","","11","0","0","0","0","0","1","1","0","","0","0","0","","","0","","1","","40 29:20.928","","3","80 04:47.279","0","0","0","0","2122","0","0","0","N","0","0","0","3","02122","0","","1.0","","1","N","N","","0","","0","0","0","","3","","","2","0","0","0","0","0","0","2","1","2","","","Y","Y","3","2","","","N","","","","",""
"2013107199","","2","0","0","0","0","0","0","0","0","4","0","","02","10","2013","4","40.499045","-80.208187","","11","0","0","0","0","1","0","0","0","2","0","0","0","","","3","","2","","40 29:56.561","3","2","80 12:29.473","3","0","0","0","2213","0","0","0","N","0","0","0","3","02213","0","","1.0","","9","N","N","","0","","3","0","0","","3","Y","","2","3","0","0","0","0","0","2","0","2","","","","N","","","","","","","","","",""
"2013107351","","1","0","0","0","0","0","0","0","0","6","0","","02","10","2013","6","40.387335","-79.983867","","11","0","0","1","0","0","0","0","0","","0","0","0","","","2","","1","","40 23:14.406","","0","79 59:01.921","4","0","0","0","2301","0","0","0","N","0","0","0","5","02301","2","","1.0","","1","N","N","","0","","0","0","1","","2","","","2","2","0","0","0","0","0","2","0","2","","","","N","","","","","","","","","",""
"2013107068","","0","0","0","0","0","0","0","0","0","1","0","","02","10","2013","6","40.46556","-79.907479","","11","0","0","0","0","0","1","0","0","","0","0","0","","","1","","0","","40 27:56.015","","0","79 54:26.923","4","0","0","0","2301","0","0","0","N","0","0","0","3","02301","1","","1.0","","1","N","N","","1","","0","0","1","","0","","","3","1","1","0","0","0","0","2","0","2","","","","N","","","","","","","","","",""
"2013107829","","1","0","0","0","0","0","0","0","0","5","0","","02","10","2013","1","40.425869","-80.005133","","11","0","0","0","0","0","1","0","0","1","0","0","0","","","0","","0","","40 25:33.128","2","0","80 00:18.478","0","0","0","0","2301","0","0","0","N","0","0","0","1","02301","0","","2.0","","1","N","N","","1","","0","0","0","","0","N","","3","0","0","0","0","0","0","2","1","3","","","","N","","","","","","","","","",""
"2013108764","","3","0","0","0","0","0","0","0","0","1","0","","02","10","2013","7","40.43665","-79.896387","","11","0","0","0","0","0","0","0","0","","0","0","0","","","1","","0","","40 26:11.940","","0","79 53:46.993","4","0","0","0","2301","0","0","0","N","0","0","0","1","02301","1","","4.0","","1","N","N","","0","","0","0","0","","0","","","3","1","0","0","0","0","0","2","0","3","","","","N","","","","","","","","","",""
"2013109644","","1","0","0","0","0","0","0","0","0","7","0","","02","11","2013","6","40.470162","-79.847408","","11","0","0","0","0","0","0","0","0","1","0","0","0","","","0","","0","","40 28:12.582","1","0","79 50:50.670","9","0","0","0","2113","0","0","0","N","0","0","0","2","02113","0","","2.0","","9","N","N","","0","","0","0","0","","0","N","","1","0","0","0","0","0","1","2","0","1","","","","N","","","","","","","","","",""
"2013107069","","0","0","0","0","0","0","0","0","0","4","0","","02","10","2013","4","40.474303","-79.82191","","11","0","0","0","0","0","0","1","0","","0","0","0","","","1","","1","","40 28:27.491","","0","79 49:18.877","8","0","0","0","2113","0","0","0","N","0","0","0","2","02113","0","","1.0","","1","N","N","","0","","0","0","1","","2","","","2","1","0","0","0","1","0","2","1","2","","","","N","","","","","","","","","",""
"2013107354","","0","0","0","0","0","0","0","0","0","8","0","","02","10","2013","6","40.42956","-79.988667","","11","0","0","0","0","0","0","0","0","","0","0","0","","","1","","0","","40 25:46.416","","0","79 59:19.201","3","0","0","0","2301","1","0","0","N","1","0","0","2","02301","0","","1.0","","1","N","N","","1","","1","0","0","","2","","","2","1","0","0","0","0","1","2","0","1","","","","N","","","","","","","","","",""
"2013108113","","2","0","0","0","0","0","0","0","0","5","1","","02","10","2013","3","40.426083","-79.912618","","11","0","0","0","0","0","1","0","0","","0","1","0","","","0","","0","","40 25:33.899","","0","79 54:45.424","0","0","0","0","2301","0","0","0","N","0","0","0","2","68B03","0","","1.0","","1","N","N","","0","","0","0","0","","0","","","3","0","0","0","0","0","0","2","0","3","","","","N","","","","","","","","","",""
"2013108702","","0","0","0","0","0","0","0","0","0","99","0","","02","10","2013","3","40.320678","-80.087022","","11","0","0","0","0","0","0","0","0","","0","0","0","","","0","","2","","40 19:14.440","","0","80 05:13.278","0","0","0","0","2123","0","0","0","N","0","0","0","2","02123","0","","1.0","","1","N","N","","0","","0","0","1","","0","","","1","0","0","0","0","0","0","2","0","1","","","","N","","","","","","","","","",""
"2013109461","","1","0","0","0","0","0","0","0","0","8","0","","02","10","2013","4","40.447425","-79.942471","","11","0","0","0","0","0","0","0","0","2","0","0","0","","","1","","2","","40 26:50.730","1","0","79 56:32.895","4","0","0","0","2301","2","0","0","N","2","0","0","3","02301","1","","1.0","","1","N","N","","0","","0","0","0","","2","N","","3","1","0","0","0","0","0","2","0","1","","","","N","","","","","","","","","",""
"2013108053","","1","0","0","0","0","0","1","0","0","1","1","","02","10","2013","2","40.306546","-79.896411","","11","0","0","0","0","0","0","0","0","2","0","0","0","","","0","","0","","40 18:23.565","1","0","79 53:47.080","0","0","0","0","2440","0","0","0","N","0","0","0","13","02440","0","","1.0","","1","Y","N","","0","","0","0","0","","0","N","","2","0","0","0","0","0","0","2","0","2","","","","N","","","","","","","","","",""
"2013108114","","2","0","0","0","0","0","0","0","0","1","0","","02","10","2013","3","40.42072","-80.040694","","11","0","0","0","0","0","0","0","0","","0","0","0","","","0","","0","","40 25:14.593","","0","80 02:26.498","0","0","0","0","2435","0","0","0","N","0","0","0","3","68B03","0","","1.0","","1","N","N","","0","","0","0","0","","0","","","2","0","0","0","0","0","0","2","0","2","","","","N","","","","","","","","","",""
"2013107074","","1","0","0","0","0","0","0","0","0","1","0","","02","10","2013","6","40.346311","-79.973481","","11","0","0","0","0","0","0","0","0","","0","0","0","","","0","","1","","40 20:46.719","","0","79 58:24.531","0","0","0","0","2476","0","0","0","N","0","0","0","2","02476","0","","1.0","","9","N","N","","0","","0","0","1","","2","","","2","0","0","0","0","0","0","2","0","2","","","","N","","","","","","","","","",""
"2013108115","","0","0","0","0","0","0","0","0","0","7","0","","02","10","2013","4","40.494508","-80.012353","","11","0","0","0","0","0","0","0","0","","0","0","0","","","0","","0","","40 29:40.229","","0","80 00:44.470","0","0","0","0","2301","0","0","0","N","0","0","0","1","68B03","0","","4.0","","9","N","N","","0","","0","0","1","","0","","","1","0","0","0","0","0","0","2","0","1","","","","N","","","","","","","","","",""
"2013107157","","1","0","0","0","0","0","1","0","0","1","1","","02","10","2013","6","40.399906","-79.771717","","11","1","0","0","0","0","1","0","0","","0","0","0","","","0","","0","","40 23:59.660","","0","79 46:18.181","0","0","0","0","2446","0","0","0","N","0","0","0","21","02446","0","","1.0","","1","Y","N","","0","","0","0","1","","0","","","3","0","0","0","0","0","0","2","0","3","","","","N","","","","","","","","","",""
"2013108116","","1","0","0","0","0","0","0","0","0","99","0","","02","10","2013","5","40.350363","-80.117098","","11","0","0","0","0","0","1","0","0","","0","0","0","","","0","","0","","40 21:01.307","","0","80 07:01.554","0","0","0","0","2119","0","0","0","N","0","0","0","1","68B03","0","","1.0","","1","N","N","","0","","0","0","0","","0","","","1","0","0","0","0","0","0","2","0","1","","","","N","","","","","","","","","",""
"2013107976","","1","0","0","0","0","0","0","0","0","4","0","","02","10","2013","1","40.357861","-80.126158","","11","0","0","0","0","0","0","1","0","","0","0","0","","","2","","2","","40 21:28.301","","0","80 07:34.168","4","0","0","0","2119","0","0","0","N","0","0","0","3","02119","1","","1.0","","1","N","N","","0","","0","0","1","","2","","","2","2","0","0","0","1","0","2","0","2","","","","N","","","","","","","","","",""
"2013108043","","1","0","0","0","0","0","0","0","0","8","0","","02","10","2013","1","40.474726","-80.079935","","11","0","0","0","0","0","0","0","0","1","0","0","0","","","1","","0","","40 28:29.012","5","0","80 04:47.766","2","0","0","0","2122","1","0","1","N","1","0","1","3","02122","0","","1.0","","1","N","N","","0","","0","1","0","","0","Y","","2","1","0","0","0","0","0","2","0","1","","","","N","","","","","","","","","",""
"2013108915","","1","0","0","0","0","0","0","0","0","7","0","","02","10","2013","4","40.4752","-79.910786","","11","0","0","0","0","0","1","0","0","1","0","0","0","","","0","","0","","40 28:30.720","5","0","79 54:38.830","0","0","0","0","2301","0","0","0","N","0","0","0","1","02301","0","","5.0","","1","N","N","","0","","0","0","0","","0","Y","","1","0","0","0","0","0","0","2","0","1","","","","N","","","","","","","","","",""
"2013107077","","1","0","0","0","0","0","0","0","0","99","0","","02","10","2013","4","40.464294","-79.758862","","11","0","0","0","0","0","0","0","0","","0","0","0","","","1","","0","","40 27:51.458","","0","79 45:31.903","4","0","0","0","2466","0","0","0","N","0","0","0","1","02466","1","","1.0","","1","N","N","","0","","0","0","0","","0","","","1","1","0","0","0","0","0","2","0","1","","","","N","","","","","","","","","",""
"2013109573","","1","0","0","0","0","0","0","0","0","99","0","","02","10","2013","6","40.607792","-79.943891","","11","0","0","0","0","0","0","0","0","","0","0","0","","","0","","0","","40 36:28.052","","0","79 56:38.007","0","0","0","0","2207","0","0","0","N","0","0","0","1","68T02","0","","1.0","","1","N","N","","0","","0","0","0","","0","","","1","0","0","0","0","0","0","2","0","1","","","","N","","","","","","","","","",""
"2013107435","","1","0","0","0","0","0","0","0","0","7","0","","02","10","2013","7","40.434341","-80.007643","","11","0","0","0","0","0","0","0","0","2","0","0","0","","","0","","0","","40 26:03.627","7","0","80 00:27.515","9","0","0","0","2301","0","0","0","N","0","0","0","3","02301","0","","5.0","","1","N","N","","0","","0","0","0","","0","Y","","1","0","0","0","0","0","1","2","0","1","","","","N","","","","","","","","","",""
"2013107507","","1","0","0","0","0","0","0","0","0","1","0","","02","10","2013","7","40.456883","-79.823173","","11","0","0","0","0","1","0","0","0","1","0","0","0","","","1","","0","","40 27:24.777","1","0","79 49:23.424","4","0","0","0","2113","0","0","0","N","0","0","0","4","02113","1","","1.0","","1","N","N","","1","","0","0","0","","0","N","","2","1","0","0","0","0","0","2","0","2","","","","N","","","","","","","","","",""
"2013108323","","0","0","0","0","0","0","0","0","0","1","0","","02","10","2013","5","40.494688","-79.905367","","11","0","0","0","0","0","0","0","0","3","0","0","0","","","0","","0","","40 29:40.877","2","0","79 54:19.322","0","0","0","0","2401","0","0","0","N","0","0","0","2","68D02","0","","1.0","","1","N","N","","0","","0","0","2","","0","N","","2","0","0","0","0","0","0","2","0","2","","","","N","","","","","","","","","",""
"2013107650","","2","0","0","0","0","0","0","0","0","1","0","","02","10","2013","6","40.369319","-79.842783","","11","0","0","0","0","1","0","0","0","","0","0","0","","","0","","0","","40 22:09.548","","0","79 50:34.017","0","0","0","0","2303","0","0","0","N","0","0","0","2","02303","0","","1.0","","1","N","N","","0","","0","0","0","","0","","","2","0","0","0","0","0","0","2","0","2","","","","N","","","","","","","","","",""
"2013106951","","2","0","0","0","0","0","0","0","0","4","0","","02","10","2013","5","40.368341","-80.084136","","11","0","0","0","0","0","0","0","1","2","0","0","0","","","1","","1","","40 22:06.027","7","0","80 05:02.889","4","0","0","0","2117","0","0","0","N","0","0","0","3","02117","1","","1.0","","1","N","N","","0","","0","0","0","","2","Y","","2","1","2","0","0","0","0","2","0","2","","","","N","","","","","","","","","",""
"2013107714","","2","0","0","0","0","0","0","0","0","4","0","","02","10","2013","7","40.456523","-79.887805","","11","0","0","0","0","0","0","0","0","","0","0","0","","","0","","1","","40 27:23.482","","0","79 53:16.098","9","0","0","0","2301","0","0","0","N","0","0","0","1","02301","0","","4.0","","1","N","N","","0","","0","0","0","","3","","","2","0","0","0","0","0","1","2","0","2","","","","N","","","","","","","","","",""
"2013107424","","0","0","0","0","0","0","0","0","0","99","0","","02","10","2013","4","40.606624","-79.941078","","11","0","0","0","0","0","0","0","0","","0","0","0","","","0","","0","","40 36:23.848","","0","79 56:27.880","0","0","0","0","2207","0","0","0","N","0","0","0","1","68T02","0","","1.0","","1","N","N","","0","","0","0","1","","0","","","1","0","0","0","0","0","0","2","0","1","","","","N","","","","","","","","","",""
"2013107437","","1","0","0","0","0","0","0","0","0","2","0","","02","10","2013","6","40.460184","-79.771553","","11","0","0","0","0","0","1","0","0","","0","0","0","","","2","","2","","40 27:36.663","","0","79 46:17.591","4","0","0","0","2446","0","0","0","N","0","0","0","2","02446","2","","1.0","","1","N","N","","0","","0","0","1","","0","","","2","2","0","0","0","0","0","2","0","2","","","","N","","","","","","","","","",""