"CRN","ARRIVAL_TM","AUTOMOBILE_COUNT","BELTED_DEATH_COUNT","BELTED_SUSP_SERIOUS_INJ_COUNT","BICYCLE_COUNT","BICYCLE_DEATH_COUNT","BICYCLE_SUSP_SERIOUS_INJ_COUNT","BUS_COUNT","CHLDPAS_DEATH_COUNT","CHLDPAS_SUSP_SERIOUS_INJ_COUNT","COLLISION_TYPE","COMM_VEH_COUNT","CONS_ZONE_SPD_LIM","COUNTY","CRASH_MONTH","CRASH_YEAR","DAY_OF_WEEK","DEC_LATITUDE","DEC_LONGITUDE","DISPATCH_TM","DISTRICT","DRIVER_COUNT_16YR","DRIVER_COUNT_17YR","DRIVER_COUNT_18YR","DRIVER_COUNT_19YR","DRIVER_COUNT_20YR","DRIVER_COUNT_50_64YR","DRIVER_COUNT_65_74YR","DRIVER_COUNT_75PLUS","EST_HRS_CLOSED","FATAL_COUNT","HEAVY_TRUCK_COUNT","HORSE_BUGGY_COUNT","HOUR_OF_DAY","ILLUMINATION","INJURY_COUNT","INTERSECTION_RELATED","INTERSECT_TYPE","LANE_CLOSED","LATITUDE","LN_CLOSE_DIR","LOCATION_TYPE","LONGITUDE","MAX_SEVERITY_LEVEL","MCYCLE_DEATH_COUNT","MCYCLE_SUSP_SERIOUS_INJ_COUNT","MOTORCYCLE_COUNT","MUNICIPALITY","NONMOTR_COUNT","NONMOTR_DEATH_COUNT","NONMOTR_SUSP_SERIOUS_INJ_COUNT","NTFY_HIWY_MAINT","PED_COUNT","PED_DEATH_COUNT","PED_SUSP_SERIOUS_INJ_COUNT","PERSON_COUNT","POLICE_AGCY","POSSIBLE_INJ_COUNT","RDWY_SURF_TYPE_CD","RELATION_TO_ROAD","ROADWAY_CLEARED","ROAD_CONDITION","SCH_BUS_IND","SCH_ZONE_IND","SECONDARY_CRASH","SMALL_TRUCK_COUNT","SPEC_JURIS_CD","SUSP_MINOR_INJ_COUNT","SUSP_SERIOUS_INJ_COUNT","SUV_COUNT","TCD_FUNC_CD","TCD_TYPE","TFC_DETOUR_IND","TIME_OF_DAY","TOTAL_UNITS","TOT_INJ_COUNT","UNBELTED_OCC_COUNT","UNB_DEATH_COUNT","UNB_SUSP_SERIOUS_INJ_COUNT","UNK_INJ_DEG_COUNT","UNK_INJ_PER_COUNT","URBAN_RURAL","VAN_COUNT","VEHICLE_COUNT","WEATHER1","WEATHER2","WORKERS_PRES","WORK_ZONE_IND","WORK_ZONE_LOC","WORK_ZONE_TYPE","WZ_CLOSE_DETOUR","WZ_FLAGGER","WZ_LAW_OFFCR_IND","WZ_LN_CLOSURE","WZ_MOVING","WZ_OTHER","WZ_SHLDER_MDN","WZ_WORKERS_INJ_KILLED"
"2013106345","","1","0","0","0","0","0","0","0","0","7","0","","02","10","2013","7","40.641052","-80.097326","","11","0","0","0","0","0","0","0","0","","0","0","0","","","0","","0","","40 38:27.786","","0","80 05:50.375","0","0","0","0","2212","0","0","0","Y","0","0","0","1","68B03","0","","3.0","","1","N","N","","0","","0","0","0","","0","","","1","0","0","0","0","0","0","2","0","1","","","","N","","","","","","","","","",""
"2013104854","","1","0","0","0","0","0","0","0","0","1","0","","02","10","2013","6","40.432704","-80.028165","","11","0","0","0","0","0","0","0","0","","0","0","0","","","3","","3","","40 25:57.733","","0","80 01:41.393","4","0","0","0","2301","0","0","0","","0","0","0","5","02301","3","","1.0","","1","","","","0","","0","0","0","","2","","","2","3","0","0","0","0","0","2","1","2","","","","N","","","","","","","","","",""
"2013105063","","4","0","0","0","0","0","0","0","0","5","0","","02","10","2013","7","40.632667","-80.066656","","11","0","0","0","0","0","0","0","0","2","0","0","0","","","0","","0","","40 37:57.600","2","7","80 03:59.960","0","0","0","0","2216","0","0","0","N","0","0","0","1","02505","0","","6.0","","1","N","N","","0","","0","0","0","","0","N","","4","0","0","0","0","0","0","2","0","4","","","","N","","","","","","","","","",""
"2013104370","","2","0","0","0","0","0","0","0","0","1","0","","02","10","2013","6","40.46582","-79.903696","","11","0","0","0","0","0","0","0","0","","0","0","0","","","0","","0","","40 27:56.952","","0","79 54:13.305","9","0","0","0","2301","0","0","0","N","0","0","0","1","02301","0","","1.0","","1","N","N","","0","","0","0","0","","0","","","2","0","0","0","0","0","1","2","0","2","","","","N","","","","","","","","","",""
"2013108542","","0","0","0","0","0","0","0","0","0","0","0","","02","10","2013","4","40.501901","-80.222008","","11","0","0","0","0","0","0","0","0","1","0","0","0","","","1","","0","","40 30:06.845","2","0","80 13:19.230","8","0","0","0","2213","0","0","0","N","0","0","0","4","02213","0","","1.0","","9","N","N","","0","","0","0","0","","0","N","","1","1","1","0","0","1","0","2","1","1","","","","N","","","","","","","","","",""
"2013106346","","1","0","0","0","0","0","0","0","0","7","0","","02","10","2013","5","40.435681","-79.979908","","11","0","0","0","0","0","0","0","0","","0","0","0","","","1","","0","","40 26:08.450","","0","79 58:47.670","4","0","0","0","2301","0","0","0","N","0","0","0","2","68B03","1","","2.0","","9","N","N","","0","","0","0","1","","0","","","2","1","1","0","0","0","0","2","0","2","","","","N","","","","","","","","","",""
"2013104918","","1","0","0","0","0","0","0","0","0","6","0","","02","10","2013","7","40.282315","-80.002015","","11","0","0","0","0","0","0","1","0","","0","0","0","","","1","","2","","40 16:56.335","","0","80 00:07.254","3","0","0","1","2219","0","0","0","","0","0","0","2","02219","0","","1.0","","9","","","","0","","1","0","0","","3","","","2","1","0","0","0","0","0","2","0","2","","","","N","","","","","","","","","",""
"2013106347","","0","0","0","0","0","0","0","0","0","1","0","","02","10","2013","5","40.432134","-80.024142","","11","0","0","0","0","0","0","0","0","","0","0","0","","","0","","0","","40 25:55.684","","4","80 01:26.911","9","0","0","0","2301","0","0","0","N","0","0","0","4","68B03","0","","1.0","","9","N","N","","0","","0","0","1","","0","","","2","0","0","0","0","0","1","2","0","2","","","","N","","","","","","","","","",""
"2013106479","","2","0","0","0","0","0","0","0","0","1","0","","02","10","2013","4","40.386225","-80.054195","","11","0","0","0","0","0","0","0","0","1","0","0","0","","","0","","0","","40 23:10.410","2","0","80 03:15.102","0","0","0","0","2109","0","0","0","N","0","0","0","2","02109","0","","1.0","","1","N","N","","0","","0","0","0","","0","N","","2","0","0","0","0","0","0","2","0","2","","","","N","","","","","","","","","",""
"2013104088","","1","0","0","0","0","0","0","0","0","1","0","","02","10","2013","6","40.426364","-79.893926","","11","0","0","0","0","0","1","1","0","","0","0","0","","","1","","0","","40 25:34.911","","2","79 53:38.133","4","0","0","0","2301","0","0","0","N","0","0","0","6","68B03","1","","1.0","","1","N","N","","1","","0","0","0","","4","","","3","1","0","0","0","0","0","2","1","3","","","","N","","","","","","","","","",""
"2013106348","","2","0","0","0","0","0","0","0","0","1","0","","02","10","2013","1","40.42923","-79.942041","","11","0","0","0","0","0","0","1","0","","0","0","0","","","2","","0","","40 25:45.227","","0","79 56:31.349","8","0","0","0","2301","0","0","0","N","0","0","0","6","68B03","0","","1.0","","1","N","N","","0","","0","0","1","","0","","","3","2","0","0","0","2","0","2","0","3","","","","N","","","","","","","","","",""
"2013106480","","1","0","0","0","0","0","0","0","0","1","0","","02","10","2013","4","40.364675","-80.048182","","11","0","0","0","0","0","1","0","0","1","0","0","0","","","2","","2","","40 21:52.830","2","0","80 02:53.456","4","0","0","0","2109","0","0","0","N","0","0","0","3","02109","2","","1.0","","9","N","N","","0","","0","0","1","","2","N","","2","2","1","0","0","0","0","2","0","2","","","","N","","","","","","","","","",""
"2013104089","","1","0","0","0","0","0","0","0","0","1","0","","02","10","2013","6","40.442128","-79.857153","","11","0","0","0","0","0","0","0","0","2","0","0","0","","","1","","0","","40 26:31.659","4","0","79 51:25.749","3","0","0","0","2419","0","0","0","N","0","0","0","4","68B03","0","","1.0","","9","N","N","","0","","1","0","1","","0","N","","2","1","0","0","0","0","0","2","0","2","","","","N","","","","","","","","","",""
"2013106412","","1","0","0","0","0","0","0","0","0","1","1","","02","10","2013","6","40.433734","-79.747635","","11","0","0","0","0","0","1","0","0","","0","1","0","","","0","","0","","40 26:01.441","","0","79 44:51.486","0","0","0","0","2446","0","0","0","N","0","0","0","2","68T09","0","","1.0","","1","N","N","","0","","0","0","0","","4","","","2","0","0","0","0","0","0","2","0","2","","","","N","","","","","","","","","",""
"2013104921","","1","0","0","0","0","0","0","0","0","8","0","","02","10","2013","1","40.428828","-79.983432","","11","0","0","0","0","0","0","0","0","","0","0","0","","","1","","1","","40 25:43.781","","0","79 59:00.356","3","0","0","0","2301","1","0","0","N","1","0","0","2","02301","0","","1.0","","1","N","N","","0","","1","0","0","","2","","","2","1","0","0","0","0","1","2","0","1","","","","N","","","","","","","","","",""
"2013105725","","3","0","0","0","0","0","0","0","0","1","0","","02","10","2013","3","40.432987","-80.191271","","11","0","0","0","2","0","0","0","0","","0","0","0","","","2","","2","","40 25:58.753","","0","80 11:28.577","4","0","0","0","2214","0","0","0","N","0","0","0","3","02214","2","","1.0","","9","N","N","","0","","0","0","0","","0","","","3","2","0","0","0","0","0","1","0","3","","","","N","","","","","","","","","",""
"2013105737","","2","0","0","0","0","0","0","0","0","4","0","","02","10","2013","3","40.45041","-79.948748","","11","0","0","0","0","0","0","0","0","","0","0","0","","","0","","1","","40 27:01.476","","0","79 56:55.492","0","0","0","0","2301","0","0","0","N","0","0","0","2","02301","0","","1.0","","1","N","N","","0","","0","0","0","","2","","","2","0","0","0","0","0","0","2","0","2","","","","N","","","","","","","","","",""
"2013104090","","0","0","0","0","0","0","0","0","0","1","0","","02","10","2013","2","40.444174","-79.8414","","11","0","0","0","0","0","0","0","0","","0","0","0","","","0","","6","","40 26:39.028","","2","79 50:29.039","0","0","0","0","2419","0","0","0","N","0","0","0","3","68B03","0","","1.0","","1","N","N","","2","","0","0","0","","4","","","2","0","0","0","0","0","0","2","0","2","","","","N","","","","","","","","","",""
"2013104859","","0","0","0","0","0","0","0","0","0","4","0","","02","10","2013","7","40.394365","-80.019169","","11","0","0","0","0","0","0","0","0","","0","0","0","","","1","","1","","40 23:39.714","","0","80 01:09.008","8","0","0","1","2301","0","0","0","N","0","0","0","2","02301","0","","1.0","","1","N","N","","1","","0","0","0","","3","","","2","1","0","0","0","1","0","2","0","2","","","","N","","","","","","","","","",""
"2013105738","","2","0","0","0","0","0","0","0","0","1","0","","02","10","2013","1","40.405504","-79.839217","","11","0","0","0","0","0","0","0","0","2","0","0","0","","","1","","2","","40 24:19.816","1","0","79 50:21.182","4","0","0","0","2449","0","0","0","N","0","0","0","3","02449","1","","1.0","","1","N","N","","0","","0","0","0","","3","N","","2","1","0","0","0","0","0","2","0","2","","","","N","","","","","","","","","",""
"2013105581","","1","0","0","0","0","0","0","0","0","2","0","","02","10","2013","2","40.45289","-79.920715","","11","0","0","0","1","0","0","0","0","1","0","0","0","","","1","","1","","40 27:10.404","1","0","79 55:14.574","4","0","0","0","2301","0","0","0","N","0","0","0","3","02301","1","","1.0","","1","N","N","","0","","0","0","1","","2","Y","","2","1","2","0","0","0","0","2","0","2","","","","N","","","","","","","","","",""
"2013105069","","1","0","0","0","0","0","0","0","0","99","0","","02","10","2013","1","40.239045","-79.865998","","11","0","0","0","0","0","0","0","0","","0","0","0","","","0","","0","","40 14:20.562","","0","79 51:57.592","0","0","0","0","2204","0","0","0","N","0","0","0","1","02204","0","","1.0","","1","N","N","","0","","0","0","0","","0","","","1","0","0","0","0","0","0","1","0","1","","","","N","","","","","","","","","",""
"2013105582","","0","0","0","0","0","0","0","0","0","7","0","","02","10","2013","2","40.474026","-79.851281","","11","0","0","0","0","0","0","0","0","3","0","0","0","","","0","","0","","40 28:26.494","6","0","79 51:04.610","0","0","0","0","2113","0","0","0","N","0","0","0","1","02113","0","","5.0","","1","N","N","","1","","0","0","0","","0","N","","1","0","0","0","0","0","0","2","0","1","","","","N","","","","","","","","","",""
"2013104862","","1","0","0","0","0","0","0","0","0","7","0","","02","10","2013","1","40.385668","-79.971409","","11","0","0","0","0","0","0","0","0","1","0","0","0","","","0","","1","","40 23:08.406","2","0","79 58:17.071","0","0","0","0","2413","0","0","0","N","0","0","0","2","02413","0","","2.0","","1","N","N","","0","","0","0","0","","0","N","","1","0","0","0","0","0","0","2","0","1","","","","N","","","","","","","","","",""
"2013106499","","3","0","0","0","0","0","0","0","0","4","0","","02","10","2013","5","40.441826","-79.919885","","11","0","0","0","0","0","1","0","0","2","0","0","0","","","1","","1","","40 26:30.573","5","0","79 55:11.586","4","0","0","0","2301","0","0","0","N","0","0","0","3","02301","1","","1.0","","1","N","N","","0","","0","0","0","","2","Y","","3","1","0","0","0","0","0","2","0","3","","","","N","","","","","","","","","",""
"2013105584","","1","0","0","0","0","0","0","0","0","4","0","","02","10","2013","2","40.626185","-80.056151","","11","0","0","0","0","0","0","0","0","2","0","0","0","","","1","","1","","40 37:34.267","4","0","80 03:22.142","4","0","0","0","2216","0","0","0","N","0","0","0","3","02505","1","","1.0","","1","N","N","","0","","0","0","1","","3","Y","","2","1","0","0","0","0","0","2","0","2","","","","N","","","","","","","","","",""
"2013106342","","1","0","0","0","0","0","0","0","0","1","0","","02","8","2013","3","40.411577","-80.076087","","11","0","0","0","0","0","0","0","0","","0","0","0","","","1","","3","","40 24:41.677","","0","80 04:33.912","8","0","0","0","2117","0","0","0","N","0","0","0","2","68B03","0","","1.0","","1","N","N","","0","","0","0","1","","4","","","2","1","0","0","0","1","0","2","0","2","","","","N","","","","","","","","","",""
"2013106418","","2","0","0","0","0","0","0","0","0","4","0","","02","10","2013","4","40.341116","-79.965014","","11","0","0","0","0","0","0","0","0","1","0","0","0","","","0","","7","","40 20:28.019","1","0","79 57:54.050","0","0","0","0","2454","0","0","0","N","0","0","0","2","02454","0","","1.0","","9","N","N","","0","","0","0","0","","3","Y","","2","0","0","0","0","0","0","2","0","2","","","","N","","","","","","","","","",""
"2013104048","","2","0","0","0","0","0","0","0","0","2","0","","02","10","2013","5","40.451451","-79.90819","","11","0","0","0","0","0","1","0","0","","0","0","0","","","0","","1","","40 27:05.223","","0","79 54:29.484","0","0","0","0","2301","0","0","0","N","0","0","0","2","02301","0","","1.0","","9","N","N","","0","","0","0","0","","2","","","2","0","0","0","0","0","0","2","0","2","","","","N","","","","","","","","","",""
"2013105601","","2","0","0","0","0","0","0","0","0","6","0","","02","10","2013","7","40.457925","-79.898546","","11","0","0","0","0","0","0","0","0","1","0","0","0","","","0","","1","","40 27:28.530","1","0","79 53:54.765","0","0","0","0","2301","0","0","0","N","0","0","0","2","02301","0","","1.0","","1","","N","","0","","0","0","0","","2","N","","2","0","0","0","0","0","0","2","0","2","","","","N","","","","","","","","","",""
"2013104866","","2","0","0","0","0","0","0","0","0","1","0","","02","10","2013","5","40.354827","-79.95625","","11","0","0","0","0","0","0","1","0","","0","0","0","","","0","","3","","40 21:17.378","","0","79 57:22.500","0","0","0","0","2473","0","0","0","N","0","0","0","2","02473","0","","1.0","","9","N","N","","0","","0","0","0","","3","","","2","0","0","0","0","0","0","2","0","2","","","","N","","","","","","","","","",""
"2013105745","","1","0","0","0","0","0","0","0","0","1","0","","02","10","2013","3","40.500501","-80.073511","","11","0","0","0","0","0","0","0","0","","0","0","0","","","0","","2","","40 30:01.803","","0","80 04:24.639","0","0","0","0","2402","0","0","0","N","0","0","0","2","02402","0","","1.0","","9","N","N","","1","","0","0","0","","0","","","2","0","0","0","0","0","0","2","0","2","","","","N","","","","","","","","","",""
"2013104326","","1","0","0","0","0","0","0","0","0","4","0","","02","10","2013","2","40.548665","-80.036978","","11","0","0","0","0","0","0","0","1","1","0","0","0","","","0","","1","","40 32:55.195","4","0","80 02:13.120","0","0","0","0","2116","0","0","0","N","0","0","0","4","02116","0","","1.0","","1","N","N","","0","","0","0","1","","2","N","","2","0","0","0","0","0","0","2","0","2","","","","N","","","","","","","","","",""
"2013104930","","1","0","0","0","0","0","0","0","0","8","0","","02","10","2013","1","40.416457","-79.995531","","11","0","0","0","0","0","0","0","0","","0","0","0","","","1","","0","","40 24:59.245","","0","79 59:43.911","8","0","0","0","2301","1","0","0","N","1","0","0","2","02301","0","","4.0","","1","N","N","","0","","0","0","0","","0","","","2","1","0","0","0","1","0","2","0","1","","","","N","","","","","","","","","",""
"2013104185","","1","0","0","0","0","0","0","0","0","8","0","","02","10","2013","5","40.435494","-79.995992","","11","0","0","0","0","0","0","0","0","","0","0","0","","","1","","0","","40 26:07.780","","0","79 59:45.570","4","0","0","0","2301","1","0","0","N","1","0","0","2","02301","1","","6.0","","1","N","N","","0","","0","0","0","","0","","","2","1","0","0","0","0","0","2","0","1","","","","N","","","","","","","","","",""
"2013105810","","0","0","0","0","0","0","0","0","0","7","0","","02","8","2013","3","40.396653","-79.846733","","11","0","0","0","0","0","0","0","0","","0","0","0","","","0","","0","","40 23:47.950","","0","79 50:48.238","9","0","0","0","2449","0","0","0","N","0","0","0","1","02449","0","","5.0","","1","N","N","","0","","0","0","1","","0","","","1","0","0","0","0","0","1","2","0","1","","","","N","","","","","","","","","",""
"2013104186","","2","0","0","0","0","0","0","0","0","1","0","","02","10","2013","5","40.500501","-80.073511","","11","0","0","0","1","0","0","0","0","","0","0","0","","","0","","2","","40 30:01.803","","0","80 04:24.639","0","0","0","0","2402","0","0","0","N","0","0","0","2","02402","0","","1.0","","9","N","N","","0","","0","0","0","","0","","","2","0","0","0","0","0","0","2","0","2","","","","N","","","","","","","","","",""
"2013105076","","1","0","0","0","0","0","0","0","0","4","0","","02","10","2013","7","40.442933","-79.772979","","11","0","0","0","0","0","1","0","0","","0","0","0","","","0","","1","","40 26:34.558","","0","79 46:22.724","0","0","0","0","2446","0","0","0","N","0","0","0","2","02446","0","","1.0","","1","N","N","","0","","0","0","1","","3","","","2","0","0","0","0","0","0","2","0","2","","","","N","","","","","","","","","",""
"2013104328","","0","0","0","1","0","0","0","0","0","8","0","","02","10","2013","6","40.482644","-79.929699","","11","0","0","0","0","0","0","0","0","","0","0","0","","","1","","1","","40 28:57.518","","0","79 55:46.916","4","0","0","0","2301","1","0","0","N","0","0","0","2","02301","1","","1.0","","1","N","N","","1","","0","0","0","","3","","","2","1","0","0","0","0","0","2","0","1","","","","N","","","","","","","","","",""
"2013105088","","1","0","0","0","0","0","0","0","0","7","0","","02","10","2013","1","40.652817","-80.054177","","11","0","0","0","0","0","0","0","0","","0","0","0","","","0","","2","","40 39:10.142","","0","80 03:15.036","9","0","0","0","2216","0","0","0","N","0","0","0","1","02505","0","","4.0","","1","N","N","","0","","0","0","0","","0","","","1","0","0","0","0","0","1","2","0","1","","","","N","","","","","","","","","",""
"2013106438","","0","0","0","0","0","0","0","0","0","7","0","","02","10","2013","4","40.435396","-80.013068","","11","0","0","0","0","0","1","0","0","1","0","0","0","","","0","","0","","40 26:07.425","4","0","80 00:47.044","0","0","0","0","2301","0","0","0","N","0","0","0","1","02301","0","","2.0","","9","N","N","","0","","0","0","1","","0","N","","2","0","0","0","0","0","0","2","0","1","","","","N","","","","","","","","","",""
"2013104187","","1","0","0","0","0","0","0","0","0","4","0","","02","10","2013","4","40.432502","-79.790364","","11","0","0","1","0","0","1","0","0","2","0","0","0","","","1","","2","","40 25:57.007","2","0","79 47:25.310","8","0","0","0","2446","0","0","0","N","0","0","0","2","02446","0","","1.0","","1","N","N","","0","","0","0","0","","2","N","","2","1","0","0","0","1","0","2","1","2","","","","N","","","","","","","","","",""
"2013106506","","2","0","0","0","0","0","0","0","0","4","0","","02","10","2013","4","40.4294","-79.922","","11","0","1","0","0","0","0","0","0","1","0","0","0","","","0","","0","","40 25:45.840","4","0","79 55:19.200","0","0","0","0","2301","0","0","0","N","0","0","0","1","02301","0","","1.0","","9","N","N","","0","","0","0","0","","0","N","","2","0","0","0","0","0","0","2","0","2","","","","N","","","","","","","","","",""
"2013105812","","1","0","0","0","0","0","0","0","0","1","0","","02","10","2013","2","40.444412","-79.713636","","11","0","0","0","0","0","0","0","0","","0","0","0","","","0","","0","","40 26:39.883","","0","79 42:49.090","0","0","0","0","2446","0","0","0","N","0","0","0","2","02446","0","","1.0","","1","N","N","","1","","0","0","0","","0","","","2","0","0","0","0","0","0","2","0","2","","","","N","","","","","","","","","",""
"2013104317","","0","0","0","0","0","0","0","0","0","7","0","","02","10","2013","5","40.475565","-79.764924","","11","0","0","0","0","0","1","0","0","","0","0","0","","","0","","0","","40 28:32.033","","0","79 45:53.725","0","0","0","0","2466","0","0","0","N","0","0","0","1","02466","0","","5.0","","9","N","N","","0","","0","0","0","","0","","","1","0","1","0","0","0","0","2","1","1","","","","N","","","","","","","","","",""
"2013106423","","2","0","0","0","0","0","0","0","0","4","0","","02","10","2013","4","40.461206","-79.909259","","11","0","0","0","0","0","1","0","0","1","0","0","0","","","6","","2","","40 27:40.341","6","0","79 54:33.332","4","0","0","0","2301","0","0","0","N","0","0","0","7","02301","2","","1.0","","9","N","N","","0","","0","0","0","","3","Y","","2","6","0","0","0","4","0","2","0","2","","","","N","","","","","","","","","",""
"2013105608","","1","0","0","0","0","0","0","0","0","7","0","","02","10","2013","3","40.389689","-79.983053","","11","0","0","0","0","0","0","0","0","2","0","0","0","","","0","","0","","40 23:22.880","7","0","79 58:58.990","0","0","0","0","2301","0","0","0","N","0","0","0","1","02301","0","","2.0","","1","N","N","","0","","0","0","0","","0","Y","","1","0","0","0","0","0","0","2","0","1","","","","N","","","","","","","","","",""
"2013104950","","2","0","0","0","0","0","0","0","0","1","0","","02","10","2013","1","40.429068","-79.999391","","11","0","0","0","0","0","2","0","1","","0","0","0","","","0","","0","","40 25:44.643","","3","79 59:57.806","0","0","0","0","2301","0","0","0","","0","0","0","4","02301","0","","1.0","","1","N","","","0","","0","0","1","","2","","","3","0","0","0","0","0","0","2","0","3","","","","N","","","","","","","","","",""
"2013106442","","0","0","0","0","0","0","0","0","0","4","0","","02","10","2013","1","40.333537","-80.133396","","11","0","0","0","0","0","0","0","0","1","0","0","0","","","2","","2","","40 20:00.732","5","0","80 08:00.226","4","0","0","0","2119","0","0","0","N","0","0","0","5","02119","2","","1.0","","1","N","N","","0","","0","0","2","","3","Y","","2","2","0","0","0","0","0","2","0","2","","","","N","","","","","","","","","",""
"2013106443","","3","0","0","0","0","0","0","0","0","4","0","","02","10","2013","4","40.472465","-80.061715","","11","0","0","0","0","0","0","0","0","1","0","0","0","","","0","","1","","40 28:20.875","2","0","80 03:42.174","0","0","0","0","2444","0","0","0","N","0","0","0","4","02444","0","","1.0","","9","Y","N","","0","","0","0","0","","3","N","","5","0","0","0","0","0","0","2","2","5","","","","N","","","","","","","","","",""
"2013105831","","1","0","0","0","0","0","0","0","0","4","0","","02","10","2013","3","40.541104","-79.801281","","11","0","0","0","0","0","1","0","0","","0","0","0","","","0","","0","","40 32:27.974","","0","79 48:04.610","0","0","0","0","2418","0","0","0","N","0","0","0","2","02418","0","","1.0","","1","N","N","","0","","0","0","1","","0","","","2","0","0","0","0","0","0","2","0","2","","","","N","","","","","","","","","",""
"2013105894","","1","0","0","0","0","0","0","0","0","7","0","","02","9","2013","4","40.44629","-80.165214","","11","0","0","0","0","0","0","0","0","1","0","0","0","","","1","","0","","40 26:46.643","4","0","80 09:54.769","4","0","0","0","2115","0","0","0","N","0","0","0","1","68B03","1","","2.0","","1","N","N","","0","","0","0","0","","0","N","","1","1","0","0","0","0","0","2","0","1","","","","N","","","","","","","","","",""
"2013106364","","1","0","0","0","0","0","0","0","0","5","0","","02","10","2013","3","40.424956","-79.977625","","11","0","0","0","0","0","0","0","0","2","0","0","0","","","0","","0","","40 25:29.840","4","0","79 58:39.450","0","0","0","0","2301","0","0","0","N","0","0","0","1","02301","0","","4.0","","1","N","N","","0","","0","0","1","","0","Y","","2","0","0","0","0","0","0","2","0","2","","","","N","","","","","","","","","",""
"2013106444","","0","0","0","0","0","0","0","0","0","8","0","","02","10","2013","4","40.448809","-79.987534","","11","0","0","0","0","0","0","0","0","","0","0","0","","","1","","1","","40 26:55.712","","0","79 59:15.122","8","0","0","0","2301","1","0","0","N","1","0","0","2","02301","0","","1.0","","1","N","N","","0","","0","0","1","","2","","","2","1","0","0","0","1","1","2","0","1","","","","N","","","","","","","","","",""
"2013105818","","1","0","0","0","0","0","0","0","0","7","0","","02","10","2013","3","40.315214","-79.796169","","11","0","0","0","0","1","0","0","0","2","0","0","0","","","0","","0","","40 18:54.770","3","0","79 47:46.208","0","0","0","0","2105","0","0","0","N","0","0","0","1","02105","0","","2.0","","1","N","N","","0","","0","0","0","","0","N","","1","0","0","0","0","0","0","2","0","1","","","","N","","","","","","","","","",""
"2013105832","","1","0","0","0","0","0","0","0","0","4","0","","02","10","2013","3","40.462247","-79.969641","","11","0","0","0","1","0","0","0","0","","0","0","0","","","0","","1","","40 27:44.089","","0","79 58:10.707","0","0","0","0","2301","0","0","0","N","0","0","0","3","02301","0","","1.0","","1","N","N","","0","","0","0","1","","0","","","2","0","0","0","0","0","0","2","0","2","","","","N","","","","","","","","","",""
"2013105895","","2","0","0","0","0","0","0","0","0","1","0","","02","10","2013","5","40.430186","-80.027307","","11","0","0","0","0","0","1","0","0","","0","0","0","","","1","","0","","40 25:48.669","","0","80 01:38.304","4","0","0","0","2301","0","0","0","N","0","0","0","2","68B03","1","","1.0","","1","N","N","","0","","0","0","0","","0","","","2","1","0","0","0","0","0","2","0","2","","","","N","","","","","","","","","",""
"2013106428","","3","0","0","0","0","0","0","0","0","1","0","","02","10","2013","7","40.550829","-80.088023","","11","1","0","0","0","0","0","0","0","","0","0","0","","","0","","2","","40 33:02.983","","0","80 05:16.882","0","0","0","0","2215","0","0","0","N","0","0","0","4","02215","0","","1.0","","1","N","N","","0","","0","0","1","","0","","","4","0","1","0","0","0","0","2","0","4","","","","N","","","","","","","","","",""
"2013104180","","1","0","0","0","0","0","0","0","0","1","0","","02","10","2013","5","40.408897","-79.905355","","11","0","0","0","0","1","0","0","0","1","0","0","0","","","0","","1","","40 24:32.028","4","0","79 54:19.279","0","0","0","0","2448","0","0","0","N","0","0","0","3","02448","0","","1.0","","9","N","N","","1","","0","0","0","","2","N","","2","0","0","0","0","0","0","2","0","2","","","","N","","","","","","","","","",""
"2013104193","","1","0","0","0","0","0","0","0","0","5","0","","02","10","2013","5","40.363848","-79.842953","","11","0","0","0","0","0","0","0","0","1","0","0","0","","","0","","1","","40 21:49.853","2","0","79 50:34.629","0","0","0","0","2303","0","0","0","N","0","0","0","3","02303","0","","1.0","","9","N","N","","0","","0","0","1","","0","N","","2","0","0","0","0","0","0","2","0","2","","","","N","","","","","","","","","",""
"2013105754","","3","0","0","0","0","0","0","0","0","1","0","","02","10","2013","3","40.42682","-80.000835","","11","0","0","0","0","0","0","0","0","1","0","0","0","","","0","","0","","40 25:36.553","1","4","80 00:03.005","0","0","0","0","2301","0","0","0","N","0","0","0","6","02301","0","","1.0","","1","N","N","","0","","0","0","0","","0","Y","","3","0","0","0","0","0","0","2","0","3","","","","N","","","","","","","","","",""
"2013105018","","0","0","0","0","0","0","0","0","0","7","0","","02","10","2013","1","40.476615","-80.021661","","11","0","0","0","0","0","1","0","0","3","0","0","0","","","1","","3","","40 28:35.814","3","0","80 01:17.979","4","0","0","0","2301","0","0","0","N","0","0","0","1","02301","1","","2.0","","1","N","N","","0","","0","0","1","","0","N","","1","1","0","0","0","0","0","2","0","1","","","","N","","","","","","","","","",""
"2013105614","","1","0","0","0","0","0","0","0","0","6","0","","02","10","2013","2","40.420905","-79.847188","","11","0","0","0","0","0","0","0","0","2","0","0","0","","","0","","0","","40 25:15.258","5","0","79 50:49.876","0","0","0","0","2431","0","0","0","N","0","0","0","1","02431","0","","6.0","","1","N","N","","0","","0","0","1","","0","Y","","2","0","1","0","0","0","0","2","0","2","","","","N","","","","","","","","","",""