"CRN","ARRIVAL_TM","AUTOMOBILE_COUNT","BELTED_DEATH_COUNT","BELTED_SUSP_SERIOUS_INJ_COUNT","BICYCLE_COUNT","BICYCLE_DEATH_COUNT","BICYCLE_SUSP_SERIOUS_INJ_COUNT","BUS_COUNT","CHLDPAS_DEATH_COUNT","CHLDPAS_SUSP_SERIOUS_INJ_COUNT","COLLISION_TYPE","COMM_VEH_COUNT","CONS_ZONE_SPD_LIM","COUNTY","CRASH_MONTH","CRASH_YEAR","DAY_OF_WEEK","DEC_LATITUDE","DEC_LONGITUDE","DISPATCH_TM","DISTRICT","DRIVER_COUNT_16YR","DRIVER_COUNT_17YR","DRIVER_COUNT_18YR","DRIVER_COUNT_19YR","DRIVER_COUNT_20YR","DRIVER_COUNT_50_64YR","DRIVER_COUNT_65_74YR","DRIVER_COUNT_75PLUS","EST_HRS_CLOSED","FATAL_COUNT","HEAVY_TRUCK_COUNT","HORSE_BUGGY_COUNT","HOUR_OF_DAY","ILLUMINATION","INJURY_COUNT","INTERSECTION_RELATED","INTERSECT_TYPE","LANE_CLOSED","LATITUDE","LN_CLOSE_DIR","LOCATION_TYPE","LONGITUDE","MAX_SEVERITY_LEVEL","MCYCLE_DEATH_COUNT","MCYCLE_SUSP_SERIOUS_INJ_COUNT","MOTORCYCLE_COUNT","MUNICIPALITY","NONMOTR_COUNT","NONMOTR_DEATH_COUNT","NONMOTR_SUSP_SERIOUS_INJ_COUNT","NTFY_HIWY_MAINT","PED_COUNT","PED_DEATH_COUNT","PED_SUSP_SERIOUS_INJ_COUNT","PERSON_COUNT","POLICE_AGCY","POSSIBLE_INJ_COUNT","RDWY_SURF_TYPE_CD","RELATION_TO_ROAD","ROADWAY_CLEARED","ROAD_CONDITION","SCH_BUS_IND","SCH_ZONE_IND","SECONDARY_CRASH","SMALL_TRUCK_COUNT","SPEC_JURIS_CD","SUSP_MINOR_INJ_COUNT","SUSP_SERIOUS_INJ_COUNT","SUV_COUNT","TCD_FUNC_CD","TCD_TYPE","TFC_DETOUR_IND","TIME_OF_DAY","TOTAL_UNITS","TOT_INJ_COUNT","UNBELTED_OCC_COUNT","UNB_DEATH_COUNT","UNB_SUSP_SERIOUS_INJ_COUNT","UNK_INJ_DEG_COUNT","UNK_INJ_PER_COUNT","URBAN_RURAL","VAN_COUNT","VEHICLE_COUNT","WEATHER1","WEATHER2","WORKERS_PRES","WORK_ZONE_IND","WORK_ZONE_LOC","WORK_ZONE_TYPE","WZ_CLOSE_DETOUR","WZ_FLAGGER","WZ_LAW_OFFCR_IND","WZ_LN_CLOSURE","WZ_MOVING","WZ_OTHER","WZ_SHLDER_MDN","WZ_WORKERS_INJ_KILLED"
"2013106110","","1","0","0","0","0","0","0","0","0","4","0","","02","10","2013","3","40.368078","-80.049253","","11","0","0","1","0","0","1","0","0","1","0","0","0","","","0","","2","","40 22:05.079","1","0","80 02:57.311","0","0","0","0","2109","0","0","0","N","0","0","0","3","02109","0","","1.0","","1","N","N","","0","","0","0","1","","3","N","","2","0","0","0","0","0","0","2","0","2","","","","N","","","","","","","","","",""
"2013105896","","1","0","0","0","0","0","0","0","0","99","0","","02","10","2013","6","40.432008","-80.257197","","11","0","0","0","0","0","1","0","0","1","0","0","0","","","1","","0","","40 25:55.230","4","0","80 15:25.908","4","0","0","0","2214","0","0","0","N","0","0","0","1","68B03","1","","1.0","","1","N","N","","0","","0","0","0","","0","N","","1","1","0","0","0","0","0","2","0","1","","","","N","","","","","","","","","",""
"2013104678","","0","0","0","0","0","0","0","0","0","1","1","","02","10","2013","7","40.321117","-79.942255","","11","0","0","0","0","0","0","0","0","1","0","1","0","","","0","","1","","40 19:16.022","2","0","79 56:32.119","0","0","0","0","2454","0","0","0","N","0","0","0","5","02454","0","","1.0","","1","N","N","","1","","0","0","1","","2","N","","3","0","0","0","0","0","0","2","0","3","","","","N","","","","","","","","","",""
"2013105231","","2","0","0","0","0","0","0","0","0","1","0","","02","10","2013","6","40.488178","-79.912385","","11","0","0","0","0","0","1","0","1","1","0","0","0","","","0","","0","","40 29:17.442","3","3","79 54:44.587","0","0","0","0","2301","0","0","0","N","0","0","0","2","02301","0","","1.0","","1","N","N","","0","","0","0","0","","0","N","","2","0","0","0","0","0","0","2","0","2","","","","N","","","","","","","","","",""
"2013106034","","1","0","0","0","0","0","0","0","0","2","0","","02","10","2013","3","40.396074","-79.906168","","11","0","0","1","0","0","1","0","0","2","0","0","0","","","2","","2","","40 23:45.866","6","0","79 54:22.204","3","0","0","0","2472","0","0","0","N","0","0","0","3","02472","0","","1.0","","1","N","Y","","0","","1","0","1","","0","Y","","2","2","1","0","0","1","0","2","0","2","","","","N","","","","","","","","","",""
"2013103714","","0","0","0","0","0","0","0","0","0","99","0","","02","10","2013","6","40.541096","-79.801359","","11","0","0","0","0","0","1","0","0","","0","0","0","","","1","","2","","40 32:27.947","","0","79 48:04.893","3","0","0","0","2418","0","0","0","N","0","0","0","1","02418","0","","4.0","","1","N","N","","0","","1","0","1","","0","","","1","1","0","0","0","0","0","2","0","1","","","","N","","","","","","","","","",""
"2013103855","","0","0","0","0","0","0","0","0","0","2","0","","02","10","2013","7","40.448049","-79.897818","","11","0","0","0","0","0","2","0","0","1","0","0","0","","","2","","0","","40 26:52.976","6","0","79 53:52.145","2","0","0","0","2301","0","0","0","N","0","0","0","2","02301","1","","1.0","","1","N","N","","1","","0","1","1","","0","Y","","2","2","0","0","0","0","0","2","0","2","","","","N","","","","","","","","","",""
"2013106037","","1","0","0","0","0","0","0","0","0","4","0","","02","10","2013","3","40.384026","-79.995444","","11","0","0","0","0","0","1","0","0","","0","0","0","","","0","","2","","40 23:02.494","","0","79 59:43.598","0","0","0","0","2301","0","0","0","N","0","0","0","2","02301","0","","1.0","","1","N","N","","1","","0","0","0","","0","","","2","0","0","0","0","0","0","2","0","2","","","","N","","","","","","","","","",""
"2013106575","","2","0","0","0","0","0","0","0","0","5","0","","02","10","2013","6","40.435216","-79.94707","","11","0","0","0","0","0","0","0","0","","0","0","0","","","0","","3","","40 26:06.777","","0","79 56:49.452","0","0","0","0","2301","0","0","0","N","0","0","0","5","02301","0","","1.0","","1","N","N","","0","","0","0","0","","0","","","2","0","0","0","0","0","0","2","0","2","","","","N","","","","","","","","","",""
"2013104421","","0","0","0","0","0","0","0","0","0","1","0","","02","10","2013","6","40.318554","-80.087983","","11","0","1","0","0","0","1","0","0","1","0","0","0","","","0","","0","","40 19:06.796","1","0","80 05:16.740","0","0","0","0","2123","0","0","0","N","0","0","0","2","02123","0","","1.0","","1","N","N","","0","","0","0","2","","0","N","","2","0","0","0","0","0","0","2","0","2","","","","N","","","","","","","","","",""
"2013105237","","2","0","0","0","0","0","0","0","0","4","0","","02","10","2013","2","40.438078","-79.994416","","11","0","0","0","0","0","0","1","0","","0","0","0","","","0","","1","","40 26:17.079","","0","79 59:39.896","0","0","0","0","2301","0","0","0","N","0","0","0","2","02301","0","","1.0","","1","N","N","","0","","0","0","0","","2","","","2","0","0","0","0","0","0","2","0","2","","","","N","","","","","","","","","",""
"2013106246","","2","0","0","0","0","0","0","0","0","6","0","","02","10","2013","4","40.319034","-79.899007","","11","0","0","0","0","0","0","0","0","2","0","0","0","","","0","","0","","40 19:08.524","5","1","79 53:56.426","0","0","0","0","2440","0","0","0","N","0","0","0","2","02440","0","","1.0","","9","N","N","","0","","0","0","0","","0","N","","2","0","1","0","0","0","0","2","0","2","","","","N","","","","","","","","","",""
"2013104558","","2","0","0","0","0","0","0","0","0","4","0","","02","10","2013","6","40.240883","-79.860116","","11","1","0","0","0","0","1","0","0","2","0","0","0","","","0","","1","","40 14:27.177","7","0","79 51:36.418","0","0","0","0","2105","0","0","0","N","0","0","0","3","02105","0","","1.0","","1","N","N","","0","","0","0","0","","3","N","","2","0","0","0","0","0","0","1","0","2","","","","N","","","","","","","","","",""
"2013105323","","1","0","0","0","0","0","0","0","0","3","1","","02","10","2013","2","40.265085","-79.878963","","11","0","0","0","0","0","0","1","1","2","0","1","0","","","1","","0","","40 15:54.306","1","0","79 52:44.267","8","0","0","0","2204","0","0","0","N","0","0","0","4","02204","0","","1.0","","1","N","N","","0","","0","0","0","","0","N","","2","1","0","0","0","1","0","1","0","2","","","","N","","","","","","","","","",""
"2013105904","","3","0","0","0","0","0","0","0","0","1","0","","02","10","2013","4","40.493719","-79.871991","","11","0","0","0","0","1","2","0","0","2","0","0","0","","","3","","0","","40 29:37.388","2","0","79 52:19.166","4","0","0","0","2112","0","0","0","N","0","0","0","5","68D02","3","","1.0","","9","N","N","","0","","0","0","1","","0","N","","4","3","0","0","0","0","0","2","0","4","","","","N","","","","","","","","","",""
"2013105905","","1","0","0","0","0","0","0","0","0","7","0","","02","10","2013","7","40.494113","-79.871416","","11","0","0","0","0","0","0","0","0","","0","0","0","","","0","","0","","40 29:38.808","","3","79 52:17.096","0","0","0","0","2112","0","0","0","N","0","0","0","1","68D02","0","","5.0","","1","N","N","","0","","0","0","0","","0","","","1","0","0","0","0","0","0","2","0","1","","","","N","","","","","","","","","",""
"2013105243","","0","0","0","0","0","0","0","0","0","7","0","","02","10","2013","2","40.382642","-79.978024","","11","0","0","0","0","0","1","0","0","1","0","0","0","","","1","","2","","40 22:57.511","7","0","79 58:40.886","3","0","0","0","2301","0","0","0","N","0","0","0","2","02301","0","","2.0","","1","N","N","","1","","1","0","0","","3","N","","1","1","1","0","0","0","0","2","0","1","","","","N","","","","","","","","","",""
"2013103808","","1","0","0","0","0","0","0","0","0","1","0","","02","10","2013","4","40.432166","-80.003926","","11","0","0","0","0","0","0","0","0","","0","0","0","","","0","","0","","40 25:55.799","","0","80 00:14.132","0","0","0","0","2301","0","0","0","N","0","0","0","1","02301","0","","1.0","","9","N","N","","1","","0","0","0","","0","","","2","0","0","0","0","0","0","2","0","2","","","","N","","","","","","","","","",""
"2013104426","","1","0","0","0","0","0","0","0","0","1","0","","02","10","2013","6","40.465589","-80.061545","","11","0","0","0","0","0","1","0","0","","0","0","0","","","0","","2","","40 27:56.120","","0","80 03:41.562","0","0","0","0","2444","0","0","0","N","0","0","0","2","02444","0","","1.0","","1","N","N","","0","","0","0","0","","2","","","2","0","0","0","0","0","0","2","1","2","","","","N","","","","","","","","","",""
"2013103733","","1","0","0","0","0","0","0","0","0","7","0","","02","7","2013","5","40.507752","-80.043441","","11","0","0","0","0","0","0","0","0","","0","0","0","","","0","","0","","40 30:27.906","","0","80 02:36.388","0","0","0","0","2116","0","0","0","Y","0","0","0","1","68B03","0","","3.0","","1","N","N","","0","","0","0","0","","0","","","1","0","0","0","0","0","0","2","0","1","","","","N","","","","","","","","","",""
"2013105315","","1","0","0","0","0","0","0","0","0","6","0","","02","10","2013","2","40.596338","-80.099793","","11","0","0","0","0","0","1","0","0","","0","0","0","","","1","","0","","40 35:46.815","","0","80 05:59.255","4","0","0","0","2481","0","0","0","N","0","0","0","2","02481","1","","1.0","","1","N","N","","1","","0","0","0","","0","","","2","1","0","0","0","0","0","2","0","2","","","","N","","","","","","","","","",""
"2013104705","","1","0","0","0","0","0","0","0","0","4","0","","02","10","2013","7","40.441396","-80.020782","","11","0","0","0","0","0","1","0","0","1","0","0","0","","","2","","0","","40 26:29.027","4","0","80 01:14.815","4","0","0","0","2301","0","0","0","N","0","0","0","2","02301","1","","1.0","","1","N","N","","0","","0","0","0","","0","N","","2","2","0","0","0","1","0","2","1","2","","","","N","","","","","","","","","",""
"2013103667","","0","0","0","0","0","0","0","0","0","7","0","","02","10","2013","3","40.32647","-79.939018","","11","0","0","0","0","0","0","0","0","1","0","0","0","","","0","","0","","40 19:35.293","6","0","79 56:20.466","0","0","0","0","2454","0","0","0","N","0","0","0","2","02454","0","","5.0","","1","N","N","","1","","0","0","0","","0","Y","","1","0","0","0","0","0","0","2","0","1","","","","N","","","","","","","","","",""
"2013103734","","0","0","1","0","0","0","0","0","0","7","0","","02","7","2013","2","40.394517","-80.101556","","11","0","0","0","0","0","0","0","0","","0","0","0","","","1","","0","","40 23:40.261","","0","80 06:05.601","2","0","0","0","2102","0","0","0","Y","0","0","0","1","68B03","0","","3.0","","1","N","N","","1","","0","1","0","","0","","","1","1","0","0","0","0","0","2","0","1","","","","N","","","","","","","","","",""
"2013105245","","2","0","1","0","0","0","0","0","0","2","0","","02","10","2013","2","40.450672","-80.023482","","11","0","0","0","0","0","0","0","0","2","0","0","0","","","4","","1","","40 27:02.419","6","0","80 01:24.535","2","0","0","0","2301","0","0","0","N","0","0","0","4","02301","2","","1.0","","1","N","N","","0","","1","1","0","","2","N","","2","4","0","0","0","0","0","2","0","2","","","","N","","","","","","","","","",""
"2013103878","","1","0","0","0","0","0","0","0","0","8","0","","02","10","2013","5","40.440743","-79.995968","","11","0","0","0","0","0","0","0","0","","0","0","0","","","1","","1","","40 26:26.674","","0","79 59:45.484","8","0","0","0","2301","1","0","0","N","1","0","0","2","02301","0","","1.0","","9","N","N","","0","","0","0","0","","2","","","2","1","0","0","0","1","0","2","0","1","","","","N","","","","","","","","","",""
"2013106184","","2","0","0","0","0","0","0","0","0","4","0","","02","10","2013","4","40.448415","-79.934151","","11","0","0","0","0","0","0","0","0","1","0","0","0","","","2","","0","","40 26:54.294","3","0","79 56:02.943","4","0","0","0","2301","0","0","0","N","0","0","0","2","02301","2","","1.0","","9","N","N","","0","","0","0","0","","0","N","","2","2","0","0","0","0","0","2","0","2","","","","N","","","","","","","","","",""
"2013103668","","1","0","0","0","0","0","0","0","0","6","0","","02","10","2013","4","40.437658","-79.985151","","11","0","0","0","0","0","1","0","0","2","0","0","0","","","1","","1","","40 26:15.568","2","0","79 59:06.543","4","0","0","0","2301","0","0","0","N","0","0","0","3","02301","1","","1.0","","1","N","N","","0","","0","0","1","","2","N","","2","1","0","0","0","0","0","2","0","2","","","","N","","","","","","","","","",""
"2013105181","","0","0","0","0","0","0","0","0","0","99","0","","02","10","2013","6","40.485491","-79.776085","","11","0","0","0","0","0","0","1","0","","0","0","0","","","0","","0","","40 29:07.769","","0","79 46:33.905","0","0","0","0","2466","0","0","0","N","0","0","0","2","68T02","0","","1.0","","1","N","N","","1","","0","0","0","","0","","","1","0","0","0","0","0","0","2","0","1","","","","N","","","","","","","","","",""
"2013103735","","2","0","0","0","0","0","0","0","0","2","0","","02","9","2013","1","40.453328","-79.996839","","11","0","0","0","0","0","0","1","0","2","0","0","0","","","2","","0","","40 27:11.981","1","0","79 59:48.620","3","0","0","0","2301","0","0","0","N","0","0","0","2","68B03","1","","1.0","","1","N","N","","0","","1","0","0","","0","Y","","2","2","0","0","0","0","0","2","0","2","","","","N","","","","","","","","","",""
"2013105246","","1","0","0","0","0","0","0","0","0","0","0","","02","10","2013","1","40.555783","-80.158479","","11","0","0","0","0","0","0","0","0","","0","0","0","","","0","","0","","40 33:20.818","","0","80 09:30.524","0","0","0","0","2459","0","0","0","N","0","0","0","1","02459","0","","5.0","","1","N","N","","0","","0","0","0","","0","","","1","0","1","0","0","0","0","1","0","1","","","","N","","","","","","","","","",""
"2013106045","","2","0","0","0","0","0","0","0","0","1","0","","02","10","2013","6","40.53192","-79.992483","","11","0","0","0","0","0","0","0","0","","0","0","0","","","1","","0","","40 31:54.912","","0","79 59:32.938","4","0","0","0","2116","0","0","0","N","0","0","0","1","02116","1","","6.0","","1","N","N","","0","","0","0","0","","0","","","2","1","1","0","0","0","0","2","0","2","","","","N","","","","","","","","","",""
"2013104564","","2","0","0","0","0","0","0","0","0","1","0","","02","10","2013","6","40.396275","-79.998243","","11","0","0","0","0","0","0","0","0","","0","0","0","","","0","","0","","40 23:46.591","","0","79 59:53.674","0","0","0","0","2301","0","0","0","N","0","0","0","2","02301","0","","1.0","","1","N","N","","0","","0","0","0","","0","","","2","0","0","0","0","0","0","2","0","2","","","","N","","","","","","","","","",""
"2013104707","","2","0","0","0","0","0","0","0","0","1","0","","02","10","2013","7","40.453729","-79.993335","","11","0","0","0","0","0","0","0","0","","0","0","0","","","1","","1","","40 27:13.424","","0","79 59:36.006","8","0","0","0","2301","0","0","0","","0","0","0","4","02301","0","","1.0","","1","","","","0","","0","0","0","","0","","","2","1","3","0","0","1","0","2","0","2","","","","N","","","","","","","","","",""
"2013105182","","1","0","0","0","0","0","0","0","0","7","0","55","02","10","2013","6","40.530123","-79.821467","","11","0","0","0","0","0","0","0","0","","0","0","0","","","0","","0","","40 31:48.444","","0","79 49:17.281","0","0","0","0","2466","0","0","0","N","0","0","0","1","68T02","0","","3.0","","1","N","N","","0","","0","0","0","","8","","","1","0","0","0","0","0","0","1","0","1","","","N","Y","2","1","N","N","N","N","N","Y","N",""
"2013103736","","0","0","1","0","0","0","0","0","0","1","0","","02","10","2013","2","40.444377","-80.177403","","11","0","0","0","0","0","1","0","0","2","0","0","0","","","1","","0","","40 26:39.758","3","0","80 10:38.650","2","0","0","0","2214","0","0","0","N","0","0","0","2","68B03","0","","1.0","","9","N","N","","0","","0","1","0","","0","N","","2","1","0","0","0","0","0","2","2","2","","","","N","","","","","","","","","",""
"2013103799","","2","0","0","0","0","0","0","0","0","6","0","","02","10","2013","6","40.521434","-79.840222","","11","0","0","0","0","0","0","0","0","","0","0","0","","","0","","1","","40 31:17.162","","0","79 50:24.799","0","0","0","0","2451","0","0","0","N","0","0","0","1","02451","0","","1.0","","1","N","N","","0","","0","0","0","","0","","","2","0","0","0","0","0","0","2","0","2","","","","N","","","","","","","","","",""
"2013104694","","2","0","0","0","0","0","0","0","0","1","0","","02","10","2013","7","40.438584","-79.745065","","11","0","0","0","0","0","1","0","0","","0","0","0","","","0","","0","","40 26:18.902","","0","79 44:42.234","0","0","0","0","2446","0","0","0","N","0","0","0","2","02446","0","","1.0","","1","N","N","","0","","0","0","0","","0","","","2","0","0","0","0","0","0","2","0","2","","","","N","","","","","","","","","",""
"2013103737","","0","0","0","0","0","0","0","0","0","7","0","","02","10","2013","2","40.442191","-79.837513","","11","0","0","0","0","0","0","0","0","3","0","0","0","","","1","","0","","40 26:31.889","3","0","79 50:15.045","4","0","0","0","2419","0","0","0","N","0","0","0","1","68B03","1","","2.0","","8","N","N","","0","","0","0","1","","0","N","","1","1","0","0","0","0","0","2","0","1","","","","N","","","","","","","","","",""
"2013106061","","2","0","0","0","0","0","0","0","0","4","0","","02","9","2013","3","40.348259","-79.947345","","11","0","0","0","0","0","0","1","0","2","0","0","0","","","1","","1","","40 20:53.731","4","0","79 56:50.441","8","0","0","0","2473","0","0","0","N","0","0","0","3","02473","0","","1.0","","1","N","N","","0","","0","0","0","","2","N","","2","1","0","0","0","1","0","2","0","2","","","","N","","","","","","","","","",""
"2013103814","","1","0","0","0","0","0","0","0","0","4","0","","02","10","2013","4","40.468925","-80.09793","","11","0","0","0","0","0","1","0","1","1","0","0","0","","","1","","1","","40 28:08.130","5","7","80 05:52.548","4","0","0","0","2126","0","0","0","N","0","0","0","2","02126","1","","1.0","","1","N","N","","1","","0","0","0","","0","N","","2","1","0","0","0","0","1","2","0","2","","","","N","","","","","","","","","",""
"2013106587","","1","0","0","0","0","0","0","0","0","1","0","","02","9","2013","2","40.344774","-79.961234","","11","0","0","0","0","0","0","0","0","2","0","0","0","","","1","","1","","40 20:41.186","6","0","79 57:40.443","8","0","0","0","2473","0","0","0","N","0","0","0","2","02473","0","","1.0","","1","N","N","","0","","0","0","1","","0","N","","2","1","1","0","0","1","0","2","0","2","","","","N","","","","","","","","","",""
"2013103738","","1","0","0","0","0","0","0","0","0","99","0","","02","10","2013","7","40.447444","-80.166078","","11","0","0","0","0","0","1","0","0","","0","0","0","","","0","","0","","40 26:50.798","","0","80 09:57.880","0","0","0","0","2115","0","0","0","N","0","0","0","1","68B03","0","","1.0","","1","N","N","","0","","0","0","0","","0","","","1","0","0","0","0","0","0","2","0","1","","","","N","","","","","","","","","",""
"2013106048","","1","0","0","0","0","0","0","0","0","8","0","","02","10","2013","3","40.454367","-80.012589","","11","0","0","0","0","0","0","0","0","2","0","0","0","","","1","","2","","40 27:15.721","3","0","80 00:45.320","3","0","0","0","2301","1","0","0","N","1","0","0","2","02301","0","","1.0","","1","N","N","","0","","1","0","0","","2","N","","2","1","0","0","0","0","0","2","0","1","","","","N","","","","","","","","","",""
"2013104555","","2","0","0","0","0","0","0","0","0","4","0","","02","10","2013","6","40.613871","-79.948757","","11","0","1","0","0","0","1","0","0","1","0","0","0","","","2","","1","","40 36:49.935","7","0","79 56:55.525","4","0","0","0","2207","0","0","0","N","0","0","0","6","02207","2","","1.0","","1","N","N","","1","","0","0","0","","3","N","","3","2","0","0","0","0","0","2","0","3","","","","N","","","","","","","","","",""
"2013106063","","1","0","0","0","0","0","0","0","0","4","0","","02","10","2013","3","40.496131","-79.976872","","11","0","0","0","0","0","0","1","1","1","0","0","0","","","2","","1","","40 29:46.072","5","0","79 58:36.740","3","0","0","0","2118","0","0","0","N","0","0","0","4","02118","1","","1.0","","1","N","N","","0","","1","0","1","","3","Y","","2","2","0","0","0","0","0","2","0","2","","","","N","","","","","","","","","",""
"2013103815","","0","0","0","0","0","0","0","0","0","7","0","","02","10","2013","4","40.519637","-80.014735","","11","0","0","0","0","0","0","1","0","2","0","0","0","","","1","","2","","40 31:10.693","1","0","80 00:53.045","3","0","0","0","2116","0","0","0","N","0","0","0","2","02116","0","","5.0","","9","N","N","","0","","1","0","0","","3","N","","1","1","1","0","0","0","0","2","1","1","","","","N","","","","","","","","","",""
"2013106201","","1","0","0","0","0","0","0","0","0","1","0","","02","10","2013","5","40.407333","-79.914058","","11","0","0","0","0","0","0","0","0","1","0","0","0","","","1","","0","","40 24:26.400","2","3","79 54:50.610","8","0","0","1","2438","0","0","0","N","0","0","0","2","02438","0","","1.0","","1","N","N","","0","","0","0","0","","8","N","","2","1","0","0","0","1","0","2","0","2","","","","N","","","","","","","","","",""
"2013104420","","2","0","0","0","0","0","0","0","0","4","0","","02","10","2013","6","40.454648","-79.946262","","11","0","0","0","0","0","1","0","0","2","0","0","0","","","0","","0","","40 27:16.731","3","0","79 56:46.544","0","0","0","0","2301","0","0","0","N","0","0","0","2","02301","0","","1.0","","1","N","N","","0","","0","0","0","","0","N","","2","0","0","0","0","0","0","2","0","2","","","","N","","","","","","","","","",""
"2013103673","","0","0","0","0","0","0","0","0","0","1","0","","02","10","2013","4","40.594374","-79.947848","","11","0","0","0","0","0","0","0","0","1","0","0","0","","","0","","0","","40 35:39.745","2","0","79 56:52.252","0","0","0","0","2207","0","0","0","","0","0","0","3","02207","0","","1.0","","1","N","","","0","","0","0","1","","0","N","","2","0","0","0","0","0","0","2","1","2","","","","N","","","","","","","","","",""
"2013104432","","1","0","0","0","0","0","0","0","0","4","0","","02","10","2013","6","40.328531","-79.945291","","11","0","0","0","0","0","1","0","0","","0","0","0","","","0","","0","","40 19:42.711","","0","79 56:43.047","0","0","0","0","2454","0","0","0","N","0","0","0","2","02454","0","","1.0","","1","N","N","","0","","0","0","1","","2","","","2","0","0","0","0","0","0","2","0","2","","","","N","","","","","","","","","",""
"2013103739","","3","0","0","0","0","0","0","0","0","1","0","","02","10","2013","3","40.601634","-80.093899","","11","0","0","0","0","0","0","0","0","1","0","0","0","","","0","","0","","40 36:05.881","2","0","80 05:38.035","0","0","0","0","2481","0","0","0","N","0","0","0","4","68B03","0","","1.0","","1","N","N","","0","","0","0","1","","0","N","","4","0","0","0","0","0","0","2","0","4","","","","N","","","","","","","","","",""
"2013105333","","0","0","0","0","0","0","0","0","0","7","0","","02","10","2013","4","40.457246","-79.997838","","11","0","0","0","0","0","0","0","0","","0","0","0","","","0","","1","","40 27:26.085","","0","79 59:52.216","9","0","0","0","2301","0","0","0","N","0","0","0","2","02301","0","","5.0","","1","N","N","","0","","0","0","0","","2","","","1","0","0","0","0","0","1","2","1","1","","","","N","","","","","","","","","",""
"2013106189","","1","0","0","0","0","0","0","0","0","7","0","","02","10","2013","3","40.322287","-80.085648","","11","0","0","0","0","0","0","0","0","","0","0","0","","","2","","0","","40 19:20.234","","0","80 05:08.333","3","0","0","0","2123","0","0","0","Y","0","0","0","2","02123","1","","5.0","","1","N","N","","0","","1","0","0","","0","","","1","2","0","0","0","0","0","2","0","1","","","","N","","","","","","","","","",""
"2013103740","","0","0","0","0","0","0","0","0","0","1","1","","02","10","2013","3","40.435213","-79.998185","","11","0","0","0","0","0","0","0","0","1","0","1","0","","","1","","0","","40 26:06.768","4","0","79 59:53.466","4","0","0","0","2301","0","0","0","N","0","0","0","2","68B03","1","","1.0","","1","N","N","","0","","0","0","0","","0","N","","2","1","0","0","0","0","0","2","1","2","","","","N","","","","","","","","","",""
"2013105268","","2","0","0","0","0","0","0","0","0","1","0","","02","10","2013","2","40.387659","-79.984267","","11","0","0","0","0","0","1","0","0","1","0","0","0","","","1","","0","","40 23:15.572","1","0","79 59:03.361","8","0","0","0","2301","0","0","0","N","0","0","0","2","02301","0","","1.0","","1","N","N","","0","","0","0","0","","0","N","","2","1","0","0","0","1","0","2","0","2","","","","N","","","","","","","","","",""
"2013106590","","1","0","0","0","0","0","0","0","0","1","0","","02","10","2013","4","40.406971","-79.889143","","11","0","0","0","0","0","0","1","0","1","0","0","0","","","0","","0","","40 24:25.094","4","0","79 53:20.914","0","0","0","0","2448","0","0","0","N","0","0","0","3","02448","0","","1.0","","9","N","N","","0","","0","0","1","","0","Y","","2","0","1","0","0","0","0","2","0","2","","","","N","","","","","","","","","",""
"2013105335","","1","0","0","0","0","0","0","0","0","8","0","","02","10","2013","2","40.474303","-79.82191","","11","0","0","0","0","0","1","0","0","","0","0","0","","","1","","1","","40 28:27.491","","0","79 49:18.877","8","0","0","0","2113","1","0","0","N","1","0","0","2","02113","0","","4.0","","1","N","N","","0","","0","0","0","","2","","","2","1","0","0","0","1","0","2","0","1","","","","N","","","","","","","","","",""
"2013106191","","1","0","0","0","0","0","0","0","0","6","0","","02","10","2013","3","40.385307","-80.12306","","11","0","0","1","0","0","0","0","0","2","0","0","0","","","1","","0","","40 23:07.104","5","0","80 07:23.015","4","0","0","0","2102","0","0","0","N","0","0","0","3","02102","1","","1.0","","1","N","N","","0","","0","0","1","","0","N","","2","1","1","0","0","0","0","2","0","2","","","","N","","","","","","","","","",""
"2013106591","","1","0","0","0","0","0","0","0","0","4","0","","02","10","2013","5","40.468596","-79.962401","","11","0","0","0","0","0","1","0","0","","0","0","0","","","0","","0","","40 28:06.947","","0","79 57:44.643","0","0","0","0","2301","0","0","0","","0","0","0","2","02301","0","","1.0","","9","","","","0","","0","0","1","","2","","","2","0","0","0","0","0","0","2","0","2","","","","N","","","","","","","","","",""
"2013106053","","1","0","0","0","0","0","0","0","0","4","0","","02","10","2013","3","40.419643","-79.927184","","11","0","0","1","0","0","0","0","0","","0","0","0","","","0","","5","","40 25:10.714","","0","79 55:37.862","0","0","0","0","2301","0","0","0","N","0","0","0","2","02301","0","","1.0","","1","N","N","","0","","0","0","1","","2","","","2","0","0","0","0","0","0","2","0","2","","","","N","","","","","","","","","",""
"2013105271","","0","0","0","0","0","0","0","0","0","4","0","","02","10","2013","1","40.294587","-80.023988","","11","0","0","0","0","0","1","0","0","","0","0","0","","","1","","0","","40 17:40.513","","7","80 01:26.356","8","0","0","1","2219","0","0","0","N","0","0","0","1","02219","0","","4.0","","1","N","N","","1","","0","0","0","","0","","","2","1","0","0","0","1","0","2","0","2","","","","N","","","","","","","","","",""
"2013103819","","1","0","0","0","0","0","0","0","0","7","0","","02","10","2013","4","40.466574","-80.033778","","11","0","0","0","0","0","0","0","0","","0","0","0","","","0","","2","","40 27:59.666","","0","80 02:01.600","0","0","0","0","2301","0","0","0","N","0","0","0","1","02301","0","","5.0","","9","N","N","","0","","0","0","0","","0","","","1","0","1","0","0","0","0","2","0","1","","","","N","","","","","","","","","",""