"CRN","ARRIVAL_TM","AUTOMOBILE_COUNT","BELTED_DEATH_COUNT","BELTED_SUSP_SERIOUS_INJ_COUNT","BICYCLE_COUNT","BICYCLE_DEATH_COUNT","BICYCLE_SUSP_SERIOUS_INJ_COUNT","BUS_COUNT","CHLDPAS_DEATH_COUNT","CHLDPAS_SUSP_SERIOUS_INJ_COUNT","COLLISION_TYPE","COMM_VEH_COUNT","CONS_ZONE_SPD_LIM","COUNTY","CRASH_MONTH","CRASH_YEAR","DAY_OF_WEEK","DEC_LATITUDE","DEC_LONGITUDE","DISPATCH_TM","DISTRICT","DRIVER_COUNT_16YR","DRIVER_COUNT_17YR","DRIVER_COUNT_18YR","DRIVER_COUNT_19YR","DRIVER_COUNT_20YR","DRIVER_COUNT_50_64YR","DRIVER_COUNT_65_74YR","DRIVER_COUNT_75PLUS","EST_HRS_CLOSED","FATAL_COUNT","HEAVY_TRUCK_COUNT","HORSE_BUGGY_COUNT","HOUR_OF_DAY","ILLUMINATION","INJURY_COUNT","INTERSECTION_RELATED","INTERSECT_TYPE","LANE_CLOSED","LATITUDE","LN_CLOSE_DIR","LOCATION_TYPE","LONGITUDE","MAX_SEVERITY_LEVEL","MCYCLE_DEATH_COUNT","MCYCLE_SUSP_SERIOUS_INJ_COUNT","MOTORCYCLE_COUNT","MUNICIPALITY","NONMOTR_COUNT","NONMOTR_DEATH_COUNT","NONMOTR_SUSP_SERIOUS_INJ_COUNT","NTFY_HIWY_MAINT","PED_COUNT","PED_DEATH_COUNT","PED_SUSP_SERIOUS_INJ_COUNT","PERSON_COUNT","POLICE_AGCY","POSSIBLE_INJ_COUNT","RDWY_SURF_TYPE_CD","RELATION_TO_ROAD","ROADWAY_CLEARED","ROAD_CONDITION","SCH_BUS_IND","SCH_ZONE_IND","SECONDARY_CRASH","SMALL_TRUCK_COUNT","SPEC_JURIS_CD","SUSP_MINOR_INJ_COUNT","SUSP_SERIOUS_INJ_COUNT","SUV_COUNT","TCD_FUNC_CD","TCD_TYPE","TFC_DETOUR_IND","TIME_OF_DAY","TOTAL_UNITS","TOT_INJ_COUNT","UNBELTED_OCC_COUNT","UNB_DEATH_COUNT","UNB_SUSP_SERIOUS_INJ_COUNT","UNK_INJ_DEG_COUNT","UNK_INJ_PER_COUNT","URBAN_RURAL","VAN_COUNT","VEHICLE_COUNT","WEATHER1","WEATHER2","WORKERS_PRES","WORK_ZONE_IND","WORK_ZONE_LOC","WORK_ZONE_TYPE","WZ_CLOSE_DETOUR","WZ_FLAGGER","WZ_LAW_OFFCR_IND","WZ_LN_CLOSURE","WZ_MOVING","WZ_OTHER","WZ_SHLDER_MDN","WZ_WORKERS_INJ_KILLED"
"2013112481","","0","0","0","0","0","0","0","0","0","7","0","","02","11","2013","5","40.292181","-79.913735","","11","0","0","0","0","0","1","0","0","","0","0","0","","","0","","0","","40 17:31.850","","0","79 54:49.446","0","0","0","0","2440","0","0","0","N","0","0","0","1","68T09","0","","3.0","","9","N","N","","0","","0","0","0","","0","","","1","0","0","0","0","0","0","2","1","1","","","","N","","","","","","","","","",""
"2013110251","","0","0","0","0","0","0","0","0","0","7","0","25","02","11","2013","2","40.350594","-79.895739","","11","0","0","0","0","0","0","0","0","","0","0","0","","","0","","0","","40 21:02.140","","0","79 53:44.660","0","0","0","0","2423","0","0","0","Y","0","0","0","3","02304","0","","2.0","","1","N","N","","0","","0","0","0","","0","","","1","0","0","0","0","0","0","2","1","1","","","N","Y","4","1","","","N","","","","",""
"2013106253","","2","0","0","0","0","0","0","0","0","1","0","","02","10","2013","4","40.45641","-79.990375","","11","0","0","0","0","0","1","0","1","","0","0","0","","","0","","3","","40 27:23.076","","8","79 59:25.351","0","0","0","0","2301","0","0","0","N","0","0","0","3","02301","0","","1.0","","9","N","N","","0","","0","0","0","","0","","","2","0","0","0","0","0","0","2","0","2","","","","N","","","","","","","","","",""
"2013110109","","1","0","0","0","0","0","0","0","0","7","0","","02","11","2013","1","40.437964","-80.088039","","11","0","0","0","0","0","0","0","0","2","0","0","0","","","1","","0","","40 26:16.670","1","0","80 05:16.940","4","0","0","0","2421","0","0","0","N","0","0","0","2","02421","1","","2.0","","1","N","N","","0","","0","0","0","","0","N","","1","1","1","0","0","0","0","2","0","1","","","","N","","","","","","","","","",""
"2013111655","","2","0","0","0","0","0","0","0","0","4","0","","02","11","2013","4","40.628373","-79.941843","","11","1","0","0","0","0","1","0","0","1","0","0","0","","","1","","2","","40 37:42.142","5","0","79 56:30.635","8","0","0","0","2217","0","0","0","N","0","0","0","3","02505","0","","1.0","","1","N","N","","0","","0","0","0","","3","N","","2","1","0","0","0","1","0","2","0","2","","","","N","","","","","","","","","",""
"2013112421","","3","0","0","0","0","0","0","0","0","1","0","","02","10","2013","5","40.425556","-79.905276","","11","0","0","0","0","0","0","0","0","","0","0","0","","","0","","0","","40 25:32.001","","4","79 54:18.993","0","0","0","0","2301","0","0","0","N","0","0","0","3","68B03","0","","1.0","","9","N","N","","0","","0","0","0","","0","","","3","0","0","0","0","0","0","2","0","3","","","","N","","","","","","","","","",""
"2013111670","","1","0","0","0","0","0","0","0","0","7","0","","02","11","2013","4","40.398947","-79.890669","","11","0","0","0","0","0","0","0","0","1","0","0","0","","","0","","2","","40 23:56.209","5","0","79 53:26.408","0","0","0","0","2475","0","0","0","N","0","0","0","1","02475","0","","5.0","","1","N","N","","0","","0","0","0","","0","N","","1","0","0","0","0","0","0","2","0","1","","","","N","","","","","","","","","",""
"2013110189","","2","0","0","0","0","0","0","0","0","4","0","","02","11","2013","1","40.455052","-80.0086","","11","0","0","0","0","0","0","0","1","1","0","0","0","","","0","","1","","40 27:18.187","2","0","80 00:30.960","0","0","0","0","2301","0","0","0","N","0","0","0","4","02301","0","","1.0","","1","N","N","","0","","0","0","0","","2","Y","","2","0","0","0","0","0","0","2","0","2","","","","N","","","","","","","","","",""
"2013111070","","1","0","0","0","0","0","0","0","0","1","0","","02","11","2013","1","40.438944","-80.072874","","11","0","0","0","0","0","0","0","0","2","0","0","0","","","1","","2","","40 26:20.200","4","0","80 04:22.348","4","0","0","0","2421","0","0","0","N","0","0","0","3","02421","1","","1.0","","1","N","N","","0","","0","0","1","","0","N","","2","1","0","0","0","0","0","2","0","2","","","","N","","","","","","","","","",""
"2013112555","","0","0","0","0","0","0","0","0","0","7","0","","02","11","2013","6","40.464698","-79.947594","","11","0","0","0","0","0","0","0","0","2","0","0","0","","","0","","2","","40 27:52.912","1","0","79 56:51.338","0","0","0","0","2301","0","0","0","N","0","0","0","1","02301","0","","5.0","","1","N","N","","0","","0","0","1","","0","Y","","1","0","0","0","0","0","0","2","0","1","","","","N","","","","","","","","","",""
"2013112612","","0","0","0","0","0","0","0","0","0","99","0","55","02","11","2013","4","40.567169","-79.854871","","11","0","0","0","0","0","1","0","0","","0","0","0","","","0","","0","","40 34:01.807","","0","79 51:17.534","0","0","0","0","2209","0","0","0","N","0","0","0","1","68T02","0","","1.0","","1","N","N","","0","","0","0","1","","9","","","1","0","0","0","0","0","0","2","0","1","","","N","Y","2","1","N","N","N","N","N","Y","N",""
"2013112681","","0","0","0","0","0","0","0","0","0","4","0","","02","11","2013","2","","","","11","0","0","0","0","0","0","1","0","","0","0","0","","","0","","1","","","","0","","0","0","0","0","2446","0","0","0","N","0","0","0","2","02446","0","","1.0","","1","N","N","","1","","0","0","1","","2","","","2","0","0","0","0","0","0","1","0","2","","","","N","","","","","","","","","",""
"2013110256","","2","0","0","0","0","0","0","0","0","4","0","","02","11","2013","7","40.434575","-79.78703","","11","0","0","0","0","0","1","0","0","","0","0","0","","","0","","0","","40 26:04.470","","0","79 47:13.308","0","0","0","0","2446","0","0","0","N","0","0","0","2","02446","0","","1.0","","1","N","N","","0","","0","0","0","","0","","","2","0","0","0","0","0","0","2","0","2","","","","N","","","","","","","","","",""
"2013112556","","1","0","0","0","0","0","0","0","0","7","0","","02","11","2013","6","40.429789","-80.024939","","11","0","0","0","0","0","0","0","0","","0","0","0","","","0","","3","","40 25:47.241","","1","80 01:29.782","0","0","0","0","2301","0","0","0","N","0","0","0","1","02301","0","","2.0","","1","N","N","","0","","0","0","0","","0","","","1","0","0","0","0","0","0","2","0","1","","","","N","","","","","","","","","",""
"2013110115","","2","0","0","0","0","0","0","0","0","1","0","","02","11","2013","1","40.399738","-80.044158","","11","0","0","0","0","0","3","0","0","1","0","0","0","","","2","","1","","40 23:59.056","5","0","80 02:38.970","3","0","0","0","2301","0","0","0","N","0","0","0","5","02301","0","","1.0","","1","N","N","","0","","2","0","1","","2","N","","3","2","0","0","0","0","0","2","0","3","","","","N","","","","","","","","","",""
"2013110257","","1","0","0","0","0","0","0","0","0","4","0","","02","11","2013","6","40.331789","-79.93323","","11","0","0","0","0","0","1","0","0","1","0","0","0","","","0","","2","","40 19:54.442","1","0","79 55:59.628","0","0","0","0","2473","0","0","0","N","0","0","0","6","02473","0","","1.0","","1","N","N","","0","","0","0","1","","2","N","","2","0","0","0","0","0","0","2","0","2","","","","N","","","","","","","","","",""
"2013112557","","1","0","0","0","0","0","0","0","0","4","0","","02","11","2013","5","40.356742","-79.833223","","11","0","0","0","0","0","1","0","0","","0","0","0","","","0","","2","","40 21:24.272","","0","79 49:59.603","0","0","0","0","2304","0","0","0","N","0","0","0","2","02304","0","","1.0","","1","N","N","","1","","0","0","0","","0","","","2","0","0","0","0","0","0","2","0","2","","","","N","","","","","","","","","",""
"2013110116","","0","0","0","0","0","0","0","0","0","7","0","","02","11","2013","1","40.351028","-79.889572","","11","0","0","0","0","0","0","0","0","9","0","0","0","","","1","","0","","40 21:03.700","6","0","79 53:22.459","8","0","0","0","2423","0","0","0","N","0","0","0","1","02304","0","","2.0","","1","N","N","","1","","0","0","0","","0","Y","","1","1","0","0","0","1","0","2","0","1","","","","N","","","","","","","","","",""
"2013112684","","3","0","0","0","0","0","0","0","0","1","0","","02","11","2013","5","40.329114","-79.958883","","11","0","0","1","0","0","1","0","0","","0","0","0","","","0","","0","","40 19:44.810","","0","79 57:31.980","0","0","0","0","2454","0","0","0","N","0","0","0","3","02454","0","","1.0","","1","N","N","","0","","0","0","0","","0","","","3","0","0","0","0","0","0","2","0","3","","","","N","","","","","","","","","",""
"2013110118","","2","0","0","0","0","0","0","0","0","6","0","","02","11","2013","6","40.605685","-79.814749","","11","0","0","0","0","0","1","0","0","2","0","0","0","","","1","","2","","40 36:20.467","1","0","79 48:53.097","8","0","0","0","2220","0","0","0","N","0","0","0","2","02220","0","","1.0","","1","N","N","","0","","0","0","0","","0","N","","2","1","0","0","0","1","0","2","0","2","","","","N","","","","","","","","","",""
"2013111663","","0","0","0","0","0","0","1","0","0","0","1","","02","11","2013","4","40.463471","-79.930682","","11","0","0","0","0","0","0","0","0","","0","0","0","","","1","","2","","40 27:48.495","","0","79 55:50.455","8","0","0","0","2301","0","0","0","N","0","0","0","2","02503","0","","1.0","","1","N","N","","0","","0","0","0","","2","","","1","1","0","0","0","1","0","2","0","1","","","","N","","","","","","","","","",""
"2013110259","","1","0","0","0","0","0","0","0","0","7","0","","02","10","2013","5","40.526592","-80.022999","","11","0","0","0","0","0","1","0","0","2","0","0","0","","","0","","0","","40 31:35.730","1","0","80 01:22.798","0","0","0","0","2455","0","0","0","N","0","0","0","1","02511","0","","5.0","","1","N","N","","0","","0","0","0","","0","Y","","1","0","0","0","0","0","0","2","0","1","","","","N","","","","","","","","","",""
"2013106262","","0","0","0","0","0","0","0","0","0","4","0","","02","10","2013","4","40.465072","-79.946499","","11","0","1","0","0","0","1","0","0","1","0","0","0","","","0","","1","","40 27:54.259","2","0","79 56:47.396","0","0","0","0","2301","0","0","0","N","0","0","0","3","02301","0","","1.0","","9","N","N","","0","","0","0","1","","0","N","","2","0","0","0","0","0","0","2","1","2","","","","N","","","","","","","","","",""
"2013111678","","1","0","0","0","0","0","0","0","0","8","0","","02","11","2013","4","40.461447","-79.863031","","11","0","0","0","0","0","1","0","0","1","0","0","0","","","1","","1","","40 27:41.208","4","0","79 51:46.911","8","0","0","0","2113","1","0","0","N","1","0","0","2","02113","0","","1.0","","1","N","N","","0","","0","0","0","","2","N","","2","1","0","0","0","1","0","2","0","1","","","","N","","","","","","","","","",""
"2013112431","","1","0","0","0","0","0","0","0","0","7","0","","02","10","2013","5","40.495941","-79.912469","","11","0","0","0","0","0","0","0","0","","0","0","0","","","1","","3","","40 29:45.389","","2","79 54:44.887","3","0","0","0","2112","0","0","0","N","0","0","0","2","68D02","0","","3.0","","1","N","N","","0","","1","0","0","","0","","","1","1","0","0","0","0","0","2","0","1","","","","N","","","","","","","","","",""
"2013112357","","2","0","0","0","0","0","0","0","0","1","0","","02","11","2013","5","40.411014","-80.005933","","11","0","0","0","0","0","0","0","0","","0","0","0","","","1","","1","","40 24:39.651","","0","80 00:21.360","4","0","0","0","2301","0","0","0","N","0","0","0","2","02301","1","","1.0","","1","N","N","","0","","0","0","0","","2","","","2","1","0","0","0","0","0","2","0","2","","","","N","","","","","","","","","",""
"2013106265","","0","0","0","0","0","0","0","0","0","1","1","","02","10","2013","4","40.443723","-80.054631","","11","0","0","0","0","1","0","0","0","","0","0","0","","","0","","2","","40 26:37.402","","0","80 03:16.671","0","0","0","0","2301","0","0","0","N","0","0","0","6","02301","0","","1.0","","9","Y","N","","0","","0","0","2","","0","","","3","0","0","0","0","0","0","2","1","3","","","","N","","","","","","","","","",""
"2013110122","","2","0","0","0","0","0","0","0","0","1","0","","02","11","2013","1","40.382205","-79.995981","","11","0","0","0","0","0","0","0","0","1","0","0","0","","","0","","1","","40 22:55.939","2","0","79 59:45.533","0","0","0","0","2301","0","0","0","N","0","0","0","2","02301","0","","1.0","","1","N","N","","0","","0","0","0","","2","N","","2","0","0","0","0","0","0","2","0","2","","","","N","","","","","","","","","",""
"2013112509","","1","0","0","0","0","0","0","0","0","4","0","","02","10","2013","5","40.429063","-79.970654","","11","0","0","0","0","0","1","0","0","","0","0","0","","","0","","0","","40 25:44.626","","7","79 58:14.355","0","0","0","0","2301","0","0","0","N","0","0","0","2","02301","0","","1.0","","9","N","N","","1","","0","0","0","","0","","","2","0","1","0","0","0","0","2","0","2","","","","N","","","","","","","","","",""
"2013110279","","0","0","0","1","0","0","0","0","0","8","0","","02","11","2013","2","40.458694","-79.972917","","11","0","0","0","0","0","1","0","0","","0","0","0","","","1","","0","","40 27:31.300","","0","79 58:22.500","8","0","0","0","2301","1","0","0","N","0","0","0","2","02301","0","","4.0","","1","N","N","","1","","0","0","0","","0","","","2","1","0","0","0","1","0","2","0","1","","","","N","","","","","","","","","",""
"2013112360","","3","0","0","0","0","0","0","0","0","1","0","","02","11","2013","5","40.485599","-79.910791","","11","0","0","0","0","0","0","0","0","","0","0","0","","","0","","3","","40 29:08.156","","8","79 54:38.846","0","0","0","0","2301","0","0","0","N","0","0","0","5","02301","0","","1.0","","9","N","N","","1","","0","0","0","","0","","","4","0","0","0","0","0","0","2","0","4","","","","N","","","","","","","","","",""
"2013112434","","1","0","0","0","0","0","0","0","0","1","0","","02","11","2013","4","40.613034","-79.757071","","11","0","0","0","0","0","0","0","0","1","0","0","0","","","0","","7","","40 36:46.921","1","2","79 45:25.456","0","0","0","0","2464","0","0","0","N","0","0","0","3","68D02","0","","1.0","","1","N","N","","0","","0","0","1","","0","N","","2","0","0","0","0","0","0","2","0","2","","","","N","","","","","","","","","",""
"2013110264","","2","0","0","0","0","0","0","0","0","1","0","","02","10","2013","5","40.438202","-79.830514","","11","0","0","0","0","0","0","0","0","1","0","0","0","","","1","","1","","40 26:17.528","3","0","79 49:49.850","8","0","0","0","2419","0","0","0","N","0","0","0","2","02419","0","","1.0","","9","N","N","","0","","0","0","0","","0","N","","2","1","0","0","0","1","0","2","0","2","","","","N","","","","","","","","","",""
"2013110138","","1","0","0","0","0","0","0","0","0","1","0","","02","10","2013","3","40.632507","-79.940442","","11","0","0","0","0","0","0","0","0","","0","0","0","","","0","","0","","40 37:57.026","","0","79 56:25.590","0","0","0","0","2217","0","0","0","N","0","0","0","2","02505","0","","1.0","","1","N","N","","1","","0","0","0","","0","","","2","0","0","0","0","0","0","2","0","2","","","","N","","","","","","","","","",""
"2013111683","","2","0","0","0","0","0","0","0","0","4","0","","02","11","2013","4","40.318029","-79.902785","","11","0","0","0","0","0","0","0","0","2","0","0","0","","","1","","0","","40 19:04.904","6","0","79 54:10.026","8","0","0","0","2440","0","0","0","N","0","0","0","1","02440","0","","2.0","","1","N","N","","0","","0","0","0","","0","Y","","2","1","0","0","0","1","0","2","0","2","","","","N","","","","","","","","","",""
"2013106268","","3","0","0","0","0","0","0","0","0","1","0","","02","10","2013","4","40.526757","-79.845471","","11","0","0","0","0","0","1","1","1","","0","0","0","","","1","","0","","40 31:36.324","","3","79 50:43.697","4","0","0","0","2451","0","0","0","N","0","0","0","4","02451","1","","1.0","","9","N","N","","0","","0","0","1","","0","","","4","1","1","0","0","0","0","2","0","4","","","","N","","","","","","","","","",""
"2013112375","","2","0","0","0","0","0","0","0","0","4","0","","02","11","2013","5","40.459026","-79.924392","","11","0","0","0","0","0","0","1","0","","0","0","0","","","0","","2","","40 27:32.493","","0","79 55:27.811","0","0","0","0","2301","0","0","0","","0","0","0","4","02301","0","","1.0","","1","","","","0","","0","0","1","","3","","","3","0","0","0","0","0","0","2","0","3","","","","N","","","","","","","","","",""
"2013112499","","1","0","0","0","0","0","0","0","0","4","0","","02","11","2013","5","40.429477","-79.977379","","11","0","0","0","0","0","1","0","0","","0","0","0","","","0","","0","","40 25:46.117","","7","79 58:38.564","0","0","0","0","2301","0","0","0","N","0","0","0","2","02301","0","","1.0","","1","N","N","","0","","0","0","1","","0","","","2","0","0","0","0","0","0","2","0","2","","","","N","","","","","","","","","",""
"2013110266","","1","0","0","0","0","0","0","0","0","7","0","","02","10","2013","4","40.626464","-79.861133","","11","0","0","0","1","0","0","0","0","1","0","0","0","","","0","","0","","40 37:35.270","4","0","79 51:40.078","0","0","0","0","2220","0","0","0","N","0","0","0","1","02220","0","","2.0","","1","N","N","","0","","0","0","0","","0","N","","1","0","0","0","0","0","0","2","0","1","","","","N","","","","","","","","","",""
"2013112625","","2","0","0","0","0","0","0","0","0","1","0","","02","11","2013","5","40.474152","-79.970841","","11","0","0","0","0","0","0","0","1","","0","0","0","","","1","","0","","40 28:26.946","","3","79 58:15.028","8","0","0","0","2301","0","0","0","N","0","0","0","4","02301","0","","1.0","","1","N","N","","0","","0","0","1","","1","","","3","1","0","0","0","1","0","2","0","3","","","","N","","","","","","","","","",""
"2013111618","","2","0","0","0","0","0","0","0","0","4","0","","02","11","2013","7","40.51299","-80.157143","","11","0","0","0","0","0","0","0","1","","0","0","0","","","1","","1","","40 30:46.765","","0","80 09:25.713","4","0","0","0","2420","0","0","0","N","0","0","0","4","02420","1","","1.0","","9","N","N","","0","","0","0","0","","3","","","2","1","0","0","0","0","0","2","0","2","","","","N","","","","","","","","","",""
"2013112376","","1","0","0","0","0","0","0","0","0","6","0","","02","11","2013","5","40.454051","-80.078379","","11","0","0","0","0","0","0","1","0","","0","0","0","","","2","","0","","40 27:14.585","","0","80 04:42.163","8","0","0","0","2301","0","0","0","N","0","0","0","3","02301","0","","1.0","","1","Y","N","","0","","0","0","1","","0","","","3","2","1","0","0","2","0","2","1","3","","","","N","","","","","","","","","",""
"2013111619","","2","0","0","0","0","0","0","0","0","4","0","","02","11","2013","3","40.521434","-79.840222","","11","0","0","0","0","0","0","0","0","","0","0","0","","","1","","1","","40 31:17.162","","0","79 50:24.799","8","0","0","0","2451","0","0","0","N","0","0","0","2","02451","0","","1.0","","1","N","N","","0","","0","0","0","","3","","","2","1","0","0","0","1","0","2","0","2","","","","N","","","","","","","","","",""
"2013112377","","1","0","0","0","0","0","0","0","0","4","0","","02","11","2013","5","40.351791","-79.862234","","11","0","0","0","0","0","0","0","0","2","0","0","0","","","1","","1","","40 21:06.448","5","0","79 51:44.042","4","0","0","0","2304","0","0","0","N","0","0","0","3","02304","1","","1.0","","1","N","N","","0","","0","0","1","","2","N","","2","1","0","0","0","0","0","2","0","2","","","","N","","","","","","","","","",""
"2013112501","","2","0","0","0","0","0","0","0","0","4","0","","02","11","2013","5","40.444079","-79.919177","","11","0","0","0","0","0","0","0","0","","0","0","0","","","1","","1","","40 26:38.684","","0","79 55:09.038","4","0","0","0","2301","0","0","0","N","0","0","0","3","02301","1","","1.0","","1","N","N","","0","","0","0","0","","3","","","2","1","1","0","0","0","0","2","0","2","","","","N","","","","","","","","","",""
"2013110270","","2","0","0","0","0","0","0","0","0","1","0","","02","11","2013","6","40.390855","-80.073391","","11","0","0","0","0","0","1","0","0","","0","0","0","","","0","","0","","40 23:27.078","","0","80 04:24.206","0","0","0","0","2117","0","0","0","N","0","0","0","2","02117","0","","1.0","","1","N","N","","0","","0","0","0","","0","","","2","0","0","0","0","0","0","2","0","2","","","","N","","","","","","","","","",""
"2013112365","","1","0","0","0","0","0","0","0","0","8","0","","02","11","2013","5","40.340014","-79.963656","","11","0","0","0","0","0","0","0","0","1","0","0","0","","","1","","0","","40 20:24.049","2","0","79 57:49.163","8","0","0","0","2454","1","0","0","N","1","0","0","4","02454","0","","1.0","","1","N","N","","0","","0","0","0","","0","N","","2","1","0","0","0","1","0","2","0","1","","","","N","","","","","","","","","",""
"2013112378","","1","0","0","0","0","0","0","0","0","7","0","","02","11","2013","7","40.582039","-80.063077","","11","0","0","0","0","0","0","0","0","2","0","0","0","","","0","","0","","40 34:55.340","3","0","80 03:47.077","0","0","0","0","2108","0","0","0","N","0","0","0","1","02108","0","","5.0","","9","N","N","","0","","0","0","0","","0","N","","1","0","0","0","0","0","0","2","0","1","","","","N","","","","","","","","","",""
"2013112379","","2","0","0","0","0","0","0","0","0","1","0","50","02","11","2013","2","40.572128","-80.023504","","11","0","0","0","0","0","0","0","0","","0","0","0","","","0","","1","","40 34:19.660","","0","80 01:24.616","0","0","0","0","2108","0","0","0","N","0","0","0","2","02108","0","","1.0","","1","N","N","","0","","0","0","0","","2","","","2","0","0","0","0","0","0","2","0","2","","","N","Y","4","1","N","N","N","Y","N","N","N",""
"2013112380","","1","0","0","0","0","0","0","0","0","1","0","","02","11","2013","4","40.558642","-80.023775","","11","0","0","0","0","0","1","0","0","","0","0","0","","","0","","0","","40 33:31.112","","0","80 01:25.590","0","0","0","0","2108","0","0","0","N","0","0","0","2","02108","0","","1.0","","1","N","N","","0","","0","0","1","","0","","","2","0","0","0","0","0","0","2","0","2","","","","N","","","","","","","","","",""
"2013112381","","2","0","0","0","0","0","0","0","0","4","0","","02","11","2013","4","40.451583","-80.159833","","11","0","0","0","0","1","0","0","0","2","0","0","0","","","0","","0","","40 27:05.700","3","7","80 09:35.400","0","0","0","0","2115","0","0","0","N","0","0","0","2","02115","0","","1.0","","1","N","N","","0","","0","0","0","","3","N","","2","0","0","0","0","0","0","2","0","2","","","","N","","","","","","","","","",""
"2013112506","","0","0","0","0","0","0","0","0","0","1","0","","02","11","2013","6","40.506767","-80.006989","","11","0","0","0","0","0","0","0","1","","0","0","0","","","0","","1","","40 30:24.360","","0","80 00:25.161","0","0","0","0","2116","0","0","0","N","0","0","0","2","02116","0","","1.0","","1","N","N","","0","","0","0","2","","2","","","2","0","0","0","0","0","0","2","0","2","","","","N","","","","","","","","","",""
"2013110291","","2","0","0","0","0","0","0","0","0","1","0","","02","10","2013","6","40.514812","-80.004308","","11","0","0","0","1","0","0","0","0","","0","0","0","","","0","","3","","40 30:53.324","","0","80 00:15.508","9","0","0","0","2116","0","0","0","N","0","0","0","2","02116","0","","1.0","","1","N","N","","0","","0","0","0","","0","","","2","0","0","0","0","0","1","2","0","2","","","","N","","","","","","","","","",""
"2013106275","","3","0","0","0","0","0","0","0","0","1","0","","02","10","2013","4","40.467216","-80.10615","","11","0","0","0","0","0","1","0","1","1","0","0","0","","","2","","2","","40 28:01.977","5","0","80 06:22.140","8","0","0","0","2126","0","0","0","N","0","0","0","6","02126","0","","1.0","","1","N","N","","0","","0","0","0","","0","N","","3","2","0","0","0","2","0","2","0","3","","","","N","","","","","","","","","",""
"2013112382","","0","0","0","0","0","0","0","0","0","4","0","","02","11","2013","7","40.343206","-80.052573","","11","1","0","0","0","0","0","1","0","","0","0","0","","","1","","0","","40 20:35.543","","0","80 03:09.264","8","0","0","0","2407","0","0","0","N","0","0","0","3","02407","0","","1.0","","9","N","N","","0","","0","0","2","","2","","","2","1","0","0","0","1","0","2","0","2","","","","N","","","","","","","","","",""
"2013110293","","1","0","0","0","0","0","0","0","0","4","0","","02","11","2013","2","40.445214","-79.930286","","11","0","0","0","0","0","0","0","0","","0","0","0","","","0","","1","","40 26:42.770","","0","79 55:49.031","0","0","0","0","2301","0","0","0","N","0","0","0","2","02301","0","","1.0","","1","N","N","","0","","0","0","1","","3","","","2","0","0","0","0","0","0","2","0","2","","","","N","","","","","","","","","",""
"2013110078","","2","0","0","0","0","0","0","0","0","1","0","","02","10","2013","3","40.384678","-79.824355","","11","0","0","0","0","0","0","0","1","","0","0","0","","","1","","1","","40 23:04.839","","0","79 49:27.678","8","0","0","0","2111","0","0","0","N","0","0","0","2","02111","0","","1.0","","1","N","N","","0","","0","0","0","","2","","","2","1","0","0","0","1","0","2","0","2","","","","N","","","","","","","","","",""
"2013111768","","1","0","0","0","0","0","0","0","0","1","0","","02","11","2013","3","40.644721","-79.938355","","11","0","0","0","0","0","0","1","0","1","0","0","0","","","0","","1","","40 38:40.996","3","0","79 56:18.078","9","0","0","0","2217","0","0","0","N","0","0","0","2","02505","0","","1.0","","1","N","N","","0","","0","0","1","","2","N","","2","0","0","0","0","0","1","2","0","2","","","","N","","","","","","","","","",""
"2013111092","","1","0","0","0","0","0","0","0","0","4","0","","02","11","2013","7","40.465342","-80.074632","","11","0","0","1","0","0","0","0","0","2","0","0","0","","","1","","5","","40 27:55.231","3","0","80 04:28.675","4","0","0","0","2444","0","0","0","N","0","0","0","2","02444","1","","1.0","","9","N","N","","0","","0","0","1","","2","N","","2","1","1","0","0","0","0","2","0","2","","","","N","","","","","","","","","",""
"2013106279","","2","0","0","0","0","0","0","0","0","1","0","","02","10","2013","5","40.506767","-80.006989","","11","0","0","0","0","0","0","0","0","","0","0","0","","","0","","1","","40 30:24.360","","0","80 00:25.161","0","0","0","0","2116","0","0","0","N","0","0","0","2","02116","0","","1.0","","9","N","N","","0","","0","0","0","","2","","","2","0","0","0","0","0","0","2","0","2","","","","N","","","","","","","","","",""
"2013110080","","1","0","0","0","0","0","0","0","0","8","0","","02","11","2013","7","40.352194","-79.849856","","11","0","0","0","0","0","0","0","1","","0","0","0","","","2","","0","","40 21:07.898","","0","79 50:59.481","3","0","0","0","2304","2","0","0","N","2","0","0","3","02304","0","","6.0","","1","N","N","","0","","1","0","0","","0","","","3","2","0","0","0","1","0","2","0","1","","","","N","","","","","","","","","",""
"2013111694","","2","0","0","0","0","0","0","0","0","1","0","","02","11","2013","7","40.48045","-80.089171","","11","0","0","0","0","0","0","0","0","","0","0","0","","","0","","2","","40 28:49.620","","0","80 05:21.017","0","0","0","0","2126","0","0","0","N","0","0","0","3","02126","0","","1.0","","1","N","N","","0","","0","0","0","","0","","","2","0","0","0","0","0","0","2","0","2","","","","N","","","","","","","","","",""
"2013110151","","2","0","0","0","0","0","0","0","0","1","0","","02","10","2013","3","40.485305","-80.009501","","11","0","0","0","0","0","0","0","0","","0","0","0","","","0","","1","","40 29:07.098","","2","80 00:34.205","9","0","0","0","2301","0","0","0","N","0","0","0","3","02301","0","","1.0","","1","N","N","","0","","0","0","0","","3","","","2","0","0","0","0","0","2","2","0","2","","","","N","","","","","","","","","",""