"CRN","ARRIVAL_TM","AUTOMOBILE_COUNT","BELTED_DEATH_COUNT","BELTED_SUSP_SERIOUS_INJ_COUNT","BICYCLE_COUNT","BICYCLE_DEATH_COUNT","BICYCLE_SUSP_SERIOUS_INJ_COUNT","BUS_COUNT","CHLDPAS_DEATH_COUNT","CHLDPAS_SUSP_SERIOUS_INJ_COUNT","COLLISION_TYPE","COMM_VEH_COUNT","CONS_ZONE_SPD_LIM","COUNTY","CRASH_MONTH","CRASH_YEAR","DAY_OF_WEEK","DEC_LATITUDE","DEC_LONGITUDE","DISPATCH_TM","DISTRICT","DRIVER_COUNT_16YR","DRIVER_COUNT_17YR","DRIVER_COUNT_18YR","DRIVER_COUNT_19YR","DRIVER_COUNT_20YR","DRIVER_COUNT_50_64YR","DRIVER_COUNT_65_74YR","DRIVER_COUNT_75PLUS","EST_HRS_CLOSED","FATAL_COUNT","HEAVY_TRUCK_COUNT","HORSE_BUGGY_COUNT","HOUR_OF_DAY","ILLUMINATION","INJURY_COUNT","INTERSECTION_RELATED","INTERSECT_TYPE","LANE_CLOSED","LATITUDE","LN_CLOSE_DIR","LOCATION_TYPE","LONGITUDE","MAX_SEVERITY_LEVEL","MCYCLE_DEATH_COUNT","MCYCLE_SUSP_SERIOUS_INJ_COUNT","MOTORCYCLE_COUNT","MUNICIPALITY","NONMOTR_COUNT","NONMOTR_DEATH_COUNT","NONMOTR_SUSP_SERIOUS_INJ_COUNT","NTFY_HIWY_MAINT","PED_COUNT","PED_DEATH_COUNT","PED_SUSP_SERIOUS_INJ_COUNT","PERSON_COUNT","POLICE_AGCY","POSSIBLE_INJ_COUNT","RDWY_SURF_TYPE_CD","RELATION_TO_ROAD","ROADWAY_CLEARED","ROAD_CONDITION","SCH_BUS_IND","SCH_ZONE_IND","SECONDARY_CRASH","SMALL_TRUCK_COUNT","SPEC_JURIS_CD","SUSP_MINOR_INJ_COUNT","SUSP_SERIOUS_INJ_COUNT","SUV_COUNT","TCD_FUNC_CD","TCD_TYPE","TFC_DETOUR_IND","TIME_OF_DAY","TOTAL_UNITS","TOT_INJ_COUNT","UNBELTED_OCC_COUNT","UNB_DEATH_COUNT","UNB_SUSP_SERIOUS_INJ_COUNT","UNK_INJ_DEG_COUNT","UNK_INJ_PER_COUNT","URBAN_RURAL","VAN_COUNT","VEHICLE_COUNT","WEATHER1","WEATHER2","WORKERS_PRES","WORK_ZONE_IND","WORK_ZONE_LOC","WORK_ZONE_TYPE","WZ_CLOSE_DETOUR","WZ_FLAGGER","WZ_LAW_OFFCR_IND","WZ_LN_CLOSURE","WZ_MOVING","WZ_OTHER","WZ_SHLDER_MDN","WZ_WORKERS_INJ_KILLED"
"2013112106","","1","0","0","0","0","0","0","0","0","7","0","","02","11","2013","4","40.458167","-79.855539","","11","0","0","0","0","0","0","0","0","","0","0","0","","","0","","2","","40 27:29.401","","0","79 51:19.940","9","0","0","0","2113","0","0","0","N","0","0","0","1","02113","0","","2.0","","1","N","N","","0","","0","0","0","","3","","","1","0","0","0","0","0","1","2","0","1","","","","N","","","","","","","","","",""
"2013111111","","0","0","0","0","0","0","0","0","0","1","0","","02","10","2013","4","40.290658","-79.913337","","11","0","0","0","0","0","0","0","0","","0","0","0","","","0","","5","","40 17:26.370","","2","79 54:48.014","0","0","0","0","2440","0","0","0","N","0","0","0","2","02440","0","","1.0","","1","N","N","","0","","0","0","2","","3","","","2","0","0","0","0","0","0","2","0","2","","","","N","","","","","","","","","",""
"2013111316","","2","0","0","0","0","0","0","0","0","4","0","","02","10","2013","4","40.626464","-79.861133","","11","0","0","0","0","0","1","0","1","2","0","0","0","","","1","","0","","40 37:35.270","3","0","79 51:40.078","8","0","0","0","2220","0","0","0","N","0","0","0","2","02220","0","","1.0","","1","N","N","","0","","0","0","0","","0","N","","2","1","0","0","0","1","0","2","0","2","","","","N","","","","","","","","","",""
"2013109956","","2","0","0","0","0","0","0","0","0","1","0","","02","11","2013","7","40.402012","-80.000594","","11","0","0","0","0","0","0","0","0","","0","0","0","","","0","","1","","40 24:07.244","","0","80 00:02.139","0","0","0","0","2301","0","0","0","N","0","0","0","2","02301","0","","1.0","","1","N","N","","0","","0","0","0","","2","","","2","0","0","0","0","0","0","2","0","2","","","","N","","","","","","","","","",""
"2013111236","","2","0","0","0","0","0","0","0","0","4","0","","02","11","2013","3","40.441639","-80.035425","","11","0","0","0","0","0","0","0","0","","0","0","0","","","1","","2","","40 26:29.900","","0","80 02:07.530","8","0","0","0","2301","0","0","0","N","0","0","0","2","02301","0","","1.0","","1","N","N","","0","","0","0","0","","3","","","2","1","0","0","0","1","0","2","0","2","","","","N","","","","","","","","","",""
"2013111251","","1","0","0","0","0","0","0","0","0","6","0","","02","11","2013","3","40.443155","-80.057911","","11","0","0","0","0","0","0","0","0","","0","0","0","","","0","","2","","40 26:35.358","","0","80 03:28.479","0","0","0","0","2439","0","0","0","N","0","0","0","3","02439","0","","1.0","","1","N","N","","0","","0","0","0","","0","","","2","0","0","0","0","0","0","2","1","2","","","","N","","","","","","","","","",""
"2013109813","","1","0","0","0","0","0","0","0","0","6","0","","02","11","2013","6","40.473248","-79.820618","","11","0","0","0","0","0","0","0","0","2","0","0","0","","","2","","0","","40 28:23.691","4","0","79 49:14.223","4","0","0","0","2113","0","0","0","N","0","0","0","6","02113","1","","1.0","","1","N","N","","0","","0","0","1","","0","N","","2","2","0","0","0","1","0","2","0","2","","","","N","","","","","","","","","",""
"2013111974","","0","0","0","0","0","0","0","0","0","1","0","","02","11","2013","6","40.449704","-80.002086","","11","0","0","0","0","0","1","0","0","2","0","0","0","","","2","","0","","40 26:58.935","2","0","80 00:07.510","8","0","0","0","2301","0","0","0","N","0","0","0","3","68B03","0","","1.0","","1","N","N","","1","","0","0","1","","0","N","","2","2","1","0","0","2","0","2","0","2","","","","N","","","","","","","","","",""
"2013109895","","0","0","0","0","0","0","0","0","0","1","0","","02","10","2013","4","40.501738","-79.983848","","11","0","0","0","0","0","2","0","0","1","0","0","0","","","2","","0","","40 30:06.257","5","0","79 59:01.852","3","0","0","0","2118","0","0","0","N","0","0","0","3","02118","1","","1.0","","1","N","N","","0","","1","0","2","","0","N","","2","2","0","0","0","0","0","2","0","2","","","","N","","","","","","","","","",""
"2013111975","","0","0","0","0","0","0","0","0","0","7","0","","02","11","2013","2","40.429093","-79.940131","","11","0","0","0","0","0","0","0","0","1","0","0","0","","","0","","0","","40 25:44.736","4","0","79 56:24.473","0","0","0","0","2301","0","0","0","N","0","0","0","1","68B03","0","","4.0","","1","N","N","","0","","0","0","1","","0","N","","1","0","0","0","0","0","0","2","0","1","","","","N","","","","","","","","","",""
"2013109748","","0","0","0","0","0","0","0","0","0","1","0","","02","11","2013","6","40.608494","-79.947251","","11","0","1","0","0","0","0","1","0","","0","0","0","","","0","","0","","40 36:30.579","","0","79 56:50.103","0","0","0","0","2207","0","0","0","N","0","0","0","3","02207","0","","1.0","","1","N","N","","1","","0","0","1","","0","","","2","0","0","0","0","0","0","2","0","2","","","","N","","","","","","","","","",""
"2013112128","","0","0","0","0","0","0","0","0","0","7","0","","02","10","2013","3","40.381537","-79.817238","","11","0","0","0","0","0","1","0","0","4","0","0","0","","","1","","0","","40 22:53.534","4","0","79 49:02.058","4","0","0","0","2111","0","0","0","N","0","0","0","1","02111","1","","2.0","","1","N","N","","1","","0","0","0","","0","Y","","1","1","1","0","0","0","0","2","0","1","","","","N","","","","","","","","","",""
"2013109897","","1","0","0","0","0","0","0","0","0","1","1","","02","11","2013","6","40.45383","-79.947525","","11","0","0","0","0","0","0","0","0","","0","1","0","","","0","","0","","40 27:13.788","","0","79 56:51.090","0","0","0","0","2301","0","0","0","N","0","0","0","2","02301","0","","1.0","","1","N","N","","0","","0","0","0","","0","","","2","0","0","0","0","0","0","2","0","2","","","","N","","","","","","","","","",""
"2013109738","","2","0","0","0","0","0","0","0","0","2","0","","02","11","2013","6","40.403898","-79.882932","","11","0","0","0","0","0","1","0","0","","0","0","0","","","1","","2","","40 24:14.033","","99","79 52:58.554","4","0","0","0","2475","0","0","0","N","0","0","0","2","02475","1","","1.0","","1","N","N","","0","","0","0","0","","2","","","2","1","0","0","0","0","0","2","0","2","","","","N","","","","","","","","","",""
"2013109817","","2","0","0","0","0","0","0","0","0","7","0","","02","11","2013","6","40.41433","-79.991836","","11","0","1","0","0","0","1","0","0","2","0","0","0","","","1","","0","","40 24:51.588","6","0","79 59:30.609","4","0","0","0","2301","0","0","0","N","0","0","0","2","02301","1","","2.0","","1","N","N","","0","","0","0","0","","0","Y","","2","1","0","0","0","0","0","2","0","2","","","","N","","","","","","","","","",""
"2013109884","","1","0","0","0","0","0","0","0","0","4","0","","02","10","2013","2","40.552691","-80.116589","","11","0","0","0","0","0","0","0","0","","0","0","0","","","1","","1","","40 33:09.686","","0","80 06:59.722","4","0","0","0","2215","0","0","0","N","0","0","0","2","02215","1","","1.0","","1","N","N","","1","","0","0","0","","0","","","2","1","0","0","0","0","0","2","0","2","","","","N","","","","","","","","","",""
"2013112115","","2","0","0","0","0","0","0","0","0","4","0","","02","11","2013","2","40.535686","-79.970536","","11","0","0","0","0","0","1","0","0","","0","0","0","","","0","","1","","40 32:08.469","","0","79 58:13.931","0","0","0","0","2118","0","0","0","N","0","0","0","2","02118","0","","1.0","","1","N","N","","0","","0","0","0","","2","","","2","0","0","0","0","0","0","2","0","2","","","","N","","","","","","","","","",""
"2013111338","","0","0","0","0","0","0","0","0","0","4","0","","02","10","2013","4","40.516327","-80.220658","","11","0","0","0","0","0","0","0","0","","0","0","0","","","0","","0","","40 30:58.778","","7","80 13:14.369","0","0","0","0","2213","0","0","0","N","0","0","0","3","02213","0","","1.0","","1","N","N","","1","","0","0","1","","0","","","2","0","0","0","0","0","0","2","0","2","","","","N","","","","","","","","","",""
"2013109819","","1","0","0","0","0","0","0","0","0","4","0","","02","11","2013","6","40.433087","-79.798496","","11","1","0","0","0","0","0","0","1","","0","0","0","","","0","","0","","40 25:59.114","","7","79 47:54.586","0","0","0","0","2446","0","0","0","N","0","0","0","4","02446","0","","1.0","","1","N","N","","0","","0","0","1","","2","","","2","0","0","0","0","0","0","2","0","2","","","","N","","","","","","","","","",""
"2013109886","","1","0","0","0","0","0","0","0","0","1","0","","02","11","2013","6","40.370453","-79.786214","","11","0","0","0","0","0","0","0","1","2","0","0","0","","","0","","0","","40 22:13.631","4","0","79 47:10.371","0","0","0","0","2111","0","0","0","N","0","0","0","2","02111","0","","1.0","","1","N","N","","0","","0","0","1","","2","N","","2","0","0","0","0","0","0","2","0","2","","","","N","","","","","","","","","",""
"2013111339","","2","0","0","0","0","0","0","0","0","4","0","","02","10","2013","6","40.345644","-80.047611","","11","0","0","0","0","0","1","0","0","2","0","0","0","","","1","","0","","40 20:44.320","3","0","80 02:51.400","4","0","0","0","2407","0","0","0","N","0","0","0","2","02407","1","","1.0","","1","N","N","","0","","0","0","0","","3","Y","","2","1","0","0","0","0","0","2","0","2","","","","N","","","","","","","","","",""
"2013111920","","1","0","0","0","0","0","0","0","0","7","0","","02","10","2013","5","40.474219","-80.199647","","11","0","0","0","0","0","0","0","0","","0","0","0","","","0","","0","","40 28:27.189","","0","80 11:58.728","0","0","0","0","2213","0","0","0","N","0","0","0","1","02213","0","","1.0","","1","N","N","","0","","0","0","0","","0","","","1","0","0","0","0","0","0","2","0","1","","","","N","","","","","","","","","",""
"2013111340","","2","0","0","0","0","0","0","0","0","4","0","","02","10","2013","2","40.324849","-80.025768","","11","0","1","0","0","0","0","0","0","","0","0","0","","","0","","3","","40 19:29.456","","0","80 01:32.763","0","0","0","0","2407","0","0","0","N","0","0","0","3","02407","0","","1.0","","1","N","N","","0","","0","0","1","","3","","","3","0","0","0","0","0","0","2","0","3","","","","N","","","","","","","","","",""
"2013111921","","1","0","0","0","0","0","0","0","0","8","0","","02","11","2013","4","40.38849","-80.041683","","11","0","0","0","0","0","1","0","0","","0","0","0","","","1","","2","","40 23:18.564","","0","80 02:30.058","4","0","0","0","2422","1","0","0","N","1","0","0","2","02422","1","","1.0","","1","N","N","","0","","0","0","0","","0","","","2","1","0","0","0","0","0","2","0","1","","","","N","","","","","","","","","",""
"2013111341","","2","0","0","0","0","0","0","0","0","1","0","","02","11","2013","7","40.311086","-80.03299","","11","0","0","0","0","0","1","0","0","","0","0","0","","","2","","2","","40 18:39.908","","0","80 01:58.763","3","0","0","0","2407","0","0","0","N","0","0","0","3","02407","1","","1.0","","9","N","N","","0","","1","0","1","","2","","","3","2","0","0","0","0","0","2","0","3","","","","N","","","","","","","","","",""
"2013109902","","1","0","0","0","0","0","0","0","0","1","0","","02","10","2013","5","40.539016","-79.83998","","11","0","0","0","0","0","1","0","0","","0","0","0","","","0","","1","","40 32:20.457","","0","79 50:23.928","0","0","0","0","2208","0","0","0","N","0","0","0","2","02208","0","","1.0","","1","N","N","","0","","0","0","1","","2","","","2","0","0","0","0","0","0","2","0","2","","","","N","","","","","","","","","",""
"2013111330","","0","0","0","0","0","0","0","0","0","7","0","","02","11","2013","3","40.385786","-79.880124","","11","0","0","0","0","0","0","0","0","","0","0","0","","","1","","5","","40 23:08.829","","0","79 52:48.446","3","0","0","0","2473","0","0","0","N","0","0","0","1","02473","0","","5.0","","1","N","N","","0","","1","0","1","","0","","","1","1","0","0","0","0","0","2","0","1","","","","N","","","","","","","","","",""
"2013109967","","2","0","0","0","0","0","0","0","0","2","0","","02","10","2013","7","40.453012","-79.885342","","11","0","0","0","0","0","0","0","0","","0","0","0","","","4","","0","","40 27:10.843","","0","79 53:07.231","4","0","0","0","2301","0","0","0","N","0","0","0","7","02301","4","","1.0","","1","N","N","","0","","0","0","0","","0","","","2","4","5","0","0","0","0","2","0","2","","","","N","","","","","","","","","",""
"2013109969","","1","0","0","0","0","0","0","0","0","1","0","","02","11","2013","6","40.363664","-79.931233","","11","0","0","1","0","0","0","0","1","2","0","0","0","","","6","","0","","40 21:49.190","2","0","79 55:52.437","8","0","0","0","2473","0","0","0","N","0","0","0","6","02473","0","","1.0","","1","N","N","","0","","0","0","3","","0","Y","","4","6","2","0","0","6","0","2","0","4","","","","N","","","","","","","","","",""
"2013109759","","2","0","0","0","0","0","0","0","0","4","0","","02","11","2013","6","40.45701","-79.955214","","11","0","0","0","0","0","0","1","0","","0","0","0","","","0","","3","","40 27:25.236","","0","79 57:18.771","0","0","0","0","2301","0","0","0","N","0","0","0","3","02301","0","","1.0","","1","N","N","","0","","0","0","0","","2","","","2","0","0","0","0","0","0","2","0","2","","","","N","","","","","","","","","",""
"2013109826","","1","0","0","0","0","0","0","0","0","4","0","","02","11","2013","6","40.424378","-79.964702","","11","0","0","0","0","0","2","0","0","","0","0","0","","","0","","2","","40 25:27.760","","0","79 57:52.927","0","0","0","0","2301","0","0","0","N","0","0","0","2","02301","0","","1.0","","1","N","N","","0","","0","0","0","","0","","","2","0","0","0","0","0","0","2","1","2","","","","N","","","","","","","","","",""
"2013112123","","2","0","0","0","0","0","0","0","0","1","0","","02","11","2013","4","40.352639","-79.849103","","11","0","0","0","0","0","0","0","0","1","0","0","0","","","2","","0","","40 21:09.501","3","0","79 50:56.770","8","0","0","0","2304","0","0","0","N","0","0","0","2","02304","0","","1.0","","9","N","N","","0","","0","0","0","","0","N","","2","2","0","0","0","2","0","2","0","2","","","","N","","","","","","","","","",""
"2013110048","","1","0","0","0","0","0","0","0","0","7","0","","02","11","2013","1","40.439181","-80.000778","","11","0","0","0","0","0","0","0","0","2","0","0","0","","","0","","0","","40 26:21.051","4","0","80 00:02.800","0","0","0","0","2301","0","0","0","N","0","0","0","1","02301","0","","5.0","","9","N","N","","1","","0","0","0","","0","Y","","2","0","0","0","0","0","0","2","0","2","","","","N","","","","","","","","","",""
"2013111266","","1","0","0","0","0","0","0","0","0","4","0","","02","11","2013","3","40.469158","-79.859835","","11","0","0","0","1","0","1","0","0","2","0","0","0","","","2","","0","","40 28:08.968","3","0","79 51:35.407","8","0","0","0","2113","0","0","0","N","0","0","0","7","02113","0","","1.0","","1","N","N","","1","","0","0","0","","0","N","","2","2","0","0","0","2","0","2","0","2","","","","N","","","","","","","","","",""
"2013109827","","0","0","0","0","0","0","0","0","0","0","0","","02","10","2013","4","40.201403","-79.865385","","11","0","0","0","0","0","1","0","0","","0","0","0","","","1","","2","","40 12:05.049","","0","79 51:55.385","3","0","0","1","2204","0","0","0","N","0","0","0","1","02204","0","","1.0","","1","N","N","","0","","1","0","0","","3","","","1","1","0","0","0","0","0","1","0","1","","","","N","","","","","","","","","",""
"2013111199","","1","0","0","0","0","0","0","0","0","7","0","55","02","11","2013","1","40.654048","-80.065854","","11","0","0","0","0","0","0","0","0","","0","0","0","","","0","","0","","40 39:14.572","","0","80 03:57.073","0","0","0","0","2216","0","0","0","N","0","0","0","1","68T02","0","","2.0","","1","N","N","","0","","0","0","0","","8","","","1","0","0","0","0","0","0","2","0","1","","","N","Y","2","2","N","N","N","N","N","Y","N",""
"2013111335","","2","0","0","0","0","0","0","0","0","1","0","","02","10","2013","3","40.508587","-80.210911","","11","0","0","0","0","0","0","0","0","1","0","0","0","","","0","","0","","40 30:30.912","3","0","80 12:39.278","0","0","0","0","2213","0","0","0","N","0","0","0","2","02213","0","","1.0","","1","N","N","","0","","0","0","0","","0","N","","2","0","0","0","0","0","0","2","0","2","","","","N","","","","","","","","","",""
"2013109972","","1","0","0","0","0","0","0","0","0","7","0","","02","11","2013","6","40.524043","-79.753348","","11","1","0","0","0","0","0","0","0","","0","0","0","","","1","","0","","40 31:26.554","","0","79 45:12.052","4","0","0","0","2466","0","0","0","N","0","0","0","5","02466","1","","5.0","","1","N","N","","0","","0","0","0","","0","","","1","1","0","0","0","0","0","1","0","1","","","","N","","","","","","","","","",""
"2013111336","","0","0","0","0","0","0","0","0","0","7","0","","02","10","2013","3","40.543025","-80.217738","","11","0","0","0","0","0","0","0","0","1","0","0","0","","","1","","2","","40 32:34.890","1","0","80 13:03.856","4","0","0","0","2213","0","0","0","N","0","0","0","1","02213","1","","4.0","","1","N","N","","1","","0","0","0","","3","N","","1","1","0","0","0","0","0","2","0","1","","","","N","","","","","","","","","",""
"2013111337","","1","0","0","0","0","0","0","0","0","1","0","","02","10","2013","2","40.53152","-80.189433","","11","0","0","0","0","0","0","0","0","2","0","0","0","","","0","","0","","40 31:53.471","2","0","80 11:21.960","0","0","0","0","2213","0","0","0","N","0","0","0","3","02213","0","","1.0","","1","N","N","","0","","0","0","1","","0","N","","2","0","0","0","0","0","0","2","0","2","","","","N","","","","","","","","","",""
"2013109833","","2","0","0","0","0","0","0","0","0","4","0","","02","10","2013","5","40.450849","-80.251154","","11","0","0","0","0","0","1","0","0","","0","0","0","","","1","","1","","40 27:03.058","","0","80 15:04.155","8","0","0","0","2203","0","0","0","N","0","0","0","3","02203","0","","1.0","","9","N","N","","0","","0","0","0","","3","","","2","1","0","0","0","1","0","2","0","2","","","","N","","","","","","","","","",""
"2013110396","","1","0","0","0","0","0","0","0","0","7","0","","02","10","2013","4","40.442079","-79.804101","","11","0","0","1","0","0","0","0","0","","0","0","0","","","1","","0","","40 26:31.484","","0","79 48:14.764","4","0","0","0","2113","0","0","0","N","0","0","0","1","68B03","1","","2.0","","1","N","N","","0","","0","0","0","","0","","","1","1","1","0","0","0","0","2","0","1","","","","N","","","","","","","","","",""
"2013109834","","2","0","0","0","0","0","0","0","0","1","0","","02","11","2013","6","40.462341","-79.943223","","11","0","0","0","0","0","0","0","0","","0","0","0","","","0","","1","","40 27:44.427","","0","79 56:35.602","0","0","0","0","2301","0","0","0","N","0","0","0","1","02301","0","","2.0","","1","N","N","","1","","0","0","0","","3","","","4","0","0","0","0","0","0","2","0","3","","","","N","","","","","","","","","",""
"2013109912","","1","0","0","0","0","0","0","0","0","4","0","","02","11","2013","7","40.466845","-79.934058","","11","0","0","0","0","0","0","1","0","","0","0","0","","","0","","1","","40 28:00.642","","0","79 56:02.608","0","0","0","0","2301","0","0","0","N","0","0","0","2","02301","0","","1.0","","1","N","N","","0","","0","0","0","","3","","","2","0","0","0","0","0","0","2","1","2","","","","N","","","","","","","","","",""
"2013110397","","3","0","0","0","0","0","0","0","0","1","0","","02","10","2013","5","40.634792","-80.09816","","11","0","0","0","0","0","0","0","0","1","0","0","0","","","0","","0","","40 38:05.250","2","0","80 05:53.376","0","0","0","0","2212","0","0","0","N","0","0","0","3","68B03","0","","1.0","","9","N","N","","0","","0","0","0","","0","N","","3","0","0","0","0","0","0","2","0","3","","","","N","","","","","","","","","",""
"2013109849","","2","0","0","0","0","0","0","0","0","4","0","","02","11","2013","7","40.438522","-79.984147","","11","0","0","0","0","0","1","0","0","","0","0","0","","","0","","1","","40 26:18.679","","0","79 59:02.929","9","0","0","0","2301","0","0","0","N","0","0","0","5","02301","0","","1.0","","1","N","N","","0","","0","0","0","","1","","","2","0","0","0","0","0","2","2","0","2","","","","N","","","","","","","","","",""
"2013110398","","0","0","0","0","0","0","0","0","0","99","0","","02","10","2013","5","40.442213","-79.821793","","11","0","0","0","0","0","0","0","0","","0","0","0","","","0","","0","","40 26:31.965","","0","79 49:18.455","0","0","0","0","2124","0","0","0","N","0","0","0","1","68B03","0","","1.0","","9","N","N","","0","","0","0","1","","0","","","1","0","0","0","0","0","0","2","0","1","","","","N","","","","","","","","","",""
"2013109836","","0","0","0","0","0","0","0","0","0","8","0","","02","11","2013","6","40.451832","-79.943353","","11","0","0","0","0","0","0","0","0","1","0","0","0","","","1","","1","","40 27:06.595","3","0","79 56:36.070","4","0","0","0","2301","1","0","0","N","1","0","0","2","02301","1","","1.0","","1","N","N","","1","","0","0","0","","2","N","","2","1","0","0","0","0","0","2","0","1","","","","N","","","","","","","","","",""
"2013109978","","0","0","0","0","0","0","0","0","0","2","0","","02","11","2013","7","40.391837","-80.020643","","11","0","0","0","0","0","0","0","0","1","0","0","0","","","1","","1","","40 23:30.613","6","0","80 01:14.314","8","0","0","0","2301","0","0","0","N","0","0","0","3","02301","0","","1.0","","9","N","N","","0","","0","0","2","","3","N","","2","1","0","0","0","1","0","2","0","2","","","","N","","","","","","","","","",""
"2013110399","","1","0","0","0","0","0","0","0","0","1","0","","02","10","2013","5","40.360672","-80.119057","","11","0","0","0","0","0","0","0","0","","0","0","0","","","0","","0","","40 21:38.419","","0","80 07:08.606","0","0","0","0","2414","0","0","0","N","0","0","0","2","68B03","0","","1.0","","9","N","N","","0","","0","0","1","","0","","","2","0","0","0","0","0","0","2","0","2","","","","N","","","","","","","","","",""
"2013109851","","0","0","0","0","0","0","0","0","0","7","0","","02","11","2013","6","40.39316","-80.020816","","11","0","0","0","0","0","0","0","0","","0","0","0","","","0","","0","","40 23:35.376","","0","80 01:14.937","0","0","0","0","2301","0","0","0","N","0","0","0","1","02301","0","","4.0","","9","N","N","","0","","0","0","1","","0","","","1","0","0","0","0","0","0","2","0","1","","","","N","","","","","","","","","",""
"2013112148","","2","0","0","0","0","0","0","0","0","4","0","","02","11","2013","4","40.378251","-80.064729","","11","0","0","1","0","0","1","0","0","1","0","0","0","","","0","","1","","40 22:41.703","4","0","80 03:53.023","0","0","0","0","2109","0","0","0","N","0","0","0","2","02109","0","","1.0","","1","N","N","","0","","0","0","0","","2","Y","","2","0","0","0","0","0","0","2","0","2","","","","N","","","","","","","","","",""
"2013110400","","2","0","0","0","0","0","0","0","0","1","1","","02","11","2013","6","40.43945","-80.010298","","11","0","0","0","0","0","2","0","0","1","0","1","0","","","0","","3","","40 26:22.021","2","3","80 00:37.074","0","0","0","0","2301","0","0","0","N","0","0","0","5","68B03","0","","1.0","","1","N","N","","2","","0","0","0","","0","N","","5","0","0","0","0","0","0","2","0","5","","","","N","","","","","","","","","",""
"2013109852","","1","0","0","0","0","0","0","0","0","7","0","","02","11","2013","6","40.343587","-79.863308","","11","0","0","0","0","0","0","0","0","2","0","0","0","","","1","","2","","40 20:36.914","2","0","79 51:47.909","4","0","0","0","2304","0","0","0","N","0","0","0","1","02304","1","","2.0","","9","N","N","","0","","0","0","0","","0","N","","1","1","0","0","0","0","0","2","0","1","","","","N","","","","","","","","","",""
"2013109980","","1","0","0","0","0","0","0","0","0","7","0","","02","11","2013","6","40.274638","-79.853219","","11","0","0","0","0","0","1","0","0","3","0","0","0","","","1","","0","","40 16:28.698","4","0","79 51:11.587","3","0","0","0","2105","0","0","0","N","0","0","0","1","02105","0","","2.0","","1","N","N","","0","","1","0","0","","0","N","","1","1","0","0","0","0","0","2","0","1","","","","N","","","","","","","","","",""
"2013110401","","1","0","0","0","0","0","0","0","0","1","0","","02","11","2013","6","40.438856","-80.011273","","11","0","0","0","0","0","0","0","0","","0","0","0","","","0","","0","","40 26:19.880","","3","80 00:40.584","0","0","0","0","2301","0","0","0","N","0","0","0","2","68B03","0","","1.0","","1","N","N","","0","","0","0","1","","0","","","2","0","0","0","0","0","0","2","0","2","","","","N","","","","","","","","","",""
"2013112227","","1","0","0","0","0","0","0","0","0","99","0","","02","10","2013","5","40.660404","-80.089646","","11","0","0","0","0","0","0","0","0","","0","0","0","","","0","","0","","40 39:37.453","","0","80 05:22.724","0","0","0","0","2212","0","0","0","N","0","0","0","1","68T02","0","","1.0","","1","N","N","","0","","0","0","0","","0","","","1","0","0","0","0","0","0","2","0","1","","","","N","","","","","","","","","",""
"2013110402","","0","0","0","0","0","0","0","0","0","99","0","","02","11","2013","1","40.511013","-80.049801","","11","0","0","0","0","0","0","1","0","","0","0","0","","","0","","0","","40 30:39.647","","0","80 02:59.283","0","0","0","0","2116","0","0","0","N","0","0","0","2","68B03","0","","1.0","","1","N","N","","1","","0","0","0","","0","","","1","0","0","0","0","0","0","2","0","1","","","","N","","","","","","","","","",""
"2013109702","","0","0","0","0","0","0","0","0","0","1","0","","02","10","2013","5","40.43794","-79.829963","","11","0","0","0","0","0","1","0","0","","0","0","0","","","1","","0","","40 26:16.583","","0","79 49:47.866","8","0","0","0","2419","0","0","0","N","0","0","0","5","02419","0","","1.0","","9","N","N","","0","","0","0","2","","0","","","2","1","0","0","0","1","1","2","0","2","","","","N","","","","","","","","","",""
"2013111209","","1","0","0","0","0","0","0","0","0","1","1","","02","11","2013","3","40.465073","-80.109267","","11","0","0","0","0","0","1","0","0","1","0","1","0","","","1","","2","","40 27:54.262","7","7","80 06:33.361","4","0","0","0","2126","0","0","0","N","0","0","0","2","02126","1","","1.0","","1","N","N","","0","","0","0","0","","3","Y","","2","1","0","0","0","0","0","2","0","2","","","","N","","","","","","","","","",""
"2013109773","","1","0","0","0","0","0","0","0","0","1","0","","02","10","2013","6","40.531883","-80.018267","","11","0","0","0","1","0","0","0","0","","0","0","0","","","0","","0","","40 31:54.778","","0","80 01:05.761","0","0","0","0","2116","0","0","0","N","0","0","0","3","02116","0","","1.0","","9","N","N","","0","","0","0","1","","0","","","2","0","0","0","0","0","0","2","0","2","","","","N","","","","","","","","","",""
"2013109920","","1","0","0","0","0","0","0","0","0","7","0","","02","11","2013","7","40.438899","-80.072613","","11","0","0","0","1","0","0","0","0","2","0","0","0","","","1","","0","","40 26:20.036","4","0","80 04:21.408","4","0","0","0","2421","0","0","0","N","0","0","0","1","02421","1","","5.0","","1","N","N","","0","","0","0","0","","0","N","","1","1","0","0","0","0","0","2","0","1","","","","N","","","","","","","","","",""
"2013112229","","0","0","0","0","0","0","0","0","0","7","0","","02","11","2013","6","40.404804","-79.825906","","11","0","0","0","0","0","0","0","0","","0","0","0","","","1","","10","","40 24:17.294","","0","79 49:33.261","8","0","0","0","2467","0","0","0","N","0","0","0","1","02467","0","","4.0","","1","N","N","","1","","0","0","0","","0","","","1","1","0","0","0","1","0","2","0","1","","","","N","","","","","","","","","",""