"CRN","ARRIVAL_TM","AUTOMOBILE_COUNT","BELTED_DEATH_COUNT","BELTED_SUSP_SERIOUS_INJ_COUNT","BICYCLE_COUNT","BICYCLE_DEATH_COUNT","BICYCLE_SUSP_SERIOUS_INJ_COUNT","BUS_COUNT","CHLDPAS_DEATH_COUNT","CHLDPAS_SUSP_SERIOUS_INJ_COUNT","COLLISION_TYPE","COMM_VEH_COUNT","CONS_ZONE_SPD_LIM","COUNTY","CRASH_MONTH","CRASH_YEAR","DAY_OF_WEEK","DEC_LATITUDE","DEC_LONGITUDE","DISPATCH_TM","DISTRICT","DRIVER_COUNT_16YR","DRIVER_COUNT_17YR","DRIVER_COUNT_18YR","DRIVER_COUNT_19YR","DRIVER_COUNT_20YR","DRIVER_COUNT_50_64YR","DRIVER_COUNT_65_74YR","DRIVER_COUNT_75PLUS","EST_HRS_CLOSED","FATAL_COUNT","HEAVY_TRUCK_COUNT","HORSE_BUGGY_COUNT","HOUR_OF_DAY","ILLUMINATION","INJURY_COUNT","INTERSECTION_RELATED","INTERSECT_TYPE","LANE_CLOSED","LATITUDE","LN_CLOSE_DIR","LOCATION_TYPE","LONGITUDE","MAX_SEVERITY_LEVEL","MCYCLE_DEATH_COUNT","MCYCLE_SUSP_SERIOUS_INJ_COUNT","MOTORCYCLE_COUNT","MUNICIPALITY","NONMOTR_COUNT","NONMOTR_DEATH_COUNT","NONMOTR_SUSP_SERIOUS_INJ_COUNT","NTFY_HIWY_MAINT","PED_COUNT","PED_DEATH_COUNT","PED_SUSP_SERIOUS_INJ_COUNT","PERSON_COUNT","POLICE_AGCY","POSSIBLE_INJ_COUNT","RDWY_SURF_TYPE_CD","RELATION_TO_ROAD","ROADWAY_CLEARED","ROAD_CONDITION","SCH_BUS_IND","SCH_ZONE_IND","SECONDARY_CRASH","SMALL_TRUCK_COUNT","SPEC_JURIS_CD","SUSP_MINOR_INJ_COUNT","SUSP_SERIOUS_INJ_COUNT","SUV_COUNT","TCD_FUNC_CD","TCD_TYPE","TFC_DETOUR_IND","TIME_OF_DAY","TOTAL_UNITS","TOT_INJ_COUNT","UNBELTED_OCC_COUNT","UNB_DEATH_COUNT","UNB_SUSP_SERIOUS_INJ_COUNT","UNK_INJ_DEG_COUNT","UNK_INJ_PER_COUNT","URBAN_RURAL","VAN_COUNT","VEHICLE_COUNT","WEATHER1","WEATHER2","WORKERS_PRES","WORK_ZONE_IND","WORK_ZONE_LOC","WORK_ZONE_TYPE","WZ_CLOSE_DETOUR","WZ_FLAGGER","WZ_LAW_OFFCR_IND","WZ_LN_CLOSURE","WZ_MOVING","WZ_OTHER","WZ_SHLDER_MDN","WZ_WORKERS_INJ_KILLED"
"2013112084","","2","0","0","0","0","0","0","0","0","4","0","","02","11","2013","4","40.369634","-79.912663","","11","0","0","1","0","0","0","0","0","","0","0","0","","","0","","0","","40 22:10.682","","0","79 54:45.585","0","0","0","0","2301","0","0","0","N","0","0","0","4","02301","0","","1.0","","1","N","N","","0","","0","0","0","","0","","","2","0","0","0","0","0","0","2","0","2","","","","N","","","","","","","","","",""
"2013112230","","2","0","0","0","0","0","0","0","0","1","0","","02","11","2013","4","40.350998","-80.096228","","11","0","0","0","0","0","0","0","0","2","0","0","0","","","0","","0","","40 21:03.591","1","0","80 05:46.419","0","0","0","0","2123","0","0","0","N","0","0","0","6","02123","0","","1.0","","1","N","N","","0","","0","0","0","","0","N","","3","0","0","0","0","0","0","2","1","3","","","","N","","","","","","","","","",""
"2013112231","","3","0","0","0","0","0","0","0","0","1","0","","02","11","2013","4","40.565772","-80.211052","","11","0","0","0","0","0","0","0","0","2","0","0","0","","","0","","2","","40 33:56.778","5","0","80 12:39.788","0","0","0","0","2441","0","0","0","N","0","0","0","3","02441","0","","1.0","","1","N","N","","0","","0","0","0","","0","N","","3","0","0","0","0","0","0","2","0","3","","","","N","","","","","","","","","",""
"2013109858","","2","0","0","0","0","0","0","0","0","6","0","","02","11","2013","7","40.514049","-79.959061","","11","0","0","0","0","0","1","0","0","2","0","0","0","","","0","","0","","40 30:50.578","1","0","79 57:32.618","0","0","0","0","2118","0","0","0","N","0","0","0","3","02118","0","","1.0","","1","N","N","","0","","0","0","0","","0","N","","2","0","0","0","0","0","0","2","0","2","","","","N","","","","","","","","","",""
"2013112232","","1","0","0","0","0","0","0","0","0","8","0","","02","11","2013","4","40.441414","-80.002553","","11","0","0","0","0","0","1","0","0","","0","0","0","","","1","","0","","40 26:29.090","","0","80 00:09.190","8","0","0","0","2301","1","0","0","N","1","0","0","2","02301","0","","1.0","","1","N","N","","0","","0","0","0","","0","","","2","1","0","0","0","1","0","2","0","1","","","","N","","","","","","","","","",""
"2013111141","","1","0","0","0","0","0","0","0","0","5","1","","02","11","2013","6","40.460641","-80.191613","","11","0","0","0","1","0","0","0","0","","0","1","0","","","0","","0","","40 27:38.309","","0","80 11:29.808","0","0","0","0","2213","0","0","0","N","0","0","0","3","68B03","0","","1.0","","1","N","N","","0","","0","0","0","","0","","","2","0","0","0","0","0","0","2","0","2","","","","N","","","","","","","","","",""
"2013111283","","1","0","1","0","0","0","0","0","0","1","0","","02","11","2013","3","40.426842","-79.937913","","11","0","0","0","0","0","0","1","0","2","0","0","0","","","1","","0","","40 25:36.631","6","0","79 56:16.486","2","0","0","0","2301","0","0","0","N","0","0","0","1","02301","0","","4.0","","1","N","N","","0","","0","1","1","","0","N","","2","1","0","0","0","0","0","2","0","2","","","","N","","","","","","","","","",""
"2013111142","","1","0","0","0","0","0","0","0","0","99","0","","02","11","2013","7","40.605411","-80.094372","","11","0","0","0","0","0","0","0","0","","0","0","0","","","0","","0","","40 36:19.480","","0","80 05:39.738","0","0","0","0","2481","0","0","0","N","0","0","0","1","68B03","0","","1.0","","1","N","N","","0","","0","0","0","","0","","","1","0","0","0","0","0","0","2","0","1","","","","N","","","","","","","","","",""
"2013109709","","1","0","0","0","0","0","0","0","0","7","0","","02","11","2013","6","40.527514","-80.016958","","11","0","0","0","0","0","0","0","1","","0","0","0","","","0","","0","","40 31:39.050","","0","80 01:01.050","0","0","0","0","2116","0","0","0","","0","0","0","1","02116","0","","4.0","","1","","","","0","","0","0","0","","0","","","1","0","0","0","0","0","0","2","0","1","","","","N","","","","","","","","","",""
"2013111363","","1","0","0","0","0","0","0","0","0","4","0","45","02","10","2013","6","40.425518","-79.90814","","11","0","0","0","0","0","0","0","0","1","0","0","0","","","2","","0","","40 25:31.866","4","0","79 54:29.303","8","0","0","0","2301","0","0","0","N","0","0","0","2","68B03","0","","1.0","","1","N","N","","0","","0","0","1","","0","N","","2","2","0","0","0","2","0","2","0","2","","","Y","Y","4","1","N","N","N","N","N","Y","N",""
"2013110002","","0","0","0","0","0","0","0","0","0","7","0","","02","11","2013","7","40.452222","-80.193445","","11","0","0","0","0","0","0","1","0","2","0","0","0","","","0","","0","","40 27:07.999","4","0","80 11:36.402","0","0","0","0","2214","0","0","0","N","0","0","0","1","02214","0","","2.0","","9","N","N","","1","","0","0","0","","0","N","","1","0","0","0","0","0","0","2","0","1","","","","N","","","","","","","","","",""
"2013111143","","1","0","0","0","0","0","0","0","0","7","0","","02","11","2013","1","40.428469","-79.936889","","11","0","0","0","0","0","0","0","0","","0","0","0","","","0","","0","","40 25:42.487","","0","79 56:12.801","0","0","0","0","2301","0","0","0","N","0","0","0","2","68B03","0","","2.0","","1","N","N","","0","","0","0","0","","0","","","1","0","0","0","0","0","0","2","0","1","","","","N","","","","","","","","","",""
"2013111364","","0","0","0","0","0","0","0","0","0","7","0","","02","10","2013","4","40.434173","-79.994902","","11","0","0","0","0","0","0","0","0","1","0","0","0","","","1","","0","","40 26:03.021","4","0","79 59:41.646","4","0","0","1","2301","0","0","0","N","0","0","0","1","68B03","1","","2.0","","1","N","N","","0","","0","0","0","","0","N","","2","1","0","0","0","0","0","2","0","1","","","","N","","","","","","","","","",""
"2013110682","","1","0","0","0","0","0","0","0","0","7","0","","02","10","2013","5","40.571334","-79.858969","","11","0","0","0","0","0","0","0","0","","0","0","0","","","0","","0","","40 34:16.802","","0","79 51:32.290","0","0","0","0","2209","0","0","0","N","0","0","0","1","68T02","0","","3.0","","9","N","N","","0","","0","0","0","","0","","","1","0","0","0","0","0","0","2","0","1","","","","N","","","","","","","","","",""
"2013109940","","2","0","0","0","0","0","0","0","0","4","0","","02","11","2013","7","40.381105","-80.094862","","11","1","0","0","0","0","0","0","0","","0","0","0","","","0","","2","","40 22:51.977","","0","80 05:41.502","0","0","0","0","2102","0","0","0","N","0","0","0","3","02102","0","","1.0","","1","N","N","","0","","0","0","0","","2","","","2","0","0","0","0","0","0","2","0","2","","","","N","","","","","","","","","",""
"2013111144","","1","0","0","0","0","0","0","0","0","99","0","","02","11","2013","2","40.506853","-80.035455","","11","0","0","0","0","0","0","0","0","","0","0","0","","","0","","0","","40 30:24.670","","0","80 02:07.638","0","0","0","0","2116","0","0","0","N","0","0","0","1","68B03","0","","1.0","","1","N","N","","0","","0","0","0","","0","","","1","0","0","0","0","0","0","2","0","1","","","","N","","","","","","","","","",""
"2013111300","","1","0","0","0","0","0","0","0","0","4","0","","02","11","2013","6","40.436977","-79.919242","","11","0","0","0","0","0","0","0","0","","0","0","0","","","0","","0","","40 26:13.117","","0","79 55:09.271","9","0","0","0","2301","0","0","0","","0","0","0","6","02301","0","","1.0","","1","","","","0","","0","0","1","","0","","","2","0","0","0","0","0","1","2","0","2","","","","N","","","","","","","","","",""
"2013111365","","2","0","0","0","0","0","0","0","0","1","0","","02","10","2013","5","40.439414","-80.189605","","11","0","0","1","0","0","0","0","0","1","0","0","0","","","1","","3","","40 26:21.891","3","2","80 11:22.578","3","0","0","0","2214","0","0","0","N","0","0","0","4","68B03","0","","1.0","","9","N","N","","0","","1","0","1","","4","N","","3","1","0","0","0","0","0","2","0","3","","","","N","","","","","","","","","",""
"2013109929","","2","0","0","0","0","0","0","0","0","4","0","","02","10","2013","6","40.461872","-79.860256","","11","0","0","0","1","0","0","1","0","","0","0","0","","","1","","2","","40 27:42.740","","0","79 51:36.920","4","0","0","0","2113","0","0","0","N","0","0","0","2","02113","1","","1.0","","1","N","N","","0","","0","0","0","","3","","","2","1","0","0","0","0","0","2","0","2","","","","N","","","","","","","","","",""
"2013110683","","1","0","0","0","0","0","0","0","0","7","0","","02","11","2013","7","40.523722","-79.819168","","11","0","0","1","0","0","0","0","0","1","0","0","0","","","0","","0","","40 31:25.399","4","0","79 49:09.006","0","0","0","0","2466","0","0","0","N","0","0","0","1","68T02","0","","2.0","","9","N","N","","0","","0","0","0","","0","N","","1","0","0","0","0","0","0","2","0","1","","","","N","","","","","","","","","",""
"2013109941","","1","0","0","0","0","0","0","0","0","2","0","","02","10","2013","5","40.538573","-80.050237","","11","0","0","0","0","0","1","1","0","1","0","0","0","","","0","","1","","40 32:18.863","4","0","80 03:00.854","0","0","0","0","2116","0","0","0","N","0","0","0","2","02116","0","","1.0","","9","N","N","","0","","0","0","1","","2","N","","2","0","0","0","0","0","0","2","0","2","","","","N","","","","","","","","","",""
"2013111366","","2","0","0","0","0","0","0","0","0","0","0","","02","10","2013","6","40.424955","-80.115372","","11","0","0","0","0","0","0","0","0","1","0","0","0","","","0","","0","","40 25:29.837","3","0","80 06:55.339","0","0","0","0","2102","0","0","0","N","0","0","0","3","68B03","0","","1.0","","1","N","N","","0","","0","0","0","","0","N","","2","0","0","0","0","0","0","2","0","2","","","","N","","","","","","","","","",""
"2013110684","","0","0","0","0","0","0","0","0","0","99","0","","02","11","2013","1","40.587603","-79.880734","","11","0","0","0","0","0","1","0","0","","0","0","0","","","0","","0","","40 35:15.371","","0","79 52:50.644","0","0","0","0","2209","0","0","0","N","0","0","0","2","68T02","0","","1.0","","1","N","N","","0","","0","0","1","","0","","","1","0","0","0","0","0","0","2","0","1","","","","N","","","","","","","","","",""
"2013112694","","1","0","0","0","0","0","0","0","0","4","0","","02","9","2013","2","40.258904","-79.915862","","11","0","0","0","0","0","0","0","0","","0","0","0","","","1","","0","","40 15:32.054","","0","79 54:57.103","8","0","0","0","2440","0","0","0","N","0","0","0","3","02440","0","","1.0","","1","N","N","","0","","0","0","0","","0","","","2","1","0","0","0","1","1","2","0","2","","","","N","","","","","","","","","",""
"2013111219","","2","0","0","0","0","0","0","0","0","1","0","","02","11","2013","6","40.544276","-80.014753","","11","0","0","0","0","0","0","0","0","1","0","0","0","","","0","","0","","40 32:39.392","1","0","80 00:53.112","0","0","0","0","2116","0","0","0","N","0","0","0","6","02116","0","","1.0","","1","N","N","","0","","0","0","1","","2","N","","3","0","0","0","0","0","0","2","0","3","","","","N","","","","","","","","","",""
"2013111302","","0","0","0","0","0","0","0","0","0","1","0","","02","11","2013","3","40.486346","-79.913121","","11","0","0","0","0","0","1","0","0","","0","0","0","","","1","","0","","40 29:10.847","","2","79 54:47.235","8","0","0","0","2301","0","0","0","N","0","0","0","3","02301","0","","1.0","","1","N","N","","0","","0","0","1","","0","","","2","1","0","0","0","1","0","2","1","2","","","","N","","","","","","","","","",""
"2013112093","","3","0","0","0","0","0","0","0","0","1","0","","02","11","2013","4","40.428868","-79.717477","","11","0","0","0","0","0","0","0","0","1","0","0","0","","","2","","0","","40 25:43.924","4","0","79 43:02.917","4","0","0","0","2446","0","0","0","N","0","0","0","3","02446","2","","1.0","","1","N","N","","0","","0","0","0","","0","N","","3","2","0","0","0","0","0","2","0","3","","","","N","","","","","","","","","",""
"2013111367","","1","0","0","0","0","0","0","0","0","1","0","","02","10","2013","5","40.420809","-80.041368","","11","0","0","0","0","0","0","0","1","","0","0","0","","","1","","0","","40 25:14.913","","0","80 02:28.925","4","0","0","0","2435","0","0","0","N","0","0","0","3","68B03","1","","1.0","","1","N","N","","0","","0","0","1","","0","","","2","1","0","0","0","0","0","2","0","2","","","","N","","","","","","","","","",""
"2013111303","","1","0","0","0","0","0","0","0","0","0","0","","02","11","2013","3","40.436056","-80.233668","","11","0","0","1","0","0","0","0","0","3","0","0","0","","","0","","0","","40 26:09.800","1","0","80 14:01.205","0","0","0","0","2214","0","0","0","N","0","0","0","2","02214","0","","1.0","","1","N","N","","0","","0","0","0","","0","N","","1","0","0","0","0","0","0","2","0","1","","","","N","","","","","","","","","",""
"2013111368","","1","0","0","0","0","0","0","0","0","1","0","","02","10","2013","5","40.436078","-79.970292","","11","0","0","0","0","0","0","1","0","","0","0","0","","","1","","0","","40 26:09.881","","0","79 58:13.051","4","0","0","0","2301","0","0","0","N","0","0","0","3","68B03","1","","1.0","","9","N","N","","1","","0","0","0","","0","","","2","1","0","0","0","0","0","2","0","2","","","","N","","","","","","","","","",""
"2013112240","","2","0","0","0","0","0","0","0","0","1","0","","02","10","2013","5","40.405604","-79.815558","","11","0","0","0","0","0","1","0","0","","0","0","0","","","1","","2","","40 24:20.174","","0","79 48:56.008","8","0","0","0","2467","0","0","0","N","0","0","0","2","02467","0","","1.0","","1","N","N","","0","","0","0","0","","3","","","2","1","0","0","0","1","0","2","0","2","","","","N","","","","","","","","","",""
"2013112095","","2","0","0","0","0","0","0","0","0","7","0","","02","11","2013","4","40.473544","-79.852751","","11","0","0","0","0","0","0","0","0","1","0","0","0","","","0","","0","","40 28:24.759","6","0","79 51:09.903","0","0","0","0","2113","0","0","0","N","0","0","0","3","02113","0","","2.0","","1","N","N","","0","","0","0","0","","0","N","","2","0","0","0","0","0","0","2","0","2","","","","N","","","","","","","","","",""
"2013111369","","2","0","0","0","0","0","0","0","0","1","0","","02","11","2013","6","40.46629","-80.000643","","11","0","0","0","0","0","1","0","0","1","0","0","0","","","2","","0","","40 27:58.644","2","0","80 00:02.313","4","0","0","0","2301","0","0","0","N","0","0","0","3","68B03","1","","1.0","","1","N","N","","1","","0","0","0","","0","N","","3","2","0","0","0","1","1","2","0","3","","","","N","","","","","","","","","",""
"2013110699","","1","0","0","0","0","0","0","0","0","7","0","","02","10","2013","3","40.435631","-79.750364","","11","0","0","0","0","1","0","0","0","","0","0","0","","","0","","0","","40 26:08.270","","0","79 45:01.310","0","0","0","0","2446","0","0","0","N","0","0","0","1","68T09","0","","5.0","","1","N","N","","0","","0","0","0","","0","","","1","0","0","0","0","0","0","2","0","1","","","","N","","","","","","","","","",""
"2013111099","","1","0","0","0","0","0","0","0","0","4","0","","02","11","2013","3","40.463586","-79.952975","","11","0","0","0","0","0","0","0","0","2","0","0","0","","","0","","1","","40 27:48.909","7","0","79 57:10.710","0","0","0","0","2301","0","0","0","N","0","0","0","6","02301","0","","1.0","","1","N","N","","0","","0","0","1","","2","Y","","2","0","0","0","0","0","0","2","0","2","","","","N","","","","","","","","","",""
"2013109717","","1","0","0","0","0","0","0","0","0","5","0","","02","10","2013","5","40.438012","-79.829854","","11","0","0","0","0","0","0","0","0","2","0","0","0","","","0","","0","","40 26:16.842","4","0","79 49:47.473","0","0","0","0","2419","0","0","0","N","0","0","0","2","02419","0","","1.0","","9","N","N","","1","","0","0","0","","0","N","","2","0","0","0","0","0","0","2","0","2","","","","N","","","","","","","","","",""
"2013111222","","2","0","0","0","0","0","0","0","0","1","0","","02","11","2013","6","40.523039","-80.034711","","11","0","0","0","0","0","1","0","0","1","0","0","0","","","0","","0","","40 31:22.939","1","0","80 02:04.958","0","0","0","0","2474","0","0","0","N","0","0","0","3","02474","0","","1.0","","9","N","N","","0","","0","0","0","","0","Y","","2","0","0","0","0","0","0","2","0","2","","","","N","","","","","","","","","",""
"2013111237","","0","0","0","0","0","0","0","0","0","0","0","","02","11","2013","6","40.340575","-79.929159","","11","0","0","0","0","0","1","0","0","4","0","0","0","","","2","","0","","40 20:26.070","6","0","79 55:44.972","2","0","1","1","2473","0","0","0","N","0","0","0","2","02473","1","","1.0","","1","N","N","","0","","0","1","0","","0","Y","","1","2","0","0","0","0","0","2","0","1","","","","N","","","","","","","","","",""
"2013112096","","0","0","0","0","0","0","0","0","0","99","0","","02","11","2013","4","40.440425","-79.994868","","11","0","0","0","0","0","0","0","0","","0","0","0","","","0","","10","","40 26:25.530","","0","79 59:41.524","0","0","0","0","2301","0","0","0","N","0","0","0","1","02301","0","","1.0","","1","N","N","","0","","0","0","1","","0","","","1","0","0","0","0","0","0","2","0","1","","","","N","","","","","","","","","",""
"2013111370","","1","0","0","0","0","0","0","0","0","99","0","","02","11","2013","6","40.501698","-80.124893","","11","0","0","0","0","0","1","0","0","","0","0","0","","","0","","0","","40 30:06.113","","0","80 07:29.615","0","0","0","0","2115","0","0","0","N","0","0","0","1","68B03","0","","1.0","","9","N","N","","0","","0","0","0","","0","","","1","0","0","0","0","0","0","2","0","1","","","","N","","","","","","","","","",""
"2013111371","","0","0","0","0","0","0","0","0","0","1","0","","02","11","2013","6","40.46629","-80.000643","","11","0","1","0","0","0","1","0","0","1","0","0","0","","","3","","0","","40 27:58.644","2","0","80 00:02.313","3","0","0","0","2301","0","0","0","N","0","0","0","3","68B03","0","","1.0","","1","N","N","","2","","1","0","1","","0","N","","3","3","0","0","0","2","0","2","0","3","","","","N","","","","","","","","","",""
"2013112165","","2","0","0","0","0","0","0","0","0","1","0","","02","11","2013","3","40.495652","-79.910693","","11","0","0","0","0","0","0","0","0","","0","0","0","","","0","","0","","40 29:44.346","","0","79 54:38.495","0","0","0","0","2461","0","0","0","N","0","0","0","2","68D02","0","","1.0","","1","N","N","","0","","0","0","0","","0","","","2","0","0","0","0","0","0","2","0","2","","","","N","","","","","","","","","",""
"2013111101","","2","0","0","0","0","0","0","0","0","5","0","","02","10","2013","4","40.479225","-79.96637","","11","0","0","0","0","0","0","0","1","2","0","0","0","","","1","","3","","40 28:45.210","1","8","79 57:58.931","4","0","0","0","2445","0","0","0","","0","0","0","2","02445","1","","7.0","","1","N","N","","0","","0","0","0","","3","N","","2","1","1","0","0","0","0","2","0","2","","","","N","","","","","","","","","",""
"2013111372","","1","0","0","0","0","0","0","0","0","7","0","","02","11","2013","7","40.496905","-80.019241","","11","0","0","0","0","0","0","0","0","","0","0","0","","","0","","0","","40 29:48.858","","0","80 01:09.268","0","0","0","0","2301","0","0","0","N","0","0","0","2","68B03","0","","2.0","","9","N","N","","0","","0","0","0","","0","","","1","0","0","0","0","0","0","2","0","1","","","","N","","","","","","","","","",""
"2013109936","","1","0","0","0","0","0","0","0","0","6","1","","02","11","2013","6","40.464703","-79.854269","","11","0","0","0","0","0","2","0","0","","0","1","0","","","1","","0","","40 27:52.931","","0","79 51:15.369","8","0","0","0","2113","0","0","0","N","0","0","0","3","02113","0","","1.0","","1","N","N","","0","","0","0","0","","0","","","2","1","0","0","0","1","0","2","0","2","","","","N","","","","","","","","","",""
"2013111385","","1","0","0","0","0","0","0","0","0","7","0","","02","11","2013","3","40.570614","-79.793233","","11","0","0","0","0","0","0","1","0","","0","0","0","","","1","","0","","40 34:14.211","","0","79 47:35.640","3","0","0","0","2206","0","0","0","N","0","0","0","1","68D02","0","","5.0","","1","N","N","","0","","1","0","0","","0","","","1","1","0","0","0","0","0","2","0","1","","","","N","","","","","","","","","",""
"2013112247","","1","0","0","0","0","0","0","0","0","1","0","","02","11","2013","5","40.427009","-79.753187","","11","0","0","0","0","0","1","0","0","","0","0","0","","","1","","0","","40 25:37.231","","0","79 45:11.472","4","0","0","0","2446","0","0","0","N","0","0","0","4","02446","1","","1.0","","9","N","N","","1","","0","0","1","","0","","","3","1","1","0","0","0","0","2","0","3","","","","N","","","","","","","","","",""
"2013111242","","0","0","0","0","0","0","0","0","0","0","1","","02","10","2013","4","40.30712","-79.90366","","11","0","0","0","0","0","0","0","0","","0","0","0","","","0","","0","","40 18:25.631","","0","79 54:13.177","0","0","0","0","2440","0","0","0","N","0","0","0","1","02440","0","","1.0","","1","N","N","","1","","0","0","0","","0","","","1","0","0","0","0","0","0","2","0","1","","","","N","","","","","","","","","",""
"2013111373","","1","0","0","0","0","0","0","0","0","4","0","","02","11","2013","7","40.607622","-80.094285","","11","0","0","0","0","0","0","0","0","","0","0","0","","","0","","0","","40 36:27.440","","0","80 05:39.426","0","0","0","0","2481","0","0","0","N","0","0","0","2","68B03","0","","1.0","","9","N","N","","0","","0","0","1","","0","","","2","0","0","0","0","0","0","2","0","2","","","","N","","","","","","","","","",""
"2013111448","","0","0","0","0","0","0","0","0","0","7","0","","02","11","2013","2","40.524903","-79.9882","","11","0","0","0","0","0","0","0","0","1","0","0","0","","","0","","0","","40 31:29.650","1","0","79 59:17.520","0","0","0","0","2116","0","0","0","N","0","0","0","1","02116","0","","1.0","","1","N","N","","1","","0","0","0","","0","N","","1","0","0","0","0","0","0","2","0","1","","","","N","","","","","","","","","",""
"2013112248","","1","0","0","0","0","0","0","0","0","8","0","","02","11","2013","5","40.419067","-79.926108","","11","0","0","0","0","0","0","0","0","1","0","0","0","","","1","","2","","40 25:08.641","5","0","79 55:33.988","3","0","0","0","2301","1","0","0","N","1","0","0","2","02301","0","","1.0","","8","N","N","","0","","1","0","0","","0","Y","","2","1","1","0","0","0","0","2","0","1","","","","N","","","","","","","","","",""
"2013111374","","1","0","0","0","0","0","0","0","0","7","0","","02","11","2013","1","40.464129","-80.194736","","11","0","0","0","0","0","0","0","0","1","0","0","0","","","1","","0","","40 27:50.864","3","2","80 11:41.048","4","0","0","0","2213","0","0","0","N","0","0","0","1","68B03","1","","4.0","","1","N","N","","0","","0","0","0","","0","N","","1","1","0","0","0","0","0","2","0","1","","","","N","","","","","","","","","",""
"2013111229","","2","0","0","0","0","0","0","0","0","1","1","","02","11","2013","2","40.266594","-79.881299","","11","0","0","0","0","0","0","0","0","3","0","1","0","","","2","","2","","40 15:59.739","1","0","79 52:52.675","4","0","0","0","2428","0","0","0","N","0","0","0","3","02428","1","","1.0","","1","N","N","","0","","0","0","0","","0","N","","3","2","1","0","0","1","0","1","0","3","","","","N","","","","","","","","","",""
"2013111310","","1","0","0","0","0","0","0","0","0","7","0","","02","11","2013","3","40.361586","-79.850625","","11","0","0","0","0","0","1","0","0","","0","0","0","","","0","","0","","40 21:41.710","","0","79 51:02.250","0","0","0","0","2303","0","0","0","N","0","0","0","1","02303","0","","5.0","","1","N","N","","0","","0","0","0","","0","","","1","0","0","0","0","0","0","2","0","1","","","","N","","","","","","","","","",""
"2013112102","","0","0","0","0","0","0","0","0","0","0","0","","02","10","2013","5","40.226329","-79.941019","","11","0","0","0","0","0","1","0","0","3","0","0","0","","","0","","2","","40 13:34.785","5","0","79 56:27.668","0","0","0","0","2204","0","0","0","N","0","0","0","1","02204","0","","5.0","","1","N","N","","1","","0","0","0","","3","N","","1","0","0","0","0","0","0","1","0","1","","","","N","","","","","","","","","",""
"2013111375","","1","0","0","0","0","0","0","0","0","99","0","","02","11","2013","1","40.444279","-79.776574","","11","0","0","0","0","0","0","0","1","","0","0","0","","","0","","0","","40 26:39.406","","0","79 46:35.668","0","0","0","0","2446","0","0","0","N","0","0","0","3","68B03","0","","1.0","","1","N","N","","0","","0","0","0","","0","","","1","0","0","0","0","0","0","2","0","1","","","","N","","","","","","","","","",""
"2013109725","","0","0","0","0","0","0","0","0","0","8","0","","02","11","2013","6","40.462146","-79.949958","","11","0","0","0","0","0","1","0","0","","0","0","0","","","1","","1","","40 27:43.725","","0","79 56:59.848","4","0","0","0","2301","1","0","0","N","1","0","0","2","02301","1","","1.0","","1","N","N","","0","","0","0","1","","2","","","2","1","0","0","0","0","0","2","0","1","","","","N","","","","","","","","","",""
"2013112104","","1","0","0","0","0","0","0","0","0","1","0","","02","11","2013","1","40.391605","-79.934407","","11","0","0","0","0","0","2","0","0","","0","0","0","","","0","","3","","40 23:29.779","","0","79 56:03.864","0","0","0","0","2301","0","0","0","N","0","0","0","7","02301","0","","1.0","","1","N","N","","0","","0","0","1","","4","","","3","0","0","0","0","0","0","2","1","3","","","","N","","","","","","","","","",""
"2013111376","","1","0","0","0","0","0","0","0","0","99","0","","02","11","2013","1","40.444279","-79.776574","","11","0","0","0","0","0","0","0","0","","0","0","0","","","0","","0","","40 26:39.406","","0","79 46:35.668","0","0","0","0","2446","0","0","0","N","0","0","0","4","68B03","0","","1.0","","1","N","N","","0","","0","0","0","","0","","","1","0","0","0","0","0","0","2","0","1","","","","N","","","","","","","","","",""
"2013110706","","1","0","0","0","0","0","0","0","0","99","0","","02","11","2013","7","40.272794","-79.959313","","11","0","0","0","0","0","1","0","0","","0","0","0","","","0","","0","","40 16:22.060","","0","79 57:33.525","0","0","0","0","2440","0","0","0","N","0","0","0","1","68T09","0","","1.0","","9","N","N","","0","","0","0","0","","0","","","1","0","0","0","0","0","0","1","0","1","","","","N","","","","","","","","","",""
"2013111246","","0","0","0","0","0","0","0","0","0","0","1","","02","10","2013","4","40.307073","-79.904203","","11","0","0","0","0","0","1","0","0","","0","0","0","","","0","","0","","40 18:25.461","","0","79 54:15.132","0","0","0","0","2440","0","0","0","N","0","0","0","1","02440","0","","1.0","","1","N","N","","1","","0","0","0","","0","","","1","0","0","0","0","0","0","2","0","1","","","","N","","","","","","","","","",""
"2013111377","","1","0","0","0","0","0","0","0","0","99","0","","02","11","2013","1","40.432888","-80.255337","","11","0","0","0","0","0","0","0","0","","0","0","0","","","0","","0","","40 25:58.397","","0","80 15:19.214","0","0","0","0","2214","0","0","0","N","0","0","0","1","68B03","0","","1.0","","1","N","N","","0","","0","0","0","","0","","","1","0","0","0","0","0","0","2","0","1","","","","N","","","","","","","","","",""
"2013111532","","1","0","0","0","0","0","0","0","0","8","0","","02","11","2013","2","40.460961","-79.869168","","11","0","0","0","0","0","0","0","0","","0","0","0","","","1","","0","","40 27:39.458","","0","79 52:09.005","3","0","0","0","2113","1","0","0","N","1","0","0","2","02113","0","","1.0","","1","N","N","","0","","1","0","0","","0","","","2","1","1","0","0","0","0","2","0","1","","","","N","","","","","","","","","",""