"CRN","ARRIVAL_TM","AUTOMOBILE_COUNT","BELTED_DEATH_COUNT","BELTED_SUSP_SERIOUS_INJ_COUNT","BICYCLE_COUNT","BICYCLE_DEATH_COUNT","BICYCLE_SUSP_SERIOUS_INJ_COUNT","BUS_COUNT","CHLDPAS_DEATH_COUNT","CHLDPAS_SUSP_SERIOUS_INJ_COUNT","COLLISION_TYPE","COMM_VEH_COUNT","CONS_ZONE_SPD_LIM","COUNTY","CRASH_MONTH","CRASH_YEAR","DAY_OF_WEEK","DEC_LATITUDE","DEC_LONGITUDE","DISPATCH_TM","DISTRICT","DRIVER_COUNT_16YR","DRIVER_COUNT_17YR","DRIVER_COUNT_18YR","DRIVER_COUNT_19YR","DRIVER_COUNT_20YR","DRIVER_COUNT_50_64YR","DRIVER_COUNT_65_74YR","DRIVER_COUNT_75PLUS","EST_HRS_CLOSED","FATAL_COUNT","HEAVY_TRUCK_COUNT","HORSE_BUGGY_COUNT","HOUR_OF_DAY","ILLUMINATION","INJURY_COUNT","INTERSECTION_RELATED","INTERSECT_TYPE","LANE_CLOSED","LATITUDE","LN_CLOSE_DIR","LOCATION_TYPE","LONGITUDE","MAX_SEVERITY_LEVEL","MCYCLE_DEATH_COUNT","MCYCLE_SUSP_SERIOUS_INJ_COUNT","MOTORCYCLE_COUNT","MUNICIPALITY","NONMOTR_COUNT","NONMOTR_DEATH_COUNT","NONMOTR_SUSP_SERIOUS_INJ_COUNT","NTFY_HIWY_MAINT","PED_COUNT","PED_DEATH_COUNT","PED_SUSP_SERIOUS_INJ_COUNT","PERSON_COUNT","POLICE_AGCY","POSSIBLE_INJ_COUNT","RDWY_SURF_TYPE_CD","RELATION_TO_ROAD","ROADWAY_CLEARED","ROAD_CONDITION","SCH_BUS_IND","SCH_ZONE_IND","SECONDARY_CRASH","SMALL_TRUCK_COUNT","SPEC_JURIS_CD","SUSP_MINOR_INJ_COUNT","SUSP_SERIOUS_INJ_COUNT","SUV_COUNT","TCD_FUNC_CD","TCD_TYPE","TFC_DETOUR_IND","TIME_OF_DAY","TOTAL_UNITS","TOT_INJ_COUNT","UNBELTED_OCC_COUNT","UNB_DEATH_COUNT","UNB_SUSP_SERIOUS_INJ_COUNT","UNK_INJ_DEG_COUNT","UNK_INJ_PER_COUNT","URBAN_RURAL","VAN_COUNT","VEHICLE_COUNT","WEATHER1","WEATHER2","WORKERS_PRES","WORK_ZONE_IND","WORK_ZONE_LOC","WORK_ZONE_TYPE","WZ_CLOSE_DETOUR","WZ_FLAGGER","WZ_LAW_OFFCR_IND","WZ_LN_CLOSURE","WZ_MOVING","WZ_OTHER","WZ_SHLDER_MDN","WZ_WORKERS_INJ_KILLED"
"2013113255","","2","0","0","0","0","0","0","0","0","1","0","","02","11","2013","2","40.449863","-79.713842","","11","0","0","0","0","0","1","0","0","1","0","0","0","","","3","","0","","40 26:59.508","3","0","79 42:49.831","8","0","0","0","2466","0","0","0","N","0","0","0","5","02466","0","","1.0","","1","N","N","","0","","0","0","1","","0","Y","","3","3","0","0","0","3","0","2","0","3","","","","N","","","","","","","","","",""
"2013114024","","1","0","0","0","0","0","0","0","0","1","0","","02","11","2013","6","40.517068","-80.128004","","11","0","0","0","0","0","0","0","0","","0","0","0","","","0","","0","","40 31:01.443","","2","80 07:40.814","0","0","0","0","2434","0","0","0","N","0","0","0","2","68B03","0","","1.0","","1","N","N","","0","","0","0","0","","4","","","2","0","0","0","0","0","0","2","1","2","","","","N","","","","","","","","","",""
"2013114025","","2","0","0","0","0","0","0","0","0","1","0","","02","11","2013","7","40.470397","-80.003656","","11","0","0","0","0","0","0","0","0","","0","0","0","","","0","","0","","40 28:13.428","","0","80 00:13.163","9","0","0","0","2301","0","0","0","N","0","0","0","3","68B03","0","","1.0","","1","N","N","","0","","0","0","0","","0","","","3","0","0","0","0","0","1","2","0","3","","","","N","","","","","","","","","",""
"2013111519","","3","0","0","0","0","0","0","0","0","1","0","","02","11","2013","2","40.275147","-79.880895","","11","0","1","0","0","0","0","0","1","","0","0","0","","","0","","2","","40 16:30.528","","0","79 52:51.221","0","0","0","0","2428","0","0","0","N","0","0","0","4","02428","0","","1.0","","1","N","N","","0","","0","0","0","","0","","","3","0","1","0","0","0","0","2","0","3","","","","N","","","","","","","","","",""
"2013110035","","1","0","0","0","0","0","0","0","0","4","0","","02","11","2013","7","40.441956","-79.962881","","11","0","0","0","0","0","0","0","0","1","0","0","0","","","2","","1","","40 26:31.041","2","0","79 57:46.371","4","0","0","0","2301","0","0","0","N","0","0","0","6","02301","2","","1.0","","9","N","N","","0","","0","0","0","","1","N","","2","2","1","0","0","0","0","2","1","2","","","","N","","","","","","","","","",""
"2013115381","","2","0","0","0","0","0","0","0","0","4","0","","02","11","2013","6","40.379932","-80.000517","","11","0","0","0","0","0","1","0","1","","0","0","0","","","0","","0","","40 22:47.755","","0","80 00:01.861","0","0","0","0","2301","0","0","0","N","0","0","0","2","02301","0","","1.0","","1","N","N","","0","","0","0","0","","0","","","2","0","0","0","0","0","0","2","0","2","","","","N","","","","","","","","","",""
"2013114026","","1","0","0","0","0","0","0","0","0","7","0","","02","11","2013","1","40.427558","-79.953521","","11","0","0","0","0","0","0","0","0","2","0","0","0","","","0","","0","","40 25:39.210","4","0","79 57:12.676","0","0","0","0","2301","0","0","0","N","0","0","0","1","68B03","0","","2.0","","1","N","N","","0","","0","0","0","","0","N","","1","0","0","0","0","0","0","2","0","1","","","","N","","","","","","","","","",""
"2013111535","","0","0","0","0","0","0","0","0","0","4","0","","02","11","2013","1","40.493304","-80.022195","","11","0","0","0","0","0","0","0","0","","0","0","0","","","0","","0","","40 29:35.893","","0","80 01:19.903","9","0","0","0","2301","0","0","0","N","0","0","0","1","02301","0","","6.0","","1","N","N","","0","","0","0","2","","0","","","2","0","0","0","0","0","1","2","0","2","","","","N","","","","","","","","","",""
"2013114838","","1","0","0","0","0","0","0","0","0","1","0","","02","9","2013","3","40.417929","-80.055334","","11","0","0","0","0","0","0","0","0","","0","0","0","","","2","","0","","40 25:04.546","","0","80 03:19.201","4","0","0","1","2435","0","0","0","N","0","0","0","2","68B03","2","","1.0","","1","N","N","","0","","0","0","0","","0","","","2","2","0","0","0","0","0","2","0","2","","","","N","","","","","","","","","",""
"2013114698","","0","0","0","0","0","0","0","0","0","1","0","","02","11","2013","4","40.592396","-79.752135","","11","0","0","0","0","0","1","0","0","1","0","0","0","","","0","","0","","40 35:32.626","3","0","79 45:07.686","0","0","0","0","2464","0","0","0","N","0","0","0","2","64305","0","","2.0","","1","N","N","","1","","0","0","1","","2","Y","","2","0","0","0","0","0","0","2","0","2","","","","N","","","","","","","","","",""
"2013114839","","1","0","0","0","0","0","0","0","0","99","0","","02","10","2013","3","40.408324","-80.107963","","11","0","0","0","0","0","0","0","0","","0","0","0","","","0","","0","","40 24:29.965","","0","80 06:28.668","0","0","0","0","2102","0","0","0","N","0","0","0","1","68B03","0","","2.0","","1","N","N","","0","","0","0","0","","0","","","1","0","0","0","0","0","0","2","0","1","","","","N","","","","","","","","","",""
"2013110781","","1","0","0","0","0","0","0","0","0","4","0","","02","10","2013","5","40.374549","-80.093117","","11","0","0","0","0","0","0","0","0","","0","0","0","","","0","","2","","40 22:28.375","","0","80 05:35.222","0","0","0","0","2117","0","0","0","N","0","0","0","4","02117","0","","1.0","","1","N","N","","0","","0","0","1","","3","","","2","0","0","0","0","0","0","2","0","2","","","","N","","","","","","","","","",""
"2013113107","","0","0","0","0","0","0","0","0","0","99","0","","02","10","2013","1","40.441119","-79.752256","","11","0","0","0","0","0","1","0","0","","0","0","0","","","0","","0","","40 26:28.030","","0","79 45:08.123","0","0","0","0","2446","0","0","0","N","0","0","0","2","68T02","0","","1.0","","1","N","N","","1","","0","0","0","","0","","","1","0","0","0","0","0","0","2","0","1","","","","N","","","","","","","","","",""
"2013114712","","2","0","0","0","0","0","0","0","0","4","0","","02","11","2013","5","40.426292","-79.963576","","11","0","0","0","0","0","0","0","0","","0","0","0","","","0","","1","","40 25:34.651","","0","79 57:48.873","0","0","0","0","2301","0","0","0","N","0","0","0","2","02301","0","","1.0","","1","N","N","","0","","0","0","0","","2","","","2","0","0","0","0","0","0","2","0","2","","","","N","","","","","","","","","",""
"2013114840","","0","0","0","0","0","0","0","0","0","7","0","","02","10","2013","5","40.507756","-80.043458","","11","0","0","0","0","0","0","0","0","","0","0","0","","","0","","0","","40 30:27.921","","0","80 02:36.450","0","0","0","0","2116","0","0","0","Y","0","0","0","1","68B03","0","","4.0","","1","N","N","","0","","0","0","1","","0","","","1","0","0","0","0","0","0","2","0","1","","","","N","","","","","","","","","",""
"2013112273","","2","0","0","0","0","0","0","0","0","4","0","","02","11","2013","5","40.667154","-80.102148","","11","0","0","0","0","0","2","0","0","","0","0","0","","","0","","1","","40 40:01.754","","0","80 06:07.732","0","0","0","0","2212","0","0","0","N","0","0","0","2","02505","0","","1.0","","9","N","N","","0","","0","0","0","","2","","","2","0","0","0","0","0","0","2","0","2","","","","N","","","","","","","","","",""
"2013114625","","1","0","0","0","0","0","0","0","0","1","0","","02","11","2013","5","40.439432","-80.016516","","11","0","0","0","0","0","1","0","0","1","0","0","0","","","2","","3","","40 26:21.955","2","2","80 00:59.456","8","0","0","0","2301","0","0","0","N","0","0","0","5","02301","0","","7.0","","1","N","N","","0","","0","0","2","","0","N","","3","2","0","0","0","2","0","2","0","3","","","","N","","","","","","","","","",""
"2013115385","","1","0","0","0","0","0","0","0","0","7","0","","02","11","2013","5","40.446331","-80.116246","","11","0","0","0","1","0","0","0","0","3","0","0","0","","","0","","0","","40 26:46.791","5","0","80 06:58.486","0","0","0","0","2115","0","0","0","N","0","0","0","1","02115","0","","2.0","","1","N","N","","0","","0","0","0","","0","Y","","1","0","0","0","0","0","0","2","0","1","","","","N","","","","","","","","","",""
"2013113883","","0","0","0","0","0","0","1","0","0","4","1","","02","11","2013","3","40.535969","-79.841663","","11","0","0","0","0","0","1","0","0","2","0","0","0","","","0","","0","","40 32:09.490","2","0","79 50:29.985","0","0","0","0","2208","0","0","0","N","0","0","0","4","02503","0","","1.0","","9","N","N","","1","","0","0","0","","0","N","","3","0","0","0","0","0","0","2","0","2","","","","N","","","","","","","","","",""
"2013114841","","3","0","0","0","0","0","0","0","0","1","0","","02","10","2013","5","40.443099","-79.855677","","11","0","0","0","0","0","2","0","0","","0","0","0","","","1","","0","","40 26:35.157","","0","79 51:20.436","4","0","0","0","2419","0","0","0","N","0","0","0","4","68B03","1","","1.0","","9","N","N","","0","","0","0","1","","0","","","4","1","0","0","0","0","0","2","0","4","","","","N","","","","","","","","","",""
"2013115648","","1","0","0","0","0","0","0","0","0","4","0","","02","11","2013","7","40.463586","-79.952975","","11","0","0","0","0","1","0","0","0","2","0","0","0","","","0","","1","","40 27:48.909","2","0","79 57:10.710","0","0","0","0","2301","0","0","0","N","0","0","0","3","02301","0","","1.0","","1","N","N","","0","","0","0","1","","2","N","","2","0","0","0","0","0","0","2","0","2","","","","N","","","","","","","","","",""
"2013112261","","0","0","0","0","0","0","0","0","0","1","0","","02","11","2013","5","40.443767","-79.975097","","11","0","0","0","0","0","0","0","0","","0","0","0","","","0","","0","","40 26:37.561","","0","79 58:30.349","0","0","0","0","2301","0","0","0","N","0","0","0","4","02301","0","","1.0","","9","N","N","","1","","0","0","1","","0","","","2","0","0","0","0","0","0","2","0","2","","","","N","","","","","","","","","",""
"2013115386","","0","0","0","0","0","0","0","0","0","8","0","","02","11","2013","5","40.348011","-80.039148","","11","0","0","0","0","0","0","0","0","","0","0","0","","","1","","2","","40 20:52.839","","0","80 02:20.932","3","0","0","0","2407","1","0","0","N","1","0","0","3","02407","0","","1.0","","1","N","N","","0","","1","0","1","","3","","","2","1","0","0","0","0","0","2","0","1","","","","N","","","","","","","","","",""
"2013114842","","1","0","0","0","0","0","0","0","0","1","0","","02","10","2013","5","40.429525","-79.886318","","11","0","0","0","0","0","1","0","0","2","0","0","0","","","2","","6","","40 25:46.291","3","2","79 53:10.746","4","0","0","0","2426","0","0","0","N","0","0","0","2","68B03","2","","1.0","","1","N","N","","1","","0","0","0","","4","N","","2","2","0","0","0","0","0","2","0","2","","","","N","","","","","","","","","",""
"2013110795","","1","0","0","0","0","0","0","0","0","1","0","","02","11","2013","2","40.340235","-79.96737","","11","0","0","0","0","0","0","1","0","","0","0","0","","","0","","2","","40 20:24.847","","0","79 58:02.531","0","0","0","0","2454","0","0","0","N","0","0","0","2","02454","0","","1.0","","1","N","N","","0","","0","0","1","","2","","","2","0","0","0","0","0","0","2","0","2","","","","N","","","","","","","","","",""
"2013113969","","1","0","0","0","0","0","0","0","0","2","0","","02","11","2013","2","40.488926","-79.928121","","11","0","0","0","0","0","0","0","0","","0","0","0","","","0","","2","","40 29:20.133","","0","79 55:41.235","9","0","0","0","2301","0","0","0","","0","0","0","2","02301","0","","1.0","","9","","","","0","","0","0","1","","3","","","2","0","0","0","0","0","1","2","0","2","","","","N","","","","","","","","","",""
"2013114843","","0","0","0","0","0","0","0","0","0","1","2","","02","11","2013","4","40.412402","-80.106452","","11","0","0","0","0","0","2","0","0","","0","2","0","","","0","","0","","40 24:44.648","","0","80 06:23.226","0","0","0","0","2102","0","0","0","N","0","0","0","2","68B03","0","","1.0","","1","N","N","","0","","0","0","0","","0","","","2","0","0","0","0","0","0","2","0","2","","","","N","","","","","","","","","",""
"2013115589","","1","0","0","0","0","0","0","0","0","99","0","","02","11","2013","1","40.441825","-79.752675","","11","0","0","0","0","0","0","1","0","","0","0","0","","","0","","0","","40 26:30.571","","0","79 45:09.630","0","0","0","0","2446","0","0","0","N","0","0","0","2","68T02","0","","1.0","","1","N","N","","0","","0","0","0","","0","","","1","0","0","0","0","0","0","2","0","1","","","","N","","","","","","","","","",""
"2013112276","","2","0","0","0","0","0","0","0","0","1","0","","02","11","2013","2","40.433927","-79.995926","","11","0","0","0","0","0","1","0","0","","0","0","0","","","1","","0","","40 26:02.138","","3","79 59:45.334","4","0","0","0","2301","0","0","0","N","0","0","0","2","02301","1","","1.0","","1","N","N","","0","","0","0","0","","0","","","2","1","0","0","0","0","0","2","0","2","","","","N","","","","","","","","","",""
"2013113970","","1","0","0","0","0","0","0","0","0","4","0","","02","11","2013","3","40.437839","-79.998873","","11","0","0","0","0","0","1","0","0","1","0","0","0","","","1","","1","","40 26:16.220","2","0","79 59:55.942","8","0","0","0","2301","0","0","0","N","0","0","0","2","02301","0","","1.0","","1","N","N","","0","","0","0","1","","3","Y","","2","1","0","0","0","1","0","2","0","2","","","","N","","","","","","","","","",""
"2013113265","","1","0","0","0","0","0","0","0","0","8","0","","02","11","2013","7","40.457404","-79.896284","","11","0","0","0","0","0","0","0","0","","0","0","0","","","1","","1","","40 27:26.654","","0","79 53:46.622","8","0","0","0","2301","1","0","0","N","1","0","0","2","02301","0","","1.0","","1","N","N","","0","","0","0","0","","2","","","2","1","0","0","0","1","1","2","0","1","","","","N","","","","","","","","","",""
"2013114844","","2","0","0","0","0","0","0","0","0","5","0","","02","11","2013","1","40.42078","-80.041148","","11","0","0","0","0","0","0","0","0","1","0","0","0","","","0","","0","","40 25:14.809","3","0","80 02:28.132","0","0","0","0","2435","0","0","0","N","0","0","0","4","68B03","0","","1.0","","1","N","N","","0","","0","0","0","","0","N","","2","0","0","0","0","0","0","2","0","2","","","","N","","","","","","","","","",""
"2013110043","","2","0","0","0","0","0","0","0","0","2","0","","02","11","2013","7","40.505476","-79.843017","","11","0","0","0","0","0","0","0","0","2","0","0","0","","","1","","0","","40 30:19.713","1","0","79 50:34.862","4","0","0","0","2468","0","0","0","N","0","0","0","1","02468","1","","6.0","","1","N","N","","0","","0","0","0","","0","N","","2","1","0","0","0","0","0","2","0","2","","","","N","","","","","","","","","",""
"2013111543","","1","0","0","0","0","0","0","0","0","7","0","","02","11","2013","4","40.524053","-80.269703","","11","0","0","0","0","0","0","0","0","","0","0","0","","","1","","0","","40 31:26.590","","0","80 16:10.930","3","0","0","0","2203","0","0","0","N","0","0","0","1","02203","0","","5.0","","1","N","N","","0","","1","0","0","","0","","","1","1","0","0","0","0","0","2","0","1","","","","N","","","","","","","","","",""
"2013113196","","1","0","0","0","0","0","0","0","0","7","0","","02","11","2013","1","40.448917","-79.899599","","11","0","0","0","0","0","0","0","0","","0","0","0","","","0","","0","","40 26:56.102","","0","79 53:58.556","9","0","0","0","2301","0","0","0","N","0","0","0","1","02301","0","","5.0","","1","N","N","","0","","0","0","0","","0","","","1","0","0","0","0","0","1","2","0","1","","","","N","","","","","","","","","",""
"2013113266","","1","0","0","0","0","0","0","0","0","4","0","","02","11","2013","1","40.449496","-80.000931","","11","0","0","0","0","0","1","0","0","1","0","0","0","","","1","","1","","40 26:58.185","7","2","80 00:03.353","4","0","0","0","2301","0","0","0","N","0","0","0","3","02301","1","","1.0","","1","N","N","","0","","0","0","1","","0","N","","2","1","0","0","0","0","0","2","0","2","","","","N","","","","","","","","","",""
"2013114845","","2","0","0","0","0","0","0","0","0","5","0","","02","11","2013","2","40.610365","-80.094642","","11","0","0","1","0","0","1","0","0","2","0","0","0","","","1","","0","","40 36:37.313","1","0","80 05:40.711","4","0","0","0","2481","0","0","0","N","0","0","0","3","68B03","1","","1.0","","1","N","N","","0","","0","0","0","","0","N","","2","1","0","0","0","0","0","2","0","2","","","","N","","","","","","","","","",""
"2013114046","","1","0","0","0","0","0","0","0","0","99","0","","02","11","2013","2","40.497279","-79.929464","","11","0","0","0","0","0","0","0","0","","0","0","0","","","0","","0","","40 29:50.203","","0","79 55:46.071","0","0","0","0","2461","0","0","0","N","0","0","0","1","68D02","0","","1.0","","1","N","N","","0","","0","0","0","","0","","","1","0","0","0","0","0","0","2","0","1","","","","N","","","","","","","","","",""
"2013110044","","1","0","0","0","0","0","0","0","0","7","0","","02","11","2013","1","40.549106","-80.196781","","11","0","0","0","0","0","0","0","0","1","0","0","0","","","0","","2","","40 32:56.780","1","0","80 11:48.411","0","0","0","0","2427","0","0","0","N","0","0","0","1","02427","0","","2.0","","9","N","N","","0","","0","0","0","","0","N","","1","0","0","0","0","0","0","2","0","1","","","","N","","","","","","","","","",""
"2013110798","","2","0","0","0","0","0","0","0","0","4","0","90","02","11","2013","2","40.550249","-80.190412","","11","0","0","0","0","0","0","0","0","","0","0","0","","","0","","1","","40 33:00.896","","0","80 11:25.483","0","0","0","0","2427","0","0","0","N","0","0","0","2","02427","0","","1.0","","1","N","N","","0","","0","0","0","","3","","","2","0","0","0","0","0","0","2","0","2","","","Y","Y","5","1","","Y","N","","","","Y",""
"2013113888","","2","0","0","0","0","0","0","0","0","4","0","","02","11","2013","3","40.460759","-79.915919","","11","0","0","0","0","0","0","0","0","","0","0","0","","","0","","1","","40 27:38.732","","0","79 54:57.308","0","0","0","0","2301","0","0","0","N","0","0","0","2","02301","0","","1.0","","9","N","N","","0","","0","0","0","","2","","","2","0","0","0","0","0","0","2","0","2","","","","N","","","","","","","","","",""
"2013114706","","0","0","0","0","0","0","0","0","0","8","0","","02","11","2013","5","40.450658","-79.935508","","11","0","0","0","0","0","0","0","0","","0","0","0","","","1","","2","","40 27:02.368","","7","79 56:07.828","4","0","0","0","2301","1","0","0","N","1","0","0","2","02301","1","","1.0","","1","N","N","","0","","0","0","1","","2","","","2","1","0","0","0","0","0","2","0","1","","","","N","","","","","","","","","",""
"2013113972","","1","0","0","0","0","0","0","0","0","8","0","","02","11","2013","2","40.560041","-79.995979","","11","0","0","0","0","0","0","0","0","","0","0","0","","","1","","0","","40 33:36.147","","7","79 59:45.524","8","0","0","0","2108","1","0","0","N","1","0","0","2","02108","0","","1.0","","1","N","N","","0","","0","0","0","","0","","","2","1","0","0","0","1","0","2","0","1","","","","N","","","","","","","","","",""
"2013114846","","1","0","0","0","0","0","0","0","0","1","0","","02","11","2013","3","40.45106","-79.997913","","11","0","0","0","0","0","0","0","0","","0","0","0","","","0","","0","","40 27:03.817","","2","79 59:52.488","0","0","0","0","2301","0","0","0","N","0","0","0","2","68B03","0","","1.0","","2","N","N","","0","","0","0","1","","0","","","2","0","0","0","0","0","0","2","0","2","","","","N","","","","","","","","","",""
"2013115653","","1","0","0","0","0","0","0","0","0","7","0","","02","11","2013","7","40.414228","-79.995858","","11","0","0","0","0","0","0","0","0","1","0","0","0","","","3","","0","","40 24:51.220","1","0","79 59:45.088","8","0","0","0","2301","0","0","0","N","0","0","0","4","02301","0","","5.0","","1","N","N","","0","","0","0","0","","0","N","","1","3","1","0","0","3","0","2","0","1","","","","N","","","","","","","","","",""
"2013110045","","1","0","0","0","0","0","0","0","0","8","0","","02","11","2013","7","40.463685","-79.980592","","11","0","0","0","0","0","0","0","0","","0","0","0","","","1","","0","","40 27:49.265","","0","79 58:50.132","4","0","0","0","2301","1","0","0","N","1","0","0","2","02301","1","","2.0","","9","N","N","","0","","0","0","0","","0","","","2","1","0","0","0","0","1","2","0","1","","","","N","","","","","","","","","",""
"2013113889","","0","0","0","0","0","0","0","0","0","7","0","","02","11","2013","3","40.352556","-80.144316","","11","0","0","0","0","0","0","0","0","2","0","0","0","","","2","","0","","40 21:09.202","3","0","80 08:39.538","8","0","0","0","2119","0","0","0","Y","0","0","0","2","02119","0","","2.0","","2","N","N","","1","","0","0","0","","0","N","","1","2","0","0","0","2","0","2","0","1","","","","N","","","","","","","","","",""
"2013113973","","1","0","0","0","0","0","0","0","0","7","0","","02","11","2013","2","40.565768","-80.000124","","11","0","0","0","0","0","0","0","0","3","0","0","0","","","0","","0","","40 33:56.766","6","0","80 00:00.447","0","0","0","0","2108","0","0","0","N","0","0","0","1","02108","0","","5.0","","1","N","N","","0","","0","0","0","","0","Y","","1","0","0","0","0","0","0","2","0","1","","","","N","","","","","","","","","",""
"2013114847","","1","0","0","0","0","0","0","0","0","7","0","","02","11","2013","3","40.430835","-80.259464","","11","0","0","0","0","0","1","0","0","1","0","0","0","","","1","","0","","40 25:51.006","3","0","80 15:34.070","4","0","0","0","2214","0","0","0","Y","0","0","0","1","68B03","1","","4.0","","6","N","N","","0","","0","0","0","","0","N","","1","1","0","0","0","0","0","1","0","1","","","","N","","","","","","","","","",""
"2013110800","","2","0","0","0","0","0","0","0","0","1","0","","02","11","2013","2","40.340608","-79.979322","","11","0","0","0","0","0","0","0","0","2","0","0","0","","","1","","0","","40 20:26.190","3","0","79 58:45.560","4","0","0","0","2403","0","0","0","N","0","0","0","2","02403","1","","1.0","","1","N","N","","0","","0","0","0","","0","N","","2","1","0","0","0","0","0","2","0","2","","","","N","","","","","","","","","",""
"2013111546","","0","0","0","0","0","0","0","0","0","5","0","","02","11","2013","4","40.440333","-79.994944","","11","0","0","0","0","0","0","0","0","1","0","0","0","","","0","","0","","40 26:25.200","4","0","79 59:41.800","0","0","0","0","2301","0","0","0","N","0","0","0","1","02301","0","","1.0","","1","N","N","","1","","0","0","1","","0","N","","4","0","0","0","0","0","0","2","2","4","","","","N","","","","","","","","","",""
"2013113974","","0","0","0","0","0","0","0","0","0","0","0","","02","11","2013","2","40.558574","-80.039689","","11","0","0","0","0","0","1","0","0","2","0","0","0","","","1","","0","","40 33:30.867","2","0","80 02:22.882","8","0","0","1","2108","0","0","0","N","0","0","0","1","02108","0","","1.0","","1","N","N","","0","","0","0","0","","0","N","","1","1","0","0","0","1","0","2","0","1","","","","N","","","","","","","","","",""
"2013114848","","2","0","0","0","0","0","0","0","0","4","0","","02","11","2013","4","40.527202","-80.130516","","11","0","0","0","0","0","0","0","0","","0","0","0","","","0","","0","","40 31:37.928","","0","80 07:49.859","0","0","0","0","2125","0","0","0","N","0","0","0","2","68B01","0","","1.0","","2","N","N","","0","","0","0","0","","0","","","2","0","0","0","0","0","0","1","0","2","","","","N","","","","","","","","","",""
"2013113347","","1","0","0","0","0","0","0","0","0","4","0","","02","10","2013","3","40.378291","-79.804144","","11","0","0","0","0","0","1","0","0","","0","0","0","","","1","","2","","40 22:41.848","","0","79 48:14.918","4","0","0","0","2111","0","0","0","N","0","0","0","2","02111","1","","1.0","","1","N","N","","0","","0","0","1","","3","","","2","1","0","0","0","0","0","2","0","2","","","","N","","","","","","","","","",""
"2013113975","","2","0","0","0","0","0","0","0","0","1","0","","02","11","2013","2","40.572019","-80.016386","","11","0","0","0","0","0","0","0","0","2","0","0","0","","","1","","1","","40 34:19.267","1","0","80 00:58.989","8","0","0","0","2108","0","0","0","N","0","0","0","3","02108","0","","1.0","","1","N","N","","0","","0","0","1","","2","N","","3","1","0","0","0","1","1","2","0","3","","","","N","","","","","","","","","",""
"2013112716","","2","0","0","0","0","0","0","0","0","4","0","","02","10","2013","5","40.505458","-80.207549","","11","0","0","0","1","0","0","0","0","","0","0","0","","","2","","1","","40 30:19.650","","0","80 12:27.175","4","0","0","0","2213","0","0","0","N","0","0","0","4","02213","2","","1.0","","9","N","N","","0","","0","0","0","","2","","","2","2","1","0","0","0","0","2","0","2","","","","N","","","","","","","","","",""
"2013113492","","1","0","0","0","0","0","0","0","0","7","0","","02","11","2013","5","40.481312","-80.045855","","11","0","0","0","0","0","0","0","0","","0","0","0","","","0","","0","","40 28:52.722","","0","80 02:45.077","0","0","0","0","2301","0","0","0","N","0","0","0","1","02301","0","","2.0","","9","N","N","","0","","0","0","0","","0","","","1","0","0","0","0","0","0","2","0","1","","","","N","","","","","","","","","",""
"2013113117","","3","0","0","0","0","0","0","0","0","1","0","","02","11","2013","7","40.354074","-79.914478","","11","0","0","0","0","0","0","0","0","1","0","0","0","","","4","","3","","40 21:14.668","5","0","79 54:52.121","8","0","0","0","2473","0","0","0","N","0","0","0","7","02473","0","","1.0","","1","N","N","","0","","0","0","0","","2","Y","","4","4","1","0","0","4","0","2","1","4","","","","N","","","","","","","","","",""
"2013113892","","0","0","0","0","0","0","0","0","0","6","1","","02","11","2013","3","40.363289","-80.085569","","11","0","0","0","0","0","1","0","0","","0","1","0","","","1","","0","","40 21:47.840","","0","80 05:08.050","8","0","0","0","2123","0","0","0","Y","0","0","0","2","02123","0","","1.0","","9","N","N","","1","","0","0","0","","0","","","2","1","0","0","0","1","0","2","0","2","","","","N","","","","","","","","","",""
"2013113976","","1","0","0","0","0","0","0","0","0","4","0","","02","11","2013","2","40.38336","-80.056426","","11","0","0","0","0","0","1","0","0","2","0","0","0","","","1","","1","","40 23:00.096","3","0","80 03:23.133","4","0","0","0","2109","0","0","0","N","0","0","0","2","02109","1","","1.0","","1","N","N","","0","","0","0","1","","2","Y","","2","1","0","0","0","0","0","2","0","2","","","","N","","","","","","","","","",""
"2013115533","","1","0","0","0","0","0","0","0","0","1","0","","02","11","2013","2","40.30426","-79.918581","","11","0","0","0","0","0","0","0","0","","0","0","0","","","1","","0","","40 18:15.335","","0","79 55:06.891","4","0","0","0","2440","0","0","0","N","0","0","0","2","02440","1","","1.0","","1","N","N","","1","","0","0","0","","0","","","2","1","0","0","0","0","1","2","0","2","","","","N","","","","","","","","","",""
"2013113908","","2","0","0","0","0","0","0","0","0","4","0","","02","11","2013","3","40.448809","-79.987534","","11","0","0","0","0","0","1","0","0","","0","0","0","","","0","","1","","40 26:55.712","","0","79 59:15.122","0","0","0","0","2301","0","0","0","N","0","0","0","2","02301","0","","1.0","","1","N","N","","0","","0","0","0","","2","","","2","0","0","0","0","0","0","2","0","2","","","","N","","","","","","","","","",""
"2013113977","","2","0","0","0","0","0","0","0","0","1","0","","02","11","2013","6","40.445599","-80.143988","","11","0","0","0","0","0","1","0","0","","0","0","0","","","1","","0","","40 26:44.158","","0","80 08:38.355","4","0","0","0","2115","0","0","0","N","0","0","0","2","02115","1","","1.0","","1","N","N","","0","","0","0","0","","0","","","2","1","0","0","0","0","0","2","0","2","","","","N","","","","","","","","","",""