"CRN","ARRIVAL_TM","AUTOMOBILE_COUNT","BELTED_DEATH_COUNT","BELTED_SUSP_SERIOUS_INJ_COUNT","BICYCLE_COUNT","BICYCLE_DEATH_COUNT","BICYCLE_SUSP_SERIOUS_INJ_COUNT","BUS_COUNT","CHLDPAS_DEATH_COUNT","CHLDPAS_SUSP_SERIOUS_INJ_COUNT","COLLISION_TYPE","COMM_VEH_COUNT","CONS_ZONE_SPD_LIM","COUNTY","CRASH_MONTH","CRASH_YEAR","DAY_OF_WEEK","DEC_LATITUDE","DEC_LONGITUDE","DISPATCH_TM","DISTRICT","DRIVER_COUNT_16YR","DRIVER_COUNT_17YR","DRIVER_COUNT_18YR","DRIVER_COUNT_19YR","DRIVER_COUNT_20YR","DRIVER_COUNT_50_64YR","DRIVER_COUNT_65_74YR","DRIVER_COUNT_75PLUS","EST_HRS_CLOSED","FATAL_COUNT","HEAVY_TRUCK_COUNT","HORSE_BUGGY_COUNT","HOUR_OF_DAY","ILLUMINATION","INJURY_COUNT","INTERSECTION_RELATED","INTERSECT_TYPE","LANE_CLOSED","LATITUDE","LN_CLOSE_DIR","LOCATION_TYPE","LONGITUDE","MAX_SEVERITY_LEVEL","MCYCLE_DEATH_COUNT","MCYCLE_SUSP_SERIOUS_INJ_COUNT","MOTORCYCLE_COUNT","MUNICIPALITY","NONMOTR_COUNT","NONMOTR_DEATH_COUNT","NONMOTR_SUSP_SERIOUS_INJ_COUNT","NTFY_HIWY_MAINT","PED_COUNT","PED_DEATH_COUNT","PED_SUSP_SERIOUS_INJ_COUNT","PERSON_COUNT","POLICE_AGCY","POSSIBLE_INJ_COUNT","RDWY_SURF_TYPE_CD","RELATION_TO_ROAD","ROADWAY_CLEARED","ROAD_CONDITION","SCH_BUS_IND","SCH_ZONE_IND","SECONDARY_CRASH","SMALL_TRUCK_COUNT","SPEC_JURIS_CD","SUSP_MINOR_INJ_COUNT","SUSP_SERIOUS_INJ_COUNT","SUV_COUNT","TCD_FUNC_CD","TCD_TYPE","TFC_DETOUR_IND","TIME_OF_DAY","TOTAL_UNITS","TOT_INJ_COUNT","UNBELTED_OCC_COUNT","UNB_DEATH_COUNT","UNB_SUSP_SERIOUS_INJ_COUNT","UNK_INJ_DEG_COUNT","UNK_INJ_PER_COUNT","URBAN_RURAL","VAN_COUNT","VEHICLE_COUNT","WEATHER1","WEATHER2","WORKERS_PRES","WORK_ZONE_IND","WORK_ZONE_LOC","WORK_ZONE_TYPE","WZ_CLOSE_DETOUR","WZ_FLAGGER","WZ_LAW_OFFCR_IND","WZ_LN_CLOSURE","WZ_MOVING","WZ_OTHER","WZ_SHLDER_MDN","WZ_WORKERS_INJ_KILLED"
"2013113000","","0","0","0","0","0","0","0","0","0","7","0","","02","11","2013","7","40.452816","-79.825994","","11","0","0","0","0","0","0","0","0","","0","0","0","","","0","","2","","40 27:10.139","","0","79 49:33.579","0","0","0","0","2113","0","0","0","N","0","0","0","1","02113","0","","2.0","","1","N","N","","0","","0","0","1","","0","","","1","0","0","0","0","0","0","2","0","1","","","","N","","","","","","","","","",""
"2013114531","","2","0","0","0","0","0","0","0","0","2","0","","02","11","2013","3","40.364543","-79.984496","","11","0","0","0","0","0","1","0","0","2","0","0","0","","","1","","0","","40 21:52.356","1","0","79 59:04.187","8","0","0","0","2413","0","0","0","N","0","0","0","2","02413","0","","1.0","","1","N","N","","0","","0","0","0","","0","N","","2","1","0","0","0","1","0","2","0","2","","","","N","","","","","","","","","",""
"2013113577","","2","0","0","0","0","0","0","0","0","1","0","","02","11","2013","6","40.584047","-80.028095","","11","0","0","0","0","0","0","1","0","","0","0","0","","","0","","6","","40 35:02.570","","2","80 01:41.143","0","0","0","0","2108","0","0","0","N","0","0","0","3","02108","0","","7.0","","1","N","N","","0","","0","0","0","","3","","","2","0","0","0","0","0","0","2","0","2","","","","N","","","","","","","","","",""
"2013112861","","2","0","0","0","0","0","0","0","0","1","0","","02","11","2013","5","40.338931","-79.960406","","11","0","0","0","0","0","0","0","0","1","0","0","0","","","1","","1","","40 20:20.150","2","0","79 57:37.463","4","0","0","0","2454","0","0","0","N","0","0","0","3","02454","1","","1.0","","9","N","N","","0","","0","0","0","","2","N","","2","1","1","0","0","0","0","2","0","2","","","","N","","","","","","","","","",""
"2013114398","","2","0","0","0","0","0","0","0","0","1","0","","02","11","2013","4","40.529919","-79.771404","","11","0","0","0","0","0","1","1","1","","0","0","0","","","1","","2","","40 31:47.709","","0","79 46:17.054","4","0","0","0","2466","0","0","0","N","0","0","0","4","02466","1","","1.0","","1","N","N","","1","","0","0","0","","3","","","3","1","0","0","0","0","0","1","0","3","","","","N","","","","","","","","","",""
"2013114180","","1","0","0","0","0","0","0","0","0","7","0","","02","11","2013","3","40.456822","-79.955108","","11","0","0","0","0","0","0","0","0","","0","0","0","","","1","","1","","40 27:24.560","","0","79 57:18.389","8","0","0","0","2301","0","0","0","N","0","0","0","1","02301","0","","5.0","","1","N","N","","0","","0","0","0","","2","","","1","1","0","0","0","1","0","2","0","1","","","","N","","","","","","","","","",""
"2013113578","","0","0","0","0","0","0","0","0","0","7","0","","02","11","2013","7","40.584988","-80.054503","","11","0","0","0","0","0","0","0","0","2","0","0","0","","","0","","0","","40 35:05.957","5","0","80 03:16.209","0","0","0","0","2108","0","0","0","N","0","0","0","1","02108","0","","4.0","","1","N","N","","0","","0","0","0","","0","Y","","1","0","0","0","0","0","0","2","1","1","","","","N","","","","","","","","","",""
"2013113717","","1","0","0","0","0","0","0","0","0","7","0","","02","11","2013","7","40.563199","-79.96853","","11","0","1","0","0","0","0","0","0","1","0","0","0","","","1","","0","","40 33:47.516","3","0","79 58:06.708","4","0","0","0","2207","0","0","0","N","0","0","0","4","02207","1","","5.0","","1","N","N","","0","","0","0","0","","0","N","","1","1","0","0","0","0","0","2","0","1","","","","N","","","","","","","","","",""
"2013113565","","1","0","0","0","0","0","0","0","0","7","0","","02","10","2013","3","40.332686","-79.8973","","11","0","0","0","0","0","0","0","0","1","0","0","0","","","1","","0","","40 19:57.670","2","0","79 53:50.280","8","0","0","0","2473","0","0","0","N","0","0","0","1","02473","0","","1.0","","1","N","N","","0","","0","0","0","","0","N","","1","1","0","0","0","1","0","2","0","1","","","","N","","","","","","","","","",""
"2013113498","","2","0","0","0","0","0","0","0","0","4","0","","02","11","2013","7","40.494912","-80.065393","","11","0","0","0","0","0","0","0","0","1","0","0","0","","","1","","0","","40 29:41.683","5","0","80 03:55.416","4","0","0","0","2402","0","0","0","N","0","0","0","2","02402","1","","1.0","","1","N","N","","0","","0","0","0","","0","N","","2","1","0","0","0","0","0","2","0","2","","","","N","","","","","","","","","",""
"2013114333","","1","0","0","0","0","0","0","0","0","8","0","","02","11","2013","5","40.428519","-79.976251","","11","0","0","0","0","0","0","1","0","","0","0","0","","","1","","1","","40 25:42.668","","0","79 58:34.502","4","0","0","0","2301","1","0","0","N","1","0","0","2","02301","1","","1.0","","1","N","N","","0","","0","0","0","","2","","","2","1","0","0","0","0","0","2","0","1","","","","N","","","","","","","","","",""
"2013114403","","1","0","0","0","0","0","0","0","0","4","0","","02","11","2013","4","40.336582","-79.876829","","11","0","0","0","0","1","1","0","0","","0","0","0","","","0","","2","","40 20:11.695","","7","79 52:36.584","9","0","0","0","2455","0","0","0","N","0","0","0","2","02455","0","","2.0","","1","N","N","","0","","0","0","1","","3","","","2","0","0","0","0","0","2","2","0","2","","","","N","","","","","","","","","",""
"2013113569","","1","0","0","0","0","0","0","0","0","99","0","","02","11","2013","2","40.651025","-79.937992","","11","0","0","0","0","0","1","0","0","","0","0","0","","","0","","0","","40 39:03.691","","0","79 56:16.772","0","0","0","0","2217","0","0","0","N","0","0","0","1","02505","0","","1.0","","1","N","N","","0","","0","0","0","","0","","","1","0","0","0","0","0","0","2","0","1","","","","N","","","","","","","","","",""
"2013115073","","1","0","0","0","0","0","0","0","0","7","0","","02","10","2013","5","40.571334","-79.858969","","11","0","0","0","0","0","0","0","0","","0","0","0","","","0","","0","","40 34:16.802","","0","79 51:32.290","0","0","0","0","2209","0","0","0","N","0","0","0","1","68T02","0","","3.0","","9","N","N","","0","","0","0","0","","0","","","1","0","0","0","0","0","0","2","0","1","","","","N","","","","","","","","","",""
"2013114199","","1","0","0","0","0","0","0","0","0","7","0","","02","11","2013","3","40.405079","-80.038013","","11","0","0","0","0","0","0","0","0","1","0","0","0","","","1","","0","","40 24:18.286","1","7","80 02:16.845","8","0","0","0","2301","0","0","0","N","0","0","0","1","02301","0","","2.0","","9","N","N","","0","","0","0","0","","2","N","","1","1","0","0","0","1","0","2","0","1","","","","N","","","","","","","","","",""
"2013115075","","1","0","0","0","0","0","0","0","0","99","0","","02","11","2013","2","40.466171","-79.76252","","11","0","0","0","0","0","0","0","0","","0","0","0","","","0","","0","","40 27:58.217","","0","79 45:45.073","0","0","0","0","2466","0","0","0","N","0","0","0","2","68T02","0","","1.0","","1","N","N","","0","","0","0","0","","0","","","1","0","0","0","0","0","0","2","0","1","","","","N","","","","","","","","","",""
"2013115602","","1","0","0","0","0","0","0","0","0","5","0","","02","11","2013","7","40.483529","-79.78722","","11","0","0","0","0","0","0","0","0","","0","0","0","","","0","","0","","40 29:00.704","","0","79 47:13.992","9","0","0","0","2113","0","0","0","N","0","0","0","1","02113","0","","2.0","","1","N","N","","0","","0","0","0","","0","","","2","0","0","0","0","0","1","2","0","2","","","","N","","","","","","","","","",""
"2013114200","","3","0","0","0","0","0","0","0","0","4","0","","02","11","2013","3","40.593956","-79.752797","","11","0","0","0","0","0","1","0","0","2","0","0","0","","","0","","0","","40 35:38.240","1","3","79 45:10.068","0","0","0","0","2464","0","0","0","N","0","0","0","3","64305","0","","1.0","","2","N","N","","0","","0","0","0","","0","Y","","3","0","0","0","0","0","0","2","0","3","","","","N","","","","","","","","","",""
"2013112930","","1","0","0","0","0","0","0","0","0","7","0","","02","10","2013","3","40.612274","-79.953907","","11","0","0","0","0","0","0","0","0","2","0","0","0","","","1","","0","","40 36:44.186","3","0","79 57:14.066","3","0","0","0","2207","0","0","0","N","0","0","0","1","68T02","0","","3.0","","1","N","N","","0","","1","0","0","","0","N","","1","1","0","0","0","0","0","2","0","1","","","","N","","","","","","","","","",""
"2013115077","","0","0","0","0","0","0","0","0","0","99","0","","02","11","2013","2","40.452702","-79.754443","","11","0","0","0","0","0","0","0","0","","0","0","0","","","0","","0","","40 27:09.727","","0","79 45:15.995","0","0","0","0","2446","0","0","0","N","0","0","0","1","68T02","0","","1.0","","1","N","N","","0","","0","0","1","","0","","","1","0","0","0","0","0","0","2","0","1","","","","N","","","","","","","","","",""
"2013112931","","1","0","0","0","0","0","0","0","0","99","0","","02","11","2013","6","40.548824","-79.825092","","11","0","0","0","0","0","0","0","0","","0","0","0","","","0","","0","","40 32:55.767","","0","79 49:30.331","0","0","0","0","2208","0","0","0","N","0","0","0","1","68T02","0","","1.0","","1","N","N","","0","","0","0","0","","0","","","1","0","0","0","0","0","0","2","0","1","","","","N","","","","","","","","","",""
"2013115731","","1","0","0","0","0","0","0","0","0","7","0","","02","11","2013","6","40.242482","-79.895009","","11","0","0","0","0","0","1","0","0","2","0","0","0","","","1","","2","","40 14:32.935","1","0","79 53:42.034","8","0","0","0","2204","0","0","0","N","0","0","0","1","02204","0","","5.0","","1","N","N","","0","","0","0","0","","0","N","","1","1","0","0","0","1","0","1","0","1","","","","N","","","","","","","","","",""
"2013115605","","2","0","0","0","0","0","0","0","0","1","0","","02","11","2013","6","40.370519","-79.975201","","11","0","0","0","0","0","0","0","2","1","0","0","0","","","0","","1","","40 22:13.868","4","0","79 58:30.723","0","0","0","0","2413","0","0","0","N","0","0","0","4","02413","0","","1.0","","1","N","N","","0","","0","0","1","","2","Y","","3","0","0","0","0","0","0","2","0","3","","","","N","","","","","","","","","",""
"2013114203","","0","0","0","0","0","0","0","0","0","7","0","","02","11","2013","3","40.480678","-80.119939","","11","0","0","0","0","0","0","0","0","1","0","0","0","","","0","","0","","40 28:50.441","6","3","80 07:11.781","0","0","0","0","2126","0","0","0","N","0","0","0","1","02126","0","","2.0","","7","N","N","","0","","0","0","1","","0","N","","1","0","0","0","0","0","0","2","0","1","","","","N","","","","","","","","","",""
"2013112932","","2","0","0","0","0","0","0","0","0","99","0","","02","11","2013","6","40.411106","-80.012929","","11","0","0","0","0","0","1","0","0","2","0","0","0","","","0","","0","","40 24:39.980","4","0","80 00:46.544","0","0","0","0","2301","0","0","0","N","0","0","0","2","02301","0","","1.0","","1","N","N","","0","","0","0","0","","0","N","","2","0","0","0","0","0","0","2","0","2","","","","N","","","","","","","","","",""
"2013114422","","1","0","0","0","0","0","0","0","0","1","0","","02","11","2013","3","40.362366","-79.931995","","11","0","0","0","0","0","1","0","0","","0","0","0","","","1","","1","","40 21:44.516","","0","79 55:55.181","8","0","0","0","2473","0","0","0","N","0","0","0","2","02473","0","","1.0","","1","N","N","","0","","0","0","1","","2","","","2","1","0","0","0","1","0","2","0","2","","","","N","","","","","","","","","",""
"2013115079","","1","0","0","0","0","0","0","0","0","99","0","","02","11","2013","4","40.598919","-79.923215","","11","0","0","0","0","0","0","0","0","","0","0","0","","","0","","0","","40 35:56.107","","0","79 55:23.573","0","0","0","0","2207","0","0","0","N","0","0","0","1","68T02","0","","1.0","","1","N","N","","0","","0","0","0","","0","","","1","0","0","0","0","0","0","1","0","1","","","","N","","","","","","","","","",""
"2013113522","","2","0","0","0","0","0","0","0","0","1","0","","02","11","2013","7","40.439542","-79.965523","","11","0","0","0","0","1","0","0","0","3","0","0","0","","","0","","0","","40 26:22.351","5","0","79 57:55.882","0","0","0","0","2301","0","0","0","N","0","0","0","1","02301","0","","6.0","","1","N","N","","0","","0","0","0","","0","Y","","2","0","0","0","0","0","0","2","0","2","","","","N","","","","","","","","","",""
"2013114343","","2","0","0","0","0","0","0","0","0","1","0","","02","11","2013","4","40.343606","-79.970456","","11","0","0","0","0","0","0","0","1","","0","0","0","","","0","","0","","40 20:36.981","","0","79 58:13.643","0","0","0","0","2403","0","0","0","N","0","0","0","2","02403","0","","1.0","","9","N","N","","0","","0","0","0","","2","","","2","0","0","0","0","0","0","2","0","2","","","","N","","","","","","","","","",""
"2013115150","","1","0","0","0","0","0","0","0","0","1","0","","02","11","2013","2","40.489981","-79.905332","","11","1","0","1","0","0","0","0","0","","0","0","0","","","0","","0","","40 29:23.930","","0","79 54:19.194","0","0","0","0","2401","0","0","0","N","0","0","0","3","02401","0","","1.0","","1","N","N","","0","","0","0","2","","0","","","3","0","0","0","0","0","0","2","0","3","","","","N","","","","","","","","","",""
"2013112874","","2","0","0","0","0","0","0","0","0","5","0","","02","11","2013","2","40.479413","-79.95504","","11","0","0","0","0","0","0","0","0","","0","0","0","","","0","","0","","40 28:45.887","","0","79 57:18.144","0","0","0","0","2301","0","0","0","N","0","0","0","1","02301","0","","1.0","","1","N","N","","0","","0","0","0","","0","","","2","0","0","0","0","0","0","2","0","2","","","","N","","","","","","","","","",""
"2013112950","","1","0","0","0","0","0","0","0","0","7","0","","02","11","2013","2","40.479631","-79.966076","","11","0","0","0","0","0","0","0","0","1","0","0","0","","","0","","7","","40 28:46.672","2","2","79 57:57.873","0","0","0","0","2118","0","0","0","Y","0","0","0","1","02118","0","","7.0","","1","N","N","","0","","0","0","0","","0","N","","1","0","0","0","0","0","0","2","0","1","","","","N","","","","","","","","","",""
"2013113381","","1","0","0","0","0","0","0","0","0","1","0","","02","11","2013","6","40.421031","-79.927528","","11","0","0","0","0","0","0","0","0","","0","0","0","","","0","","2","","40 25:15.711","","0","79 55:39.100","0","0","0","0","2301","0","0","0","N","0","0","0","4","02301","0","","1.0","","1","N","N","","0","","0","0","1","","0","","","2","0","0","0","0","0","0","2","0","2","","","","N","","","","","","","","","",""
"2013115151","","0","0","0","0","0","0","0","0","0","1","0","","02","11","2013","6","40.348046","-79.850818","","11","0","0","0","0","0","0","0","0","","0","0","0","","","1","","2","","40 20:52.965","","0","79 51:02.944","8","0","0","0","2304","0","0","0","N","0","0","0","3","02304","0","","1.0","","1","N","N","","2","","0","0","0","","0","","","2","1","3","0","0","1","0","2","0","2","","","","N","","","","","","","","","",""
"2013114345","","1","0","0","0","0","0","1","0","0","1","1","","02","11","2013","4","40.358038","-79.852199","","11","0","0","0","0","0","0","0","0","2","0","0","0","","","2","","0","","40 21:28.938","2","0","79 51:07.917","4","0","0","0","2475","0","0","0","N","0","0","0","4","02503","2","","1.0","","2","N","N","","0","","0","0","0","","0","Y","","2","2","0","0","0","0","0","2","0","2","","","","N","","","","","","","","","",""
"2013114208","","1","0","0","0","0","0","0","0","0","1","0","","02","11","2013","3","40.455505","-79.966106","","11","0","0","0","0","0","0","0","0","","0","0","0","","","1","","0","","40 27:19.817","","0","79 57:57.983","8","0","0","0","2301","0","0","0","N","0","0","0","2","02301","0","","1.0","","9","N","N","","0","","0","0","1","","0","","","2","1","0","0","0","1","1","2","0","2","","","","N","","","","","","","","","",""
"2013114346","","2","0","0","0","0","0","0","0","0","1","0","","02","11","2013","4","40.486242","-80.043452","","11","0","0","0","0","0","1","0","0","2","0","0","0","","","0","","2","","40 29:10.471","2","0","80 02:36.427","0","0","0","0","2301","0","0","0","N","0","0","0","4","02301","0","","1.0","","2","N","N","","0","","0","0","2","","0","N","","4","0","0","0","0","0","0","2","0","4","","","","N","","","","","","","","","",""
"2013114347","","0","0","0","0","0","0","0","0","0","1","0","","02","11","2013","3","40.348099","-79.887145","","11","0","0","0","0","0","1","0","0","2","0","0","0","","","2","","0","","40 20:53.157","1","0","79 53:13.722","8","0","0","0","2423","0","0","0","N","0","0","0","2","02304","0","","1.0","","1","N","N","","0","","0","0","2","","0","N","","2","2","0","0","0","2","0","2","0","2","","","","N","","","","","","","","","",""
"2013112878","","1","0","0","0","0","0","0","0","0","7","0","","02","11","2013","7","40.45826","-79.902847","","11","0","0","0","0","0","0","0","0","","0","0","0","","","0","","0","","40 27:29.737","","0","79 54:10.250","9","0","0","0","2301","0","0","0","N","0","0","0","1","02301","0","","4.0","","1","N","N","","0","","0","0","0","","0","","","1","0","0","0","0","0","1","2","0","1","","","","N","","","","","","","","","",""
"2013113736","","1","0","0","0","0","0","0","0","0","1","0","","02","11","2013","3","40.401967","-80.000684","","11","0","0","0","0","0","0","0","0","","0","0","0","","","0","","1","","40 24:07.080","","0","80 00:02.464","0","0","0","0","2301","0","0","0","N","0","0","0","2","02301","0","","1.0","","9","N","N","","1","","0","0","0","","2","","","2","0","1","0","0","0","0","2","0","2","","","","N","","","","","","","","","",""
"2013114210","","1","0","0","0","0","0","0","0","0","7","0","","02","11","2013","4","40.514373","-80.153107","","11","0","0","0","0","0","0","0","0","","0","0","0","","","1","","1","","40 30:51.743","","3","80 09:11.186","8","0","0","0","2420","0","0","0","N","0","0","0","1","02420","0","","5.0","","7","N","N","","0","","0","0","0","","2","","","1","1","1","0","0","1","0","2","0","1","","","","N","","","","","","","","","",""
"2013115155","","4","0","0","0","0","0","0","0","0","4","0","","02","11","2013","6","40.3334","-79.842697","","11","0","0","0","0","0","0","0","0","","0","0","0","","","0","","1","","40 20:00.240","","0","79 50:33.709","0","0","0","0","2304","0","0","0","N","0","0","0","1","02304","0","","1.0","","1","N","N","","0","","0","0","0","","0","","","4","0","0","0","0","0","0","2","0","4","","","","N","","","","","","","","","",""
"2013115233","","1","0","0","0","0","0","0","0","0","7","0","","02","11","2013","5","40.369657","-79.850036","","11","0","0","0","0","0","0","0","1","","0","0","0","","","0","","0","","40 22:10.764","","0","79 51:00.128","0","0","0","0","2303","0","0","0","N","0","0","0","2","02303","0","","9.0","","1","N","N","","0","","0","0","0","","0","","","1","0","0","0","0","0","0","2","0","1","","","","N","","","","","","","","","",""
"2013114349","","0","0","0","0","0","0","0","0","0","5","1","","02","11","2013","4","40.48663","-79.890128","","11","0","0","0","0","0","0","0","0","","0","1","0","","","0","","0","","40 29:11.869","","7","79 53:24.462","0","0","0","0","2301","0","0","0","Y","0","0","0","2","02301","0","","1.0","","1","Y","N","","0","","0","0","1","","2","","","2","0","1","0","0","0","0","2","0","2","","","","N","","","","","","","","","",""
"2013115156","","1","0","0","0","0","0","0","0","0","7","0","","02","11","2013","4","40.403317","-80.091453","","11","0","0","0","0","0","0","0","0","","0","0","0","","","1","","1","","40 24:11.941","","0","80 05:29.230","4","0","0","0","2415","0","0","0","N","0","0","0","1","02415","1","","5.0","","1","N","N","","0","","0","0","0","","0","","","1","1","0","0","0","0","0","2","0","1","","","","N","","","","","","","","","",""
"2013112880","","1","0","0","0","0","0","0","0","0","7","0","","02","11","2013","7","40.330738","-79.892525","","11","0","0","0","0","1","0","0","0","","0","0","0","","","0","","0","","40 19:50.656","","0","79 53:33.089","9","0","0","0","2433","0","0","0","","0","0","0","1","02433","0","","2.0","","1","","","","0","","0","0","0","","0","","","1","0","0","0","0","0","1","2","0","1","","","","N","","","","","","","","","",""
"2013113671","","1","0","0","0","0","0","0","0","0","99","0","","02","11","2013","7","40.652288","-80.044216","","11","0","0","0","0","0","0","0","0","","0","0","0","","","0","","0","","40 39:08.235","","0","80 02:39.177","0","0","0","0","2216","0","0","0","N","0","0","0","1","68T02","0","","1.0","","1","N","N","","0","","0","0","0","","0","","","1","0","0","0","0","0","0","2","0","1","","","","N","","","","","","","","","",""
"2013112960","","1","0","0","0","0","0","0","0","0","7","0","","02","11","2013","5","40.653997","-80.0851","","11","0","0","0","0","0","0","0","0","","0","0","0","","","0","","2","","40 39:14.390","","0","80 05:06.360","0","0","0","0","2212","0","0","0","N","0","0","0","1","02505","0","","3.0","","9","N","N","","0","","0","0","0","","1","","","1","0","0","0","0","0","0","2","0","1","","","","N","","","","","","","","","",""
"2013115617","","1","0","0","1","0","0","0","0","0","8","0","","02","11","2013","6","40.438085","-79.957398","","11","0","0","0","0","0","0","0","0","","0","0","0","","","1","","0","","40 26:17.106","","0","79 57:26.632","8","0","0","0","2301","1","0","0","N","0","0","0","2","02301","0","","1.0","","1","N","N","","0","","0","0","0","","0","","","2","1","0","0","0","1","0","2","0","1","","","","N","","","","","","","","","",""
"2013114214","","1","0","0","0","0","0","0","0","0","4","0","","02","11","2013","1","40.426852","-79.971573","","11","0","0","0","0","0","0","0","0","1","0","0","0","","","0","","1","","40 25:36.667","2","0","79 58:17.662","0","0","0","0","2301","0","0","0","N","0","0","0","4","02301","0","","1.0","","1","N","N","","0","","0","0","1","","3","N","","2","0","0","0","0","0","0","2","0","2","","","","N","","","","","","","","","",""
"2013113517","","2","0","0","0","0","0","0","0","0","1","0","","02","11","2013","2","40.669171","-80.105613","","11","0","0","0","0","0","0","0","0","2","0","0","0","","","0","","0","","40 40:09.015","4","0","80 06:20.206","0","0","0","0","2212","0","0","0","N","0","0","0","2","02505","0","","1.0","","1","N","N","","0","","0","0","0","","0","N","","2","0","0","0","0","0","0","2","0","2","","","","N","","","","","","","","","",""
"2013114352","","2","0","0","0","0","0","0","0","0","7","0","","02","11","2013","4","40.399249","-79.877673","","11","0","0","0","1","0","0","0","0","1","0","0","0","","","2","","0","","40 23:57.296","1","0","79 52:39.623","4","0","0","0","2473","0","0","0","Y","0","0","0","2","02473","2","","2.0","","2","N","N","","0","","0","0","0","","0","Y","","2","2","0","0","0","0","0","2","0","2","","","","N","","","","","","","","","",""
"2013115160","","0","0","0","0","0","0","0","0","0","7","0","","02","11","2013","4","40.360319","-79.845355","","11","0","0","0","0","0","0","0","0","4","0","0","0","","","1","","3","","40 21:37.148","3","8","79 50:43.278","2","0","0","0","2303","0","0","0","N","0","0","0","2","02303","0","","2.0","","9","N","N","","0","","0","1","1","","3","Y","","1","1","1","0","1","0","0","2","0","1","","","","N","","","","","","","","","",""
"2013112884","","1","0","0","0","0","0","0","0","0","99","0","","02","11","2013","7","40.414099","-79.800778","","11","0","0","0","0","0","0","0","0","2","0","0","0","","","1","","0","","40 24:50.755","1","0","79 48:02.800","3","0","0","0","2446","0","0","0","N","0","0","0","1","02446","0","","1.0","","1","N","N","","0","","1","0","0","","0","Y","","1","1","0","0","0","0","0","2","0","1","","","","N","","","","","","","","","",""
"2013112962","","2","0","0","0","0","0","0","0","0","4","0","","02","11","2013","7","40.434066","-79.752824","","11","0","0","0","0","0","0","2","0","","0","0","0","","","1","","0","","40 26:02.638","","0","79 45:10.165","8","0","0","0","2446","0","0","0","N","0","0","0","2","02446","0","","1.0","","1","N","N","","0","","0","0","0","","0","","","2","1","0","0","0","1","0","2","0","2","","","","N","","","","","","","","","",""
"2013113742","","0","0","0","0","0","0","0","0","0","7","0","","02","11","2013","1","40.392829","-79.933104","","11","0","0","0","0","0","0","0","0","","0","0","0","","","0","","3","","40 23:34.184","","2","79 55:59.176","9","0","0","0","2301","0","0","0","N","0","0","0","1","02301","0","","2.0","","1","N","N","","0","","0","0","1","","0","","","1","0","0","0","0","0","1","2","0","1","","","","N","","","","","","","","","",""
"2013115621","","1","0","0","0","0","0","0","0","0","4","0","","02","11","2013","7","40.650339","-80.078889","","11","0","0","0","0","0","0","0","0","1","0","0","0","","","0","","1","","40 39:01.219","1","0","80 04:44.000","0","0","0","0","2212","0","0","0","N","0","0","0","3","02505","0","","1.0","","1","N","N","","1","","0","0","0","","2","N","","2","0","0","0","0","0","0","2","0","2","","","","N","","","","","","","","","",""
"2013114231","","0","0","0","0","0","0","0","0","0","7","0","","02","11","2013","4","40.448555","-80.013575","","11","0","0","0","0","0","1","0","0","","0","0","0","","","0","","0","","40 26:54.798","","3","80 00:48.871","0","0","0","0","2301","0","0","0","N","0","0","0","1","02301","0","","2.0","","2","N","N","","1","","0","0","0","","0","","","1","0","0","0","0","0","0","2","0","1","","","","N","","","","","","","","","",""
"2013115175","","0","0","0","0","0","0","0","0","0","0","1","","02","10","2013","5","40.43972","-80.008853","","11","0","0","0","0","0","1","0","0","3","0","1","0","","","1","","0","","40 26:22.992","4","2","80 00:31.871","4","0","0","0","2301","0","0","0","N","0","0","0","1","68B03","1","","1.0","","1","N","N","","0","","0","0","0","","0","N","","1","1","0","0","0","0","0","2","0","1","","","","N","","","","","","","","","",""
"2013114232","","0","0","0","0","0","0","0","0","0","7","0","","02","11","2013","4","40.448973","-80.020997","","11","0","0","0","0","0","0","0","0","","0","0","0","","","0","","0","","40 26:56.304","","0","80 01:15.589","0","0","0","0","2301","0","0","0","N","0","0","0","1","02301","0","","2.0","","2","N","N","","1","","0","0","0","","0","","","1","0","0","0","0","0","0","2","0","1","","","","N","","","","","","","","","",""
"2013115164","","1","0","0","0","0","0","0","0","0","5","0","","02","11","2013","5","40.372857","-80.048989","","11","0","0","0","0","0","0","0","0","1","0","0","0","","","0","","2","","40 22:22.285","1","0","80 02:56.360","0","0","0","0","2109","0","0","0","N","0","0","0","3","02109","0","","1.0","","1","N","N","","1","","0","0","0","","2","N","","2","0","0","0","0","0","0","2","0","2","","","","N","","","","","","","","","",""
"2013115176","","1","0","0","0","0","0","0","0","0","1","0","","02","11","2013","5","40.434188","-79.990844","","11","0","0","0","0","1","1","0","0","","0","0","0","","","0","","0","","40 26:03.077","","0","79 59:27.039","0","0","0","0","2301","0","0","0","N","0","0","0","2","68B03","0","","1.0","","1","N","N","","0","","0","0","1","","0","","","2","0","0","0","0","0","0","2","0","2","","","","N","","","","","","","","","",""
"2013114436","","1","0","0","0","0","0","0","0","0","7","0","","02","11","2013","3","40.42492","-79.952962","","11","0","0","0","0","0","0","0","0","","0","0","0","","","0","","5","","40 25:29.713","","1","79 57:10.664","0","0","0","0","2301","0","0","0","N","0","0","0","2","02301","0","","5.0","","9","N","N","","0","","0","0","0","","0","","","1","0","0","0","0","0","0","2","0","1","","","","N","","","","","","","","","",""