"CRN","ARRIVAL_TM","AUTOMOBILE_COUNT","BELTED_DEATH_COUNT","BELTED_SUSP_SERIOUS_INJ_COUNT","BICYCLE_COUNT","BICYCLE_DEATH_COUNT","BICYCLE_SUSP_SERIOUS_INJ_COUNT","BUS_COUNT","CHLDPAS_DEATH_COUNT","CHLDPAS_SUSP_SERIOUS_INJ_COUNT","COLLISION_TYPE","COMM_VEH_COUNT","CONS_ZONE_SPD_LIM","COUNTY","CRASH_MONTH","CRASH_YEAR","DAY_OF_WEEK","DEC_LATITUDE","DEC_LONGITUDE","DISPATCH_TM","DISTRICT","DRIVER_COUNT_16YR","DRIVER_COUNT_17YR","DRIVER_COUNT_18YR","DRIVER_COUNT_19YR","DRIVER_COUNT_20YR","DRIVER_COUNT_50_64YR","DRIVER_COUNT_65_74YR","DRIVER_COUNT_75PLUS","EST_HRS_CLOSED","FATAL_COUNT","HEAVY_TRUCK_COUNT","HORSE_BUGGY_COUNT","HOUR_OF_DAY","ILLUMINATION","INJURY_COUNT","INTERSECTION_RELATED","INTERSECT_TYPE","LANE_CLOSED","LATITUDE","LN_CLOSE_DIR","LOCATION_TYPE","LONGITUDE","MAX_SEVERITY_LEVEL","MCYCLE_DEATH_COUNT","MCYCLE_SUSP_SERIOUS_INJ_COUNT","MOTORCYCLE_COUNT","MUNICIPALITY","NONMOTR_COUNT","NONMOTR_DEATH_COUNT","NONMOTR_SUSP_SERIOUS_INJ_COUNT","NTFY_HIWY_MAINT","PED_COUNT","PED_DEATH_COUNT","PED_SUSP_SERIOUS_INJ_COUNT","PERSON_COUNT","POLICE_AGCY","POSSIBLE_INJ_COUNT","RDWY_SURF_TYPE_CD","RELATION_TO_ROAD","ROADWAY_CLEARED","ROAD_CONDITION","SCH_BUS_IND","SCH_ZONE_IND","SECONDARY_CRASH","SMALL_TRUCK_COUNT","SPEC_JURIS_CD","SUSP_MINOR_INJ_COUNT","SUSP_SERIOUS_INJ_COUNT","SUV_COUNT","TCD_FUNC_CD","TCD_TYPE","TFC_DETOUR_IND","TIME_OF_DAY","TOTAL_UNITS","TOT_INJ_COUNT","UNBELTED_OCC_COUNT","UNB_DEATH_COUNT","UNB_SUSP_SERIOUS_INJ_COUNT","UNK_INJ_DEG_COUNT","UNK_INJ_PER_COUNT","URBAN_RURAL","VAN_COUNT","VEHICLE_COUNT","WEATHER1","WEATHER2","WORKERS_PRES","WORK_ZONE_IND","WORK_ZONE_LOC","WORK_ZONE_TYPE","WZ_CLOSE_DETOUR","WZ_FLAGGER","WZ_LAW_OFFCR_IND","WZ_LN_CLOSURE","WZ_MOVING","WZ_OTHER","WZ_SHLDER_MDN","WZ_WORKERS_INJ_KILLED"
"2013114219","","1","0","0","0","0","0","0","0","0","7","0","","02","11","2013","4","40.423173","-80.101323","","11","0","0","0","0","0","0","0","0","","0","0","0","","","0","","0","","40 25:23.423","","2","80 06:04.764","0","0","0","0","2115","0","0","0","Y","0","0","0","1","02601","0","","2.0","","2","N","N","","0","","0","0","0","","0","","","1","0","0","0","0","0","0","2","0","1","","","","N","","","","","","","","","",""
"2013114358","","2","0","0","0","0","0","0","0","0","1","0","","02","11","2013","4","40.438406","-79.946761","","11","0","0","0","0","0","0","0","0","1","0","0","0","","","2","","0","","40 26:18.260","4","0","79 56:48.340","4","0","0","0","2301","0","0","0","N","0","0","0","4","02301","2","","1.0","","2","N","N","","0","","0","0","0","","0","Y","","2","2","0","0","0","0","0","2","0","2","","","","N","","","","","","","","","",""
"2013115177","","2","0","0","0","0","0","0","0","0","1","0","","02","11","2013","2","40.442783","-80.008877","","11","0","0","0","1","0","0","0","0","","0","0","0","","","0","","0","","40 26:34.018","","3","80 00:31.957","9","0","0","0","2301","0","0","0","N","0","0","0","2","68B03","0","","1.0","","9","N","N","","0","","0","0","0","","0","","","2","0","0","0","0","0","1","2","0","2","","","","N","","","","","","","","","",""
"2013112819","","0","0","0","0","0","0","0","0","0","5","0","","02","11","2013","6","40.461082","-79.869541","","11","0","0","0","0","0","0","0","0","","0","0","0","","","0","","1","","40 27:39.896","","0","79 52:10.349","0","0","0","0","2113","0","0","0","N","0","0","0","2","02113","0","","1.0","","1","N","N","","0","","0","0","2","","2","","","2","0","0","0","0","0","0","2","0","2","","","","N","","","","","","","","","",""
"2013114373","","0","0","0","0","0","0","0","0","0","1","2","","02","11","2013","4","40.537407","-79.837313","","11","0","0","0","0","0","1","0","0","3","0","2","0","","","0","","0","","40 32:14.664","2","0","79 50:14.326","0","0","0","0","2208","0","0","0","N","0","0","0","2","02208","0","","1.0","","1","N","N","","0","","0","0","0","","0","N","","2","0","0","0","0","0","0","2","0","2","","","","N","","","","","","","","","",""
"2013115098","","0","0","0","0","0","0","0","0","0","1","0","","02","11","2013","2","40.360485","-79.90769","","11","0","0","0","0","0","1","0","0","1","0","0","0","","","1","","2","","40 21:37.746","2","0","79 54:27.685","4","0","0","0","2473","0","0","0","N","0","0","0","2","02473","1","","1.0","","1","N","N","","2","","0","0","0","","2","Y","","2","1","0","0","0","0","0","2","0","2","","","","N","","","","","","","","","",""
"2013112820","","0","0","0","0","0","0","0","0","0","4","0","","02","11","2013","6","40.275707","-79.879692","","11","0","0","0","0","1","1","0","0","","0","0","0","","","0","","1","","40 16:32.544","","0","79 52:46.890","0","0","0","0","2428","0","0","0","N","0","0","0","5","02428","0","","1.0","","1","Y","N","","1","","0","0","0","","3","","","2","0","0","0","0","0","0","2","1","2","","","","N","","","","","","","","","",""
"2013114224","","1","0","0","0","0","0","0","0","0","7","0","","02","11","2013","4","40.463381","-80.032039","","11","0","0","0","0","0","0","0","0","1","0","0","0","","","0","","0","","40 27:48.170","1","3","80 01:55.342","0","0","0","0","2301","0","0","0","Y","0","0","0","1","02301","0","","2.0","","2","N","N","","0","","0","0","0","","0","N","","1","0","0","0","0","0","0","2","0","1","","","","N","","","","","","","","","",""
"2013114236","","1","0","0","0","0","0","0","0","0","99","0","","02","11","2013","3","40.372999","-80.034211","","11","0","0","0","0","0","1","0","0","","0","0","0","","","1","","0","","40 22:22.798","","0","80 02:03.161","4","0","0","0","2109","0","0","0","N","0","0","0","1","02109","1","","1.0","","1","N","N","","0","","0","0","0","","0","","","1","1","0","0","0","0","0","2","0","1","","","","N","","","","","","","","","",""
"2013114362","","1","0","0","0","0","0","0","0","0","2","0","","02","11","2013","4","40.443539","-80.030724","","11","0","0","0","0","0","0","2","0","","0","0","0","","","0","","2","","40 26:36.741","","2","80 01:50.605","0","0","0","0","2301","0","0","0","N","0","0","0","2","02301","0","","1.0","","1","N","N","","0","","0","0","1","","3","","","2","0","0","0","0","0","0","2","0","2","","","","N","","","","","","","","","",""
"2013115245","","2","0","0","0","0","0","0","0","0","4","0","","02","11","2013","5","40.373041","-80.099257","","11","0","0","0","0","0","0","0","0","1","0","0","0","","","0","","2","","40 22:22.946","3","2","80 05:57.324","0","0","0","0","2119","0","0","0","N","0","0","0","2","02119","0","","7.0","","1","N","N","","0","","0","0","0","","2","N","","2","0","0","0","0","0","0","2","0","2","","","","N","","","","","","","","","",""
"2013114225","","1","0","0","0","0","0","0","0","0","7","0","","02","11","2013","4","40.415782","-80.011105","","11","0","0","0","0","0","0","0","0","","0","0","0","","","0","","0","","40 24:56.815","","0","80 00:39.978","0","0","0","0","2301","0","0","0","N","0","0","0","1","02301","0","","4.0","","9","N","N","","0","","0","0","0","","0","","","1","0","0","0","0","0","0","2","0","1","","","","N","","","","","","","","","",""
"2013113541","","1","0","0","0","0","0","0","0","0","1","0","","02","11","2013","7","40.438664","-79.744184","","11","0","0","0","0","0","0","0","0","1","0","0","0","","","0","","0","","40 26:19.189","4","0","79 44:39.062","0","0","0","0","2446","0","0","0","N","0","0","0","5","02446","0","","1.0","","1","N","N","","0","","0","0","1","","0","N","","2","0","0","0","0","0","0","2","0","2","","","","N","","","","","","","","","",""
"2013114363","","2","0","0","0","0","0","0","0","0","7","0","","02","11","2013","4","40.38278","-79.879933","","11","0","0","0","0","0","0","0","0","","0","0","0","","","0","","0","","40 22:58.008","","0","79 52:47.757","0","0","0","0","2473","0","0","0","N","0","0","0","1","02473","0","","5.0","","2","N","N","","0","","0","0","0","","0","","","2","0","0","0","0","0","0","2","0","2","","","","N","","","","","","","","","",""
"2013114377","","1","0","0","0","0","0","0","0","0","7","0","","02","11","2013","4","40.460073","-79.924618","","11","0","0","0","0","1","0","0","0","","0","0","0","","","0","","1","","40 27:36.262","","0","79 55:28.624","0","0","0","0","2301","0","0","0","N","0","0","0","1","02301","0","","5.0","","2","N","N","","0","","0","0","0","","2","","","1","0","0","0","0","0","0","2","0","1","","","","N","","","","","","","","","",""
"2013115246","","2","0","0","0","0","0","0","0","0","1","0","","02","11","2013","6","40.434514","-79.92477","","11","0","0","0","0","0","0","0","1","","0","0","0","","","0","","2","","40 26:04.250","","7","79 55:29.172","0","0","0","0","2301","0","0","0","N","0","0","0","4","02301","0","","1.0","","1","N","N","","0","","0","0","0","","0","","","3","0","0","0","0","0","0","2","1","3","","","","N","","","","","","","","","",""
"2013114156","","1","0","0","0","0","0","0","0","0","99","0","","02","11","2013","6","40.428664","-79.741229","","11","0","0","0","0","0","0","0","0","","0","0","0","","","1","","0","","40 25:43.192","","0","79 44:28.424","4","0","0","0","2446","0","0","0","N","0","0","0","1","68T09","1","","1.0","","1","N","N","","0","","0","0","0","","0","","","1","1","0","0","0","0","0","2","0","1","","","","N","","","","","","","","","",""
"2013114364","","1","0","0","0","0","0","0","0","0","4","0","","02","11","2013","4","40.428117","-79.922397","","11","0","0","0","0","0","1","0","0","","0","0","0","","","0","","0","","40 25:41.221","","0","79 55:20.629","0","0","0","0","2301","0","0","0","N","0","0","0","1","02301","0","","1.0","","2","N","N","","0","","0","0","1","","0","","","2","0","0","0","0","0","0","2","0","2","","","","N","","","","","","","","","",""
"2013114378","","1","0","0","0","0","0","0","0","0","4","0","","02","11","2013","4","40.375464","-79.796798","","11","0","0","0","0","0","0","0","0","2","0","0","0","","","1","","2","","40 22:31.671","3","0","79 47:48.472","8","0","0","0","2111","0","0","0","N","0","0","0","2","02111","0","","1.0","","2","N","N","","0","","0","0","1","","2","N","","2","1","0","0","0","1","0","2","0","2","","","","N","","","","","","","","","",""
"2013112970","","1","0","0","0","0","0","0","0","0","7","0","","02","11","2013","7","40.452816","-79.825994","","11","0","0","0","0","0","0","0","0","1","0","0","0","","","0","","2","","40 27:10.139","2","0","79 49:33.579","0","0","0","0","2113","0","0","0","N","0","0","0","1","02113","0","","2.0","","1","N","N","","0","","0","0","0","","0","N","","2","0","0","0","0","0","0","2","0","1","","","","N","","","","","","","","","",""
"2013113750","","1","0","0","0","0","0","0","0","0","8","0","","02","11","2013","2","40.634441","-79.93977","","11","0","0","0","0","0","0","0","0","1","0","0","0","","","1","","0","","40 38:03.986","1","0","79 56:23.171","2","0","0","0","2217","1","0","1","N","1","0","1","2","02505","0","","1.0","","9","N","N","","0","","0","1","0","","0","N","","2","1","0","0","0","0","0","2","0","1","","","","N","","","","","","","","","",""
"2013114583","","1","0","0","0","0","0","0","0","0","7","0","","02","11","2013","1","40.513213","-79.91015","","11","1","0","0","0","0","0","0","0","2","0","0","0","","","0","","0","","40 30:47.567","2","0","79 54:36.541","0","0","0","0","2432","0","0","0","N","0","0","0","1","02432","0","","5.0","","9","N","N","","0","","0","0","0","","0","N","","1","0","0","0","0","0","0","2","0","1","","","","N","","","","","","","","","",""
"2013099675","2147","0","0","0","0","0","0","0","0","0","7","0","","02","10","2013","7","40.603767","-79.750094","2147","11","0","0","0","0","0","0","0","0","6","0","0","0","","","0","","0","","40 36:13.561","6","0","79 45:00.338","0","0","0","0","2464","0","0","0","N","0","0","0","1","02464","0","","5.0","","1","N","N","","0","","0","0","1","","0","N","","1","0","0","0","0","0","0","2","0","1","","","","N","","","","","","","","","",""
"2013100434","0910","2","0","0","0","0","0","0","0","0","1","0","","02","10","2013","3","40.477898","-79.96838","0905","11","0","0","0","0","0","1","0","0","1","0","0","0","","","0","","0","","40 28:40.433","2","0","79 58:06.169","0","0","0","0","2445","0","0","0","N","0","0","0","3","02445","0","","1.0","","1","N","N","","0","","0","0","0","","0","N","","2","0","0","0","0","0","0","2","0","2","","","","N","","","","","","","","","",""
"2013114584","0059","1","0","0","0","0","0","0","0","0","7","0","","02","11","2013","5","40.493675","-79.827263","0053","11","0","0","0","0","0","0","0","0","","0","0","0","","","1","","0","","40 29:37.230","","0","79 49:38.146","4","0","0","0","2113","0","0","0","N","0","0","0","1","02113","1","","5.0","","1","N","N","","0","","0","0","0","","0","","","1","1","0","0","0","0","0","2","0","1","","","","N","","","","","","","","","",""
"2013098031","1907","0","0","0","0","0","0","0","0","0","4","0","","02","9","2013","1","40.352524","-79.838462","1904","11","0","0","0","0","0","1","0","0","1","0","0","0","","","0","","3","","40 21:09.086","3","0","79 50:18.464","0","0","0","0","2304","0","0","0","N","0","0","0","4","02304","0","","1.0","","1","N","N","","0","","0","0","1","","0","N","","2","0","3","0","0","0","0","2","1","2","","","","N","","","","","","","","","",""
"2013112973","0730","2","0","0","0","0","0","0","0","0","2","0","","02","11","2013","5","40.44257","-80.042062","0730","11","0","0","0","0","0","0","0","0","","0","0","0","","","0","","0","","40 26:33.252","","0","80 02:31.423","0","0","0","0","2301","0","0","0","N","0","0","0","1","02301","0","","1.0","","9","N","N","","1","","0","0","0","","0","","","3","0","0","0","0","0","0","2","0","3","","","","N","","","","","","","","","",""
"2013100358","2325","1","0","0","0","0","0","0","0","0","7","0","","02","10","2013","3","40.433753","-79.946933","2318","11","0","0","0","1","0","0","0","0","2","0","0","0","","","0","","0","","40 26:01.510","1","0","79 56:48.960","0","0","0","0","2301","0","0","0","N","0","0","0","1","02301","0","","4.0","","1","N","N","","0","","0","0","0","","0","Y","","1","0","0","0","0","0","0","2","0","1","","","","N","","","","","","","","","",""
"2013098162","0015","1","0","0","0","0","0","0","0","0","7","0","","02","10","2013","5","40.474192","-80.015028","0012","11","0","0","0","0","0","0","0","0","2","0","0","0","","","0","","1","","40 28:27.091","1","0","80 00:54.099","0","0","0","0","2301","0","0","0","N","0","0","0","1","02301","0","","5.0","","1","N","N","","0","","0","0","0","","0","N","","1","0","0","0","0","0","0","2","0","1","","","","N","","","","","","","","","",""
"2013098927","0333","0","0","0","0","0","0","0","0","0","7","0","","02","10","2013","7","40.461635","-80.105956","0330","11","0","0","0","0","0","0","0","0","","0","0","0","","","0","","0","","40 27:41.887","","0","80 06:21.441","0","0","0","0","2126","0","0","0","N","0","0","0","1","02126","0","","5.0","","1","N","N","","0","","0","0","1","","0","","","1","0","0","0","0","0","0","2","0","1","","","","N","","","","","","","","","",""
"2013113754","1230","0","0","0","1","0","0","0","0","0","8","0","","02","11","2013","2","40.390651","-80.043917","1224","11","0","0","0","0","0","1","0","0","","0","0","0","","","1","","2","","40 23:26.344","","0","80 02:38.100","4","0","0","0","2422","1","0","0","N","0","0","0","3","02109","1","","1.0","","1","N","N","","0","","0","0","1","","3","","","2","1","0","0","0","0","0","2","0","1","","","","N","","","","","","","","","",""
"2013098033","0313","1","0","0","0","0","0","0","0","0","1","0","","02","8","2013","1","40.418659","-80.053798","0251","11","0","0","0","0","0","0","0","0","","0","0","0","","","4","","0","","40 25:07.173","","0","80 03:13.672","8","0","0","0","2435","0","0","0","N","0","0","0","5","68B03","0","","1.0","","1","N","N","","0","","0","0","1","","0","","","2","4","1","0","0","4","0","2","0","2","","","","N","","","","","","","","","",""
"2013099678","1707","0","0","0","0","0","0","0","0","0","4","0","","02","10","2013","2","40.417096","-80.025207","1643","11","0","0","0","0","0","2","0","0","3","0","0","0","","","0","","0","","40 25:01.545","5","0","80 01:30.746","0","0","0","0","2301","0","0","0","N","0","0","0","4","02301","0","","1.0","","1","N","N","","0","","0","0","2","","0","Y","","3","0","0","0","0","0","0","2","1","3","","","","N","","","","","","","","","",""
"2013098928","2226","2","0","0","0","0","0","0","0","0","4","0","","02","9","2013","5","40.313298","-79.938775","2224","11","0","0","0","0","0","0","0","0","","0","0","0","","","0","","1","","40 18:47.872","","0","79 56:19.590","0","0","0","0","2440","0","0","0","N","0","0","0","2","02440","0","","1.0","","1","N","N","","0","","0","0","0","","2","","","2","0","0","0","0","0","0","2","0","2","","","","N","","","","","","","","","",""
"2013098940","1313","0","0","0","0","0","0","0","0","0","1","0","","02","8","2013","6","40.444185","-79.841432","1257","11","0","0","0","0","0","0","0","0","2","0","0","0","","","4","","0","","40 26:39.065","3","0","79 50:29.155","4","0","0","0","2419","0","0","0","N","0","0","0","6","68B03","3","","1.0","","1","N","N","","1","","0","0","0","","0","N","","2","4","0","0","0","1","0","2","1","2","","","","N","","","","","","","","","",""
"2013115264","0959","2","0","0","0","0","0","0","0","0","99","0","","02","11","2013","5","40.331148","-79.799769","0959","11","0","0","0","0","0","1","0","0","","0","0","0","","","1","","0","","40 19:52.133","","0","79 47:59.169","8","0","0","0","2477","0","0","0","N","0","0","0","2","02477","0","","1.0","","1","N","N","","0","","0","0","0","","0","","","2","1","0","0","0","1","0","2","0","2","","","","N","","","","","","","","","",""
"2013113768","1448","1","0","0","0","0","0","0","0","0","1","0","","02","9","2013","5","40.444347","-79.841452","1400","11","0","0","0","0","0","1","0","0","","0","0","0","","","2","","0","","40 26:39.650","","0","79 50:29.227","8","0","0","0","2419","0","0","0","N","0","0","0","3","68B03","0","","1.0","","1","N","N","","0","","0","0","1","","0","","","3","2","0","0","0","2","0","2","1","3","","","","N","","","","","","","","","",""
"2013114587","2058","1","1","0","0","0","0","0","0","0","7","0","","02","11","2013","4","40.614136","-80.144235","2052","11","0","0","0","0","0","0","0","0","3","1","0","0","","","1","","2","","40 36:50.888","6","0","80 08:39.246","1","0","0","0","2481","0","0","0","N","0","0","0","2","02481","1","2","5.0","","1","N","N","","0","0","0","0","0","","3","Y","","1","1","1","0","0","0","0","1","0","1","","","","N","","","","","","","","","",""
"2013098034","0710","2","0","0","0","0","0","0","0","0","1","0","","02","10","2013","3","40.507073","-80.038391","0651","11","0","0","0","0","0","0","0","0","","0","0","0","","","0","","0","","40 30:25.463","","0","80 02:18.207","0","0","0","0","2116","0","0","0","N","0","0","0","2","68B03","0","","1.0","","1","N","N","","0","","0","0","0","","0","","","2","0","0","0","0","0","0","2","0","2","","","","N","","","","","","","","","",""
"2013100360","0643","0","0","0","0","0","0","0","0","0","0","0","","02","10","2013","3","40.420891","-79.848389","0642","11","0","0","0","0","0","0","0","0","","0","0","0","","","0","","1","","40 25:15.207","","0","79 50:54.200","0","0","0","0","2431","0","0","0","N","0","0","0","1","02431","0","","1.0","","1","N","N","","0","","0","0","1","","0","","","1","0","1","0","0","0","0","2","0","1","","","","N","","","","","","","","","",""
"2013099679","1725","2","0","0","0","0","0","0","0","0","5","0","","02","10","2013","2","40.407647","-79.943428","1720","11","0","0","0","0","0","0","0","0","","0","0","0","","","0","","0","","40 24:27.529","","0","79 56:36.341","0","0","0","0","2301","0","0","0","N","0","0","0","2","02301","0","","4.0","","1","N","N","","0","","0","0","0","","0","","","2","0","0","0","0","0","0","2","0","2","","","","N","","","","","","","","","",""
"2013100425","0210","1","0","0","0","0","0","0","0","0","7","0","","02","10","2013","2","40.501489","-79.787182","0202","11","0","0","0","0","0","0","0","0","1","0","0","0","","","1","","0","","40 30:05.359","3","0","79 47:13.855","3","0","0","0","2466","0","0","0","N","0","0","0","2","68T02","0","","2.0","","1","N","N","","0","","1","0","0","","0","N","","1","1","0","0","0","0","0","2","0","1","","","","N","","","","","","","","","",""
"2013098941","0735","1","0","0","0","0","0","0","0","0","7","0","","02","9","2013","7","40.436958","-79.864762","1712","11","0","0","0","0","0","0","0","0","","0","0","0","","","0","","0","","40 26:13.047","","0","79 51:53.142","0","0","0","0","2478","0","0","0","N","0","0","0","3","68B03","0","","3.0","","1","N","N","","0","","0","0","0","","0","","","1","0","0","0","0","0","0","2","0","1","","","","N","","","","","","","","","",""
"2013113769","0839","2","0","0","0","0","0","0","0","0","1","0","","02","11","2013","2","40.424028","-80.109162","0830","11","0","0","0","0","0","0","0","0","1","0","0","0","","","0","","0","","40 25:26.502","4","0","80 06:32.983","0","0","0","0","2102","0","0","0","N","0","0","0","3","68B03","0","","1.0","","1","N","N","","1","","0","0","0","","0","N","","3","0","0","0","0","0","0","2","0","3","","","","N","","","","","","","","","",""
"2013115334","1920","2","0","0","0","0","0","0","0","0","4","0","","02","11","2013","4","40.50096","-80.039795","1909","11","0","0","0","0","1","0","0","0","","0","0","0","","","0","","1","","40 30:03.456","","0","80 02:23.262","0","0","0","0","2116","0","0","0","N","0","0","0","3","02116","0","","1.0","","1","N","N","","0","","0","0","0","","3","","","2","0","0","0","0","0","0","2","0","2","","","","N","","","","","","","","","",""
"2013100426","0449","1","0","0","0","0","0","0","0","0","7","0","","02","10","2013","3","40.611266","-79.946395","0446","11","0","0","0","0","0","0","0","0","1","0","0","0","","","0","","0","","40 36:40.556","3","0","79 56:47.023","0","0","0","0","2207","0","0","0","N","0","0","0","1","68T02","0","","2.0","","1","N","N","","0","","0","0","0","","0","N","","1","0","0","0","0","0","0","2","0","1","","","","N","","","","","","","","","",""
"2013098942","1538","2","0","0","0","0","0","0","0","0","1","0","","02","10","2013","3","40.495965","-80.016457","1506","11","0","0","0","0","0","1","0","0","","0","0","0","","","0","","0","","40 29:45.475","","0","80 00:59.244","0","0","0","0","2116","0","0","0","N","0","0","0","2","68B03","0","","1.0","","1","N","N","","0","","0","0","0","","0","","","2","0","0","0","0","0","0","2","0","2","","","","N","","","","","","","","","",""
"2013114589","0700","1","0","0","0","0","0","0","0","0","6","0","","02","11","2013","4","40.489417","-79.926929","0654","11","0","0","0","0","0","1","0","0","","0","0","0","","","1","","0","","40 29:21.901","","0","79 55:36.944","8","0","0","0","2301","0","0","0","N","0","0","0","2","02301","0","","1.0","","2","N","N","","1","","0","0","0","","0","","","2","1","0","0","0","1","0","2","0","2","","","","N","","","","","","","","","",""
"2013099681","1422","0","0","0","0","0","0","0","0","0","1","0","","02","10","2013","1","40.621006","-79.728533","1422","11","0","0","0","0","0","1","0","0","","0","0","0","","","1","","1","","40 37:15.622","","0","79 43:42.720","4","0","0","0","2106","0","0","0","N","0","0","0","9","02106","1","","1.0","","1","N","N","","0","","0","0","2","","2","","","2","1","0","0","0","0","0","2","0","2","","","","N","","","","","","","","","",""
"2013098943","1845","3","0","0","0","0","0","0","0","0","1","0","","02","10","2013","3","40.411796","-80.076687","1836","11","0","0","0","0","0","2","0","0","","0","0","0","","","0","","0","","40 24:42.465","","0","80 04:36.072","0","0","0","0","2117","0","0","0","N","0","0","0","4","68B03","0","","1.0","","1","N","Y","","0","","0","0","0","","0","","","3","0","0","0","0","0","0","2","0","3","","","","N","","","","","","","","","",""
"2013112991","1313","1","0","0","0","0","0","0","0","0","7","0","","02","11","2013","6","40.545413","-79.855384","1309","11","0","0","0","0","0","0","1","0","3","0","0","0","","","1","","0","","40 32:43.487","4","0","79 51:19.381","8","0","0","0","2208","0","0","0","N","0","0","0","1","02208","0","","5.0","","1","N","N","","0","","0","0","0","","0","N","","1","1","0","0","0","1","0","2","0","1","","","","N","","","","","","","","","",""
"2013113832","1350","2","0","0","0","0","0","0","0","0","1","0","","02","11","2013","5","40.344709","-79.961391","1346","11","0","0","0","0","0","1","0","1","1","0","0","0","","","2","","0","","40 20:40.951","3","0","79 57:41.007","8","0","0","0","2473","0","0","0","N","0","0","0","4","02473","0","","1.0","","9","N","N","","1","","0","0","1","","0","N","","4","2","0","0","0","2","0","2","0","4","","","","N","","","","","","","","","",""
"2013100365","2010","1","0","0","0","0","0","0","0","0","1","0","","02","9","2013","2","40.450319","-79.725024","2000","11","0","0","0","0","1","0","0","0","","0","0","0","","","0","","0","","40 27:01.149","","0","79 43:30.087","0","0","0","0","2446","0","0","0","N","0","0","0","3","02446","0","","1.0","","1","N","N","","0","","0","0","1","","0","","","2","0","0","0","0","0","0","2","0","2","","","","N","","","","","","","","","",""
"2013099682","0128","1","0","0","0","0","0","0","0","0","7","0","","02","10","2013","6","40.58707","-80.036691","0124","11","0","0","0","0","0","0","0","0","1","0","0","0","","","0","","0","","40 35:13.451","5","0","80 02:12.087","9","0","0","0","2108","0","0","0","N","0","0","0","1","02108","0","","5.0","","9","N","N","","0","","0","0","0","","0","Y","","1","0","0","0","0","0","1","2","0","1","","","","N","","","","","","","","","",""
"2013098944","1625","1","0","0","0","0","0","0","0","0","1","0","","02","10","2013","5","40.425642","-79.903542","1557","11","0","0","0","0","0","0","0","0","1","0","0","0","","","1","","0","","40 25:32.312","3","0","79 54:12.751","4","0","0","0","2301","0","0","0","N","0","0","0","3","68B03","1","","1.0","","1","N","N","","0","","0","0","0","","0","N","","2","1","0","0","0","0","1","2","0","2","","","","N","","","","","","","","","",""
"2013114524","1528","1","0","0","0","0","0","0","0","0","4","0","","02","11","2013","4","40.431664","-79.958734","1517","11","0","0","0","0","0","0","0","0","","0","0","0","","","0","","2","","40 25:53.989","","0","79 57:31.444","0","0","0","0","2301","0","0","0","N","0","0","0","3","02301","0","","1.0","","1","N","N","","1","","0","0","0","","3","","","2","0","0","0","0","0","0","2","0","2","","","","N","","","","","","","","","",""
"2013113833","0747","2","0","0","0","0","0","0","0","0","1","0","","02","11","2013","6","40.476627","-79.969447","0747","11","0","0","0","1","0","0","0","0","","0","0","0","","","0","","0","","40 28:35.858","","0","79 58:10.009","0","0","0","0","2445","0","0","0","N","0","0","0","2","02445","0","","1.0","","1","N","N","","0","","0","0","0","","0","","","2","0","0","0","0","0","0","2","0","2","","","","N","","","","","","","","","",""
"2013098734","1610","2","0","0","0","0","0","0","0","0","2","0","","02","9","2013","6","40.452349","-79.983949","1600","11","0","0","0","0","0","0","0","0","","0","0","0","","","0","","1","","40 27:08.456","","0","79 59:02.216","0","0","0","0","2301","0","0","0","N","0","0","0","2","02301","0","","1.0","","1","N","N","","0","","0","0","0","","3","","","2","0","0","0","0","0","0","2","0","2","","","","N","","","","","","","","","",""
"2013099683","1202","2","0","0","0","0","0","0","0","0","1","0","","02","10","2013","7","40.572019","-80.016386","1155","11","0","0","0","0","0","2","0","0","","0","0","0","","","0","","1","","40 34:19.267","","0","80 00:58.989","0","0","0","0","2108","0","0","0","N","0","0","0","3","02108","0","","1.0","","1","N","N","","0","","0","0","0","","2","","","2","0","1","0","0","0","0","2","0","2","","","","N","","","","","","","","","",""
"2013100429","0655","1","0","0","0","0","0","0","0","0","2","0","","02","10","2013","3","40.402908","-79.9782","0645","11","0","0","0","0","0","1","0","0","1","0","0","0","","","2","","0","","40 24:10.470","5","0","79 58:41.520","8","0","0","0","2301","0","0","0","N","0","0","0","2","02301","0","","1.0","","1","N","N","","0","","0","0","1","","0","N","","2","2","0","0","0","2","0","2","0","2","","","","N","","","","","","","","","",""
"2013098878","1840","1","0","0","0","0","0","0","0","0","7","0","","02","10","2013","6","40.393538","-79.934478","1830","11","0","0","0","0","0","0","0","0","1","0","0","0","","","0","","3","","40 23:36.735","3","2","79 56:04.122","0","0","0","0","2301","0","0","0","N","0","0","0","1","02301","0","","2.0","","9","N","N","","0","","0","0","0","","0","N","","1","0","0","0","0","0","0","2","0","1","","","","N","","","","","","","","","",""
"2013098181","2114","2","0","0","0","0","0","0","0","0","1","0","","02","10","2013","4","40.334544","-79.98516","2110","11","0","0","0","0","0","0","0","0","2","0","0","0","","","0","","0","","40 20:04.358","5","0","79 59:06.576","0","0","0","0","2403","0","0","0","N","0","0","0","1","02403","0","","2.0","","1","N","N","","2","","0","0","0","","0","Y","","4","0","1","0","0","0","0","2","0","4","","","","N","","","","","","","","","",""
"2013098945","2117","0","0","0","0","0","0","0","0","0","4","0","","02","10","2013","5","40.425642","-79.903542","2101","11","0","0","0","0","0","0","0","0","","0","0","0","","","0","","0","","40 25:32.312","","0","79 54:12.751","9","0","0","0","2301","0","0","0","N","0","0","0","2","68B03","0","","1.0","","9","N","N","","0","","0","0","1","","0","","","2","0","0","0","0","0","1","2","0","2","","","","N","","","","","","","","","",""