"CRN","ARRIVAL_TM","AUTOMOBILE_COUNT","BELTED_DEATH_COUNT","BELTED_SUSP_SERIOUS_INJ_COUNT","BICYCLE_COUNT","BICYCLE_DEATH_COUNT","BICYCLE_SUSP_SERIOUS_INJ_COUNT","BUS_COUNT","CHLDPAS_DEATH_COUNT","CHLDPAS_SUSP_SERIOUS_INJ_COUNT","COLLISION_TYPE","COMM_VEH_COUNT","CONS_ZONE_SPD_LIM","COUNTY","CRASH_MONTH","CRASH_YEAR","DAY_OF_WEEK","DEC_LATITUDE","DEC_LONGITUDE","DISPATCH_TM","DISTRICT","DRIVER_COUNT_16YR","DRIVER_COUNT_17YR","DRIVER_COUNT_18YR","DRIVER_COUNT_19YR","DRIVER_COUNT_20YR","DRIVER_COUNT_50_64YR","DRIVER_COUNT_65_74YR","DRIVER_COUNT_75PLUS","EST_HRS_CLOSED","FATAL_COUNT","HEAVY_TRUCK_COUNT","HORSE_BUGGY_COUNT","HOUR_OF_DAY","ILLUMINATION","INJURY_COUNT","INTERSECTION_RELATED","INTERSECT_TYPE","LANE_CLOSED","LATITUDE","LN_CLOSE_DIR","LOCATION_TYPE","LONGITUDE","MAX_SEVERITY_LEVEL","MCYCLE_DEATH_COUNT","MCYCLE_SUSP_SERIOUS_INJ_COUNT","MOTORCYCLE_COUNT","MUNICIPALITY","NONMOTR_COUNT","NONMOTR_DEATH_COUNT","NONMOTR_SUSP_SERIOUS_INJ_COUNT","NTFY_HIWY_MAINT","PED_COUNT","PED_DEATH_COUNT","PED_SUSP_SERIOUS_INJ_COUNT","PERSON_COUNT","POLICE_AGCY","POSSIBLE_INJ_COUNT","RDWY_SURF_TYPE_CD","RELATION_TO_ROAD","ROADWAY_CLEARED","ROAD_CONDITION","SCH_BUS_IND","SCH_ZONE_IND","SECONDARY_CRASH","SMALL_TRUCK_COUNT","SPEC_JURIS_CD","SUSP_MINOR_INJ_COUNT","SUSP_SERIOUS_INJ_COUNT","SUV_COUNT","TCD_FUNC_CD","TCD_TYPE","TFC_DETOUR_IND","TIME_OF_DAY","TOTAL_UNITS","TOT_INJ_COUNT","UNBELTED_OCC_COUNT","UNB_DEATH_COUNT","UNB_SUSP_SERIOUS_INJ_COUNT","UNK_INJ_DEG_COUNT","UNK_INJ_PER_COUNT","URBAN_RURAL","VAN_COUNT","VEHICLE_COUNT","WEATHER1","WEATHER2","WORKERS_PRES","WORK_ZONE_IND","WORK_ZONE_LOC","WORK_ZONE_TYPE","WZ_CLOSE_DETOUR","WZ_FLAGGER","WZ_LAW_OFFCR_IND","WZ_LN_CLOSURE","WZ_MOVING","WZ_OTHER","WZ_SHLDER_MDN","WZ_WORKERS_INJ_KILLED"
"2013099048","1305","2","0","0","0","0","0","0","0","0","4","0","","02","10","2013","4","40.519022","-80.004941","1300","11","0","0","0","0","0","0","0","0","1","0","0","0","","","1","","0","","40 31:08.479","2","7","80 00:17.788","4","0","0","0","2116","0","0","0","N","0","0","0","4","02116","1","","1.0","","1","N","N","","0","","0","0","0","","2","N","","2","1","1","0","0","0","0","2","0","2","","","","N","","","","","","","","","",""
"2013099922","1241","0","0","0","0","0","0","0","0","0","7","0","","02","10","2013","7","40.492666","-80.273799","1234","11","0","0","0","0","0","0","0","0","","0","0","0","","","1","","0","","40 29:33.599","","0","80 16:25.677","4","0","0","0","2203","0","0","0","Y","0","0","0","1","68B03","1","","3.0","","1","N","N","","0","","0","0","1","","0","","","1","1","0","0","0","0","0","2","0","1","","","","N","","","","","","","","","",""
"2013099273","0835","1","0","0","0","0","0","0","0","0","4","0","","02","10","2013","5","40.383934","-79.991444","0815","11","0","0","0","0","0","2","0","0","","0","0","0","","","0","","0","","40 23:02.162","","7","79 59:29.198","0","0","0","0","2301","0","0","0","N","0","0","0","2","02301","0","","1.0","","1","N","N","","0","","0","0","0","","0","","","2","0","0","0","0","0","0","2","1","2","","","","N","","","","","","","","","",""
"2013099345","1859","1","0","0","0","0","0","0","0","0","7","0","","02","10","2013","3","40.497599","-79.866401","1836","11","0","0","0","0","1","0","0","0","3","0","0","0","","","1","","0","","40 29:51.358","2","0","79 51:59.042","3","0","0","0","2112","0","0","0","Y","0","0","0","1","68D02","0","","4.0","","1","N","N","","0","","1","0","0","","0","N","","1","1","1","0","0","0","0","2","0","1","","","","N","","","","","","","","","",""
"2013099050","1327","1","0","0","0","0","0","0","0","0","4","0","","02","10","2013","6","40.372939","-79.792797","1323","11","0","0","0","1","0","0","0","0","2","0","0","0","","","0","","2","","40 22:22.582","6","0","79 47:34.069","0","0","0","0","2111","0","0","0","N","0","0","0","2","02111","0","","1.0","","1","N","N","","0","","0","0","1","","3","N","","2","0","0","0","0","0","0","2","0","2","","","","N","","","","","","","","","",""
"2013099191","1946","1","0","0","0","0","0","0","0","0","5","0","","02","10","2013","7","40.413371","-79.845114","1944","11","0","0","0","0","0","2","0","0","","0","0","0","","","2","","0","","40 24:48.135","","0","79 50:42.412","8","0","0","0","2431","0","0","0","N","0","0","0","6","02431","0","","1.0","","9","N","N","","0","","0","0","0","","0","","","2","2","0","0","0","2","0","2","1","2","","","","N","","","","","","","","","",""
"2013097661","1642","2","0","0","0","0","0","0","0","0","4","0","","02","9","2013","3","40.274325","-79.947442","1637","11","0","0","0","0","0","0","0","0","2","0","0","0","","","0","","2","","40 16:27.570","4","0","79 56:50.792","0","0","0","0","2440","0","0","0","N","0","0","0","3","02440","0","","1.0","","1","N","N","","0","","0","0","0","","3","N","","2","0","0","0","0","0","0","1","0","2","","","","N","","","","","","","","","",""
"2013097807","0117","0","0","0","0","0","0","0","0","0","7","0","","02","10","2013","4","40.452396","-79.93456","0110","11","0","0","0","0","0","0","0","0","2","0","0","0","","","0","","0","","40 27:08.627","1","0","79 56:04.415","9","0","0","0","2301","0","0","0","N","0","0","0","1","02301","0","","2.0","","1","N","N","","0","","0","0","1","","0","Y","","1","0","0","0","0","0","1","2","0","1","","","","N","","","","","","","","","",""
"2013099862","2256","0","0","0","0","0","0","0","0","0","99","0","","02","10","2013","2","40.386838","-79.827416","2253","11","0","0","0","0","0","0","0","0","1","0","0","0","","","2","","2","","40 23:12.618","4","0","79 49:38.697","3","0","0","1","2111","0","0","0","N","0","0","0","2","02111","0","","1.0","","1","N","N","","0","","1","0","0","","0","N","","1","2","0","0","0","1","0","2","0","1","","","","N","","","","","","","","","",""
"2013099053","0607","0","0","0","0","0","0","0","0","0","7","0","","02","10","2013","7","40.401207","-80.018389","0606","11","0","0","1","0","0","0","0","0","1","0","0","0","","","2","","0","","40 24:04.345","5","0","80 01:06.200","2","0","0","0","2301","0","0","0","N","0","0","0","2","02301","1","","2.0","","1","N","N","","0","","0","1","1","","0","Y","","1","2","1","0","1","0","0","2","0","1","","","","N","","","","","","","","","",""
"2013099194","1720","1","0","0","0","0","0","0","0","0","7","0","","02","10","2013","7","40.659459","-79.965969","1710","11","0","0","0","1","0","0","0","0","","0","0","0","","","0","","0","","40 39:34.052","","0","79 57:57.488","0","0","0","0","2217","0","0","0","N","0","0","0","1","02505","0","","5.0","","9","N","N","","0","","0","0","0","","0","","","1","0","0","0","0","0","0","2","0","1","","","","N","","","","","","","","","",""
"2013097664","1601","1","0","0","0","0","0","0","0","0","7","0","","02","10","2013","3","40.47836","-80.027896","1601","11","0","0","0","0","0","0","0","0","","0","0","0","","","1","","2","","40 28:42.096","","0","80 01:40.425","8","0","0","0","2301","0","0","0","N","0","0","0","1","02301","0","","4.0","","1","N","N","","0","","0","0","0","","0","","","1","1","0","0","0","1","0","2","0","1","","","","N","","","","","","","","","",""
"2013099280","0806","2","0","0","0","0","0","0","0","0","1","0","","02","9","2013","2","40.50422","-80.061516","0804","11","0","1","0","0","0","1","0","0","","0","0","0","","","1","","0","","40 30:15.192","","0","80 03:41.458","4","0","0","0","2404","0","0","0","N","0","0","0","5","02404","1","","1.0","","1","N","N","","0","","0","0","0","","0","","","2","1","0","0","0","0","0","2","0","2","","","","N","","","","","","","","","",""
"2013097810","0409","0","0","0","0","0","0","0","0","0","7","0","","02","7","2013","6","40.394895","-79.83822","0409","11","0","0","0","0","0","0","0","0","","0","0","0","","","1","","2","","40 23:41.623","","2","79 50:17.593","4","0","0","0","2425","0","0","0","N","0","0","0","1","02425","1","","5.0","","1","N","N","","0","","0","0","1","","3","","","1","1","0","0","0","0","0","2","0","1","","","","N","","","","","","","","","",""
"2013098287","0915","3","0","0","0","0","0","0","0","0","5","0","","02","10","2013","5","40.424325","-79.92713","0907","11","0","0","0","0","0","0","0","0","","0","0","0","","","0","","0","","40 25:27.570","","0","79 55:37.668","0","0","0","0","2301","0","0","0","N","0","0","0","1","02301","0","","1.0","","1","N","N","","0","","0","0","0","","0","","","3","0","0","0","0","0","0","2","0","3","","","","N","","","","","","","","","",""
"2013099055","1026","2","0","0","0","0","0","0","0","0","1","0","","02","10","2013","7","40.615681","-80.094185","1020","11","0","0","0","0","0","1","0","0","","0","0","0","","","0","","1","","40 36:56.450","","3","80 05:39.065","0","0","0","0","2481","0","0","0","N","0","0","0","7","02481","0","","1.0","","1","N","N","","0","","0","0","1","","2","","","3","0","3","0","0","0","0","2","0","3","","","","N","","","","","","","","","",""
"2013100533","2302","2","0","0","0","0","0","0","0","0","6","0","","02","10","2013","3","40.425433","-79.964543","2257","11","0","0","0","0","0","0","0","0","","0","0","0","","","1","","2","","40 25:31.558","","0","79 57:52.354","4","0","0","0","2301","0","0","0","N","0","0","0","3","02301","1","","1.0","","1","N","N","","0","","0","0","0","","2","","","2","1","0","0","0","0","0","2","0","2","","","","N","","","","","","","","","",""
"2013099880","0704","1","0","0","0","0","0","0","0","0","4","0","","02","10","2013","2","40.446198","-80.00983","0659","11","0","0","0","0","0","0","0","0","","0","0","0","","","0","","2","","40 26:46.313","","0","80 00:35.389","0","0","0","0","2301","0","0","0","N","0","0","0","2","02301","0","","1.0","","9","N","N","","1","","0","0","0","","0","","","2","0","0","0","0","0","0","2","0","2","","","","N","","","","","","","","","",""
"2013097589","1137","0","0","0","0","0","0","0","0","0","1","0","","02","9","2013","5","40.48726","-79.884948","1135","11","0","0","0","0","0","1","0","0","","0","0","0","","","0","","0","","40 29:14.137","","0","79 53:05.812","0","0","0","0","2301","0","0","0","N","0","0","0","2","02301","0","","1.0","","1","N","N","","0","","0","0","2","","0","","","2","0","0","0","0","0","0","2","0","2","","","","N","","","","","","","","","",""
"2013097666","1530","1","0","0","0","0","0","0","0","0","5","0","","02","10","2013","3","40.336548","-79.86666","1530","11","0","0","0","0","0","0","0","0","2","0","0","0","","","0","","2","","40 20:11.572","7","0","79 51:59.976","0","0","0","0","2455","0","0","0","N","0","0","0","1","02455","0","","1.0","","1","N","N","","0","","0","0","1","","0","Y","","2","0","0","0","0","0","0","2","0","2","","","","N","","","","","","","","","",""
"2013099058","2342","1","0","0","0","0","0","0","0","0","4","0","","02","10","2013","6","40.438944","-80.072874","2342","11","0","0","0","0","0","0","0","0","1","0","0","0","","","2","","2","","40 26:20.200","6","0","80 04:22.348","4","0","0","0","2421","0","0","0","N","0","0","0","2","02421","2","","1.0","","1","N","N","","0","","0","0","0","","2","Y","","2","2","0","0","0","0","0","2","1","2","","","","N","","","","","","","","","",""
"2013097669","1535","2","0","0","0","0","0","0","0","0","4","0","","02","10","2013","3","40.424118","-79.936945","1532","11","0","0","0","0","0","0","1","0","","0","0","0","","","0","","0","","40 25:26.824","","0","79 56:13.002","0","0","0","0","2301","0","0","0","N","0","0","0","2","02301","0","","1.0","","1","N","N","","0","","0","0","0","","3","","","2","0","0","0","0","0","0","2","0","2","","","","N","","","","","","","","","",""
"2013100084","1210","2","0","0","0","0","0","0","0","0","4","0","","02","10","2013","3","40.497387","-79.870038","1205","11","0","0","0","1","0","0","0","0","","0","0","0","","","0","","1","","40 29:50.593","","0","79 52:12.136","0","0","0","0","2112","0","0","0","N","0","0","0","3","02112","0","","1.0","","1","N","N","","0","","0","0","0","","2","","","2","0","0","0","0","0","0","2","0","2","","","","N","","","","","","","","","",""
"2013099869","0634","1","0","0","0","0","0","0","0","0","8","0","","02","10","2013","2","40.488461","-80.057303","0631","11","0","0","0","0","0","1","0","0","1","0","0","0","","","1","","0","","40 29:18.459","2","0","80 03:26.290","2","0","0","0","2404","1","0","1","N","1","0","1","2","02404","0","","1.0","","9","N","N","","0","","0","1","0","","0","N","","2","1","0","0","0","0","0","2","0","1","","","","N","","","","","","","","","",""
"2013100008","1048","1","0","0","0","0","0","1","0","0","4","1","","02","10","2013","6","40.446152","-79.997225","1044","11","0","0","0","0","0","1","0","0","","0","0","0","","","0","","2","","40 26:46.147","","1","79 59:50.009","0","0","0","0","2301","0","0","0","N","0","0","0","2","02503","0","","1.0","","1","N","N","","0","","0","0","0","","2","","","2","0","0","0","0","0","0","2","0","2","","","","N","","","","","","","","","",""
"2013098569","2034","1","0","0","0","0","0","0","0","0","4","0","","02","10","2013","5","40.641889","-79.939486","2033","11","0","0","0","0","0","1","0","0","1","0","0","0","","","0","","0","","40 38:30.800","4","7","79 56:22.150","0","0","0","0","2217","0","0","0","N","0","0","0","2","02505","0","","1.0","","9","N","N","","0","","0","0","1","","3","N","","2","0","0","0","0","0","0","2","0","2","","","","N","","","","","","","","","",""
"2013099073","1445","0","0","0","0","0","0","0","0","0","7","0","","02","10","2013","7","40.466162","-79.952248","1440","11","0","0","0","0","0","0","0","0","1","0","0","0","","","0","","5","","40 27:58.183","2","0","79 57:08.092","0","0","0","0","2301","0","0","0","N","0","0","0","1","02301","0","","5.0","","1","N","N","","0","","0","0","1","","3","N","","1","0","0","0","0","0","0","2","0","1","","","","N","","","","","","","","","",""
"2013098570","2024","1","0","0","0","0","0","0","0","0","7","0","","02","9","2013","7","40.463586","-79.952975","2012","11","0","0","0","0","0","0","0","0","","0","0","0","","","0","","1","","40 27:48.909","","3","79 57:10.710","0","0","0","0","2301","0","0","0","N","0","0","0","2","02301","0","","4.0","","1","N","N","","0","","0","0","0","","2","","","2","0","0","0","0","0","0","2","0","1","","","","N","","","","","","","","","",""
"2013099807","1745","2","0","0","0","0","0","0","0","0","4","0","","02","10","2013","2","40.391074","-79.996683","1736","11","0","0","0","0","0","2","0","0","1","0","0","0","","","1","","0","","40 23:27.866","1","0","79 59:48.057","4","0","0","0","2301","0","0","0","N","0","0","0","2","02301","1","","1.0","","1","N","N","","0","","0","0","0","","0","N","","2","1","0","0","0","0","0","2","0","2","","","","N","","","","","","","","","",""
"2013099075","1723","2","0","1","0","0","0","0","0","0","6","0","","02","10","2013","6","40.641245","-80.008956","1720","11","0","0","0","1","1","0","0","0","3","0","0","0","","","1","","0","","40 38:28.483","5","0","80 00:32.240","2","0","0","0","2216","0","0","0","N","0","0","0","4","02505","0","","1.0","","1","N","N","","0","","0","1","0","","0","Y","","2","1","1","0","0","0","0","1","0","2","","","","N","","","","","","","","","",""
"2013099289","1240","1","0","0","0","0","0","0","0","0","1","0","","02","10","2013","1","40.541096","-79.801359","1235","11","0","0","0","0","0","1","0","1","1","0","0","0","","","1","","1","","40 32:27.947","3","0","79 48:04.893","3","0","0","1","2418","0","0","0","N","0","0","0","2","02418","0","","1.0","","1","N","N","","0","","1","0","0","","0","N","","2","1","0","0","0","0","0","2","0","2","","","","N","","","","","","","","","",""
"2013097675","1559","2","0","0","0","0","0","0","0","0","1","0","","02","8","2013","6","40.336408","-80.048376","1554","11","0","0","0","0","0","0","0","0","1","0","0","0","","","0","","0","","40 20:11.068","4","0","80 02:54.153","9","0","0","0","2407","0","0","0","N","0","0","0","2","02407","0","","1.0","","1","N","N","","0","","0","0","0","","0","N","","2","0","0","0","0","0","1","2","0","2","","","","N","","","","","","","","","",""
"2013099219","0249","1","0","0","0","0","0","0","0","0","1","0","90","02","10","2013","1","40.482121","-80.047136","0249","11","0","0","0","0","0","0","0","0","2","0","0","0","","","0","","0","","40 28:55.636","1","0","80 02:49.688","9","0","0","0","2301","0","0","0","N","0","0","0","2","02301","0","","1.0","","1","N","N","","0","","0","0","1","","7","N","","2","0","0","0","0","0","1","2","0","2","","","Y","Y","4","1","","Y","N","Y","","","",""
"2013099064","1315","2","0","0","0","0","0","0","0","0","4","0","","02","10","2013","7","40.439895","-79.919587","1301","11","0","0","0","0","0","1","0","0","","0","0","0","","","0","","0","","40 26:23.622","","0","79 55:10.513","0","0","0","0","2301","0","0","0","N","0","0","0","4","02301","0","","1.0","","1","N","N","","0","","0","0","0","","0","","","2","0","0","0","0","0","0","2","0","2","","","","N","","","","","","","","","",""
"2013099888","1943","1","0","0","0","0","0","0","0","0","4","0","","02","10","2013","6","40.480336","-79.70524","1940","11","0","0","1","0","0","0","1","0","","0","0","0","","","0","","0","","40 28:49.208","","0","79 42:18.864","0","0","0","0","2466","0","0","0","N","0","0","0","3","02466","0","","1.0","","9","N","N","","0","","0","0","1","","0","","","2","0","0","0","0","0","0","2","0","2","","","","N","","","","","","","","","",""
"2013099291","1337","2","0","0","0","0","0","1","0","0","1","1","","02","10","2013","1","40.5034","-80.025118","1333","11","0","0","0","0","0","0","1","0","1","0","0","0","","","1","","1","","40 30:12.241","1","0","80 01:30.426","4","0","0","0","2116","0","0","0","N","0","0","0","4","02116","1","","1.0","","1","N","N","","0","","0","0","0","","2","N","","3","1","0","0","0","0","0","2","0","3","","","","N","","","","","","","","","",""
"2013099374","1925","1","0","0","0","0","0","0","0","0","8","0","","02","10","2013","5","40.437158","-79.775497","1924","11","0","0","0","0","0","0","0","0","3","1","0","0","","","0","","0","","40 26:13.770","6","0","79 46:31.790","1","0","0","0","2446","1","1","0","N","1","1","0","2","02446","0","2","1.0","","1","N","N","","0","0","0","0","0","","0","Y","","2","0","0","0","0","0","0","2","0","1","","","","N","","","","","","","","","",""
"2013098726","1330","1","0","0","0","0","0","0","0","0","5","0","","02","10","2013","6","40.455324","-79.976372","1321","11","0","0","0","0","0","0","0","0","1","0","0","0","","","0","","2","","40 27:19.166","3","7","79 58:34.939","0","0","0","0","2301","0","0","0","N","0","0","0","2","02301","0","","1.0","","1","N","N","","0","","0","0","0","","0","N","","2","0","0","0","0","0","0","2","1","2","","","","N","","","","","","","","","",""
"2013097272","1912","1","0","0","0","0","0","0","0","0","4","0","","02","9","2013","5","40.525374","-80.069816","1912","11","0","0","0","0","0","0","0","0","1","0","0","0","","","0","","5","","40 31:31.346","1","2","80 04:11.336","0","0","0","0","2215","0","0","0","","0","0","0","4","02215","0","","7.0","","1","","","","1","","0","0","0","","2","N","","2","0","0","0","0","0","0","2","0","2","","","","N","","","","","","","","","",""
"2013097902","0836","1","0","0","0","0","0","0","0","0","7","0","","02","10","2013","3","40.638437","-80.042973","0833","11","0","0","0","0","0","0","0","1","1","0","0","0","","","1","","0","","40 38:18.373","4","0","80 02:34.702","4","0","0","0","2216","0","0","0","N","0","0","0","1","02505","1","","5.0","","1","N","N","","0","","0","0","0","","0","N","","1","1","1","0","0","0","0","2","0","1","","","","N","","","","","","","","","",""
"2013098660","1101","1","0","0","0","0","0","0","0","0","1","0","","02","10","2013","5","40.398552","-80.000049","1100","11","0","0","0","0","0","0","0","0","1","0","0","0","","","0","","0","","40 23:54.788","2","0","80 00:00.175","0","0","0","0","2301","0","0","0","N","0","0","0","2","02301","0","","1.0","","1","N","N","","1","","0","0","0","","0","N","","2","0","0","0","0","0","0","2","0","2","","","","N","","","","","","","","","",""
"2013094986","1804","0","0","0","0","0","0","0","0","0","1","0","","02","9","2013","2","40.496198","-79.85714","1800","11","0","0","0","0","0","0","0","0","","0","0","0","","","0","","2","","40 29:46.313","","0","79 51:25.705","0","0","0","0","2408","0","0","0","N","0","0","0","3","02408","0","","1.0","","1","N","N","","0","","0","0","1","","0","","","2","0","0","0","0","0","0","2","1","2","","","","N","","","","","","","","","",""
"2013097335","0825","1","0","0","0","0","0","0","0","0","4","1","","02","9","2013","6","40.533896","-79.844881","0820","11","0","0","0","0","0","1","1","0","2","0","1","0","","","3","","2","","40 32:02.027","2","0","79 50:41.571","8","0","0","0","2208","0","0","0","N","0","0","0","4","02208","0","","1.0","","1","N","N","","0","","0","0","0","","2","Y","","2","3","0","0","0","3","0","2","0","2","","","","N","","","","","","","","","",""
"2013098728","1509","1","0","0","0","0","0","0","0","0","1","0","","02","10","2013","5","40.382931","-79.857476","1509","11","0","0","0","0","0","2","0","0","1","0","0","0","","","0","","0","","40 22:58.553","2","0","79 51:26.915","0","0","0","0","2303","0","0","0","N","0","0","0","4","02303","0","","1.0","","1","N","N","","1","","0","0","2","","0","N","","4","0","0","0","0","0","0","2","0","4","","","","N","","","","","","","","","",""
"2013095754","2038","2","0","0","0","0","0","0","0","0","5","0","","02","9","2013","4","40.464814","-79.991915","2038","11","0","0","0","0","0","0","0","0","1","0","0","0","","","0","","0","","40 27:53.330","5","0","79 59:30.894","0","0","0","0","2301","0","0","0","N","0","0","0","2","02301","0","","6.0","","1","N","N","","0","","0","0","0","","0","N","","2","0","0","0","0","0","0","2","0","2","","","","N","","","","","","","","","",""
"2013097904","0337","1","0","0","0","0","0","0","0","0","0","0","","02","9","2013","4","40.661181","-80.129014","0328","11","0","0","0","0","0","0","0","0","","0","0","0","","","0","","0","","40 39:40.252","","0","80 07:44.451","0","0","0","0","2212","0","0","0","N","0","0","0","1","02505","0","","5.0","","1","N","N","","0","","0","0","0","","0","","","1","0","0","0","0","0","0","1","0","1","","","","N","","","","","","","","","",""
"2013099442","2015","1","0","0","0","0","0","0","0","0","7","0","","02","10","2013","7","40.425125","-79.713006","0211","11","0","0","0","0","0","0","0","0","1","0","0","0","","","0","","0","","40 25:30.450","2","0","79 42:46.820","0","0","0","0","2446","0","0","0","N","0","0","0","1","02446","0","","2.0","","1","N","N","","0","","0","0","0","","0","N","","1","0","0","0","0","0","0","2","0","1","","","","N","","","","","","","","","",""
"2013098729","1115","1","0","0","0","0","0","0","0","0","1","1","","02","10","2013","6","40.372925","-80.099277","1110","11","0","0","0","0","0","0","0","0","1","0","0","0","","","0","","2","","40 22:22.529","3","2","80 05:57.396","0","0","0","0","2102","0","0","0","N","0","0","0","2","02102","0","","1.0","","1","N","N","","1","","0","0","0","","2","N","","2","0","0","0","0","0","0","2","0","2","","","","N","","","","","","","","","",""
"2013097337","1828","1","0","0","0","0","0","0","0","0","8","0","","02","9","2013","2","40.468349","-79.824689","1818","11","0","0","0","0","0","0","0","0","","0","0","0","","","1","","2","","40 28:06.057","","0","79 49:28.881","8","0","0","0","2113","1","0","0","N","1","0","0","3","02113","0","","1.0","","1","N","N","","0","","0","0","0","","2","","","2","1","0","0","0","1","0","2","0","1","","","","N","","","","","","","","","",""
"2013100110","1722","2","0","0","0","0","0","0","0","0","4","0","","02","10","2013","6","40.475192","-80.099217","1722","11","0","0","0","0","0","0","0","0","2","0","0","0","","","0","","0","","40 28:30.690","1","7","80 05:57.180","0","0","0","0","2126","0","0","0","N","0","0","0","5","02126","0","","1.0","","6","N","N","","0","","0","0","0","","3","N","","2","0","0","0","0","0","0","2","0","2","","","","N","","","","","","","","","",""
"2013096487","1613","0","0","0","0","0","0","0","0","0","8","0","15","02","9","2013","6","40.516856","-80.162703","1613","11","0","0","0","0","0","1","0","0","","0","0","0","","","1","","1","","40 31:00.680","","0","80 09:45.732","4","0","0","0","2420","2","0","0","N","2","0","0","4","02420","1","","1.0","","1","N","N","","0","","0","0","1","","3","","","3","1","0","0","0","0","0","2","0","1","","","N","Y","5","1","","","N","","","","",""
"2013097338","1751","2","0","0","0","0","0","0","0","0","4","0","","02","9","2013","2","40.662228","-80.132209","1737","11","0","0","0","0","0","1","0","0","","0","0","0","","","1","","2","","40 39:44.022","","0","80 07:55.954","8","0","0","0","2212","0","0","0","N","0","0","0","2","02505","0","","1.0","","1","N","N","","0","","0","0","0","","0","","","2","1","0","0","0","1","0","1","0","2","","","","N","","","","","","","","","",""
"2013097350","2055","1","0","0","0","0","0","0","0","0","6","0","","02","9","2013","1","40.366748","-80.086339","2052","11","0","0","0","0","0","0","0","0","2","0","0","0","","","2","","1","","40 22:00.292","1","0","80 05:10.820","8","0","0","0","2117","0","0","0","N","0","0","0","3","02117","0","","1.0","","1","N","N","","0","","0","0","0","","2","Y","","2","2","0","0","0","2","0","2","1","2","","","","N","","","","","","","","","",""
"2013098597","2337","1","0","0","0","0","0","0","0","0","7","0","","02","10","2013","5","40.495775","-80.023086","2325","11","0","0","0","0","0","0","0","0","2","0","0","0","","","0","","0","","40 29:44.790","1","0","80 01:23.110","0","0","0","0","2116","0","0","0","N","0","0","0","1","02116","0","","5.0","","9","N","N","","0","","0","0","0","","0","N","","1","0","0","0","0","0","0","2","0","1","","","","N","","","","","","","","","",""
"2013099444","0625","0","0","0","0","0","0","0","0","0","1","1","","02","10","2013","6","40.434508","-79.987097","0621","11","0","0","0","0","0","2","0","0","","0","1","0","","","1","","0","","40 26:04.230","","7","79 59:13.550","8","0","0","0","2301","0","0","0","N","0","0","0","2","02301","0","","1.0","","98","N","N","","0","","0","0","1","","2","","","2","1","0","0","0","1","0","2","0","2","","","","N","","","","","","","","","",""
"2013096488","1605","0","0","0","0","0","0","0","0","0","6","0","","02","9","2013","6","40.472998","-79.888892","1550","11","0","0","0","0","0","0","1","0","1","0","0","0","","","0","","1","","40 28:22.792","1","0","79 53:20.011","0","0","0","0","2301","0","0","0","N","0","0","0","3","02301","0","","1.0","","1","N","N","","0","","0","0","1","","3","N","","2","0","0","0","0","0","0","2","1","2","","","","N","","","","","","","","","",""
"2013094990","1645","2","0","1","0","0","0","0","0","0","1","0","","02","9","2013","2","40.382973","-79.894897","1641","11","0","0","0","1","0","0","0","0","","0","0","0","","","1","","3","","40 22:58.702","","0","79 53:41.629","2","0","0","0","2448","0","0","0","N","0","0","0","3","02448","0","","1.0","","1","N","N","","0","","0","1","1","","0","","","3","1","1","0","0","0","0","2","0","3","","","","N","","","","","","","","","",""
"2013098598","1947","2","0","0","0","0","0","0","0","0","4","0","","02","10","2013","5","40.537524","-80.011149","1947","11","0","0","0","0","0","1","0","0","1","0","0","0","","","1","","0","","40 32:15.088","1","0","80 00:40.136","4","0","0","0","2116","0","0","0","N","0","0","0","2","02116","1","","1.0","","9","N","N","","0","","0","0","0","","2","N","","2","1","0","0","0","0","0","2","0","2","","","","N","","","","","","","","","",""
"2013100235","1449","2","0","0","0","0","0","0","0","0","1","0","","02","9","2013","7","40.610665","-79.756423","1444","11","0","0","0","0","0","0","0","0","3","0","0","0","","","1","","7","","40 36:38.393","2","2","79 45:23.122","4","0","0","0","2464","0","0","0","N","0","0","0","5","68D02","1","","7.0","","1","N","N","","0","","0","0","2","","0","Y","","4","1","1","0","0","0","0","2","0","4","","","","N","","","","","","","","","",""
"2013097203","0840","0","0","0","0","0","0","0","0","0","5","1","","02","9","2013","2","40.458827","-79.972836","0835","11","0","0","0","0","0","1","0","0","","0","1","0","","","0","","1","","40 27:31.777","","0","79 58:22.209","0","0","0","0","2301","0","0","0","N","0","0","0","2","02301","0","","1.0","","1","N","N","","0","","0","0","0","","0","","","2","0","0","0","0","0","0","2","1","2","","","","N","","","","","","","","","",""
"2013094991","1745","1","0","0","0","0","0","0","0","0","8","0","","02","9","2013","2","40.54113","-79.781245","1743","11","0","0","0","0","0","0","1","0","1","0","0","0","","","1","","2","","40 32:28.069","2","0","79 46:52.482","8","0","0","0","2462","1","0","0","N","1","0","0","2","02462","0","","1.0","","1","N","N","","0","","0","0","0","","0","Y","","2","1","0","0","0","1","0","2","0","1","","","","N","","","","","","","","","",""