"CRN","ARRIVAL_TM","AUTOMOBILE_COUNT","BELTED_DEATH_COUNT","BELTED_SUSP_SERIOUS_INJ_COUNT","BICYCLE_COUNT","BICYCLE_DEATH_COUNT","BICYCLE_SUSP_SERIOUS_INJ_COUNT","BUS_COUNT","CHLDPAS_DEATH_COUNT","CHLDPAS_SUSP_SERIOUS_INJ_COUNT","COLLISION_TYPE","COMM_VEH_COUNT","CONS_ZONE_SPD_LIM","COUNTY","CRASH_MONTH","CRASH_YEAR","DAY_OF_WEEK","DEC_LATITUDE","DEC_LONGITUDE","DISPATCH_TM","DISTRICT","DRIVER_COUNT_16YR","DRIVER_COUNT_17YR","DRIVER_COUNT_18YR","DRIVER_COUNT_19YR","DRIVER_COUNT_20YR","DRIVER_COUNT_50_64YR","DRIVER_COUNT_65_74YR","DRIVER_COUNT_75PLUS","EST_HRS_CLOSED","FATAL_COUNT","HEAVY_TRUCK_COUNT","HORSE_BUGGY_COUNT","HOUR_OF_DAY","ILLUMINATION","INJURY_COUNT","INTERSECTION_RELATED","INTERSECT_TYPE","LANE_CLOSED","LATITUDE","LN_CLOSE_DIR","LOCATION_TYPE","LONGITUDE","MAX_SEVERITY_LEVEL","MCYCLE_DEATH_COUNT","MCYCLE_SUSP_SERIOUS_INJ_COUNT","MOTORCYCLE_COUNT","MUNICIPALITY","NONMOTR_COUNT","NONMOTR_DEATH_COUNT","NONMOTR_SUSP_SERIOUS_INJ_COUNT","NTFY_HIWY_MAINT","PED_COUNT","PED_DEATH_COUNT","PED_SUSP_SERIOUS_INJ_COUNT","PERSON_COUNT","POLICE_AGCY","POSSIBLE_INJ_COUNT","RDWY_SURF_TYPE_CD","RELATION_TO_ROAD","ROADWAY_CLEARED","ROAD_CONDITION","SCH_BUS_IND","SCH_ZONE_IND","SECONDARY_CRASH","SMALL_TRUCK_COUNT","SPEC_JURIS_CD","SUSP_MINOR_INJ_COUNT","SUSP_SERIOUS_INJ_COUNT","SUV_COUNT","TCD_FUNC_CD","TCD_TYPE","TFC_DETOUR_IND","TIME_OF_DAY","TOTAL_UNITS","TOT_INJ_COUNT","UNBELTED_OCC_COUNT","UNB_DEATH_COUNT","UNB_SUSP_SERIOUS_INJ_COUNT","UNK_INJ_DEG_COUNT","UNK_INJ_PER_COUNT","URBAN_RURAL","VAN_COUNT","VEHICLE_COUNT","WEATHER1","WEATHER2","WORKERS_PRES","WORK_ZONE_IND","WORK_ZONE_LOC","WORK_ZONE_TYPE","WZ_CLOSE_DETOUR","WZ_FLAGGER","WZ_LAW_OFFCR_IND","WZ_LN_CLOSURE","WZ_MOVING","WZ_OTHER","WZ_SHLDER_MDN","WZ_WORKERS_INJ_KILLED"
"2013100114","2103","2","0","0","0","0","0","0","0","0","1","0","35","02","10","2013","7","40.47357","-79.972123","2058","11","0","0","0","0","0","0","0","0","1","0","0","0","","","0","","6","","40 28:24.852","2","2","79 58:19.643","0","0","0","0","2445","0","0","0","N","0","0","0","2","02445","0","","4.0","","9","N","N","","0","","0","0","0","","3","N","","2","0","0","0","0","0","0","2","0","2","","","N","Y","4","1","","","N","Y","","","",""
"2013098599","0216","0","0","0","0","0","0","0","0","0","7","0","","02","10","2013","4","40.635701","-79.856336","0210","11","0","0","0","0","0","0","0","0","","0","0","0","","","1","","0","","40 38:08.523","","0","79 51:22.809","8","0","0","0","2220","0","0","0","N","0","0","0","1","02220","0","","5.0","","1","N","N","","0","","0","0","1","","0","","","1","1","1","0","0","1","0","2","0","1","","","","N","","","","","","","","","",""
"2013099383","1415","1","0","0","0","0","0","0","0","0","1","0","","02","10","2013","1","40.34889","-79.939012","1405","11","0","0","0","0","0","1","0","0","","0","0","0","","","2","","1","","40 20:56.003","","0","79 56:20.443","3","0","0","0","2473","0","0","0","N","0","0","0","3","02473","1","","1.0","","1","N","N","","0","","1","0","1","","4","","","2","2","0","0","0","0","0","2","0","2","","","","N","","","","","","","","","",""
"2013099446","1919","2","0","0","0","0","0","0","0","0","4","0","","02","10","2013","7","40.401308","-80.063113","1912","11","0","0","0","0","0","0","0","1","1","0","0","0","","","0","","2","","40 24:04.710","4","0","80 03:47.205","0","0","0","0","2117","0","0","0","N","0","0","0","2","02117","0","","1.0","","1","N","N","","0","","0","0","0","","0","N","","2","0","0","0","0","0","0","2","0","2","","","","N","","","","","","","","","",""
"2013100236","1756","1","0","0","0","0","0","0","0","0","7","0","","02","9","2013","2","40.595053","-79.771079","1739","11","0","0","0","0","0","0","0","0","2","0","0","0","","","1","","0","","40 35:42.192","2","0","79 46:15.883","4","0","0","0","2104","0","0","0","Y","0","0","0","1","68D02","1","","5.0","","1","N","N","","0","","0","0","0","","0","N","","1","1","0","0","0","0","0","1","0","1","","","","N","","","","","","","","","",""
"2013096429","1620","1","0","0","0","0","0","0","0","0","8","0","","02","9","2013","6","40.452681","-79.91037","1619","11","0","0","0","0","0","1","0","0","","0","0","0","","","1","","1","","40 27:09.653","","0","79 54:37.332","4","0","0","0","2301","1","0","0","N","1","0","0","3","02301","1","","1.0","","1","N","N","","0","","0","0","0","","2","","","2","1","0","0","0","0","0","2","0","1","","","","N","","","","","","","","","",""
"2013097341","1815","1","0","0","0","0","0","0","0","0","1","0","","02","9","2013","2","40.437392","-79.999303","1800","11","0","0","0","1","0","0","0","0","2","0","0","0","","","0","","1","","40 26:14.611","2","0","79 59:57.489","0","0","0","0","2301","0","0","0","N","0","0","0","2","02301","0","","1.0","","1","N","N","","1","","0","0","0","","2","N","","2","0","0","0","0","0","0","2","0","2","","","","N","","","","","","","","","",""
"2013096637","0345","1","0","0","0","0","0","0","0","0","99","0","","02","9","2013","7","40.455111","-79.880483","0345","11","0","0","0","0","0","0","0","0","1","0","0","0","","","0","","0","","40 27:18.399","3","0","79 52:49.739","9","0","0","0","2301","0","0","0","N","0","0","0","2","02301","0","","1.0","","1","N","N","","0","","0","0","0","","0","N","","1","0","0","0","0","0","1","2","0","1","","","","N","","","","","","","","","",""
"2013100116","1330","1","0","0","0","0","0","0","0","0","7","0","","02","10","2013","3","40.523829","-79.832279","1330","11","0","0","0","0","0","0","0","1","2","0","0","0","","","1","","0","","40 31:25.784","6","0","79 49:56.204","8","0","0","0","2451","0","0","0","N","0","0","0","1","02451","0","","5.0","","1","N","N","","0","","0","0","0","","0","Y","","1","1","0","0","0","1","0","2","0","1","","","","N","","","","","","","","","",""
"2013098602","2057","1","0","0","0","0","0","0","0","0","7","0","","02","10","2013","5","40.293403","-79.916956","2057","11","0","0","0","0","0","0","0","0","","0","0","0","","","0","","0","","40 17:36.249","","0","79 55:01.040","0","0","0","0","2440","0","0","0","N","0","0","0","1","02440","0","","1.0","","9","N","N","","0","","0","0","0","","0","","","1","0","0","0","0","0","0","2","0","1","","","","N","","","","","","","","","",""
"2013100117","1205","1","0","0","0","0","0","0","0","0","4","0","","02","10","2013","6","40.530126","-80.018093","1203","11","0","0","0","0","0","0","1","0","2","0","0","0","","","2","","2","","40 31:48.454","2","0","80 01:05.136","3","0","0","0","2116","0","0","0","N","0","0","0","4","02116","0","","1.0","","1","N","N","","0","","2","0","1","","2","N","","2","2","0","0","0","0","0","2","0","2","","","","N","","","","","","","","","",""
"2013098603","1211","1","0","0","0","0","0","0","0","0","7","0","","02","9","2013","7","40.257831","-79.878863","1208","11","0","0","0","0","0","0","0","0","1","0","0","0","","","0","","0","","40 15:28.190","1","0","79 52:43.908","0","0","0","0","2204","0","0","0","N","0","0","0","2","02204","0","","1.0","","1","N","N","","0","","0","0","0","","0","N","","1","0","0","0","0","0","0","1","0","1","","","","N","","","","","","","","","",""
"2013097912","1345","1","0","0","0","0","0","0","0","0","7","0","","02","9","2013","4","40.409141","-80.032079","1345","11","0","0","0","0","0","0","0","0","","0","0","0","","","0","","0","","40 24:32.909","","0","80 01:55.486","0","0","0","0","2301","0","0","0","N","0","0","0","1","02301","0","","5.0","","1","N","N","","0","","0","0","0","","0","","","1","0","0","0","0","0","0","2","0","1","","","","N","","","","","","","","","",""
"2013096493","1608","0","0","0","0","0","0","0","0","0","8","0","","02","9","2013","6","40.409247","-79.899409","1559","11","0","0","0","0","0","0","0","0","","0","0","0","","","1","","2","","40 24:33.288","","0","79 53:57.873","4","0","0","0","2448","1","0","0","N","1","0","0","2","02448","1","","1.0","","1","N","N","","0","","0","0","0","","3","","","2","1","0","0","0","0","0","2","1","1","","","","N","","","","","","","","","",""
"2013097283","0757","1","0","0","0","0","0","0","0","0","4","0","","02","9","2013","6","40.557129","-80.058402","0749","11","0","0","0","0","0","0","0","0","2","0","0","0","","","0","","1","","40 33:25.665","2","0","80 03:30.248","0","0","0","0","2108","0","0","0","N","0","0","0","2","02108","0","","1.0","","1","N","N","","1","","0","0","0","","3","N","","2","0","0","0","0","0","0","2","0","2","","","","N","","","","","","","","","",""
"2013097344","2038","0","0","0","0","0","0","0","0","0","7","0","","02","9","2013","1","40.337439","-80.095296","2037","11","0","0","0","0","0","0","0","0","2","0","0","0","","","1","","0","","40 20:14.780","1","0","80 05:43.065","4","0","0","1","2123","0","0","0","N","0","0","0","1","02123","1","","4.0","","1","N","N","","0","","0","0","0","","0","N","","1","1","0","0","0","0","0","2","0","1","","","","N","","","","","","","","","",""
"2013099450","0250","1","0","0","0","0","0","0","0","0","7","0","","02","10","2013","7","40.425076","-79.950796","0300","11","0","0","0","0","0","0","0","0","","0","0","0","","","2","","0","","40 25:30.273","","0","79 57:02.865","3","0","0","0","2301","0","0","0","N","0","0","0","5","02301","1","","5.0","","1","N","N","","0","","1","0","0","","0","","","1","2","0","0","0","0","1","2","0","1","","","","N","","","","","","","","","",""
"2013097284","1642","2","0","0","0","0","0","0","0","0","4","0","","02","9","2013","3","40.506805","-80.223209","1641","11","0","0","0","0","0","1","0","0","2","0","0","0","","","0","","0","","40 30:24.499","1","0","80 13:23.553","0","0","0","0","2213","0","0","0","N","0","0","0","2","02213","0","","1.0","","1","N","N","","0","","0","0","0","","0","N","","2","0","0","0","0","0","0","2","0","2","","","","N","","","","","","","","","",""
"2013094996","2120","1","0","0","0","0","0","0","0","0","7","0","25","02","9","2013","2","40.335836","-79.97456","2120","11","0","0","0","0","0","1","0","0","","0","0","0","","","1","","0","","40 20:09.009","","0","79 58:28.417","8","0","0","0","2454","0","0","0","N","0","0","0","1","02454","0","","4.0","","1","N","N","","0","","0","0","0","","0","","","1","1","0","0","0","1","0","2","0","1","","","N","Y","3","1","","","N","Y","","","",""
"2013095009","2155","1","0","0","0","0","0","0","0","0","1","0","","02","9","2013","2","40.442442","-80.00323","2150","11","0","0","0","0","0","0","0","0","","0","0","0","","","1","","1","","40 26:32.791","","0","80 00:11.628","3","0","0","0","2301","0","0","0","N","0","0","0","2","02301","0","","1.0","","1","N","N","","0","","1","0","0","","2","","","2","1","0","0","0","0","1","2","0","2","","","","N","","","","","","","","","",""
"2013097426","2304","1","0","0","0","0","0","0","0","0","4","0","","02","8","2013","5","40.420072","-80.033224","2304","11","0","0","0","0","0","0","1","0","2","0","0","0","","","1","","0","","40 25:12.260","3","0","80 01:59.605","4","0","0","1","2301","0","0","0","N","0","0","0","2","68B03","1","","1.0","","1","N","N","","0","","0","0","0","","0","N","","2","1","0","0","0","0","0","2","0","2","","","","N","","","","","","","","","",""
"2013098672","1057","1","0","0","0","0","0","0","0","0","5","1","","02","10","2013","5","40.438284","-79.830443","1054","11","0","0","0","0","0","1","0","0","2","0","1","0","","","0","","2","","40 26:17.821","1","0","79 49:49.594","0","0","0","0","2419","0","0","0","N","0","0","0","2","02419","0","","1.0","","1","N","N","","0","","0","0","0","","0","Y","","2","0","0","0","0","0","0","2","0","2","","","","N","","","","","","","","","",""
"2013098684","0812","1","0","0","0","0","0","0","0","0","4","0","","02","9","2013","4","40.372925","-80.099277","0810","11","0","0","0","0","0","2","0","0","2","0","0","0","","","0","","2","","40 22:22.529","1","0","80 05:57.396","0","0","0","0","2102","0","0","0","N","0","0","0","2","02102","0","","1.0","","1","N","N","","0","","0","0","1","","2","N","","2","0","1","0","0","0","0","2","0","2","","","","N","","","","","","","","","",""
"2013096496","1528","3","0","0","0","0","0","0","0","0","5","0","","02","9","2013","6","40.364601","-79.984583","1526","11","1","0","0","0","0","0","0","0","1","0","0","0","","","1","","0","","40 21:52.564","1","0","79 59:04.498","4","0","0","0","2413","0","0","0","N","0","0","0","4","02413","1","","1.0","","1","N","N","","0","","0","0","0","","0","N","","3","1","0","0","0","0","0","2","0","3","","","","N","","","","","","","","","",""
"2013097427","1526","0","0","0","0","0","0","0","0","0","7","0","","02","9","2013","4","40.500471","-80.124278","1455","11","0","0","0","0","0","0","0","0","","0","0","0","","","0","","0","","40 30:01.695","","0","80 07:27.402","0","0","0","0","2115","0","0","0","Y","0","0","0","1","68B03","0","","3.0","","1","N","N","","0","","0","0","1","","0","","","1","0","0","0","0","0","0","2","0","1","","","","N","","","","","","","","","",""
"2013095156","1335","2","0","0","0","0","0","0","0","0","1","0","","02","9","2013","2","40.399474","-80.0003","1329","11","0","0","0","0","0","0","0","0","","0","0","0","","","0","","2","","40 23:58.107","","0","80 00:01.081","0","0","0","0","2301","0","0","0","N","0","0","0","6","02301","0","","1.0","","1","N","N","","0","","0","0","2","","0","","","4","0","0","0","0","0","0","2","0","4","","","","N","","","","","","","","","",""
"2013095915","1245","0","0","0","0","0","0","0","0","0","4","0","","02","9","2013","5","40.451509","-79.908149","1237","11","0","0","0","0","0","2","0","0","2","0","0","0","","","1","","1","","40 27:05.432","7","0","79 54:29.335","8","0","0","0","2301","0","0","0","N","0","0","0","2","02301","0","","1.0","","1","N","N","","1","","0","0","1","","2","Y","","2","1","0","0","0","1","0","2","0","2","","","","N","","","","","","","","","",""
"2013097215","1426","2","0","0","0","0","0","0","0","0","6","0","","02","9","2013","6","40.374549","-80.093117","1425","11","0","0","0","0","0","1","0","0","","0","0","0","","","1","","2","","40 22:28.375","","0","80 05:35.222","4","0","0","0","2117","0","0","0","N","0","0","0","3","02117","1","","1.0","","1","N","N","","0","","0","0","0","","0","","","2","1","0","0","0","0","0","2","0","2","","","","N","","","","","","","","","",""
"2013095766","2316","2","0","0","0","0","0","0","0","0","1","0","","02","9","2013","4","40.428418","-79.974634","2312","11","0","0","0","0","0","0","0","0","","0","0","0","","","3","","1","","40 25:42.303","","0","79 58:28.681","4","0","0","0","2301","0","0","0","N","0","0","0","3","02301","3","","1.0","","1","N","N","","0","","0","0","0","","2","","","2","3","1","0","0","0","0","2","0","2","","","","N","","","","","","","","","",""
"2013096644","0608","1","0","0","0","0","0","0","0","0","7","0","","02","9","2013","7","40.532285","-80.073026","0550","11","0","0","0","0","0","0","0","0","1","0","0","0","","","1","","0","","40 31:56.226","2","0","80 04:22.893","8","0","0","0","2215","0","0","0","Y","0","0","0","1","68B03","0","","2.0","","1","N","N","","0","","0","0","0","","0","N","","1","1","0","0","0","1","0","2","0","1","","","","N","","","","","","","","","",""
"2013099454","1247","0","0","0","0","0","0","0","0","0","1","0","","02","10","2013","7","40.478571","-79.736968","1242","11","0","0","0","0","0","1","0","0","2","0","0","0","","","1","","0","","40 28:42.855","5","0","79 44:13.083","3","0","0","1","2466","0","0","0","N","0","0","0","3","02466","0","","1.0","","1","N","N","","1","","1","0","0","","0","Y","","2","1","0","0","0","0","0","2","0","2","","","","N","","","","","","","","","",""
"2013098687","0800","1","0","0","0","0","0","0","0","0","4","0","","02","10","2013","6","40.437593","-79.759576","0758","11","0","0","0","0","0","0","0","0","","0","0","0","","","0","","0","","40 26:15.334","","0","79 45:34.472","0","0","0","0","2446","0","0","0","N","0","0","0","5","02446","0","","1.0","","1","N","N","","0","","0","0","1","","0","","","2","0","0","0","0","0","0","2","0","2","","","","N","","","","","","","","","",""
"2013097362","2023","1","0","0","0","0","0","0","0","0","1","0","","02","9","2013","2","40.400933","-80.000379","2023","11","0","0","0","0","0","0","0","0","1","0","0","0","","","0","","0","","40 24:03.358","2","0","80 00:01.365","0","0","0","0","2301","0","0","0","N","0","0","0","2","02301","0","","1.0","","1","N","N","","1","","0","0","0","","0","N","","2","0","0","0","0","0","0","2","0","2","","","","N","","","","","","","","","",""
"2013096645","0615","2","0","0","0","0","0","0","0","0","1","0","","02","9","2013","4","40.437496","-80.013755","0600","11","0","0","0","0","0","1","0","0","","0","0","0","","","0","","0","","40 26:14.987","","0","80 00:49.517","0","0","0","0","2301","0","0","0","N","0","0","0","2","68B03","0","","1.0","","1","N","N","","0","","0","0","0","","0","","","2","0","0","0","0","0","0","2","0","2","","","","N","","","","","","","","","",""
"2013095903","1143","0","0","0","0","0","0","0","0","0","4","0","","02","9","2013","5","40.45288","-79.964954","1140","11","0","0","0","0","0","2","0","0","1","0","0","0","","","2","","1","","40 27:10.368","3","0","79 57:53.834","8","0","0","0","2301","0","0","0","N","0","0","0","4","02301","0","","1.0","","1","N","N","","1","","0","0","1","","2","N","","2","2","0","0","0","2","0","2","0","2","","","","N","","","","","","","","","",""
"2013097363","1955","1","0","0","0","0","0","0","0","0","5","0","","02","9","2013","2","40.462414","-79.946554","1946","11","0","0","0","0","0","0","0","0","1","0","0","0","","","1","","0","","40 27:44.690","1","0","79 56:47.594","8","0","0","0","2301","0","0","0","N","0","0","0","1","02301","0","","4.0","","1","N","N","","1","","0","0","0","","0","N","","2","1","0","0","0","1","0","2","0","2","","","","N","","","","","","","","","",""
"2013097219","1302","1","0","0","0","0","0","0","0","0","4","0","","02","9","2013","5","40.478164","-79.967559","1300","11","0","0","0","0","0","0","1","0","1","0","1","0","","","1","","0","","40 28:41.391","1","0","79 58:03.214","4","0","0","0","2445","0","0","0","N","0","0","0","2","02445","1","","1.0","","1","N","N","","0","","0","0","0","","4","N","","2","1","0","0","0","0","0","2","0","2","","","","N","","","","","","","","","",""
"2013095017","2015","1","0","0","0","0","0","0","0","0","1","0","","02","9","2013","1","40.312514","-79.938446","2015","11","0","0","0","0","0","0","0","0","","0","0","0","","","0","","0","","40 18:45.049","","0","79 56:18.406","0","0","0","0","2440","0","0","0","N","0","0","0","2","02440","0","","1.0","","1","N","N","","0","","0","0","1","","0","","","2","0","0","0","0","0","0","2","0","2","","","","N","","","","","","","","","",""
"2013098679","0805","2","0","0","0","0","0","0","0","0","1","0","","02","10","2013","3","40.669673","-80.106804","0800","11","0","0","0","0","0","1","0","0","1","0","0","0","","","2","","0","","40 40:10.822","2","0","80 06:24.494","3","0","0","0","2212","0","0","0","N","0","0","0","2","02505","0","","1.0","","1","N","N","","0","","2","0","0","","0","Y","","2","2","0","0","0","0","0","2","0","2","","","","N","","","","","","","","","",""
"2013097938","1505","0","0","0","0","0","0","0","0","0","7","0","","02","10","2013","4","40.254969","-79.846929","1500","11","0","0","0","0","0","0","0","0","2","0","0","0","","","0","","0","","40 15:17.887","2","0","79 50:48.944","0","0","0","0","2105","0","0","0","N","0","0","0","2","02105","0","","2.0","","1","N","N","","1","","0","0","0","","0","N","","1","0","0","0","0","0","0","1","0","1","","","","N","","","","","","","","","",""
"2013097939","1650","1","0","0","0","0","0","0","0","0","7","0","","02","10","2013","3","40.513031","-80.099218","1648","11","0","0","0","0","0","1","0","0","","0","0","0","","","0","","0","","40 30:46.912","","0","80 05:57.183","0","0","0","0","2415","0","0","0","N","0","0","0","1","02415","0","","5.0","","1","N","N","","0","","0","0","1","","0","","","2","0","0","0","0","0","0","2","0","2","","","","N","","","","","","","","","",""
"2013099398","0044","2","0","0","0","0","0","0","0","0","4","0","","02","10","2013","7","40.427693","-79.986368","0041","11","0","0","0","0","0","0","0","0","1","0","0","0","","","0","","1","","40 25:39.694","1","0","79 59:10.924","0","0","0","0","2301","0","0","0","N","0","0","0","3","02301","0","","1.0","","1","N","N","","0","","0","0","0","","2","Y","","2","0","0","0","0","0","0","2","0","2","","","","N","","","","","","","","","",""
"2013098681","0830","0","0","0","0","0","0","0","0","0","8","0","","02","10","2013","6","40.494084","-79.94339","0827","11","0","0","0","0","0","0","1","0","","0","0","0","","","1","","6","","40 29:38.703","","8","79 56:36.204","4","0","0","0","2461","1","0","0","N","1","0","0","2","02461","1","","1.0","","1","N","N","","0","","0","0","1","","0","","","2","1","0","0","0","0","0","2","0","1","","","","N","","","","","","","","","",""
"2013098694","1418","1","0","0","0","0","0","0","0","0","4","0","","02","10","2013","3","40.65528","-80.088505","1414","11","0","0","0","0","0","0","0","0","1","0","0","0","","","1","","0","","40 39:19.009","3","7","80 05:18.617","4","0","0","0","2212","0","0","0","N","0","0","0","2","02505","1","","1.0","","1","N","N","","0","","0","0","1","","0","N","","2","1","0","0","0","0","0","2","0","2","","","","N","","","","","","","","","",""
"2013100130","2217","2","0","0","0","0","0","0","0","0","2","0","","02","10","2013","2","40.382352","-79.979759","2205","11","0","0","0","0","0","0","0","0","","0","0","0","","","0","","0","","40 22:56.467","","0","79 58:47.132","0","0","0","0","2301","0","0","0","N","0","0","0","2","02301","0","","1.0","","1","N","N","","0","","0","0","0","","0","","","2","0","1","0","0","0","0","2","0","2","","","","N","","","","","","","","","",""
"2013099399","1237","1","0","0","0","0","0","0","0","0","7","0","","02","10","2013","7","40.475189","-79.770169","1229","11","0","0","0","0","0","0","0","0","1","0","0","0","","","0","","0","","40 28:30.681","3","0","79 46:12.609","0","0","0","0","2466","0","0","0","N","0","0","0","1","02466","0","","5.0","","1","N","N","","0","","0","0","0","","0","N","","1","0","0","0","0","0","0","2","0","1","","","","N","","","","","","","","","",""
"2013096586","0733","1","0","0","0","0","0","0","0","0","4","0","","02","9","2013","2","40.511671","-80.102092","0730","11","0","0","0","0","0","0","0","0","1","0","0","0","","","0","","2","","40 30:42.014","5","0","80 06:07.530","0","0","0","0","2429","0","0","0","N","0","0","0","2","02215","0","","1.0","","1","N","N","","0","","0","0","1","","0","N","","2","0","0","0","0","0","0","2","0","2","","","","N","","","","","","","","","",""
"2013100132","1555","1","0","0","0","0","0","0","0","0","4","0","","02","10","2013","3","40.426292","-79.963576","1550","11","0","0","0","0","0","1","0","0","1","0","0","0","","","1","","1","","40 25:34.651","3","0","79 57:48.873","3","0","0","0","2301","0","0","0","N","0","0","0","2","02301","0","","1.0","","1","N","N","","0","","1","0","1","","2","N","","2","1","0","0","0","0","0","2","0","2","","","","N","","","","","","","","","",""
"2013095788","0645","2","0","0","0","0","0","0","0","0","4","0","","02","9","2013","2","40.368341","-80.084136","0645","11","0","0","0","0","0","0","0","0","3","0","0","0","","","0","","1","","40 22:06.027","3","0","80 05:02.889","0","0","0","0","2117","0","0","0","N","0","0","0","2","02117","0","","1.0","","1","N","N","","0","","0","0","0","","2","Y","","2","0","0","0","0","0","0","2","0","2","","","","N","","","","","","","","","",""
"2013096588","1810","1","0","0","0","0","0","0","0","0","1","0","","02","9","2013","6","40.441956","-79.962881","1802","11","0","0","0","0","0","0","0","0","","0","0","0","","","2","","1","","40 26:31.041","","0","79 57:46.371","8","0","0","0","2301","0","0","0","N","0","0","0","5","02301","0","","1.0","","1","N","N","","1","","0","0","0","","2","","","2","2","0","0","0","2","0","2","0","2","","","","N","","","","","","","","","",""
"2013097371","2016","3","0","0","0","0","0","0","0","0","5","0","","02","9","2013","2","40.407265","-80.089074","2010","11","0","0","0","0","0","0","0","0","","0","0","0","","","0","","0","","40 24:26.154","","0","80 05:20.665","9","0","0","0","2301","0","0","0","N","0","0","0","1","02301","0","","1.0","","1","N","N","","0","","0","0","0","","0","","","3","0","0","0","0","0","1","2","0","3","","","","N","","","","","","","","","",""
"2013099403","2350","0","0","0","0","0","0","0","0","0","7","0","","02","10","2013","7","40.527039","-79.889495","2345","11","0","0","0","1","0","0","0","0","","0","0","0","","","0","","0","","40 31:37.340","","0","79 53:22.182","0","0","0","0","2432","0","0","0","N","0","0","0","1","02432","0","","5.0","","1","N","N","","0","","0","0","1","","0","","","1","0","0","0","0","0","0","2","0","1","","","","N","","","","","","","","","",""
"2013099415","0040","2","0","0","0","0","0","0","0","0","4","0","","02","10","2013","2","40.448039","-80.017839","0035","11","0","0","1","0","0","0","0","0","2","0","0","0","","","1","","1","","40 26:52.940","4","0","80 01:04.220","4","0","0","0","2301","0","0","0","N","0","0","0","5","02301","1","","1.0","","1","N","N","","0","","0","0","0","","2","N","","2","1","2","0","0","0","0","2","0","2","","","","N","","","","","","","","","",""
"2013096512","1810","0","0","0","0","0","0","0","0","0","1","0","","02","9","2013","6","40.440401","-80.231046","1808","11","0","0","0","0","0","0","0","0","","0","0","0","","","1","","0","","40 26:25.443","","0","80 13:51.764","4","0","0","0","2214","0","0","0","N","0","0","0","6","02214","1","","1.0","","1","N","N","","1","","0","0","0","","0","","","2","1","0","0","0","0","0","2","1","2","","","","N","","","","","","","","","",""
"2013097229","1152","2","0","0","0","0","0","0","0","0","4","0","","02","9","2013","2","40.450672","-80.023482","1150","11","0","0","0","1","0","0","0","1","","0","0","0","","","0","","1","","40 27:02.419","","0","80 01:24.535","0","0","0","0","2301","0","0","0","N","0","0","0","3","02301","0","","1.0","","1","N","N","","0","","0","0","0","","2","","","2","0","0","0","0","0","0","2","0","2","","","","N","","","","","","","","","",""
"2013096514","1650","3","0","0","0","0","0","0","0","0","1","0","","02","9","2013","7","40.336569","-80.047912","1646","11","0","2","1","0","0","0","0","0","1","0","0","0","","","0","","0","","40 20:11.647","1","0","80 02:52.484","0","0","0","0","2407","0","0","0","N","0","0","0","9","02407","0","","1.0","","1","N","N","","1","","0","0","1","","0","N","","5","0","0","0","0","0","0","2","0","5","","","","N","","","","","","","","","",""
"2013099418","0402","1","0","0","0","0","0","0","0","0","7","0","","02","10","2013","6","40.552628","-79.972018","0358","11","0","0","0","0","0","0","1","0","1","0","0","0","","","0","","0","","40 33:09.462","2","0","79 58:19.265","0","0","0","0","2118","0","0","0","N","0","0","0","1","02118","0","","5.0","","9","N","N","","0","","0","0","0","","0","Y","","1","0","0","0","0","0","0","2","0","1","","","","N","","","","","","","","","",""
"2013099480","0701","1","0","0","0","0","0","0","0","0","1","0","","02","10","2013","6","40.570919","-79.792361","0701","11","0","0","0","0","0","1","0","0","1","0","0","0","","","0","","0","","40 34:15.307","2","0","79 47:32.499","0","0","0","0","2206","0","0","0","N","0","0","0","2","68Z99","0","","1.0","","1","N","N","","0","","0","0","1","","0","N","","2","0","0","0","0","0","0","2","0","2","","","","N","","","","","","","","","",""
"2013097950","1642","3","0","0","0","0","0","0","0","0","6","0","","02","10","2013","4","40.437428","-79.979527","1642","11","0","0","0","0","0","1","0","0","1","0","0","0","","","0","","1","","40 26:14.740","2","0","79 58:46.297","0","0","0","0","2301","0","0","0","N","0","0","0","4","02301","0","","1.0","","1","N","N","","0","","0","0","0","","3","N","","3","0","0","0","0","0","0","2","0","3","","","","N","","","","","","","","","",""
"2013097951","1531","2","0","0","0","0","0","0","0","0","4","0","","02","10","2013","4","40.434956","-79.992845","1528","11","0","0","0","0","0","1","0","0","2","0","0","0","","","3","","0","","40 26:05.842","2","7","79 59:34.242","8","0","0","0","2301","0","0","0","N","0","0","0","4","02301","0","","1.0","","1","N","N","","0","","0","0","0","","0","N","","2","3","0","0","0","3","0","2","0","2","","","","N","","","","","","","","","",""
"2013097952","1835","1","0","0","0","0","0","0","0","0","7","0","","02","10","2013","3","40.435208","-79.947051","1835","11","0","0","0","0","0","0","0","0","","0","0","0","","","0","","3","","40 26:06.750","","0","79 56:49.385","0","0","0","0","2301","0","0","0","N","0","0","0","5","02301","0","","9.0","","1","N","N","","0","","0","0","0","","0","","","1","0","0","0","0","0","0","2","0","1","","","","N","","","","","","","","","",""
"2013096596","1955","1","0","0","0","0","0","0","0","0","1","0","","02","9","2013","6","40.407327","-79.890172","1952","11","0","0","0","0","0","0","0","0","1","0","0","0","","","0","","2","","40 24:26.378","4","0","79 53:24.619","0","0","0","0","2448","0","0","0","N","0","0","0","2","02448","0","","1.0","","1","N","N","","0","","0","0","1","","2","N","","2","0","0","0","0","0","0","2","0","2","","","","N","","","","","","","","","",""