"CRN","ARRIVAL_TM","AUTOMOBILE_COUNT","BELTED_DEATH_COUNT","BELTED_SUSP_SERIOUS_INJ_COUNT","BICYCLE_COUNT","BICYCLE_DEATH_COUNT","BICYCLE_SUSP_SERIOUS_INJ_COUNT","BUS_COUNT","CHLDPAS_DEATH_COUNT","CHLDPAS_SUSP_SERIOUS_INJ_COUNT","COLLISION_TYPE","COMM_VEH_COUNT","CONS_ZONE_SPD_LIM","COUNTY","CRASH_MONTH","CRASH_YEAR","DAY_OF_WEEK","DEC_LATITUDE","DEC_LONGITUDE","DISPATCH_TM","DISTRICT","DRIVER_COUNT_16YR","DRIVER_COUNT_17YR","DRIVER_COUNT_18YR","DRIVER_COUNT_19YR","DRIVER_COUNT_20YR","DRIVER_COUNT_50_64YR","DRIVER_COUNT_65_74YR","DRIVER_COUNT_75PLUS","EST_HRS_CLOSED","FATAL_COUNT","HEAVY_TRUCK_COUNT","HORSE_BUGGY_COUNT","HOUR_OF_DAY","ILLUMINATION","INJURY_COUNT","INTERSECTION_RELATED","INTERSECT_TYPE","LANE_CLOSED","LATITUDE","LN_CLOSE_DIR","LOCATION_TYPE","LONGITUDE","MAX_SEVERITY_LEVEL","MCYCLE_DEATH_COUNT","MCYCLE_SUSP_SERIOUS_INJ_COUNT","MOTORCYCLE_COUNT","MUNICIPALITY","NONMOTR_COUNT","NONMOTR_DEATH_COUNT","NONMOTR_SUSP_SERIOUS_INJ_COUNT","NTFY_HIWY_MAINT","PED_COUNT","PED_DEATH_COUNT","PED_SUSP_SERIOUS_INJ_COUNT","PERSON_COUNT","POLICE_AGCY","POSSIBLE_INJ_COUNT","RDWY_SURF_TYPE_CD","RELATION_TO_ROAD","ROADWAY_CLEARED","ROAD_CONDITION","SCH_BUS_IND","SCH_ZONE_IND","SECONDARY_CRASH","SMALL_TRUCK_COUNT","SPEC_JURIS_CD","SUSP_MINOR_INJ_COUNT","SUSP_SERIOUS_INJ_COUNT","SUV_COUNT","TCD_FUNC_CD","TCD_TYPE","TFC_DETOUR_IND","TIME_OF_DAY","TOTAL_UNITS","TOT_INJ_COUNT","UNBELTED_OCC_COUNT","UNB_DEATH_COUNT","UNB_SUSP_SERIOUS_INJ_COUNT","UNK_INJ_DEG_COUNT","UNK_INJ_PER_COUNT","URBAN_RURAL","VAN_COUNT","VEHICLE_COUNT","WEATHER1","WEATHER2","WORKERS_PRES","WORK_ZONE_IND","WORK_ZONE_LOC","WORK_ZONE_TYPE","WZ_CLOSE_DETOUR","WZ_FLAGGER","WZ_LAW_OFFCR_IND","WZ_LN_CLOSURE","WZ_MOVING","WZ_OTHER","WZ_SHLDER_MDN","WZ_WORKERS_INJ_KILLED"
"2013098639","0801","1","0","0","0","0","0","0","0","0","1","0","","02","10","2013","5","40.492851","-79.898151","0750","11","0","0","0","0","0","0","0","0","","0","0","0","","","0","","0","","40 29:34.262","","0","79 53:53.343","0","0","0","0","2401","0","0","0","N","0","0","0","2","68D02","0","","1.0","","1","N","N","","0","","0","0","1","","0","","","2","0","0","0","0","0","0","2","0","2","","","","N","","","","","","","","","",""
"2013098707","1150","1","0","0","0","0","0","0","0","0","7","0","","02","10","2013","6","40.455359","-79.884766","1150","11","0","0","0","0","0","0","0","0","1","0","0","0","","","0","","2","","40 27:19.292","6","0","79 53:05.157","0","0","0","0","2301","0","0","0","N","0","0","0","1","02301","0","","5.0","","1","N","N","","0","","0","0","0","","0","N","","1","0","1","0","0","0","0","2","0","1","","","","N","","","","","","","","","",""
"2013100141","2234","1","0","0","0","0","0","0","0","0","7","0","","02","9","2013","7","40.511356","-79.953906","2229","11","1","0","0","0","0","0","0","0","","0","0","0","","","0","","0","","40 30:40.881","","0","79 57:14.061","0","0","0","0","2118","0","0","0","N","0","0","0","1","02118","0","","2.0","","9","N","N","","0","","0","0","0","","0","","","1","0","0","0","0","0","0","2","0","1","","","","N","","","","","","","","","",""
"2013098629","0735","2","0","0","0","0","0","0","0","0","1","0","","02","9","2013","2","40.429688","-79.885514","0728","11","0","0","0","0","0","0","0","0","2","0","0","0","","","2","","0","","40 25:46.876","4","0","79 53:07.849","4","0","0","0","2301","0","0","0","N","0","0","0","4","68B03","2","","1.0","","1","N","N","","0","","0","0","1","","0","N","","3","2","1","0","0","0","0","2","0","3","","","","N","","","","","","","","","",""
"2013099412","0123","0","0","0","0","0","0","0","0","0","7","0","","02","10","2013","7","40.493481","-79.945733","0117","11","0","0","0","0","0","0","0","0","","0","0","0","","","1","","0","","40 29:36.530","","0","79 56:44.638","3","0","0","0","2118","0","0","0","N","0","0","0","1","02118","0","","1.0","","1","N","N","","0","","1","0","1","","0","","","1","1","0","0","0","0","0","2","0","1","","","","N","","","","","","","","","",""
"2013098709","1135","0","0","0","0","0","0","0","0","0","0","0","","02","10","2013","6","40.447898","-80.026172","1134","11","0","0","0","0","0","0","0","0","1","0","0","0","","","1","","6","","40 26:52.431","4","8","80 01:34.219","3","0","0","1","2301","0","0","0","N","0","0","0","1","02301","0","","1.0","","1","N","N","","0","","1","0","0","","0","N","","1","1","0","0","0","0","0","2","0","1","","","","N","","","","","","","","","",""
"2013098630","0735","3","0","0","0","0","0","0","0","0","1","0","","02","9","2013","2","40.429688","-79.885514","0728","11","0","0","0","0","0","0","0","0","2","0","0","0","","","1","","0","","40 25:46.876","4","0","79 53:07.849","4","0","0","0","2301","0","0","0","N","0","0","0","4","68B03","1","","1.0","","1","N","N","","0","","0","0","0","","0","N","","3","1","0","0","0","0","0","2","0","3","","","","N","","","","","","","","","",""
"2013100215","2024","2","0","0","0","0","0","0","0","0","7","0","","02","10","2013","5","40.422846","-80.103023","2021","11","0","0","0","0","0","0","0","0","1","0","0","0","","","1","","0","","40 25:22.246","3","0","80 06:10.883","8","0","0","0","2115","0","0","0","N","0","0","0","3","68B03","0","","3.0","","9","N","N","","0","","0","0","0","","0","N","","2","1","0","0","0","1","0","2","0","2","","","","N","","","","","","","","","",""
"2013097256","1421","0","0","0","0","0","0","0","0","0","4","0","","02","9","2013","2","40.449706","-80.025099","1411","11","0","0","0","0","0","0","0","0","","0","0","0","","","0","","1","","40 26:58.940","","2","80 01:30.356","0","0","0","0","2301","0","0","0","N","0","0","0","4","02301","0","","7.0","","1","N","N","","0","","0","0","2","","2","","","2","0","0","0","0","0","0","2","0","2","","","","N","","","","","","","","","",""
"2013098631","1742","2","0","0","0","0","0","0","0","0","1","0","","02","9","2013","2","40.423922","-80.110003","1737","11","0","0","0","0","0","1","0","0","","0","0","0","","","0","","0","","40 25:26.118","","0","80 06:36.011","0","0","0","0","2115","0","0","0","N","0","0","0","2","68B03","0","","1.0","","1","N","N","","0","","0","0","0","","0","","","2","0","0","0","0","0","0","2","0","2","","","","N","","","","","","","","","",""
"2013100216","1753","0","0","0","0","0","0","0","0","0","7","0","","02","10","2013","7","40.443084","-79.763974","1738","11","0","0","0","0","0","0","0","0","1","0","0","0","","","1","","0","","40 26:35.102","4","0","79 45:50.305","8","0","0","0","2446","0","0","0","N","0","0","0","1","68B03","0","","3.0","","9","N","N","","1","","0","0","0","","0","N","","1","1","0","0","0","1","0","2","0","1","","","","N","","","","","","","","","",""
"2013098711","1128","2","0","0","0","0","0","0","0","0","2","0","","02","10","2013","6","40.439792","-79.923074","1124","11","0","0","0","0","0","0","1","1","","0","0","0","","","0","","1","","40 26:23.251","","0","79 55:23.066","0","0","0","0","2301","0","0","0","N","0","0","0","2","02301","0","","1.0","","1","N","N","","0","","0","0","0","","3","","","2","0","0","0","0","0","0","2","0","2","","","","N","","","","","","","","","",""
"2013096616","2328","1","0","0","0","0","0","0","0","0","4","0","","02","9","2013","6","40.437658","-79.985151","2328","11","0","0","0","0","1","0","0","0","","0","0","0","","","0","","1","","40 26:15.568","","0","79 59:06.543","0","0","0","0","2301","0","0","0","N","0","0","0","9","02301","0","","1.0","","1","N","N","","0","","0","0","0","","1","","","2","0","0","0","0","0","0","2","1","2","","","","N","","","","","","","","","",""
"2013100157","0700","2","0","0","0","0","0","1","0","0","2","1","","02","10","2013","2","40.635976","-79.712452","0659","11","0","0","0","1","0","0","0","0","1","0","0","0","","","2","","1","","40 38:09.512","1","0","79 42:44.828","3","0","0","0","2106","0","0","0","N","0","0","0","4","02106","1","","1.0","","9","Y","N","","0","","1","0","0","","2","N","","3","2","0","0","0","0","0","2","0","3","","","","N","","","","","","","","","",""
"2013097958","2022","1","0","0","0","0","0","0","0","0","4","0","","02","9","2013","7","40.586853","-80.041629","2009","11","0","0","1","0","0","1","0","0","","0","0","0","","","1","","1","","40 35:12.669","","0","80 02:29.866","4","0","0","0","2108","0","0","0","N","0","0","0","2","02108","1","","1.0","","1","N","N","","0","","0","0","1","","2","","","2","1","1","0","0","0","0","2","0","2","","","","N","","","","","","","","","",""
"2013095740","1638","0","0","0","0","0","0","0","0","0","1","0","","02","9","2013","7","40.433403","-79.797931","1636","11","0","0","0","0","0","0","0","0","","0","0","0","","","0","","0","","40 26:00.252","","7","79 47:52.550","0","0","0","0","2446","0","0","0","N","0","0","0","3","02446","0","","1.0","","1","N","N","","0","","0","0","1","","2","","","2","0","0","0","0","0","0","2","1","2","","","","N","","","","","","","","","",""
"2013100158","1819","0","0","0","0","0","0","0","0","0","7","0","","02","9","2013","3","40.504894","-80.14466","1809","11","0","0","0","0","0","0","0","0","","0","0","0","","","0","","0","","40 30:17.617","","3","80 08:40.776","0","0","0","0","2213","0","0","0","N","0","0","0","1","02213","0","","2.0","","1","N","N","","1","","0","0","0","","0","","","1","0","0","0","0","0","0","2","0","1","","","","N","","","","","","","","","",""
"2013097959","1408","1","0","0","0","0","0","0","0","0","7","0","","02","9","2013","3","40.451306","-80.128964","1404","11","0","0","0","0","0","0","0","1","","0","0","0","","","0","","0","","40 27:04.703","","0","80 07:44.270","0","0","0","0","2115","0","0","0","N","0","0","0","1","02115","0","","4.0","","1","N","N","","0","","0","0","0","","0","","","1","0","0","0","0","0","0","2","0","1","","","","N","","","","","","","","","",""
"2013098713","1039","1","0","0","0","0","0","0","0","0","4","0","","02","10","2013","6","40.37729","-80.004174","1037","11","0","0","0","0","0","0","0","1","","0","0","0","","","1","","2","","40 22:38.243","","0","80 00:15.027","8","0","0","0","2301","0","0","0","N","0","0","0","2","02301","0","","1.0","","1","N","N","","0","","0","0","1","","3","","","2","1","0","0","0","1","1","2","0","2","","","","N","","","","","","","","","",""
"2013097245","1215","1","0","0","0","0","0","0","0","0","1","0","","02","9","2013","5","40.433991","-79.753167","1215","11","0","0","0","0","0","1","0","0","","0","0","0","","","1","","1","","40 26:02.366","","0","79 45:11.401","8","0","0","0","2446","0","0","0","N","0","0","0","2","02446","0","","1.0","","1","N","N","","0","","0","0","0","","2","","","2","1","0","0","0","1","1","2","0","2","","","","N","","","","","","","","","",""
"2013096618","0052","1","0","0","0","0","0","0","0","0","7","0","","02","9","2013","7","40.454271","-80.004266","0052","11","0","0","0","0","0","0","0","0","3","0","0","0","","","0","","0","","40 27:15.374","3","0","80 00:15.358","0","0","0","0","2301","0","0","0","N","0","0","0","1","02301","0","","2.0","","1","N","N","","0","","0","0","0","","0","Y","","1","0","0","0","0","0","0","2","0","1","","","","N","","","","","","","","","",""
"2013095877","0832","0","0","0","0","0","0","0","0","0","4","0","","02","9","2013","5","40.432306","-79.918257","0818","11","0","0","0","0","0","1","0","0","","0","0","0","","","0","","1","","40 25:56.301","","0","79 55:05.725","0","0","0","0","2301","0","0","0","N","0","0","0","2","02301","0","","1.0","","1","N","N","","0","","0","0","0","","2","","","2","0","0","0","0","0","0","2","2","2","","","","N","","","","","","","","","",""
"2013100159","1846","1","0","0","0","0","0","0","0","0","4","0","","02","9","2013","3","40.522549","-80.174736","1842","11","0","0","0","0","0","1","1","0","1","0","0","0","","","1","","1","","40 31:21.175","1","0","80 10:29.050","3","0","0","0","2213","0","0","0","N","0","0","0","4","02213","0","","1.0","","1","N","N","","0","","1","0","1","","3","N","","2","1","0","0","0","0","0","2","0","2","","","","N","","","","","","","","","",""
"2013097960","1349","1","0","0","0","0","0","0","0","0","1","0","","02","9","2013","6","40.461092","-80.151506","1349","11","0","0","0","0","0","2","0","0","1","0","0","0","","","1","","2","","40 27:39.931","3","0","80 09:05.422","3","0","0","0","2115","0","0","0","N","0","0","0","2","02115","0","","1.0","","1","N","N","","0","","1","0","1","","0","N","","2","1","0","0","0","0","0","2","0","2","","","","N","","","","","","","","","",""
"2013096604","1547","2","0","0","0","0","0","0","0","0","1","0","","02","9","2013","3","40.488327","-79.752155","1537","11","0","0","0","0","0","2","0","0","","0","0","0","","","1","","2","","40 29:17.977","","0","79 45:07.758","8","0","0","0","2466","0","0","0","N","0","0","0","2","02466","0","","1.0","","1","N","N","","0","","0","0","0","","0","","","2","1","0","0","0","1","0","2","0","2","","","","N","","","","","","","","","",""
"2013100160","1050","0","0","0","0","0","0","0","0","0","1","0","","02","10","2013","3","40.509144","-80.222986","1049","11","0","0","0","0","0","1","0","0","1","0","0","0","","","1","","2","","40 30:32.918","5","0","80 13:22.749","8","0","0","0","2213","0","0","0","N","0","0","0","2","02213","0","","1.0","","1","N","N","","2","","0","0","0","","2","N","","2","1","0","0","0","1","0","2","0","2","","","","N","","","","","","","","","",""
"2013097961","0937","1","0","0","0","0","0","0","0","0","1","0","","02","9","2013","3","40.373789","-80.006338","0935","11","0","0","0","0","0","1","0","0","","0","0","0","","","2","","1","","40 22:25.642","","0","80 00:22.817","4","0","0","0","2416","0","0","0","N","0","0","0","2","02416","1","","1.0","","1","N","N","","1","","0","0","0","","2","","","2","2","0","0","0","1","0","2","0","2","","","","N","","","","","","","","","",""
"2013097880","1215","3","0","0","0","0","0","0","0","0","1","0","","02","10","2013","3","40.458687","-79.908061","1210","11","0","0","0","0","0","2","0","0","","0","0","0","","","1","","1","","40 27:31.273","","0","79 54:29.021","3","0","0","0","2301","0","0","0","N","0","0","0","4","02301","0","","1.0","","1","N","N","","0","","1","0","0","","2","","","3","1","0","0","0","0","1","2","0","3","","","","N","","","","","","","","","",""
"2013096622","0010","0","0","0","0","0","0","0","0","0","4","0","","02","9","2013","6","40.413252","-79.988875","2345","11","0","0","0","0","0","0","0","0","1","0","0","0","","","1","","2","","40 24:47.707","1","0","79 59:19.950","3","0","0","1","2301","0","0","0","N","0","0","0","4","02301","0","","1.0","","1","N","N","","0","","1","0","1","","0","N","","2","1","0","0","0","0","0","2","0","2","","","","N","","","","","","","","","",""
"2013100150","1654","1","0","0","0","0","0","0","0","0","4","0","","02","10","2013","3","40.405805","-80.027571","1648","11","0","0","0","0","0","0","0","0","1","0","0","0","","","0","","1","","40 24:20.898","1","0","80 01:39.255","0","0","0","0","2301","0","0","0","N","0","0","0","2","02301","0","","1.0","","1","N","N","","1","","0","0","0","","3","N","","2","0","1","0","0","0","0","2","0","2","","","","N","","","","","","","","","",""
"2013099433","0619","0","0","0","0","0","0","0","0","0","4","0","","02","10","2013","5","40.437823","-80.000175","0605","11","0","0","0","0","0","0","0","0","","0","0","0","","","0","","1","","40 26:16.163","","0","80 00:00.630","0","0","0","0","2301","0","0","0","N","0","0","0","2","02301","0","","1.0","","1","N","N","","0","","0","0","2","","2","","","2","0","2","0","0","0","0","2","0","2","","","","N","","","","","","","","","",""
"2013098717","0948","0","0","0","0","0","0","0","0","0","7","0","","02","10","2013","6","40.367008","-79.980433","0947","11","0","0","0","0","0","0","1","0","","0","0","0","","","1","","2","","40 22:01.228","","0","79 58:49.558","4","0","0","0","2413","0","0","0","N","0","0","0","1","02413","1","","2.0","","1","N","N","","0","","0","0","1","","3","","","1","1","0","0","0","0","0","2","0","1","","","","N","","","","","","","","","",""
"2013097392","0046","0","0","0","0","0","0","0","0","0","7","0","","02","9","2013","7","40.429052","-79.997486","0042","11","0","0","0","0","0","0","0","0","2","0","0","0","","","0","","0","","40 25:44.587","4","0","79 59:50.950","0","0","0","0","2301","0","0","0","N","0","0","0","2","02301","0","","2.0","","1","N","N","","1","","0","0","0","","0","N","","1","0","0","0","0","0","0","2","0","1","","","","N","","","","","","","","","",""
"2013100151","1529","1","0","0","0","0","0","0","0","0","1","0","","02","10","2013","6","40.470831","-79.821309","1529","11","0","0","0","0","0","0","1","0","1","0","0","0","","","0","","2","","40 28:14.991","6","0","79 49:16.713","0","0","0","0","2113","0","0","0","N","0","0","0","3","02113","0","","1.0","","1","N","N","","1","","0","0","0","","0","Y","","2","0","0","0","0","0","0","2","0","2","","","","N","","","","","","","","","",""
"2013094977","2248","1","0","0","0","0","0","0","0","0","5","0","","02","9","2013","1","","","2244","11","0","1","0","0","0","1","0","0","2","0","0","0","","","0","","0","","","1","0","","0","0","0","0","2445","0","0","0","N","0","0","0","4","02445","0","","1.0","","1","N","N","","0","","0","0","1","","0","N","","2","0","0","0","0","0","0","1","0","2","","","","N","","","","","","","","","",""
"2013095118","0632","2","0","0","0","0","0","0","0","0","4","0","","02","9","2013","2","40.340235","-79.96737","0631","11","0","0","0","0","0","0","0","0","1","0","0","0","","","0","","2","","40 20:24.847","4","0","79 58:02.531","0","0","0","0","2454","0","0","0","Y","0","0","0","2","02454","0","","1.0","","1","N","N","","0","","0","0","0","","2","N","","2","0","0","0","0","0","0","2","0","2","","","","N","","","","","","","","","",""
"2013100152","1631","1","0","0","0","0","0","0","0","0","7","0","","02","10","2013","3","40.422451","-79.863972","1628","11","0","0","0","0","0","0","1","0","2","0","0","0","","","0","","0","","40 25:20.824","4","0","79 51:50.299","0","0","0","0","2431","0","0","0","N","0","0","0","1","02431","0","","5.0","","1","N","N","","0","","0","0","0","","0","N","","1","0","0","0","0","0","0","2","0","1","","","","N","","","","","","","","","",""
"2013095747","1746","2","0","0","0","0","0","0","0","0","4","0","","02","8","2013","4","40.513186","-80.093665","1746","11","0","0","0","0","0","2","0","0","","0","0","0","","","0","","1","","40 30:47.469","","0","80 05:37.194","0","0","0","0","2429","0","0","0","N","0","0","0","2","02215","0","","1.0","","9","N","N","","0","","0","0","0","","3","","","2","0","0","0","0","0","0","2","0","2","","","","N","","","","","","","","","",""
"2013098589","2256","0","0","0","0","0","0","0","0","0","7","0","","02","10","2013","5","40.457827","-79.987423","2249","11","0","0","0","0","1","0","0","0","","0","0","0","","","0","","0","","40 27:28.178","","0","79 59:14.723","0","0","0","0","2301","0","0","0","N","0","0","0","1","02301","0","","5.0","","9","N","N","","1","","0","0","0","","0","","","2","0","0","0","0","0","0","2","0","1","","","","N","","","","","","","","","",""
"2013096626","0223","2","0","0","0","0","0","0","0","0","4","0","","02","9","2013","7","40.437658","-79.985151","0219","11","0","0","0","0","0","0","0","0","","0","0","0","","","1","","1","","40 26:15.568","","0","79 59:06.543","4","0","0","0","2301","0","0","0","N","0","0","0","2","02301","1","","1.0","","1","N","N","","0","","0","0","0","","1","","","2","1","1","0","0","0","1","2","0","2","","","","N","","","","","","","","","",""
"2013100154","1620","1","0","0","0","0","0","0","0","0","4","1","","02","10","2013","3","40.279434","-79.874721","1610","11","0","0","0","0","0","0","1","0","2","0","1","0","","","1","","0","","40 16:45.962","5","0","79 52:28.994","8","0","0","0","2105","0","0","0","N","0","0","0","2","02105","0","","1.0","","1","N","N","","0","","0","0","0","","0","Y","","2","1","0","0","0","1","0","1","0","2","","","","N","","","","","","","","","",""
"2013098590","0745","1","0","0","0","0","0","1","0","0","1","1","","02","10","2013","5","40.427402","-80.041566","0740","11","0","0","0","0","0","0","0","0","2","0","0","0","","","0","","0","","40 25:38.648","1","0","80 02:29.638","0","0","0","0","2435","0","0","0","N","0","0","0","7","02435","0","","1.0","","1","Y","N","","0","","0","0","0","","0","N","","2","0","0","0","0","0","0","2","0","2","","","","N","","","","","","","","","",""
"2013096628","0251","1","0","0","0","0","0","0","0","0","7","0","","02","9","2013","7","40.396964","-79.978661","0245","11","0","0","0","0","0","0","0","0","","0","0","0","","","0","","1","","40 23:49.071","","0","79 58:43.179","0","0","0","0","2301","0","0","0","N","0","0","0","1","02301","0","","5.0","","1","N","N","","0","","0","0","0","","2","","","1","0","0","0","0","0","0","2","0","1","","","","N","","","","","","","","","",""
"2013097520","1048","1","0","0","0","0","0","0","0","0","7","0","","02","9","2013","7","40.552592","-80.086606","1024","11","0","0","0","0","0","0","0","0","2","0","0","0","","","0","","0","","40 33:09.330","2","0","80 05:11.780","0","0","0","0","2215","0","0","0","Y","0","0","0","2","68B03","0","","4.0","","9","N","N","","0","","0","0","0","","0","N","","1","0","0","0","0","0","0","2","0","1","","","","N","","","","","","","","","",""
"2013097521","1705","1","0","0","0","0","0","0","0","0","1","0","","02","9","2013","2","40.430311","-80.027091","1654","11","0","0","0","0","0","0","1","0","","0","0","0","","","0","","0","","40 25:49.120","","0","80 01:37.526","0","0","0","0","2301","0","0","0","N","0","0","0","3","68B03","0","","1.0","","1","N","N","","1","","0","0","0","","0","","","2","0","0","0","0","0","0","2","0","2","","","","N","","","","","","","","","",""
"2013095210","0830","1","0","0","0","0","0","0","0","0","1","0","","02","9","2013","7","40.479631","-79.966076","0824","11","0","0","0","0","0","0","0","0","1","0","0","0","","","0","","3","","40 28:46.672","2","0","79 57:57.873","0","0","0","0","2118","0","0","0","N","0","0","0","2","02118","0","","1.0","","1","N","N","","0","","0","0","0","","0","N","","2","0","0","0","0","0","0","2","1","2","","","","N","","","","","","","","","",""
"2013096833","0030","1","0","0","0","0","0","0","0","0","7","0","","02","9","2013","1","40.458656","-79.998494","0030","11","0","0","0","0","0","0","0","0","1","0","0","0","","","0","","3","","40 27:31.163","1","0","79 59:54.577","0","0","0","0","2301","0","0","0","N","0","0","0","1","02301","0","","1.0","","1","N","N","","0","","0","0","0","","0","Y","","1","0","0","0","0","0","0","2","0","1","","","","N","","","","","","","","","",""
"2013095888","1006","2","0","0","0","0","0","0","0","0","3","0","","02","9","2013","5","40.305701","-79.825494","0959","11","0","0","0","0","0","1","0","0","2","0","0","0","","","2","","0","","40 18:20.524","5","0","79 49:31.777","4","0","0","0","2105","0","0","0","N","0","0","0","2","02105","2","","1.0","","1","N","N","","0","","0","0","0","","0","Y","","2","2","0","0","0","0","0","2","0","2","","","","N","","","","","","","","","",""
"2013097522","1708","3","0","0","0","0","0","0","0","0","1","0","","02","9","2013","3","40.429607","-79.885913","1542","11","0","0","0","0","0","0","0","0","1","0","0","0","","","1","","0","","40 25:46.586","4","0","79 53:09.287","4","0","0","0","2426","0","0","0","N","0","0","0","4","68B03","1","","1.0","","1","N","N","","0","","0","0","0","","0","N","","3","1","0","0","0","0","0","2","0","3","","","","N","","","","","","","","","",""
"2013095195","1310","2","0","0","0","0","0","0","0","0","2","0","","02","9","2013","3","40.458613","-79.908014","1307","11","0","0","0","0","1","0","0","0","","0","0","0","","","1","","1","","40 27:31.005","","0","79 54:28.849","3","0","0","0","2301","0","0","0","N","0","0","0","4","02301","0","","1.0","","1","N","N","","0","","1","0","0","","2","","","2","1","1","0","0","0","0","2","0","2","","","","N","","","","","","","","","",""
"2013094722","1405","1","0","0","0","0","0","0","0","0","4","0","","02","9","2013","5","40.456914","-79.938524","1350","11","0","0","0","0","0","1","0","1","","0","0","0","","","1","","1","","40 27:24.889","","0","79 56:18.688","8","0","0","0","2301","0","0","0","N","0","0","0","2","02301","0","","1.0","","1","N","N","","0","","0","0","1","","2","","","2","1","0","0","0","1","0","2","0","2","","","","N","","","","","","","","","",""
"2013095889","1450","0","0","0","0","0","0","0","0","0","8","0","","02","9","2013","3","40.428751","-79.986423","1445","11","0","0","0","0","0","0","0","0","","0","0","0","","","1","","1","","40 25:43.505","","0","79 59:11.124","8","0","0","0","2301","1","0","0","N","1","0","0","2","02301","0","","1.0","","1","N","N","","0","","0","0","1","","2","","","2","1","0","0","0","1","0","2","0","1","","","","N","","","","","","","","","",""
"2013097523","0913","1","0","0","0","0","0","0","0","0","5","1","","02","9","2013","6","40.657709","-80.091739","0853","11","0","0","0","0","0","0","0","0","","0","1","0","","","1","","0","","40 39:27.751","","0","80 05:30.259","8","0","0","0","2212","0","0","0","N","0","0","0","2","68B03","0","","1.0","","1","N","N","","0","","0","0","0","","0","","","2","1","0","0","0","1","0","2","0","2","","","","N","","","","","","","","","",""
"2013095356","1959","1","0","0","0","0","0","0","0","0","7","0","","02","9","2013","7","40.523486","-79.818904","1937","11","0","0","1","0","0","0","0","0","","0","0","0","","","0","","0","","40 31:24.549","","0","79 49:08.056","0","0","0","0","2466","0","0","0","N","0","0","0","1","68T02","0","","3.0","","9","N","N","","0","","0","0","0","","0","","","1","0","0","0","0","0","0","2","0","1","","","","N","","","","","","","","","",""
"2013097524","1410","1","0","0","0","0","0","0","0","0","1","0","","02","9","2013","6","40.412292","-80.066941","1402","11","0","0","0","0","0","0","0","0","","0","0","0","","","2","","0","","40 24:44.251","","0","80 04:00.987","4","0","0","1","2435","0","0","0","N","0","0","0","3","68B03","2","","1.0","","1","N","N","","0","","0","0","0","","0","","","2","2","0","0","0","0","0","2","0","2","","","","N","","","","","","","","","",""
"2013097525","2211","1","0","0","0","0","0","0","0","0","7","0","","02","9","2013","6","40.581733","-80.097957","2206","11","0","0","0","0","1","0","0","0","","0","0","0","","","0","","0","","40 34:54.237","","0","80 05:52.645","0","0","0","0","2481","0","0","0","N","0","0","0","1","68B03","0","","2.0","","1","N","N","","0","","0","0","0","","0","","","1","0","0","0","0","0","0","2","0","1","","","","N","","","","","","","","","",""
"2013094660","","1","0","0","0","0","0","0","0","0","4","0","","02","6","2013","4","40.431742","-79.893258","","11","0","0","0","0","0","0","0","0","","0","0","0","","","0","","1","","40 25:54.270","","0","79 53:35.730","9","0","0","0","2478","0","0","0","N","0","0","0","2","00000","0","","1.0","","1","N","N","","0","","0","0","1","","3","","","2","0","0","0","0","0","2","2","0","2","","","","N","","","","","","","","","",""
"2013095217","1854","1","0","0","0","0","0","0","0","0","5","0","","02","9","2013","7","40.437864","-80.042947","1848","11","0","0","0","0","0","0","0","0","","0","0","0","","","0","","0","","40 26:16.310","","0","80 02:34.609","0","0","0","0","2301","0","0","0","N","0","0","0","7","02301","0","","1.0","","9","N","N","","0","","0","0","1","","0","","","2","0","0","0","0","0","0","2","0","2","","","","N","","","","","","","","","",""
"2013096838","2321","1","0","0","0","0","0","0","0","0","7","0","","02","9","2013","7","40.463553","-79.903335","2320","11","0","0","0","0","1","0","0","0","4","1","0","0","","","2","","1","","40 27:48.790","7","0","79 54:12.006","1","0","0","0","2301","0","0","0","N","0","0","0","3","02301","1","2","5.0","","1","N","N","","0","0","0","0","0","","3","Y","","1","2","3","1","0","1","0","2","0","1","","","","N","","","","","","","","","",""
"2013095893","0950","1","0","0","0","0","0","0","0","0","4","0","","02","9","2013","5","40.459781","-79.971364","0948","11","0","0","0","0","0","0","0","1","","0","0","0","","","0","","1","","40 27:35.212","","0","79 58:16.911","0","0","0","0","2301","0","0","0","N","0","0","0","2","02301","0","","1.0","","1","N","N","","0","","0","0","0","","2","","","2","0","0","0","0","0","0","2","1","2","","","","N","","","","","","","","","",""
"2013096700","1045","0","0","0","0","0","0","0","0","0","7","0","","02","9","2013","6","40.564005","-79.958218","1043","11","0","0","0","0","0","0","0","0","1","0","0","0","","","1","","0","","40 33:50.419","1","0","79 57:29.584","3","0","0","0","2207","0","0","0","N","0","0","0","1","02207","0","","2.0","","1","N","N","","0","","1","0","1","","0","N","","1","1","0","0","0","0","0","2","0","1","","","","N","","","","","","","","","",""
"2013095201","1315","2","0","0","0","0","0","0","0","0","4","0","","02","9","2013","3","40.45289","-79.920715","1308","11","0","0","0","0","0","0","1","0","","0","0","0","","","1","","1","","40 27:10.404","","0","79 55:14.574","8","0","0","0","2301","0","0","0","N","0","0","0","2","02301","0","","1.0","","1","N","N","","0","","0","0","0","","2","","","2","1","0","0","0","1","0","2","0","2","","","","N","","","","","","","","","",""