"CRN","ARRIVAL_TM","AUTOMOBILE_COUNT","BELTED_DEATH_COUNT","BELTED_SUSP_SERIOUS_INJ_COUNT","BICYCLE_COUNT","BICYCLE_DEATH_COUNT","BICYCLE_SUSP_SERIOUS_INJ_COUNT","BUS_COUNT","CHLDPAS_DEATH_COUNT","CHLDPAS_SUSP_SERIOUS_INJ_COUNT","COLLISION_TYPE","COMM_VEH_COUNT","CONS_ZONE_SPD_LIM","COUNTY","CRASH_MONTH","CRASH_YEAR","DAY_OF_WEEK","DEC_LATITUDE","DEC_LONGITUDE","DISPATCH_TM","DISTRICT","DRIVER_COUNT_16YR","DRIVER_COUNT_17YR","DRIVER_COUNT_18YR","DRIVER_COUNT_19YR","DRIVER_COUNT_20YR","DRIVER_COUNT_50_64YR","DRIVER_COUNT_65_74YR","DRIVER_COUNT_75PLUS","EST_HRS_CLOSED","FATAL_COUNT","HEAVY_TRUCK_COUNT","HORSE_BUGGY_COUNT","HOUR_OF_DAY","ILLUMINATION","INJURY_COUNT","INTERSECTION_RELATED","INTERSECT_TYPE","LANE_CLOSED","LATITUDE","LN_CLOSE_DIR","LOCATION_TYPE","LONGITUDE","MAX_SEVERITY_LEVEL","MCYCLE_DEATH_COUNT","MCYCLE_SUSP_SERIOUS_INJ_COUNT","MOTORCYCLE_COUNT","MUNICIPALITY","NONMOTR_COUNT","NONMOTR_DEATH_COUNT","NONMOTR_SUSP_SERIOUS_INJ_COUNT","NTFY_HIWY_MAINT","PED_COUNT","PED_DEATH_COUNT","PED_SUSP_SERIOUS_INJ_COUNT","PERSON_COUNT","POLICE_AGCY","POSSIBLE_INJ_COUNT","RDWY_SURF_TYPE_CD","RELATION_TO_ROAD","ROADWAY_CLEARED","ROAD_CONDITION","SCH_BUS_IND","SCH_ZONE_IND","SECONDARY_CRASH","SMALL_TRUCK_COUNT","SPEC_JURIS_CD","SUSP_MINOR_INJ_COUNT","SUSP_SERIOUS_INJ_COUNT","SUV_COUNT","TCD_FUNC_CD","TCD_TYPE","TFC_DETOUR_IND","TIME_OF_DAY","TOTAL_UNITS","TOT_INJ_COUNT","UNBELTED_OCC_COUNT","UNB_DEATH_COUNT","UNB_SUSP_SERIOUS_INJ_COUNT","UNK_INJ_DEG_COUNT","UNK_INJ_PER_COUNT","URBAN_RURAL","VAN_COUNT","VEHICLE_COUNT","WEATHER1","WEATHER2","WORKERS_PRES","WORK_ZONE_IND","WORK_ZONE_LOC","WORK_ZONE_TYPE","WZ_CLOSE_DETOUR","WZ_FLAGGER","WZ_LAW_OFFCR_IND","WZ_LN_CLOSURE","WZ_MOVING","WZ_OTHER","WZ_SHLDER_MDN","WZ_WORKERS_INJ_KILLED"
"2013096712","1117","1","0","0","0","0","0","0","0","0","8","0","","02","9","2013","7","40.447708","-79.938872","1111","11","0","0","0","0","0","1","0","0","","0","0","0","","","1","","2","","40 26:51.748","","0","79 56:19.939","3","0","0","0","2301","1","0","0","N","1","0","0","2","02301","0","","1.0","","1","N","N","","0","","1","0","0","","2","","","2","1","0","0","0","0","0","2","0","1","","","","N","","","","","","","","","",""
"2013096924","1617","1","0","0","0","0","0","0","0","0","1","0","","02","9","2013","4","40.348251","-79.945946","1616","11","0","0","0","0","0","1","0","0","2","0","0","0","","","1","","0","","40 20:53.704","3","0","79 56:45.405","8","0","0","0","2473","0","0","0","N","0","0","0","2","02473","0","","1.0","","1","N","N","","1","","0","0","0","","0","N","","2","1","1","0","0","1","0","2","0","2","","","","N","","","","","","","","","",""
"2013096713","1315","1","0","0","0","0","0","0","0","0","2","0","","02","9","2013","4","40.389904","-79.982899","1300","11","0","0","0","0","0","0","1","0","2","0","0","0","","","1","","0","","40 23:23.655","5","0","79 58:58.438","3","0","0","0","2301","0","0","0","N","0","0","0","2","02301","0","","1.0","","1","N","N","","0","","1","0","1","","0","Y","","2","1","0","0","0","0","0","2","0","2","","","","N","","","","","","","","","",""
"2013094728","0820","0","0","0","0","0","0","0","0","0","6","2","","02","9","2013","2","40.391114","-79.766047","0816","11","0","0","0","0","0","1","0","0","2","0","1","0","","","2","","5","","40 23:28.009","6","0","79 45:57.769","3","0","0","0","2446","0","0","0","N","0","0","0","4","02446","1","","1.0","","1","N","N","","1","","1","0","0","","2","Y","","2","2","0","0","0","0","0","2","0","2","","","","N","","","","","","","","","",""
"2013096714","0726","0","0","0","0","0","0","0","0","0","7","0","","02","9","2013","7","40.426294","-80.017822","0718","11","0","0","0","0","0","0","0","0","3","0","0","0","","","2","","0","","40 25:34.660","6","4","80 01:04.160","2","0","0","0","2301","0","0","0","N","0","0","0","3","02503","0","","3.0","","1","N","N","","0","","0","2","1","","9","Y","","1","2","1","0","0","0","1","2","0","1","","","","N","","","","","","","","","",""
"2013095223","1506","2","0","0","0","0","0","0","0","0","6","0","","02","9","2013","6","40.477459","-79.868301","1500","11","0","0","0","0","1","0","0","0","","0","0","0","","","0","","0","","40 28:38.852","","0","79 52:05.883","0","0","0","0","2113","0","0","0","N","0","0","0","2","02113","0","","1.0","","1","N","N","","0","","0","0","0","","0","","","2","0","0","0","0","0","0","2","0","2","","","","N","","","","","","","","","",""
"2013096853","1358","2","0","0","0","0","0","0","0","0","4","0","","02","9","2013","7","40.445825","-79.71383","1349","11","0","0","0","0","0","1","0","1","","0","0","0","","","0","","1","","40 26:44.970","","0","79 42:49.787","0","0","0","0","2466","0","0","0","N","0","0","0","2","02466","0","","1.0","","1","N","N","","0","","0","0","0","","2","","","2","0","0","0","0","0","0","2","0","2","","","","N","","","","","","","","","",""
"2013096926","1450","0","0","0","1","0","0","0","0","0","8","0","","02","9","2013","1","40.459843","-79.915758","1447","11","0","0","0","0","0","0","0","0","1","0","0","0","","","1","","2","","40 27:35.434","2","0","79 54:56.728","4","0","0","0","2301","1","0","0","N","0","0","0","2","02301","1","","1.0","","1","N","N","","0","","0","0","1","","2","Y","","2","1","0","0","0","0","0","2","0","1","","","","N","","","","","","","","","",""
"2013096715","1132","1","0","0","0","0","0","0","0","0","6","0","","02","9","2013","7","40.457387","-79.843654","1128","11","0","0","1","0","0","0","0","0","","0","0","0","","","2","","0","","40 27:26.593","","0","79 50:37.155","4","0","0","0","2113","0","0","0","N","0","0","0","4","02113","1","","1.0","","1","N","N","","1","","0","0","0","","0","","","2","2","2","0","0","1","0","2","0","2","","","","N","","","","","","","","","",""
"2013096854","0745","0","0","0","0","0","0","0","0","0","0","0","","02","9","2013","1","40.437138","-79.919235","0745","11","0","0","0","0","0","1","0","0","2","0","0","0","","","1","","1","","40 26:13.696","2","0","79 55:09.246","8","0","0","1","2301","0","0","0","N","0","0","0","1","02301","0","","1.0","","1","N","N","","0","","0","0","0","","0","Y","","1","1","0","0","0","1","0","2","0","1","","","","N","","","","","","","","","",""
"2013094730","","0","0","0","0","0","0","1","0","0","5","1","","02","6","2013","2","40.449973","-80.006613","","11","0","0","0","0","0","1","0","0","","0","0","0","","","0","","0","","40 26:59.902","","0","80 00:23.807","0","0","0","0","2301","0","0","0","N","0","0","0","2","00000","0","","1.0","","1","N","N","","1","","0","0","0","","0","","","2","0","0","0","0","0","0","2","0","2","","","","N","","","","","","","","","",""
"2013096716","1622","2","0","0","0","0","0","0","0","0","1","0","","02","9","2013","6","40.298997","-79.921163","1618","11","0","0","0","0","0","0","0","0","2","0","0","0","","","1","","0","","40 17:56.388","5","0","79 55:16.186","8","0","0","0","2440","0","0","0","N","0","0","0","4","02440","0","","1.0","","1","N","N","","0","","0","0","2","","0","Y","","4","1","0","0","0","1","0","2","0","4","","","","N","","","","","","","","","",""
"2013095226","2140","1","0","0","0","0","0","0","0","0","7","0","","02","9","2013","1","40.456868","-80.005673","2133","11","0","0","0","0","0","0","0","0","2","0","0","0","","","0","","1","","40 27:24.724","3","0","80 00:20.422","9","0","0","0","2301","0","0","0","N","0","0","0","1","02301","0","","4.0","","1","N","N","","0","","0","0","0","","0","N","","1","0","0","0","0","0","1","2","0","1","","","","N","","","","","","","","","",""
"2013096705","1043","2","0","0","0","0","0","0","0","0","5","0","","02","9","2013","7","40.486111","-80.033104","1039","11","0","0","0","0","0","0","0","0","1","0","0","0","","","0","","0","","40 29:09.999","1","0","80 01:59.174","0","0","0","0","2301","0","0","0","N","0","0","0","1","02301","0","","6.0","","1","N","N","","0","","0","0","0","","0","N","","2","0","0","0","0","0","0","2","0","2","","","","N","","","","","","","","","",""
"2013095913","1257","1","0","0","0","0","0","0","0","0","1","0","","02","9","2013","4","40.477978","-79.750229","1251","11","0","0","0","0","0","0","0","0","","0","0","0","","","0","","2","","40 28:40.719","","0","79 45:00.826","0","0","0","0","2466","0","0","0","N","0","0","0","2","02466","0","","1.0","","1","N","N","","0","","0","0","1","","0","","","2","0","0","0","0","0","0","2","0","2","","","","N","","","","","","","","","",""
"2013096856","0649","0","0","0","0","0","0","0","0","0","7","0","","02","9","2013","2","40.340758","-79.781115","0646","11","0","0","0","0","0","0","0","0","2","0","0","0","","","1","","0","","40 20:26.728","5","0","79 46:52.015","8","0","0","1","2477","0","0","0","N","0","0","0","1","02477","0","","5.0","","1","N","N","","0","","0","0","0","","0","N","","1","1","0","0","0","1","0","2","0","1","","","","N","","","","","","","","","",""
"2013095445","1625","0","0","0","0","0","0","0","0","0","1","0","","02","9","2013","3","40.428898","-79.931881","1625","11","0","0","0","0","0","1","0","0","","0","0","0","","","2","","0","","40 25:44.034","","0","79 55:54.771","8","0","0","0","2301","0","0","0","N","0","0","0","3","68B03","0","","1.0","","1","N","N","","1","","0","0","2","","0","","","3","2","0","0","0","2","0","2","0","3","","","","N","","","","","","","","","",""
"2013095899","1120","2","0","0","0","0","0","0","0","0","1","0","","02","9","2013","5","40.450499","-79.927503","1111","11","0","0","0","0","0","1","0","0","","0","0","0","","","0","","2","","40 27:01.796","","0","79 55:39.010","0","0","0","0","2301","0","0","0","N","0","0","0","2","02301","0","","1.0","","1","N","N","","0","","0","0","0","","0","","","2","0","0","0","0","0","0","2","0","2","","","","N","","","","","","","","","",""
"2013096857","0748","1","0","0","0","0","0","0","0","0","99","0","","02","9","2013","5","40.369303","-79.815595","0746","11","0","0","0","0","0","1","0","0","","0","0","0","","","1","","0","","40 22:09.492","","0","79 48:56.143","4","0","0","0","2111","0","0","0","N","0","0","0","1","02111","1","","1.0","","1","N","N","","0","","0","0","0","","0","","","1","1","0","0","0","0","0","2","0","1","","","","N","","","","","","","","","",""
"2013096932","2135","2","0","0","0","0","0","0","0","0","4","0","","02","9","2013","7","40.45288","-79.964954","2130","11","0","0","0","0","0","0","0","0","","0","0","0","","","0","","1","","40 27:10.368","","0","79 57:53.834","0","0","0","0","2301","0","0","0","N","0","0","0","3","02301","0","","1.0","","1","N","N","","0","","0","0","0","","2","","","2","0","1","0","0","0","0","2","0","2","","","","N","","","","","","","","","",""
"2013094812","1515","2","0","0","0","0","0","0","0","0","1","0","","02","9","2013","2","40.437583","-79.96527","1512","11","1","0","0","0","0","0","0","1","","0","0","0","","","1","","2","","40 26:15.298","","0","79 57:54.972","4","0","0","0","2301","0","0","0","N","0","0","0","4","02301","1","","1.0","","1","N","N","","0","","0","0","1","","0","","","3","1","0","0","0","0","0","2","0","3","","","","N","","","","","","","","","",""
"2013096260","1942","0","0","0","0","0","0","0","0","0","0","0","","02","9","2013","5","40.406175","-79.978333","1938","11","0","0","0","0","0","0","0","0","","0","0","0","","","0","","0","","40 24:22.231","","0","79 58:41.998","0","0","0","0","2301","0","0","0","N","0","0","0","2","02301","0","","1.0","","1","N","N","","0","","0","0","1","","0","","","1","0","0","0","0","0","0","2","0","1","","","","N","","","","","","","","","",""
"2013094813","1514","0","0","0","0","0","0","0","0","0","4","0","","02","9","2013","4","40.288054","-79.997779","1512","11","1","0","0","0","0","1","0","0","","0","0","0","","","0","","0","","40 17:16.993","","7","79 59:52.003","0","0","0","0","2219","0","0","0","N","0","0","0","2","02219","0","","1.0","","1","N","N","","1","","0","0","1","","0","","","2","0","0","0","0","0","0","2","0","2","","","","N","","","","","","","","","",""
"2013095232","1602","1","0","0","0","0","0","0","0","0","8","0","","02","9","2013","3","40.461744","-79.925765","1554","11","0","0","0","0","0","1","0","0","","0","0","0","","","1","","1","","40 27:42.278","","0","79 55:32.754","4","0","0","0","2301","1","0","0","N","1","0","0","2","02301","1","","1.0","","1","N","N","","0","","0","0","0","","3","","","2","1","0","0","0","0","0","2","0","1","","","","N","","","","","","","","","",""
"2013095514","0715","0","0","0","0","0","0","0","0","0","1","0","","02","9","2013","4","40.463805","-80.032355","0706","11","0","0","0","0","0","1","0","0","","0","0","0","","","0","","0","","40 27:49.697","","0","80 01:56.478","0","0","0","0","2301","0","0","0","N","0","0","0","3","02301","0","","1.0","","1","N","N","","0","","0","0","1","","0","","","2","0","0","0","0","0","0","2","1","2","","","","N","","","","","","","","","",""
"2013094549","1320","0","0","0","0","0","0","0","0","0","99","0","","02","9","2013","7","40.301718","-79.866214","1310","11","0","0","0","0","0","1","0","0","1","0","0","0","","","0","","0","","40 18:06.183","1","0","79 51:58.372","0","0","0","0","2443","0","0","0","N","0","0","0","2","02443","0","","2.0","","9","N","N","","0","","0","0","1","","0","Y","","1","0","0","0","0","0","0","1","0","1","","","","N","","","","","","","","","",""
"2013096199","0847","1","0","0","0","0","0","0","0","0","1","0","","02","9","2013","5","40.551085","-79.817957","0830","11","0","0","0","0","0","0","0","0","","0","0","0","","","0","","6","","40 33:03.907","","2","79 49:04.646","0","0","0","0","2208","0","0","0","N","0","0","0","2","68D02","0","","1.0","","1","N","N","","0","","0","0","1","","4","","","2","0","0","0","0","0","0","2","0","2","","","","N","","","","","","","","","",""
"2013097015","2118","1","0","0","0","0","0","0","0","0","4","0","","02","9","2013","4","40.343369","-79.940655","2115","11","0","0","0","1","0","1","0","0","1","0","0","0","","","1","","2","","40 20:36.128","1","0","79 56:26.358","8","0","0","0","2473","0","0","0","N","0","0","0","2","02473","0","","1.0","","1","N","N","","0","","0","0","1","","3","N","","2","1","2","0","0","1","0","2","0","2","","","","N","","","","","","","","","",""
"2013095235","2147","1","0","0","0","0","0","0","0","0","1","0","","02","9","2013","2","40.396242","-79.998126","2140","11","0","0","0","0","0","0","0","0","","0","0","0","","","2","","2","","40 23:46.470","","0","79 59:53.254","8","0","0","0","2301","0","0","0","N","0","0","0","2","02301","0","","1.0","","1","N","N","","0","","0","0","1","","2","","","2","2","0","0","0","2","0","2","0","2","","","","N","","","","","","","","","",""
"2013096866","1530","1","0","1","0","0","0","1","0","0","7","1","","02","9","2013","6","40.519442","-79.971169","1527","11","0","0","0","0","0","0","1","0","3","0","0","0","","","1","","0","","40 31:09.990","5","0","79 58:16.210","2","0","0","0","2118","0","0","0","N","0","0","0","2","02118","0","","2.0","","1","Y","N","","0","","0","1","0","","0","Y","","2","1","0","0","0","0","0","2","0","2","","","","N","","","","","","","","","",""
"2013094751","1502","2","0","0","0","0","0","0","0","0","4","0","","02","9","2013","4","40.541144","-80.026175","1458","11","0","0","0","0","0","1","0","1","2","0","0","0","","","1","","0","","40 32:28.120","2","7","80 01:34.230","8","0","0","0","2116","0","0","0","N","0","0","0","2","02116","0","","1.0","","1","N","N","","0","","0","0","0","","0","N","","2","1","0","0","0","1","0","2","0","2","","","","N","","","","","","","","","",""
"2013096726","1306","1","0","0","0","0","0","0","0","0","7","0","","02","9","2013","5","40.380136","-80.086082","1302","11","0","0","1","0","0","0","0","0","","0","0","0","","","0","","1","","40 22:48.491","","0","80 05:09.895","0","0","0","0","2117","0","0","0","N","0","0","0","1","02117","0","","2.0","","1","N","N","","0","","0","0","0","","3","","","1","0","0","0","0","0","0","2","0","1","","","","N","","","","","","","","","",""
"2013095236","1634","1","0","0","0","0","0","0","0","0","5","0","","02","9","2013","3","40.440445","-79.960321","1624","11","0","0","0","0","0","0","0","0","1","0","0","0","","","0","","1","","40 26:25.602","4","0","79 57:37.155","0","0","0","0","2301","0","0","0","N","0","0","0","2","02301","0","","1.0","","1","N","N","","1","","0","0","0","","2","N","","2","0","0","0","0","0","0","2","0","2","","","","N","","","","","","","","","",""
"2013095163","0247","0","0","0","0","0","0","0","0","0","0","0","","02","8","2013","7","40.403779","-79.882777","0242","11","0","0","0","0","0","0","0","0","","0","0","0","","","1","","0","","40 24:13.603","","3","79 52:57.997","3","0","0","1","2475","0","0","0","N","0","0","0","1","02475","0","","1.0","","3","N","N","","0","","1","0","0","","2","","","1","1","0","0","0","0","0","2","0","1","","","","N","","","","","","","","","",""
"2013095923","1308","1","0","0","0","0","0","0","0","0","3","0","","02","9","2013","5","40.465527","-79.807176","1302","11","0","0","0","0","0","1","0","0","","0","0","0","","","1","","0","","40 27:55.898","","0","79 48:25.832","8","0","0","0","2113","0","0","0","N","0","0","0","3","02113","0","","4.0","","1","N","N","","0","","0","0","0","","0","","","2","1","1","0","0","1","0","2","1","2","","","","N","","","","","","","","","",""
"2013097018","2207","0","0","0","0","0","0","0","0","0","7","0","","02","9","2013","6","40.366559","-80.106088","2204","11","0","0","0","0","0","0","0","0","1","0","0","0","","","0","","0","","40 21:59.612","3","0","80 06:21.916","0","0","0","0","2102","0","0","0","N","0","0","0","1","02102","0","","4.0","","1","N","N","","0","","0","0","1","","0","N","","1","0","0","0","0","0","0","2","0","1","","","","N","","","","","","","","","",""
"2013096956","1219","1","0","0","0","0","0","0","0","0","4","0","","02","9","2013","4","40.622488","-79.726413","1219","11","0","0","0","0","0","0","0","0","1","0","0","0","","","0","","1","","40 37:20.958","1","0","79 43:35.088","0","0","0","0","2106","0","0","0","N","0","0","0","2","02106","0","","1.0","","1","N","N","","0","","0","0","1","","3","N","","2","0","0","0","0","0","0","2","0","2","","","","N","","","","","","","","","",""
"2013095444","1730","2","0","0","0","0","0","0","0","0","4","0","","02","9","2013","7","40.429241","-79.943784","1723","11","0","0","0","0","0","0","0","0","1","0","0","0","","","0","","0","","40 25:45.266","4","0","79 56:37.624","0","0","0","0","2301","0","0","0","Y","0","0","0","3","68B03","0","","1.0","","9","N","N","","1","","0","0","0","","0","N","","3","0","0","0","0","0","0","2","0","3","","","","N","","","","","","","","","",""
"2013096872","0335","1","0","0","0","0","0","0","0","0","7","0","","02","9","2013","1","40.470958","-79.829022","0334","11","0","0","0","0","0","0","0","0","2","0","0","0","","","0","","0","","40 28:15.448","6","0","79 49:44.479","9","0","0","0","2113","0","0","0","N","0","0","0","1","02113","0","","2.0","","1","N","N","","0","","0","0","0","","0","Y","","1","0","0","0","0","0","1","2","0","1","","","","N","","","","","","","","","",""
"2013095381","1635","2","0","0","0","0","0","0","0","0","1","0","","02","9","2013","7","40.544511","-79.839036","1630","11","0","0","0","0","0","1","0","0","","0","0","0","","","0","","0","","40 32:40.239","","0","79 50:20.531","0","0","0","0","2208","0","0","0","N","0","0","0","4","02208","0","","1.0","","9","N","N","","0","","0","0","0","","2","","","2","0","0","0","0","0","0","2","0","2","","","","N","","","","","","","","","",""
"2013096732","1623","2","0","0","0","0","0","0","0","0","2","0","","02","9","2013","6","40.381969","-80.069461","1620","11","0","0","0","0","0","1","0","0","","0","0","0","","","0","","0","","40 22:55.088","","0","80 04:10.061","0","0","0","0","2117","0","0","0","N","0","0","0","2","02117","0","","1.0","","1","N","N","","0","","0","0","0","","0","","","2","0","0","0","0","0","0","2","0","2","","","","N","","","","","","","","","",""
"2013096146","1738","2","0","0","0","0","0","0","0","0","1","0","","02","9","2013","5","40.467295","-80.105813","1736","11","0","1","0","0","0","0","0","0","2","0","0","0","","","2","","0","","40 28:02.261","6","0","80 06:20.927","8","0","0","0","2126","0","0","0","N","0","0","0","10","02126","0","","1.0","","1","N","N","","0","","0","0","2","","0","Y","","4","2","0","0","0","2","0","2","0","4","","","","N","","","","","","","","","",""
"2013095931","1246","0","0","0","0","0","0","0","0","0","8","0","","02","9","2013","4","40.315374","-79.831016","1244","11","0","0","0","0","0","1","0","0","","0","0","0","","","1","","2","","40 18:55.346","","0","79 49:51.658","2","0","0","0","2469","1","0","1","N","1","0","1","2","02469","0","","1.0","","1","N","N","","0","","0","1","0","","2","","","2","1","0","0","0","0","0","2","1","1","","","","N","","","","","","","","","",""
"2013096809","1258","0","0","0","0","0","0","0","0","0","7","0","","02","9","2013","7","40.477149","-80.066197","1257","11","0","0","0","0","0","0","0","0","1","0","0","0","","","1","","2","","40 28:37.737","5","0","80 03:58.310","3","0","0","0","2122","0","0","0","N","0","0","0","3","02122","0","","4.0","","1","N","N","","0","","1","0","0","","2","Y","","1","1","1","0","0","0","0","2","1","1","","","","N","","","","","","","","","",""
"2013096147","2325","1","0","0","0","0","0","0","0","0","4","0","","02","9","2013","4","40.572019","-80.016386","2243","11","0","0","0","0","0","1","0","0","","0","0","0","","","0","","1","","40 34:19.267","","0","80 00:58.989","0","0","0","0","2108","0","0","0","N","0","0","0","2","02108","0","","1.0","","1","N","N","","1","","0","0","0","","2","","","2","0","0","0","0","0","0","2","0","2","","","","N","","","","","","","","","",""
"2013097025","1807","2","0","0","0","0","0","0","0","0","1","0","","02","9","2013","1","40.634703","-79.939679","1805","11","0","0","0","0","0","0","0","0","","0","0","0","","","1","","1","","40 38:04.929","","0","79 56:22.843","4","0","0","0","2217","0","0","0","N","0","0","0","3","02505","1","","1.0","","1","N","N","","0","","0","0","0","","2","","","2","1","0","0","0","0","0","2","0","2","","","","N","","","","","","","","","",""
"2013095246","1347","1","0","0","0","0","0","0","0","0","4","0","","02","9","2013","6","40.445531","-80.158808","1344","11","0","0","0","0","0","1","1","0","2","0","0","0","","","1","","0","","40 26:43.910","4","7","80 09:31.710","4","0","0","0","2115","0","0","0","N","0","0","0","2","02115","1","","1.0","","1","N","N","","1","","0","0","0","","0","Y","","2","1","0","0","0","0","0","2","0","2","","","","N","","","","","","","","","",""
"2013096148","1251","1","0","1","0","0","0","0","0","0","4","0","","02","9","2013","7","40.464114","-80.142775","1248","11","0","0","0","0","0","1","0","0","3","0","0","0","","","4","","0","","40 27:50.810","6","0","80 08:33.990","2","0","0","0","2115","0","0","0","N","0","0","0","5","02115","2","","1.0","","9","N","N","","0","","1","1","1","","0","Y","","2","4","0","0","0","0","0","2","0","2","","","","N","","","","","","","","","",""
"2013097026","1615","1","0","0","0","0","0","0","0","0","4","0","","02","9","2013","1","40.524692","-79.962089","1611","11","0","1","0","0","0","0","0","0","1","0","0","0","","","0","","1","","40 31:28.891","7","0","79 57:43.522","0","0","0","0","2118","0","0","0","N","0","0","0","3","02118","0","","1.0","","1","N","N","","0","","0","0","1","","2","N","","2","0","0","0","0","0","0","2","0","2","","","","N","","","","","","","","","",""
"2013095864","0750","0","0","0","0","0","0","0","0","0","8","0","","02","9","2013","5","40.487502","-79.882923","0745","11","0","0","0","0","0","1","0","0","1","0","0","0","","","1","","3","","40 29:15.007","1","0","79 52:58.523","8","0","0","0","2112","1","0","0","N","1","0","0","2","02112","0","","1.0","","1","N","N","","1","","0","0","0","","0","N","","2","1","0","0","0","1","0","2","0","1","","","","N","","","","","","","","","",""
"2013095172","1050","1","0","0","0","0","0","0","0","0","5","0","90","02","9","2013","3","40.43681","-79.971897","1042","11","0","0","0","0","0","0","0","0","3","0","1","0","","","1","","0","","40 26:12.515","4","8","79 58:18.828","4","0","0","0","2301","0","0","0","N","0","0","0","2","02301","1","","1.0","","1","N","N","","0","","0","0","0","","7","N","","2","1","0","0","0","0","0","2","0","2","","","Y","Y","4","2","","Y","N","Y","","","",""
"2013095935","1438","1","0","0","0","0","0","0","0","0","8","0","","02","9","2013","5","40.459575","-79.926269","1427","11","0","0","0","0","0","0","0","0","2","0","0","0","","","1","","0","","40 27:34.470","6","0","79 55:34.570","3","0","0","0","2301","1","0","0","N","1","0","0","2","02301","0","","1.0","","1","N","N","","0","","1","0","0","","1","Y","","2","1","0","0","0","0","0","2","0","1","","","","N","","","","","","","","","",""
"2013095247","1239","1","0","0","0","0","0","0","0","0","5","0","","02","9","2013","5","40.531191","-80.190293","1233","11","0","0","0","0","0","2","0","0","","0","0","0","","","0","","0","","40 31:52.288","","0","80 11:25.055","0","0","0","0","2213","0","0","0","N","0","0","0","2","02213","0","","1.0","","9","N","N","","0","","0","0","0","","0","","","2","0","0","0","0","0","0","2","1","2","","","","N","","","","","","","","","",""
"2013094561","1622","2","0","0","0","0","0","0","0","0","1","0","","02","8","2013","5","40.420697","-80.039939","1553","11","0","0","0","0","0","0","0","0","","0","0","0","","","0","","0","","40 25:14.510","","0","80 02:23.780","0","0","0","0","2435","0","0","0","N","0","0","0","3","68B03","0","","1.0","","1","N","N","","0","","0","0","1","","0","","","3","0","0","0","0","0","0","2","0","3","","","","N","","","","","","","","","",""
"2013095385","1826","1","0","0","0","0","0","0","0","0","7","0","","02","9","2013","3","40.354889","-79.878957","1823","11","0","0","0","0","0","0","0","0","1","0","0","0","","","0","","0","","40 21:17.602","2","0","79 52:44.245","0","0","0","0","2423","0","0","0","N","0","0","0","1","02304","0","","2.0","","1","N","N","","0","","0","0","0","","0","N","","1","0","0","0","0","0","0","2","0","1","","","","N","","","","","","","","","",""
"2013095248","1717","1","0","0","0","0","0","0","0","0","1","0","","02","9","2013","6","40.329614","-80.023509","1712","11","0","0","0","0","0","1","0","0","","0","0","0","","","0","","2","","40 19:46.612","","0","80 01:24.632","0","0","0","0","2407","0","0","0","N","0","0","0","3","02407","0","","1.0","","1","N","N","","0","","0","0","1","","3","","","2","0","0","0","0","0","0","2","0","2","","","","N","","","","","","","","","",""
"2013094562","1548","1","0","0","0","0","0","0","0","0","1","0","","02","9","2013","2","40.43136","-80.025245","1530","11","0","0","0","0","0","0","0","0","","0","0","0","","","1","","0","","40 25:52.897","","0","80 01:30.881","8","0","0","0","2301","0","0","0","N","0","0","0","4","68B03","0","","1.0","","1","N","N","","0","","0","0","1","","0","","","2","1","0","0","0","1","0","2","0","2","","","","N","","","","","","","","","",""
"2013096879","1107","2","0","0","0","0","0","0","0","0","6","0","","02","9","2013","1","40.49573","-80.04563","1056","11","0","0","0","0","0","1","0","0","1","0","0","0","","","0","","0","","40 29:44.627","2","0","80 02:44.268","0","0","0","0","2116","0","0","0","N","0","0","0","4","02116","0","","1.0","","1","N","N","","0","","0","0","0","","0","N","","2","0","0","0","0","0","0","2","0","2","","","","N","","","","","","","","","",""
"2013095249","1228","2","0","0","0","0","0","0","0","0","1","0","","02","9","2013","1","40.327822","-80.03292","1226","11","0","0","0","0","0","0","0","0","","0","0","0","","","1","","2","","40 19:40.159","","0","80 01:58.513","4","0","0","0","2407","0","0","0","N","0","0","0","4","02407","1","","1.0","","1","N","N","","0","","0","0","1","","3","","","3","1","0","0","0","0","0","2","0","3","","","","N","","","","","","","","","",""
"2013096813","1629","0","0","0","0","0","0","0","0","0","7","0","","02","9","2013","7","40.408426","-80.037352","1629","11","0","0","0","0","0","0","0","0","3","0","0","0","","","2","","2","","40 24:30.333","6","0","80 02:14.467","8","0","0","0","2301","0","0","0","N","0","0","0","2","02301","0","","5.0","","1","N","N","","0","","0","0","1","","0","Y","","1","2","0","0","0","2","0","2","0","1","","","","N","","","","","","","","","",""
"2013094563","0834","0","0","0","0","0","0","0","0","0","7","0","","02","9","2013","4","40.435065","-79.966461","0814","11","0","0","0","0","0","0","0","0","2","0","0","0","","","1","","0","","40 26:06.233","4","0","79 57:59.259","8","0","0","0","2301","0","0","0","Y","0","0","0","1","68B03","0","","2.0","","1","N","N","","0","","0","0","1","","0","N","","1","1","0","0","0","1","0","2","0","1","","","","N","","","","","","","","","",""
"2013096953","1535","1","0","0","0","0","0","0","0","0","1","0","","02","9","2013","1","40.422861","-80.03055","1525","11","0","0","0","0","0","0","0","0","","0","0","0","","","0","","6","","40 25:22.301","","2","80 01:49.980","0","0","0","0","2301","0","0","0","N","0","0","0","2","02301","0","","7.0","","1","N","N","","0","","0","0","1","","0","","","2","0","0","0","0","0","0","2","0","2","","","","N","","","","","","","","","",""