"CRN","ARRIVAL_TM","AUTOMOBILE_COUNT","BELTED_DEATH_COUNT","BELTED_SUSP_SERIOUS_INJ_COUNT","BICYCLE_COUNT","BICYCLE_DEATH_COUNT","BICYCLE_SUSP_SERIOUS_INJ_COUNT","BUS_COUNT","CHLDPAS_DEATH_COUNT","CHLDPAS_SUSP_SERIOUS_INJ_COUNT","COLLISION_TYPE","COMM_VEH_COUNT","CONS_ZONE_SPD_LIM","COUNTY","CRASH_MONTH","CRASH_YEAR","DAY_OF_WEEK","DEC_LATITUDE","DEC_LONGITUDE","DISPATCH_TM","DISTRICT","DRIVER_COUNT_16YR","DRIVER_COUNT_17YR","DRIVER_COUNT_18YR","DRIVER_COUNT_19YR","DRIVER_COUNT_20YR","DRIVER_COUNT_50_64YR","DRIVER_COUNT_65_74YR","DRIVER_COUNT_75PLUS","EST_HRS_CLOSED","FATAL_COUNT","HEAVY_TRUCK_COUNT","HORSE_BUGGY_COUNT","HOUR_OF_DAY","ILLUMINATION","INJURY_COUNT","INTERSECTION_RELATED","INTERSECT_TYPE","LANE_CLOSED","LATITUDE","LN_CLOSE_DIR","LOCATION_TYPE","LONGITUDE","MAX_SEVERITY_LEVEL","MCYCLE_DEATH_COUNT","MCYCLE_SUSP_SERIOUS_INJ_COUNT","MOTORCYCLE_COUNT","MUNICIPALITY","NONMOTR_COUNT","NONMOTR_DEATH_COUNT","NONMOTR_SUSP_SERIOUS_INJ_COUNT","NTFY_HIWY_MAINT","PED_COUNT","PED_DEATH_COUNT","PED_SUSP_SERIOUS_INJ_COUNT","PERSON_COUNT","POLICE_AGCY","POSSIBLE_INJ_COUNT","RDWY_SURF_TYPE_CD","RELATION_TO_ROAD","ROADWAY_CLEARED","ROAD_CONDITION","SCH_BUS_IND","SCH_ZONE_IND","SECONDARY_CRASH","SMALL_TRUCK_COUNT","SPEC_JURIS_CD","SUSP_MINOR_INJ_COUNT","SUSP_SERIOUS_INJ_COUNT","SUV_COUNT","TCD_FUNC_CD","TCD_TYPE","TFC_DETOUR_IND","TIME_OF_DAY","TOTAL_UNITS","TOT_INJ_COUNT","UNBELTED_OCC_COUNT","UNB_DEATH_COUNT","UNB_SUSP_SERIOUS_INJ_COUNT","UNK_INJ_DEG_COUNT","UNK_INJ_PER_COUNT","URBAN_RURAL","VAN_COUNT","VEHICLE_COUNT","WEATHER1","WEATHER2","WORKERS_PRES","WORK_ZONE_IND","WORK_ZONE_LOC","WORK_ZONE_TYPE","WZ_CLOSE_DETOUR","WZ_FLAGGER","WZ_LAW_OFFCR_IND","WZ_LN_CLOSURE","WZ_MOVING","WZ_OTHER","WZ_SHLDER_MDN","WZ_WORKERS_INJ_KILLED"
"2013095402","2352","1","0","0","0","0","0","0","0","0","7","0","","02","9","2013","7","40.523453","-79.942196","2348","11","0","0","0","0","0","1","0","0","2","0","0","0","","","0","","0","","40 31:24.430","2","0","79 56:31.905","0","0","0","0","2118","0","0","0","N","0","0","0","1","02118","0","","5.0","","9","N","N","","0","","0","0","0","","0","N","","1","0","0","0","0","0","0","2","0","1","","","","N","","","","","","","","","",""
"2013097030","1927","2","0","0","0","0","0","0","0","0","99","0","","02","9","2013","6","","","1920","11","0","0","0","0","0","0","0","0","1","0","0","0","","","0","","0","","","6","0","","0","0","0","0","2204","0","0","0","N","0","0","0","4","02204","0","","1.0","","1","N","N","","0","","0","0","0","","0","N","","2","0","0","0","0","0","0","1","0","2","","","","N","","","","","","","","","",""
"2013096675","1542","0","0","0","0","0","0","0","0","0","7","0","","02","9","2013","6","40.418819","-79.990746","1450","11","0","0","0","0","0","0","0","0","1","0","0","0","","","0","","1","","40 25:07.748","4","0","79 59:26.685","9","0","0","0","2301","0","0","0","N","0","0","0","1","02301","0","","2.0","","1","N","N","","0","","0","0","1","","0","N","","1","0","0","0","0","0","1","2","0","1","","","","N","","","","","","","","","",""
"2013096739","1758","1","0","0","0","0","0","0","0","0","4","0","","02","9","2013","6","40.437138","-79.982734","1752","11","0","0","0","0","0","1","0","0","","0","0","0","","","0","","1","","40 26:13.696","","0","79 58:57.842","0","0","0","0","2301","0","0","0","N","0","0","0","2","02301","0","","1.0","","1","N","N","","1","","0","0","0","","0","","","2","0","0","0","0","0","0","2","0","2","","","","N","","","","","","","","","",""
"2013094564","1234","2","0","0","0","0","0","0","0","0","1","0","","02","9","2013","6","40.445433","-80.009514","1224","11","0","0","0","0","0","1","1","0","","0","0","0","","","0","","7","","40 26:43.557","","0","80 00:34.249","0","0","0","0","2301","0","0","0","N","0","0","0","3","68B03","0","","1.0","","1","N","N","","0","","0","0","0","","4","","","2","0","0","0","0","0","0","2","0","2","","","","N","","","","","","","","","",""
"2013096881","0635","1","0","0","0","0","0","0","0","0","7","0","","02","9","2013","1","40.460066","-79.843333","0624","11","0","0","0","0","0","0","0","0","1","0","0","0","","","0","","0","","40 27:36.239","3","0","79 50:35.998","0","0","0","0","2113","0","0","0","N","0","0","0","1","02113","0","","2.0","","1","N","N","","0","","0","0","0","","0","N","","1","0","1","0","0","0","0","2","0","1","","","","N","","","","","","","","","",""
"2013095388","1816","2","0","0","0","0","0","0","0","0","4","0","","02","9","2013","3","40.459193","-79.970767","1812","11","0","0","0","0","1","1","0","0","1","0","0","0","","","1","","1","","40 27:33.094","1","0","79 58:14.761","8","0","0","0","2301","0","0","0","N","0","0","0","4","02301","0","","1.0","","1","N","N","","0","","0","0","0","","2","N","","2","1","0","0","0","1","0","2","0","2","","","","N","","","","","","","","","",""
"2013095939","1905","0","0","0","0","0","0","0","0","0","7","0","","02","9","2013","4","40.426867","-79.938008","1900","11","0","0","0","0","0","0","0","0","","0","0","0","","","1","","0","","40 25:36.721","","0","79 56:16.828","8","0","0","1","2301","0","0","0","N","0","0","0","1","02301","0","","5.0","","1","N","N","","0","","0","0","0","","0","","","1","1","0","0","0","1","0","2","0","1","","","","N","","","","","","","","","",""
"2013096740","1435","2","0","0","0","0","0","0","0","0","4","0","","02","9","2013","7","40.35983","-79.994773","1431","11","0","0","0","0","0","0","0","1","","0","0","0","","","0","","0","","40 21:35.388","","0","79 59:41.181","0","0","0","0","2476","0","0","0","N","0","0","0","1","02476","0","","2.0","","1","N","N","","0","","0","0","0","","0","","","2","0","0","0","0","0","0","2","0","2","","","","N","","","","","","","","","",""
"2013094565","1255","3","0","0","0","0","0","0","0","0","1","0","","02","9","2013","6","40.420833","-80.040899","1241","11","0","0","0","0","0","0","0","0","","0","0","0","","","0","","0","","40 25:14.998","","0","80 02:27.235","0","0","0","0","2435","0","0","0","N","0","0","0","3","68B03","0","","1.0","","1","N","N","","0","","0","0","0","","0","","","3","0","0","0","0","0","0","2","0","3","","","","N","","","","","","","","","",""
"2013096677","1420","0","0","0","0","0","0","0","0","0","4","0","","02","9","2013","6","40.451509","-79.908149","1414","11","0","0","0","0","0","1","1","0","2","0","0","0","","","2","","1","","40 27:05.432","3","0","79 54:29.335","8","0","0","0","2301","0","0","0","N","0","0","0","3","02301","0","","1.0","","1","N","N","","0","","0","0","2","","2","N","","3","2","0","0","0","2","0","2","1","3","","","","N","","","","","","","","","",""
"2013094566","1555","3","0","0","0","0","0","0","0","0","1","0","","02","9","2013","7","40.450682","-79.994519","1536","11","0","0","1","0","0","0","0","0","2","0","0","0","","","0","","0","","40 27:02.455","2","3","79 59:40.268","0","0","0","0","2301","0","0","0","N","0","0","0","7","68B03","0","","1.0","","9","N","N","","0","","0","0","0","","0","N","","3","0","0","0","0","0","0","2","0","3","","","","N","","","","","","","","","",""
"2013096141","2010","2","0","1","0","0","0","0","0","0","2","0","","02","9","2013","7","40.503189","-79.843311","2008","11","0","0","0","0","0","1","0","0","3","0","0","0","","","1","","0","","40 30:11.482","5","0","79 50:35.920","2","0","0","0","2113","0","0","0","N","0","0","0","2","02113","0","","1.0","","9","N","N","","0","","0","1","0","","0","Y","","2","1","0","0","0","0","0","2","0","2","","","","N","","","","","","","","","",""
"2013096968","1816","1","0","0","0","0","0","0","0","0","1","0","","02","9","2013","6","40.420599","-80.039782","1806","11","0","0","0","0","0","1","1","0","","0","0","0","","","0","","0","","40 25:14.158","","0","80 02:23.215","0","0","0","0","2435","0","0","0","N","0","0","0","5","68B03","0","","1.0","","1","N","N","","1","","0","0","1","","0","","","3","0","0","0","0","0","0","2","0","3","","","","N","","","","","","","","","",""
"2013095941","2253","1","0","0","0","0","0","0","0","0","7","0","","02","9","2013","4","40.468136","-79.791378","2248","11","0","0","0","0","0","0","0","0","2","0","0","0","","","0","","0","","40 28:05.291","6","0","79 47:28.960","0","0","0","0","2113","0","0","0","N","0","0","0","1","02113","0","","2.0","","1","N","N","","0","","0","0","0","","0","Y","","1","0","0","0","0","0","0","2","0","1","","","","N","","","","","","","","","",""
"2013097568","1656","1","0","0","0","0","0","0","0","0","7","0","","02","9","2013","4","40.510923","-79.790518","1633","11","0","0","0","0","0","0","0","0","","0","0","0","","","1","","0","","40 30:39.322","","0","79 47:25.864","8","0","0","0","2466","0","0","0","N","0","0","0","2","68T02","0","","2.0","","9","N","N","","0","","0","0","0","","0","","","1","1","0","0","0","1","0","2","0","1","","","","N","","","","","","","","","",""
"2013096018","1630","0","0","0","0","0","0","0","0","0","4","0","","02","9","2013","4","40.456955","-79.935019","1620","11","0","0","0","0","0","1","0","0","","0","0","0","","","0","","0","","40 27:25.038","","7","79 56:06.068","0","0","0","0","2301","0","0","0","N","0","0","0","2","02301","0","","1.0","","1","N","N","","0","","0","0","2","","0","","","2","0","0","0","0","0","0","2","0","2","","","","N","","","","","","","","","",""
"2013096817","2035","2","0","0","0","0","0","0","0","0","4","0","","02","9","2013","7","40.396218","-79.998194","2029","11","0","0","0","0","0","0","0","0","","0","0","0","","","3","","1","","40 23:46.384","","0","79 59:53.499","4","0","0","0","2301","0","0","0","N","0","0","0","5","02301","2","","1.0","","1","N","N","","0","","0","0","0","","2","","","2","3","0","0","0","1","0","2","0","2","","","","N","","","","","","","","","",""
"2013094567","1725","1","0","0","0","0","0","0","0","0","7","0","","02","9","2013","7","40.589084","-80.098255","1725","11","0","0","0","0","0","0","0","0","2","0","0","0","","","0","","0","","40 35:20.702","1","0","80 05:53.718","0","0","0","0","2481","0","0","0","Y","0","0","0","2","68B03","0","","5.0","","9","N","N","","0","","0","0","0","","0","N","","1","0","0","0","0","0","0","2","0","1","","","","N","","","","","","","","","",""
"2013096969","1940","2","0","0","0","0","0","0","0","0","1","0","","02","9","2013","6","40.416091","-80.059194","1936","11","0","0","0","1","1","0","0","0","","0","0","0","","","0","","0","","40 24:57.926","","0","80 03:33.098","0","0","0","0","2435","0","0","0","N","0","0","0","3","68B03","0","","1.0","","1","N","N","","0","","0","0","0","","0","","","2","0","0","0","0","0","0","2","0","2","","","","N","","","","","","","","","",""
"2013094705","","2","0","0","0","0","0","0","0","0","5","0","","02","8","2013","2","40.442424","-79.999945","","11","0","0","0","0","1","0","0","0","","0","0","0","","","0","","1","","40 26:32.726","","0","79 59:59.802","9","0","0","0","2301","0","0","0","N","0","0","0","3","00000","0","","1.0","","1","N","N","","0","","0","0","0","","2","","","2","0","0","0","0","0","1","2","0","2","","","","N","","","","","","","","","",""
"2013097569","1656","0","0","0","0","0","0","0","0","0","7","0","","02","9","2013","4","40.51206","-79.791694","1633","11","0","0","0","0","0","0","0","0","","0","0","0","","","0","","0","","40 30:43.417","","0","79 47:30.098","0","0","0","0","2466","0","0","0","N","0","0","0","5","68T02","0","","3.0","","9","N","N","","0","","0","0","0","","0","","","1","0","0","0","0","0","0","2","1","1","","","","N","","","","","","","","","",""
"2013094568","0729","1","0","0","0","0","0","0","0","0","7","0","","02","9","2013","1","40.368513","-80.118703","0658","11","0","0","0","0","0","0","0","0","1","0","0","0","","","1","","0","","40 22:06.646","1","0","80 07:07.330","8","0","0","0","2102","0","0","0","N","0","0","0","1","68B03","0","","2.0","","9","N","N","","0","","0","0","0","","0","N","","1","1","0","0","0","1","0","2","0","1","","","","N","","","","","","","","","",""
"2013096899","0942","1","0","0","0","0","0","0","0","0","1","0","","02","9","2013","7","40.548645","-79.804533","0942","11","0","0","0","0","0","1","0","0","2","0","0","0","","","1","","0","","40 32:55.121","1","0","79 48:16.317","8","0","0","0","2418","0","0","0","N","0","0","0","3","02418","0","","4.0","","1","N","N","","0","","0","0","1","","0","N","","2","1","0","0","0","1","0","2","0","2","","","","N","","","","","","","","","",""
"2013094643","","0","0","0","0","0","0","0","0","0","7","0","","02","5","2013","4","40.377887","-79.908552","","11","0","0","0","0","0","0","0","0","","0","0","0","","","1","","0","","40 22:40.393","","0","79 54:30.787","3","0","0","0","2448","0","0","0","N","0","0","0","1","00000","0","","5.0","","1","N","N","","0","","1","0","1","","0","","","2","1","0","0","0","0","0","2","0","1","","","","N","","","","","","","","","",""
"2013095875","0719","1","0","0","0","0","0","0","0","0","4","1","","02","9","2013","5","40.441639","-80.240289","0719","11","0","0","1","0","0","0","1","0","2","0","0","0","","","0","","1","","40 26:29.900","6","0","80 14:25.040","0","0","0","0","2214","0","0","0","N","0","0","0","5","02214","0","","1.0","","1","Y","N","","0","","0","0","1","","3","Y","","3","0","1","0","0","0","0","2","1","3","","","","N","","","","","","","","","",""
"2013095181","1124","2","0","0","0","0","0","0","0","0","4","0","","02","9","2013","3","40.366837","-79.909859","1103","11","0","0","0","0","0","1","1","0","","0","0","0","","","0","","2","","40 22:00.612","","0","79 54:35.493","0","0","0","0","2301","0","0","0","N","0","0","0","3","02301","0","","1.0","","1","N","N","","0","","0","0","0","","3","","","2","0","0","0","0","0","0","2","0","2","","","","N","","","","","","","","","",""
"2013096888","1052","2","0","0","0","0","0","0","0","0","1","0","","02","9","2013","1","40.609776","-79.756522","1049","11","0","0","0","1","0","1","0","0","2","0","0","0","","","1","","2","","40 36:35.193","5","0","79 45:23.479","4","0","0","0","2464","0","0","0","N","0","0","0","2","02464","1","","1.0","","1","N","N","","0","","0","0","0","","0","N","","2","1","0","0","0","0","1","2","0","2","","","","N","","","","","","","","","",""
"2013096823","0327","0","0","0","0","0","0","0","0","0","5","0","","02","9","2013","7","40.425238","-79.888653","0327","11","0","0","0","0","0","0","0","0","","0","0","0","","","1","","0","","40 25:30.856","","0","79 53:19.150","8","0","0","0","2463","0","0","0","N","0","0","0","1","02463","0","","6.0","","1","N","N","","1","","0","0","2","","2","","","3","1","0","0","0","1","0","2","0","3","","","","N","","","","","","","","","",""
"2013097042","1824","0","0","0","0","0","0","0","0","0","1","0","","02","9","2013","1","40.456914","-79.938524","1821","11","0","0","0","0","0","1","0","0","","0","0","0","","","0","","1","","40 27:24.889","","0","79 56:18.688","9","0","0","1","2301","0","0","0","N","0","0","0","2","02301","0","","1.0","","1","N","N","","0","","0","0","0","","2","","","2","0","0","0","0","0","1","2","1","2","","","","N","","","","","","","","","",""
"2013096748","1740","2","0","0","0","0","0","0","0","0","4","0","","02","9","2013","5","40.65528","-80.088505","1735","11","0","1","0","0","0","1","0","0","","0","0","0","","","0","","0","","40 39:19.009","","0","80 05:18.617","0","0","0","0","2212","0","0","0","N","0","0","0","3","02505","0","","1.0","","1","N","N","","0","","0","0","0","","0","","","2","0","0","0","0","0","0","2","0","2","","","","N","","","","","","","","","",""
"2013096749","1846","1","0","0","0","0","0","0","0","0","7","0","","02","9","2013","2","","","1845","11","0","0","0","0","0","0","0","0","2","0","0","0","","","0","","0","","","4","0","","0","0","0","0","2301","0","0","0","N","0","0","0","3","02506","0","","1.0","","1","N","N","","0","","0","0","0","","0","N","","1","0","1","0","0","0","0","1","0","1","","","","N","","","","","","","","","",""
"2013096024","1638","1","0","0","0","0","0","0","0","0","1","0","","02","9","2013","5","40.648476","-79.937321","1632","11","0","0","0","0","0","1","0","0","","0","0","0","","","0","","2","","40 38:54.514","","0","79 56:14.354","0","0","0","0","2217","0","0","0","N","0","0","0","3","02505","0","","1.0","","1","N","N","","1","","0","0","0","","2","","","2","0","0","0","0","0","0","2","0","2","","","","N","","","","","","","","","",""
"2013094712","0836","0","0","0","0","0","0","0","0","0","1","1","","02","9","2013","2","40.491945","-80.329723","0829","11","0","0","0","0","0","1","0","0","1","0","1","0","","","0","","1","","40 29:31.002","3","0","80 19:47.003","0","0","0","0","2203","0","0","0","N","0","0","0","2","02203","0","","1.0","","1","N","N","","0","","0","0","1","","3","N","","2","0","0","0","0","0","0","1","0","2","","","","N","","","","","","","","","",""
"2013095185","1050","1","0","0","0","0","0","0","0","0","5","0","","02","9","2013","7","40.422247","-79.854391","1050","11","0","0","0","0","0","0","0","0","1","0","0","0","","","0","","1","","40 25:20.088","4","0","79 51:15.809","0","0","0","0","2431","0","0","0","N","0","0","0","6","02431","0","","1.0","","1","N","N","","1","","0","0","0","","0","N","","2","0","0","0","0","0","0","2","0","2","","","","N","","","","","","","","","",""
"2013095881","0939","2","0","0","0","0","0","0","0","0","2","0","","02","9","2013","5","40.438023","-79.913084","0934","11","0","0","0","0","0","1","1","0","","0","0","0","","","0","","1","","40 26:16.882","","0","79 54:47.102","0","0","0","0","2301","0","0","0","N","0","0","0","4","02301","0","","1.0","","1","N","N","","0","","0","0","1","","2","","","3","0","0","0","0","0","0","2","0","3","","","","N","","","","","","","","","",""
"2013095187","1159","0","0","0","0","0","0","0","0","0","5","0","","02","9","2013","3","40.440497","-79.960249","1154","11","0","0","0","0","0","2","0","0","","0","0","0","","","0","","1","","40 26:25.789","","0","79 57:36.896","0","0","0","0","2301","0","0","0","N","0","0","0","3","02301","0","","1.0","","1","N","N","","0","","0","0","0","","2","","","2","0","0","0","0","0","0","2","2","2","","","","N","","","","","","","","","",""
"2013094715","0857","1","0","0","0","0","0","0","0","0","7","0","","02","9","2013","7","40.426629","-80.285736","0848","11","0","0","0","0","1","0","0","0","","0","0","0","","","1","","2","","40 25:35.864","","0","80 17:08.649","4","0","0","0","2214","0","0","0","N","0","0","0","1","02214","1","","5.0","","1","N","N","","0","","0","0","0","","3","","","1","1","0","0","0","0","0","1","0","1","","","","N","","","","","","","","","",""
"2013095189","1218","1","0","0","0","0","0","0","0","0","1","0","","02","9","2013","3","40.45427","-79.994983","1208","11","0","0","0","0","0","0","0","0","","0","0","0","","","0","","0","","40 27:15.373","","0","79 59:41.940","0","0","0","0","2301","0","0","0","N","0","0","0","3","02301","0","","1.0","","1","N","N","","1","","0","0","0","","0","","","3","0","0","0","0","0","0","2","0","2","","","","N","","","","","","","","","",""
"2013096896","0931","1","0","0","0","0","0","0","0","0","1","0","25","02","9","2013","1","40.507732","-79.842782","0927","11","0","0","0","0","0","1","1","0","2","0","0","0","","","0","","0","","40 30:27.835","2","0","79 50:34.015","0","0","0","0","2468","0","0","0","Y","0","0","0","3","02468","0","","1.0","","1","N","N","","1","","0","0","1","","7","Y","","3","0","0","0","0","0","0","2","0","3","","","Y","Y","3","2","","Y","N","","Y","","",""
"2013096913","1253","1","0","0","0","0","0","0","0","0","4","0","","02","9","2013","1","40.331161","-79.945555","1253","11","0","0","0","0","0","1","0","0","1","0","0","0","","","2","","0","","40 19:52.180","5","7","79 56:43.998","3","0","0","0","2454","0","0","0","N","0","0","0","2","02454","0","","1.0","","1","N","N","","0","","1","0","1","","0","Y","","2","2","0","0","0","1","0","2","0","2","","","","N","","","","","","","","","",""
"2013097049","2134","0","0","0","0","0","0","0","0","0","7","0","","02","9","2013","1","40.480495","-80.035761","2128","11","0","0","0","0","0","0","0","0","1","0","0","0","","","1","","0","","40 28:49.782","5","0","80 02:08.739","4","0","0","0","2301","0","0","0","N","0","0","0","1","02301","1","","5.0","","1","N","N","","0","","0","0","1","","0","N","","1","1","0","0","0","0","0","2","0","1","","","","N","","","","","","","","","",""
"2013097519","0735","1","0","0","0","0","0","0","0","0","1","0","","02","9","2013","5","40.595389","-80.094694","0711","11","0","0","0","0","0","1","0","0","1","0","0","0","","","0","","0","","40 35:43.400","2","0","80 05:40.900","0","0","0","0","2481","0","0","0","N","0","0","0","2","68B03","0","","1.0","","1","N","N","","0","","0","0","1","","0","N","","2","0","0","0","0","0","0","2","0","2","","","","N","","","","","","","","","",""
"2013095208","2140","2","0","0","0","0","0","0","0","0","4","0","","02","9","2013","2","40.479481","-79.950464","2130","11","0","0","0","0","0","0","0","0","","0","0","0","","","0","","1","","40 28:46.131","","0","79 57:01.670","0","0","0","0","2301","0","0","0","N","0","0","0","1","02301","0","","1.0","","1","N","N","","0","","0","0","0","","0","","","2","0","0","0","0","0","0","2","0","2","","","","N","","","","","","","","","",""
"2013095561","1133","0","0","0","0","0","0","0","0","0","7","0","","02","9","2013","4","40.453945","-79.979862","1130","11","0","0","0","0","0","1","0","0","","0","0","0","","","0","","1","","40 27:14.202","","0","79 58:47.503","0","0","0","0","2301","0","0","0","N","0","0","0","2","02301","0","","5.0","","1","N","N","","0","","0","0","1","","3","","","2","0","0","0","0","0","0","2","1","2","","","","N","","","","","","","","","",""
"2013125511","2220","1","0","0","0","0","0","0","0","0","7","0","","02","10","2013","2","40.500035","-80.012548","2217","11","0","0","0","0","0","1","0","0","2","0","0","0","","","1","","0","","40 30:00.125","2","0","80 00:45.171","2","0","0","0","2116","0","0","0","N","0","0","0","1","02116","0","","1.0","","1","N","N","","0","","0","1","0","","0","Y","","1","1","1","0","1","0","0","2","0","1","","","","N","","","","","","","","","",""
"2013096371","0855","1","0","0","0","0","0","0","0","0","2","0","","02","9","2013","6","40.451069","-79.946463","0850","11","0","0","0","0","0","0","1","0","","0","0","0","","","1","","0","","40 27:03.848","","0","79 56:47.266","4","0","0","0","2301","0","0","0","N","0","0","0","1","02301","1","","1.0","","1","N","N","","0","","0","0","1","","0","","","2","1","0","0","0","0","0","2","0","2","","","","N","","","","","","","","","",""
"2013094871","1210","1","0","0","0","0","0","0","0","0","7","0","","02","9","2013","7","40.441131","-79.835543","1144","11","0","0","0","0","0","0","0","0","2","0","0","0","","","3","","0","","40 26:28.070","3","0","79 50:07.955","4","0","0","0","2419","0","0","0","Y","0","0","0","5","68B03","3","","4.0","","9","N","N","","0","","0","0","1","","0","N","","2","3","0","0","0","0","0","2","0","2","","","","N","","","","","","","","","",""
"2013094734","1105","2","0","0","0","0","0","0","0","0","1","0","","02","9","2013","4","40.529849","-80.035025","1103","11","0","0","0","0","0","2","0","0","","0","0","0","","","2","","1","","40 31:47.456","","0","80 02:06.091","4","0","0","0","2116","0","0","0","N","0","0","0","2","02116","2","","1.0","","1","N","N","","0","","0","0","0","","2","","","2","2","0","0","0","0","0","2","0","2","","","","N","","","","","","","","","",""
"2013096311","0443","2","0","0","0","0","0","0","0","0","7","0","","02","9","2013","4","40.597234","-79.815118","0431","11","0","0","0","0","0","0","0","0","2","0","0","0","","","1","","0","","40 35:50.042","6","0","79 48:54.424","4","0","0","0","2209","0","0","0","N","0","0","0","2","02209","1","","2.0","","1","N","N","","0","","0","0","0","","0","N","","2","1","0","0","0","0","0","2","0","2","","","","N","","","","","","","","","",""
"2013094872","1721","2","0","0","0","0","0","0","0","0","1","0","","02","9","2013","7","40.415028","-80.103989","1721","11","0","0","0","0","0","0","0","0","","0","0","0","","","0","","0","","40 24:54.100","","0","80 06:14.360","0","0","0","0","2115","0","0","0","N","0","0","0","3","68B03","0","","1.0","","9","N","N","","0","","0","0","0","","0","","","2","0","0","0","0","0","0","2","0","2","","","","N","","","","","","","","","",""
"2013096386","0832","2","0","0","0","0","0","0","0","0","1","0","","02","9","2013","6","40.517715","-80.052526","0828","11","0","0","0","0","1","0","0","0","","0","0","0","","","0","","1","","40 31:03.773","","0","80 03:09.095","0","0","0","0","2116","0","0","0","N","0","0","0","2","02116","0","","1.0","","1","N","N","","0","","0","0","0","","2","","","2","0","1","0","0","0","0","2","0","2","","","","N","","","","","","","","","",""
"2013126244","1823","1","0","0","0","0","0","0","0","0","7","0","","02","12","2013","4","40.502581","-79.793897","1819","11","0","0","0","1","0","0","0","0","","0","0","0","","","0","","0","","40 30:09.292","","0","79 47:38.029","0","0","0","0","2113","0","0","0","N","0","0","0","1","02113","0","","2.0","","2","","N","","0","","0","0","0","","0","","","1","0","0","0","0","0","0","2","0","1","","","","N","","","","","","","","","",""
"2013127086","0707","0","0","0","0","0","0","0","0","0","7","1","","02","12","2013","2","40.549629","-79.825886","0647","11","0","0","0","0","0","0","0","0","","0","1","0","","","1","","0","","40 32:58.663","","0","79 49:33.189","4","0","0","0","2208","0","0","0","N","0","0","0","1","68T02","1","","3.0","","9","N","N","","0","","0","0","0","","0","","","1","1","0","0","0","0","0","2","0","1","","","","N","","","","","","","","","",""
"2013095566","0724","2","0","0","0","0","0","0","0","0","4","0","","02","9","2013","4","40.43832","-79.779873","0700","11","0","0","0","0","0","1","0","0","","0","0","0","","","0","","2","","40 26:17.953","","0","79 46:47.543","0","0","0","0","2446","0","0","0","N","0","0","0","2","02446","0","","1.0","","1","N","N","","0","","0","0","0","","3","","","2","0","0","0","0","0","0","2","0","2","","","","N","","","","","","","","","",""
"2013094873","1759","0","0","0","0","0","0","0","0","0","7","0","","02","9","2013","7","40.373415","-80.104533","1755","11","0","0","1","0","0","0","0","0","1","0","0","0","","","0","","0","","40 22:24.294","1","0","80 06:16.319","0","0","0","0","2102","0","0","0","Y","0","0","0","1","68B03","0","","4.0","","9","N","N","","0","","0","0","1","","0","N","","1","0","0","0","0","0","0","2","0","1","","","","N","","","","","","","","","",""
"2013125594","1224","1","0","0","0","0","0","0","0","0","7","0","","02","12","2013","1","40.623008","-79.743539","1210","11","0","0","0","0","0","2","0","0","2","0","0","0","","","2","","0","","40 37:22.827","2","0","79 44:36.742","4","0","0","0","2106","0","0","0","Y","0","0","0","3","68D02","2","","4.0","","1","N","N","","1","","0","0","0","","0","N","","3","2","1","0","0","0","0","2","0","2","","","","N","","","","","","","","","",""
"2013096247","1500","0","0","0","0","0","0","0","0","0","4","0","","02","9","2013","4","40.63477","-79.939791","1455","11","0","0","0","0","0","0","0","1","1","0","0","0","","","1","","1","","40 38:05.172","5","0","79 56:23.249","8","0","0","0","2217","0","0","0","N","0","0","0","2","02505","0","","1.0","","1","N","N","","0","","0","0","2","","2","N","","2","1","0","0","0","1","0","2","0","2","","","","N","","","","","","","","","",""
"2013096388","0800","0","0","0","0","0","0","0","0","0","4","1","","02","9","2013","6","40.333537","-80.133396","0755","11","0","0","0","0","0","0","0","0","","0","1","0","","","1","","2","","40 20:00.732","","0","80 08:00.226","8","0","0","0","2119","0","0","0","N","0","0","0","2","02119","0","","1.0","","1","N","N","","0","","0","0","1","","3","","","2","1","0","0","0","1","0","2","0","2","","","","N","","","","","","","","","",""
"2013125515","2031","2","0","0","0","0","0","0","0","0","2","0","","02","12","2013","3","40.465642","-79.955211","2029","11","0","0","0","0","0","1","0","0","","0","0","0","","","2","","1","","40 27:56.311","","0","79 57:18.759","8","0","0","0","2301","0","0","0","N","0","0","0","3","02301","0","","1.0","","1","N","N","","0","","0","0","0","","2","","","2","2","1","0","0","2","0","2","0","2","","","","N","","","","","","","","","",""
"2013095568","1303","3","0","0","0","0","0","0","0","0","4","0","","02","9","2013","4","40.44027","-79.957955","1256","11","0","0","0","0","1","0","0","0","","0","0","0","","","0","","0","","40 26:24.972","","0","79 57:28.638","0","0","0","0","2301","0","0","0","N","0","0","0","3","02301","0","","1.0","","1","N","N","","0","","0","0","0","","0","","","3","0","0","0","0","0","0","2","0","3","","","","N","","","","","","","","","",""
"2013095501","0337","0","0","0","0","0","0","0","0","0","7","0","","02","9","2013","7","40.495592","-79.783626","0300","11","0","0","0","0","0","0","0","0","","0","0","0","","","0","","0","","40 29:44.132","","0","79 47:01.053","0","0","0","0","2466","0","0","0","N","0","0","0","1","68T02","0","","3.0","","1","N","N","","0","","0","0","1","","0","","","1","0","0","0","0","0","0","2","0","1","","","","N","","","","","","","","","",""
"2013096391","1305","1","0","0","0","0","0","0","0","0","4","0","","02","9","2013","6","40.462126","-79.926858","1259","11","0","0","0","0","0","2","0","0","1","0","0","0","","","0","","1","","40 27:43.653","1","0","79 55:36.688","0","0","0","0","2301","0","0","0","N","0","0","0","2","02301","0","","1.0","","1","N","N","","1","","0","0","0","","3","Y","","2","0","1","0","0","0","0","2","0","2","","","","N","","","","","","","","","",""