"CRN","ARRIVAL_TM","AUTOMOBILE_COUNT","BELTED_DEATH_COUNT","BELTED_SUSP_SERIOUS_INJ_COUNT","BICYCLE_COUNT","BICYCLE_DEATH_COUNT","BICYCLE_SUSP_SERIOUS_INJ_COUNT","BUS_COUNT","CHLDPAS_DEATH_COUNT","CHLDPAS_SUSP_SERIOUS_INJ_COUNT","COLLISION_TYPE","COMM_VEH_COUNT","CONS_ZONE_SPD_LIM","COUNTY","CRASH_MONTH","CRASH_YEAR","DAY_OF_WEEK","DEC_LATITUDE","DEC_LONGITUDE","DISPATCH_TM","DISTRICT","DRIVER_COUNT_16YR","DRIVER_COUNT_17YR","DRIVER_COUNT_18YR","DRIVER_COUNT_19YR","DRIVER_COUNT_20YR","DRIVER_COUNT_50_64YR","DRIVER_COUNT_65_74YR","DRIVER_COUNT_75PLUS","EST_HRS_CLOSED","FATAL_COUNT","HEAVY_TRUCK_COUNT","HORSE_BUGGY_COUNT","HOUR_OF_DAY","ILLUMINATION","INJURY_COUNT","INTERSECTION_RELATED","INTERSECT_TYPE","LANE_CLOSED","LATITUDE","LN_CLOSE_DIR","LOCATION_TYPE","LONGITUDE","MAX_SEVERITY_LEVEL","MCYCLE_DEATH_COUNT","MCYCLE_SUSP_SERIOUS_INJ_COUNT","MOTORCYCLE_COUNT","MUNICIPALITY","NONMOTR_COUNT","NONMOTR_DEATH_COUNT","NONMOTR_SUSP_SERIOUS_INJ_COUNT","NTFY_HIWY_MAINT","PED_COUNT","PED_DEATH_COUNT","PED_SUSP_SERIOUS_INJ_COUNT","PERSON_COUNT","POLICE_AGCY","POSSIBLE_INJ_COUNT","RDWY_SURF_TYPE_CD","RELATION_TO_ROAD","ROADWAY_CLEARED","ROAD_CONDITION","SCH_BUS_IND","SCH_ZONE_IND","SECONDARY_CRASH","SMALL_TRUCK_COUNT","SPEC_JURIS_CD","SUSP_MINOR_INJ_COUNT","SUSP_SERIOUS_INJ_COUNT","SUV_COUNT","TCD_FUNC_CD","TCD_TYPE","TFC_DETOUR_IND","TIME_OF_DAY","TOTAL_UNITS","TOT_INJ_COUNT","UNBELTED_OCC_COUNT","UNB_DEATH_COUNT","UNB_SUSP_SERIOUS_INJ_COUNT","UNK_INJ_DEG_COUNT","UNK_INJ_PER_COUNT","URBAN_RURAL","VAN_COUNT","VEHICLE_COUNT","WEATHER1","WEATHER2","WORKERS_PRES","WORK_ZONE_IND","WORK_ZONE_LOC","WORK_ZONE_TYPE","WZ_CLOSE_DETOUR","WZ_FLAGGER","WZ_LAW_OFFCR_IND","WZ_LN_CLOSURE","WZ_MOVING","WZ_OTHER","WZ_SHLDER_MDN","WZ_WORKERS_INJ_KILLED"
"2013125174","0832","1","0","0","0","0","0","0","0","0","7","0","","02","12","2013","3","40.39775","-79.991154","0816","11","0","0","0","0","0","1","0","0","1","0","0","0","","","1","","1","","40 23:51.900","5","0","79 59:28.154","8","0","0","0","2301","0","0","0","N","0","0","0","1","02301","0","","9.0","","7","N","N","","0","","0","0","0","","0","Y","","1","1","0","0","0","1","0","2","0","1","","","","N","","","","","","","","","",""
"2013127227","1358","1","0","0","0","0","0","0","0","0","2","0","","02","12","2013","1","40.390486","-79.903777","1358","11","0","0","0","0","0","2","0","0","2","0","0","0","","","2","","0","","40 23:25.749","1","0","79 54:13.597","3","0","0","0","2448","0","0","0","N","0","0","0","2","02448","1","","1.0","","7","N","N","","0","","1","0","1","","0","N","","2","2","0","0","0","0","0","2","0","2","","","","N","","","","","","","","","",""
"2013127288","1110","1","0","0","0","0","0","0","0","0","4","0","","02","12","2013","7","40.457922","-79.903548","1104","11","0","0","0","0","0","0","1","0","","0","0","0","","","1","","0","","40 27:28.519","","0","79 54:12.772","8","0","0","0","2301","0","0","0","N","0","0","0","3","02301","0","","1.0","","7","N","N","","0","","0","0","1","","0","","","2","1","0","0","0","1","0","2","0","2","","","","N","","","","","","","","","",""
"2013125249","1316","0","0","0","0","0","0","1","0","0","4","1","","02","12","2013","3","40.438186","-80.191619","1309","11","0","0","0","0","0","0","1","1","","0","0","0","","","1","","2","","40 26:17.469","","2","80 11:29.828","4","0","0","0","2214","0","0","0","N","0","0","0","5","02214","1","","1.0","","1","Y","N","","1","","0","0","0","","2","","","2","1","0","0","0","0","0","2","0","2","","","","N","","","","","","","","","",""
"2013124366","0320","1","0","0","0","0","0","0","0","0","4","0","","02","12","2013","2","40.514373","-80.153107","0319","11","0","0","0","0","0","0","0","0","","0","0","0","","","1","","2","","40 30:51.743","","0","80 09:11.186","4","0","0","0","2420","0","0","0","N","0","0","0","2","02420","1","","1.0","","9","N","N","","0","","0","0","1","","2","","","2","1","0","0","0","0","0","2","0","2","","","","N","","","","","","","","","",""
"2013126739","0342","1","0","0","0","0","0","0","0","0","5","0","","02","11","2013","7","40.496382","-79.934718","0339","11","0","0","0","0","0","0","0","0","","0","0","0","","","0","","0","","40 29:46.975","","0","79 56:04.984","0","0","0","0","2461","0","0","0","N","0","0","0","1","02461","0","","6.0","","1","N","N","","1","","0","0","1","","0","","","4","0","0","0","0","0","0","2","1","4","","","","N","","","","","","","","","",""
"2013126449","1439","1","0","0","0","0","0","0","0","0","2","0","","02","12","2013","4","40.45428","-79.906155","1429","11","0","0","0","0","0","1","1","0","","0","0","0","","","0","","1","","40 27:15.408","","0","79 54:22.157","0","0","0","0","2301","0","0","0","N","0","0","0","2","02301","0","","1.0","","1","N","N","","0","","0","0","0","","3","","","2","0","0","0","0","0","0","2","1","2","","","","N","","","","","","","","","",""
"2013127276","1020","1","0","0","0","0","0","0","0","0","1","0","","02","12","2013","7","40.433701","-80.006674","1010","11","0","0","0","0","0","0","0","0","","0","0","0","","","0","","0","","40 26:01.322","","0","80 00:24.026","0","0","0","0","2301","0","0","0","N","0","0","0","2","02301","0","","1.0","","7","N","N","","0","","0","0","1","","0","","","2","0","0","0","0","0","0","2","0","2","","","","N","","","","","","","","","",""
"2013124492","1330","0","0","0","0","0","0","0","0","0","7","0","","02","12","2013","1","40.484547","-80.009417","1320","11","0","0","0","0","0","0","0","0","","0","0","0","","","0","","0","","40 29:04.369","","0","80 00:33.900","0","0","0","0","2301","0","0","0","N","0","0","0","1","02301","0","","2.0","","7","N","N","","0","","0","0","1","","0","","","1","0","0","0","0","0","0","2","0","1","","","","N","","","","","","","","","",""
"2013125264","1819","1","0","0","0","0","0","0","0","0","7","0","","02","12","2013","6","40.592363","-80.075215","1819","11","0","0","0","0","0","0","0","0","","0","0","0","","","0","","0","","40 35:32.506","","0","80 04:30.774","0","0","0","0","2481","0","0","0","N","0","0","0","1","02481","0","","5.0","","7","N","N","","0","","0","0","0","","0","","","1","0","0","0","0","0","0","2","0","1","","","","N","","","","","","","","","",""
"2013125656","1009","1","0","0","0","0","0","0","0","0","7","0","","02","12","2013","3","40.652536","-80.057784","1001","11","0","0","1","0","0","0","0","0","","0","0","0","","","1","","0","","40 39:09.130","","0","80 03:28.022","4","0","0","0","2216","0","0","0","N","0","0","0","1","68T02","1","","2.0","","6","N","N","","0","","0","0","0","","0","","","1","1","0","0","0","0","0","2","0","1","","","","N","","","","","","","","","",""
"2013127291","1116","0","0","0","0","0","0","0","0","0","7","0","","02","12","2013","7","40.452316","-80.055215","1116","11","0","0","0","0","0","1","0","0","1","0","0","0","","","2","","2","","40 27:08.337","3","0","80 03:18.774","4","0","0","0","2301","0","0","0","N","0","0","0","6","02301","2","","4.0","","7","N","N","","0","","0","0","1","","0","N","","2","2","0","0","0","0","0","2","1","2","","","","N","","","","","","","","","",""
"2013125730","0123","1","0","0","0","0","0","0","0","0","2","1","","02","12","2013","7","40.338688","-79.861556","0120","11","0","0","0","0","1","0","0","0","2","0","0","0","","","0","","0","","40 20:19.277","5","3","79 51:41.602","0","0","0","0","2455","0","0","0","N","0","0","0","2","02455","0","","1.0","","2","N","N","","1","","0","0","0","","0","Y","","2","0","0","0","0","0","0","2","0","2","","","","N","","","","","","","","","",""
"2013125103","0805","1","0","0","0","0","0","0","0","0","1","0","","02","12","2013","3","40.439663","-79.897667","0805","11","0","0","0","0","0","0","1","0","1","0","0","0","","","0","","1","","40 26:22.786","2","0","79 53:51.601","0","0","0","0","2301","0","0","0","N","0","0","0","2","02301","0","","1.0","","7","N","N","","0","","0","0","1","","2","N","","2","0","0","0","0","0","0","2","0","2","","","","N","","","","","","","","","",""
"2013124368","0820","1","0","0","0","0","0","0","0","0","1","0","","02","12","2013","4","40.19913","-79.868541","0819","11","0","0","0","0","0","0","0","0","1","0","0","0","","","1","","0","","40 11:56.868","4","0","79 52:06.747","4","0","0","0","2204","0","0","0","N","0","0","0","2","02204","1","","1.0","","1","N","N","","1","","0","0","0","","3","Y","","2","1","1","0","0","0","0","1","0","2","","","","N","","","","","","","","","",""
"2013125178","1021","0","0","0","0","0","0","0","0","0","7","0","","02","12","2013","3","40.468467","-80.033641","0957","11","0","0","0","0","0","0","0","0","","0","0","0","","","0","","0","","40 28:06.481","","0","80 02:01.107","0","0","0","0","2301","0","0","0","","0","0","0","1","02301","0","","5.0","","2","","","","0","","0","0","1","","0","","","1","0","0","0","0","0","0","2","0","1","","","","N","","","","","","","","","",""
"2013124509","1413","1","0","0","0","0","0","0","0","0","7","0","","02","12","2013","1","40.427022","-79.874975","1408","11","0","0","0","0","0","1","0","0","","0","0","0","","","0","","2","","40 25:37.279","","0","79 52:29.910","0","0","0","0","2411","0","0","0","N","0","0","0","2","02411","0","","5.0","","6","N","N","","0","","0","0","0","","3","","","1","0","0","0","0","0","0","2","0","1","","","","N","","","","","","","","","",""
"2013126451","0845","1","0","0","0","0","0","0","0","0","4","0","","02","12","2013","4","40.339901","-79.906871","0840","11","0","0","0","0","0","0","0","0","","0","0","0","","","0","","2","","40 20:23.645","","0","79 54:24.734","0","0","0","0","2473","0","0","0","N","0","0","0","4","02473","0","","1.0","","1","N","N","","1","","0","0","0","","3","","","2","0","0","0","0","0","0","2","0","2","","","","N","","","","","","","","","",""
"2013127355","1507","0","0","0","0","0","0","0","0","0","7","0","","02","12","2013","7","40.62546","-79.860597","1500","11","0","0","1","0","0","0","0","0","3","0","0","0","","","0","","0","","40 37:31.657","5","0","79 51:38.150","0","0","0","0","2220","0","0","0","Y","0","0","0","1","02220","0","","2.0","","7","N","N","","0","","0","0","1","","0","Y","","1","0","0","0","0","0","0","2","0","1","","","","N","","","","","","","","","",""
"2013127278","1101","1","0","0","0","0","0","0","0","0","7","0","","02","12","2013","7","40.449615","-79.829474","1053","11","0","0","0","0","0","0","0","0","","0","0","0","","","0","","2","","40 26:58.614","","0","79 49:46.106","0","0","0","0","2113","0","0","0","N","0","0","0","1","02113","0","","5.0","","7","N","N","","0","","0","0","0","","0","","","1","0","0","0","0","0","0","2","0","1","","","","N","","","","","","","","","",""
"2013126742","0750","1","0","1","0","0","0","0","0","0","7","0","","02","12","2013","3","40.45176","-79.796853","0728","11","0","0","0","0","0","1","0","0","1","0","0","0","","","1","","0","","40 27:06.336","5","0","79 47:48.672","2","0","0","0","2113","0","0","0","N","0","0","0","1","02113","0","","5.0","","7","N","N","","0","","0","1","0","","0","N","","1","1","0","0","0","0","0","2","0","1","","","","N","","","","","","","","","",""
"2013126465","1050","0","0","0","0","0","0","0","0","0","4","0","","02","12","2013","5","40.42769","-79.977734","1045","11","0","0","0","0","0","0","0","0","","0","0","0","","","2","","1","","40 25:39.684","","0","79 58:39.842","4","0","0","0","2301","0","0","0","N","0","0","0","2","02301","2","","1.0","","1","N","N","","0","","0","0","2","","2","","","2","2","0","0","0","0","0","2","0","2","","","","N","","","","","","","","","",""
"2013125105","0750","2","0","0","0","0","0","0","0","0","1","0","","02","12","2013","3","40.363812","-79.842856","0748","11","0","0","0","0","0","0","0","0","","0","0","0","","","1","","1","","40 21:49.724","","0","79 50:34.282","8","0","0","0","2303","0","0","0","N","0","0","0","4","02303","0","","1.0","","2","N","N","","0","","0","0","0","","2","","","2","1","0","0","0","1","0","2","0","2","","","","N","","","","","","","","","",""
"2013125268","2302","2","0","0","0","0","0","0","0","0","5","0","","02","12","2013","2","40.442649","-79.937603","2302","11","0","0","0","0","0","0","0","0","1","0","0","0","","","1","","2","","40 26:33.536","1","0","79 56:15.370","3","0","0","0","2301","0","0","0","N","0","0","0","2","02301","0","","1.0","","1","N","N","","0","","1","0","0","","2","N","","2","1","1","0","0","0","0","2","0","2","","","","N","","","","","","","","","",""
"2013125119","0845","1","0","0","0","0","0","0","0","0","7","0","","02","12","2013","3","40.34319","-80.169344","0845","11","0","0","0","0","0","1","0","0","","0","0","0","","","0","","0","","40 20:35.484","","0","80 10:09.637","0","0","0","0","2119","0","0","0","Y","0","0","0","1","02119","0","","3.0","","2","N","N","","0","","0","0","0","","0","","","1","0","0","0","0","0","0","2","0","1","","","","N","","","","","","","","","",""
"2013125182","0740","0","0","0","0","0","0","0","0","0","7","0","","02","12","2013","3","40.461233","-80.008738","0728","11","0","0","0","0","0","0","0","0","","0","0","0","","","0","","2","","40 27:40.438","","0","80 00:31.456","0","0","0","0","2301","0","0","0","N","0","0","0","1","02301","0","","5.0","","2","N","N","","0","","0","0","1","","0","","","1","0","0","0","0","0","0","2","0","1","","","","N","","","","","","","","","",""
"2013127296","1055","1","0","0","0","0","0","0","0","0","4","0","","02","12","2013","7","40.332843","-80.000134","1043","11","0","0","0","0","0","1","1","0","1","0","0","0","","","2","","0","","40 19:58.236","6","0","80 00:00.481","8","0","0","0","2219","0","0","0","N","0","0","0","3","02219","0","","1.0","","7","N","N","","0","","0","0","1","","0","N","","2","2","0","0","0","2","0","2","0","2","","","","N","","","","","","","","","",""
"2013127297","1127","1","0","0","0","0","0","0","0","0","7","0","","02","12","2013","7","40.498124","-80.067721","1124","11","0","0","0","0","0","0","0","0","","0","0","0","","","0","","2","","40 29:53.246","","0","80 04:03.795","0","0","0","0","2402","0","0","0","N","0","0","0","1","02402","0","","5.0","","7","N","N","","0","","0","0","0","","0","","","1","0","0","0","0","0","0","2","0","1","","","","N","","","","","","","","","",""
"2013127360","2015","2","0","0","0","0","0","0","0","0","1","0","","02","12","2013","6","40.436424","-80.001089","2000","11","0","0","0","0","0","0","0","0","","0","0","0","","","1","","1","","40 26:11.128","","3","80 00:03.919","4","0","0","0","2301","0","0","0","N","0","0","0","3","02301","1","","1.0","","1","N","N","","0","","0","0","0","","0","","","2","1","0","0","0","0","0","2","0","2","","","","N","","","","","","","","","",""
"2013127284","1056","1","0","0","0","0","0","0","0","0","1","0","","02","12","2013","7","40.40706","-80.004182","1054","11","0","0","0","0","0","0","0","0","1","0","0","0","","","1","","0","","40 24:25.415","1","0","80 00:15.056","4","0","0","0","2301","0","0","0","N","0","0","0","4","02301","1","","1.0","","7","N","N","","0","","0","0","1","","0","N","","2","1","0","0","0","0","0","2","0","2","","","","N","","","","","","","","","",""
"2013126748","0610","1","0","0","0","0","0","0","0","0","6","0","","02","12","2013","5","40.469419","-79.899907","0606","11","0","0","0","0","0","0","0","0","","0","0","0","","","2","","0","","40 28:09.908","","0","79 53:59.665","4","0","0","0","2301","0","0","0","N","0","0","0","2","02301","2","","6.0","","1","N","N","","0","","0","0","1","","0","","","2","2","0","0","0","0","0","2","0","2","","","","N","","","","","","","","","",""
"2013124501","1839","1","0","0","0","0","0","0","0","0","7","0","","02","12","2013","7","40.567252","-80.172997","1832","11","0","0","0","0","1","0","0","0","1","0","0","0","","","0","","0","","40 34:02.108","3","0","80 10:22.790","0","0","0","0","2459","0","0","0","N","0","0","0","3","02459","0","","2.0","","2","N","N","","0","","0","0","0","","0","N","","1","0","0","0","0","0","0","1","0","1","","","","N","","","","","","","","","",""
"2013125122","1213","3","0","0","0","0","0","0","0","0","1","0","","02","11","2013","6","40.541286","-79.778877","1210","11","0","0","0","0","0","0","0","0","2","0","0","0","","","0","","2","","40 32:28.631","7","0","79 46:43.958","0","0","0","0","2462","0","0","0","N","0","0","0","1","02462","0","","1.0","","1","N","N","","0","","0","0","0","","0","Y","","3","0","0","0","0","0","0","2","0","3","","","","N","","","","","","","","","",""
"2013126681","2256","1","0","0","0","0","0","0","0","0","4","0","","02","12","2013","4","40.46339","-79.917517","2253","11","0","0","0","0","0","0","0","0","","0","0","0","","","1","","1","","40 27:48.204","","0","79 55:03.061","3","0","0","0","2301","0","0","0","N","0","0","0","2","02301","0","","1.0","","1","N","N","","0","","1","0","1","","2","","","2","1","0","0","0","0","1","2","0","2","","","","N","","","","","","","","","",""
"2013125272","2000","2","0","0","0","0","0","0","0","0","4","0","","02","12","2013","7","40.448652","-80.002304","1955","11","0","0","0","0","0","0","0","0","1","0","0","0","","","0","","1","","40 26:55.147","3","0","80 00:08.294","0","0","0","0","2301","0","0","0","N","0","0","0","3","02301","0","","1.0","","1","N","N","","0","","0","0","0","","2","N","","2","0","0","0","0","0","0","2","0","2","","","","N","","","","","","","","","",""
"2013127299","1035","1","0","0","0","0","0","0","0","0","7","0","","02","12","2013","7","40.519018","-79.860429","1030","11","0","0","0","0","0","0","0","1","2","0","0","0","","","1","","0","","40 31:08.464","5","0","79 51:37.544","8","0","0","0","2112","0","0","0","N","0","0","0","1","02112","0","","4.0","","7","N","N","","0","","0","0","0","","0","Y","","1","1","0","0","0","1","0","2","0","1","","","","N","","","","","","","","","",""
"2013126546","2125","1","0","0","0","0","0","0","0","0","7","0","","02","12","2013","4","40.548536","-79.837305","2125","11","0","0","0","0","0","1","0","0","1","0","0","0","","","0","","0","","40 32:54.729","4","0","79 50:14.299","0","0","0","0","2208","0","0","0","N","0","0","0","1","02208","0","","2.0","","7","N","N","","0","","0","0","0","","0","Y","","1","0","0","0","0","0","0","2","0","1","","","","N","","","","","","","","","",""
"2013126750","0122","0","0","0","0","0","0","0","0","0","7","0","","02","12","2013","6","40.379623","-79.925521","0113","11","0","0","0","0","0","0","0","0","","0","0","0","","","1","","2","","40 22:46.644","","0","79 55:31.877","4","0","0","0","2301","0","0","0","N","0","0","0","1","02301","1","","2.0","","1","N","N","","0","","0","0","1","","0","","","1","1","0","0","0","0","0","2","0","1","","","","N","","","","","","","","","",""
"2013125273","1525","2","0","0","0","0","0","0","0","0","4","0","","02","12","2013","3","40.395326","-79.997387","1525","11","0","0","0","0","0","0","0","0","1","0","0","0","","","0","","2","","40 23:43.173","2","0","79 59:50.592","0","0","0","0","2301","0","0","0","N","0","0","0","2","02301","0","","1.0","","1","N","N","","0","","0","0","0","","0","N","","2","0","0","0","0","0","0","2","0","2","","","","N","","","","","","","","","",""
"2013127300","1050","0","0","0","0","0","0","0","0","0","0","0","","02","12","2013","7","40.459777","-79.842695","1049","11","0","0","0","0","0","0","0","0","2","0","0","0","","","0","","0","","40 27:35.196","5","0","79 50:33.702","0","0","0","0","2113","0","0","0","N","0","0","0","1","02113","0","","5.0","","7","N","N","","0","","0","0","0","","0","Y","","1","0","0","0","0","0","0","2","1","1","","","","N","","","","","","","","","",""
"2013126547","1754","1","0","0","0","0","0","0","0","0","8","0","","02","12","2013","5","40.442439","-79.995878","1752","11","0","0","0","0","0","0","0","0","1","0","0","0","","","1","","1","","40 26:32.780","7","0","79 59:45.160","8","0","0","0","2301","1","0","0","N","1","0","0","2","02301","0","","1.0","","1","N","N","","0","","0","0","0","","2","N","","2","1","0","0","0","1","0","2","0","1","","","","N","","","","","","","","","",""
"2013126084","2134","2","0","0","0","0","0","0","0","0","1","0","","02","10","2013","4","40.469021","-80.002639","2121","11","0","0","0","0","1","0","0","0","2","0","0","0","","","5","","0","","40 28:08.474","2","0","80 00:09.501","4","0","0","0","2301","0","0","0","N","0","0","0","5","68B03","1","","1.0","","1","N","N","","0","","0","0","0","","0","Y","","2","5","1","0","0","4","0","2","0","2","","","","N","","","","","","","","","",""
"2013126897","1422","1","0","0","0","0","0","0","0","0","4","0","","02","12","2013","5","40.439147","-79.962119","1419","11","0","0","0","0","0","0","1","0","","0","0","0","","","0","","2","","40 26:20.929","","0","79 57:43.628","0","0","0","0","2301","0","0","0","N","0","0","0","2","02301","0","","1.0","","1","N","N","","0","","0","0","1","","2","","","2","0","0","0","0","0","0","2","0","2","","","","N","","","","","","","","","",""
"2013126549","1625","1","0","0","0","0","0","0","0","0","8","0","","02","12","2013","5","40.453714","-80.027775","1620","11","0","0","0","0","0","0","0","0","","0","0","0","","","1","","0","","40 27:13.370","","0","80 01:39.990","8","0","0","0","2301","1","0","0","N","1","0","0","2","02301","0","","6.0","","1","N","N","","0","","0","0","0","","0","","","2","1","0","0","0","1","0","2","0","1","","","","N","","","","","","","","","",""
"2013125811","1101","1","0","0","0","0","0","0","0","0","7","0","","02","12","2013","4","40.435281","-79.985284","1048","11","0","0","0","0","0","0","0","0","","0","0","0","","","0","","0","","40 26:07.013","","0","79 59:07.022","0","0","0","0","2301","0","0","0","N","0","0","0","1","02301","0","","1.0","","1","N","N","","0","","0","0","0","","0","","","1","0","0","0","0","0","0","2","0","1","","","","N","","","","","","","","","",""
"2013126753","2355","0","0","0","0","0","0","0","0","0","7","0","","02","12","2013","5","40.471733","-80.037637","2350","11","0","0","0","0","0","0","0","0","","0","0","0","","","0","","3","","40 28:18.240","","0","80 02:15.492","0","0","0","0","2301","0","0","0","N","0","0","0","2","02301","0","","2.0","","1","N","N","","0","","0","0","1","","0","","","1","0","0","0","0","0","0","2","0","1","","","","N","","","","","","","","","",""
"2013125205","1147","2","0","0","0","0","0","0","0","0","1","0","","02","12","2013","3","40.438186","-80.191619","1142","11","0","0","0","1","0","0","1","0","","0","0","0","","","2","","2","","40 26:17.469","","0","80 11:29.828","4","0","0","0","2214","0","0","0","N","0","0","0","2","02214","2","","1.0","","1","N","N","","0","","0","0","0","","2","","","2","2","0","0","0","0","0","2","0","2","","","","N","","","","","","","","","",""
"2013126085","1626","1","0","0","0","0","0","0","0","0","7","0","","02","11","2013","3","40.577619","-80.117144","1618","11","0","0","0","0","0","0","0","0","1","0","0","0","","","0","","0","","40 34:39.429","1","0","80 07:01.720","0","0","0","0","2481","0","0","0","Y","0","0","0","1","68B03","0","","2.0","","6","N","N","","0","","0","0","0","","0","N","","1","0","0","0","0","0","0","2","0","1","","","","N","","","","","","","","","",""
"2013126898","1106","0","0","0","0","0","0","0","0","0","1","0","25","02","12","2013","6","40.48742","-79.918426","1103","11","0","0","0","0","0","0","0","0","","0","0","0","","","0","","2","","40 29:14.711","","0","79 55:06.332","0","0","0","0","2301","0","0","0","Y","0","0","0","2","02301","0","","1.0","","1","N","N","","0","","0","0","2","","2","","","2","0","1","0","0","0","0","2","0","2","","","Y","Y","4","1","","","N","","Y","","",""
"2013125128","0920","1","0","0","0","0","0","0","0","0","7","0","","02","12","2013","3","40.384957","-79.994879","0850","11","0","0","0","0","0","0","0","0","","0","0","0","","","0","","2","","40 23:05.844","","0","79 59:41.566","0","0","0","0","2301","0","0","0","N","0","0","0","1","02301","0","","5.0","","2","N","N","","0","","0","0","0","","2","","","1","0","0","0","0","0","0","2","0","1","","","","N","","","","","","","","","",""
"2013124589","1356","1","0","0","0","0","0","0","0","0","1","0","","02","12","2013","2","40.466188","-79.826144","1356","11","0","0","0","0","0","1","0","0","2","0","0","0","","","2","","1","","40 27:58.276","1","0","79 49:34.119","8","0","0","0","2113","0","0","0","N","0","0","0","2","02113","0","","1.0","","9","N","N","","0","","0","0","1","","0","Y","","2","2","0","0","0","2","0","2","0","2","","","","N","","","","","","","","","",""
"2013126086","1229","1","0","0","0","0","0","0","0","0","5","0","","02","12","2013","6","40.442229","-80.008804","1225","11","0","0","0","0","0","1","0","0","1","0","0","0","","","1","","0","","40 26:32.024","1","3","80 00:31.695","8","0","0","0","2301","0","0","0","N","0","0","0","3","68B03","0","","1.0","","9","N","N","","0","","0","0","0","","0","N","","2","1","0","0","0","1","0","2","0","2","","","","N","","","","","","","","","",""
"2013127305","1135","2","0","0","0","0","0","0","0","0","4","0","","02","12","2013","7","40.516247","-79.843893","1131","11","0","0","1","0","0","0","0","1","3","0","0","0","","","1","","0","","40 30:58.489","6","0","79 50:38.014","4","0","0","0","2451","0","0","0","N","0","0","0","2","02451","1","","1.0","","6","N","N","","0","","0","0","0","","3","Y","","2","1","0","0","0","0","0","2","0","2","","","","N","","","","","","","","","",""
"2013126772","0729","1","0","0","0","0","0","0","0","0","1","0","","02","12","2013","5","40.479225","-79.96637","0721","11","0","0","0","0","1","1","0","0","","0","0","0","","","0","","3","","40 28:45.210","","2","79 57:58.931","0","0","0","0","2118","0","0","0","N","0","0","0","2","02118","0","","1.0","","2","N","N","","1","","0","0","0","","3","","","2","0","0","0","0","0","0","2","0","2","","","","N","","","","","","","","","",""
"2013125278","1525","3","0","0","0","0","0","0","0","0","1","0","","02","12","2013","6","40.550061","-80.026432","1514","11","0","0","0","0","0","0","0","0","1","0","0","0","","","0","","2","","40 33:00.219","2","0","80 01:35.155","0","0","0","0","2116","0","0","0","N","0","0","0","3","02116","0","","1.0","","9","N","N","","0","","0","0","0","","0","N","","3","0","1","0","0","0","0","2","0","3","","","","N","","","","","","","","","",""
"2013127306","1138","0","0","0","0","0","0","0","0","0","7","0","","02","12","2013","7","40.578561","-79.966972","1130","11","0","1","0","0","0","0","0","0","","0","0","0","","","0","","0","","40 34:42.819","","0","79 58:01.099","0","0","0","0","2207","0","0","0","N","0","0","0","1","02207","0","","5.0","","7","N","N","","0","","0","0","1","","0","","","1","0","0","0","0","0","0","2","0","1","","","","N","","","","","","","","","",""
"2013126552","1335","1","0","0","0","0","0","0","0","0","4","0","","02","12","2013","3","40.465982","-80.137681","1330","11","0","0","0","1","0","0","0","0","2","0","0","0","","","0","","1","","40 27:57.535","4","0","80 08:15.651","0","0","0","0","2115","0","0","0","N","0","0","0","3","02115","0","","1.0","","1","N","N","","0","","0","0","1","","2","N","","2","0","0","0","0","0","0","2","0","2","","","","N","","","","","","","","","",""
"2013125194","0940","1","0","0","0","0","0","0","0","0","1","0","","02","12","2013","3","40.55944","-79.959161","0934","11","0","0","0","0","0","0","0","0","2","0","0","0","","","2","","2","","40 33:33.985","5","0","79 57:32.980","3","0","0","0","2207","0","0","0","N","0","0","0","2","02207","0","","1.0","","9","N","N","","0","","2","0","1","","2","N","","2","2","0","0","0","0","0","2","0","2","","","","N","","","","","","","","","",""
"2013126553","1227","1","0","0","0","0","0","0","0","0","4","0","","02","12","2013","4","40.448948","-80.162827","1224","11","0","0","0","0","0","0","0","0","1","0","0","0","","","1","","1","","40 26:56.212","2","7","80 09:46.177","4","0","0","0","2115","0","0","0","N","0","0","0","2","02115","1","","1.0","","1","N","N","","0","","0","0","1","","0","N","","2","1","0","0","0","0","0","2","0","2","","","","N","","","","","","","","","",""
"2013127369","1719","1","0","0","0","0","0","0","0","0","7","0","","02","12","2013","7","40.428518","-79.857624","1715","11","0","0","0","0","0","0","0","0","2","0","0","0","","","0","","2","","40 25:42.664","2","0","79 51:27.446","0","0","0","0","2431","0","0","0","N","0","0","0","1","02431","0","","2.0","","7","N","N","","0","","0","0","0","","3","N","","1","0","0","0","0","0","0","2","0","1","","","","N","","","","","","","","","",""
"2013127244","0835","1","0","0","0","0","0","0","0","0","7","0","","02","12","2013","2","40.51964","-79.991835","0823","11","0","0","0","0","1","0","0","0","2","0","0","0","","","0","","0","","40 31:10.704","5","0","79 59:30.606","0","0","0","0","2116","0","0","0","N","0","0","0","1","02116","0","","5.0","","1","N","N","","0","","0","0","0","","0","N","","1","0","0","0","0","0","0","2","0","1","","","","N","","","","","","","","","",""