"CRN","ARRIVAL_TM","AUTOMOBILE_COUNT","BELTED_DEATH_COUNT","BELTED_SUSP_SERIOUS_INJ_COUNT","BICYCLE_COUNT","BICYCLE_DEATH_COUNT","BICYCLE_SUSP_SERIOUS_INJ_COUNT","BUS_COUNT","CHLDPAS_DEATH_COUNT","CHLDPAS_SUSP_SERIOUS_INJ_COUNT","COLLISION_TYPE","COMM_VEH_COUNT","CONS_ZONE_SPD_LIM","COUNTY","CRASH_MONTH","CRASH_YEAR","DAY_OF_WEEK","DEC_LATITUDE","DEC_LONGITUDE","DISPATCH_TM","DISTRICT","DRIVER_COUNT_16YR","DRIVER_COUNT_17YR","DRIVER_COUNT_18YR","DRIVER_COUNT_19YR","DRIVER_COUNT_20YR","DRIVER_COUNT_50_64YR","DRIVER_COUNT_65_74YR","DRIVER_COUNT_75PLUS","EST_HRS_CLOSED","FATAL_COUNT","HEAVY_TRUCK_COUNT","HORSE_BUGGY_COUNT","HOUR_OF_DAY","ILLUMINATION","INJURY_COUNT","INTERSECTION_RELATED","INTERSECT_TYPE","LANE_CLOSED","LATITUDE","LN_CLOSE_DIR","LOCATION_TYPE","LONGITUDE","MAX_SEVERITY_LEVEL","MCYCLE_DEATH_COUNT","MCYCLE_SUSP_SERIOUS_INJ_COUNT","MOTORCYCLE_COUNT","MUNICIPALITY","NONMOTR_COUNT","NONMOTR_DEATH_COUNT","NONMOTR_SUSP_SERIOUS_INJ_COUNT","NTFY_HIWY_MAINT","PED_COUNT","PED_DEATH_COUNT","PED_SUSP_SERIOUS_INJ_COUNT","PERSON_COUNT","POLICE_AGCY","POSSIBLE_INJ_COUNT","RDWY_SURF_TYPE_CD","RELATION_TO_ROAD","ROADWAY_CLEARED","ROAD_CONDITION","SCH_BUS_IND","SCH_ZONE_IND","SECONDARY_CRASH","SMALL_TRUCK_COUNT","SPEC_JURIS_CD","SUSP_MINOR_INJ_COUNT","SUSP_SERIOUS_INJ_COUNT","SUV_COUNT","TCD_FUNC_CD","TCD_TYPE","TFC_DETOUR_IND","TIME_OF_DAY","TOTAL_UNITS","TOT_INJ_COUNT","UNBELTED_OCC_COUNT","UNB_DEATH_COUNT","UNB_SUSP_SERIOUS_INJ_COUNT","UNK_INJ_DEG_COUNT","UNK_INJ_PER_COUNT","URBAN_RURAL","VAN_COUNT","VEHICLE_COUNT","WEATHER1","WEATHER2","WORKERS_PRES","WORK_ZONE_IND","WORK_ZONE_LOC","WORK_ZONE_TYPE","WZ_CLOSE_DETOUR","WZ_FLAGGER","WZ_LAW_OFFCR_IND","WZ_LN_CLOSURE","WZ_MOVING","WZ_OTHER","WZ_SHLDER_MDN","WZ_WORKERS_INJ_KILLED"
"2013132558","","1","0","0","0","0","0","0","0","0","4","0","","02","12","2013","1","40.453394","-79.997253","","11","0","1","0","0","0","0","0","0","","0","0","0","","","0","","0","","40 27:12.218","","3","79 59:50.110","0","0","0","0","2301","0","0","0","N","0","0","0","3","68B03","0","","1.0","","1","N","N","","0","","0","0","1","","0","","","2","0","0","0","0","0","0","2","0","2","","","","N","","","","","","","","","",""
"2013126087","","2","0","0","0","0","0","0","0","0","1","0","","02","12","2013","2","40.487762","-80.009013","","11","0","1","0","0","0","0","0","0","1","0","0","0","","","0","","0","","40 29:15.943","1","2","80 00:32.446","0","0","0","0","2301","0","0","0","N","0","0","0","2","68B03","0","","1.0","","1","N","N","","0","","0","0","0","","0","N","","2","0","0","0","0","0","0","2","0","2","","","","N","","","","","","","","","",""
"2013133049","","1","0","0","0","0","0","0","0","0","4","0","","02","12","2013","7","40.441104","-79.993517","","11","0","0","0","0","0","1","0","0","1","0","0","0","","","1","","1","","40 26:27.973","2","0","79 59:36.660","4","0","0","0","2301","0","0","0","N","0","0","0","2","02301","1","","1.0","","1","N","N","","0","","0","0","1","","2","Y","","2","1","0","0","0","0","0","2","0","2","","","","N","","","","","","","","","",""
"2013133114","","2","0","0","0","0","0","0","0","0","1","0","","02","12","2013","3","40.453847","-80.171878","","11","0","0","0","1","0","1","0","0","2","0","0","0","","","0","","1","","40 27:13.849","4","0","80 10:18.760","0","0","0","0","2115","0","0","0","N","0","0","0","4","02115","0","","1.0","","1","N","N","","0","","0","0","1","","2","N","","3","0","0","0","0","0","0","2","0","3","","","","N","","","","","","","","","",""
"2013126162","","0","0","0","0","0","0","0","0","0","1","0","","02","12","2013","4","40.615943","-80.055253","","11","0","0","0","0","0","0","1","0","1","0","0","0","","","0","","1","","40 36:57.395","1","0","80 03:18.910","0","0","0","0","2216","0","0","0","N","0","0","0","3","02505","0","","1.0","","1","N","N","","0","","0","0","3","","2","Y","","3","0","0","0","0","0","0","2","0","3","","","","N","","","","","","","","","",""
"2013133115","","1","0","0","0","0","0","0","0","0","4","0","","02","12","2013","5","40.459413","-80.128669","","11","0","0","0","0","0","0","0","0","2","0","0","0","","","0","","2","","40 27:33.886","1","0","80 07:43.208","0","0","0","0","2115","0","0","0","N","0","0","0","3","02115","0","","1.0","","1","N","N","","0","","0","0","1","","3","N","","2","0","0","0","0","0","0","2","0","2","","","","N","","","","","","","","","",""
"2013132420","","1","0","0","0","0","0","0","0","0","4","0","","02","12","2013","4","40.442277","-79.917177","","11","0","0","0","0","0","1","1","0","","0","0","0","","","1","","1","","40 26:32.197","","0","79 55:01.837","8","0","0","0","2301","0","0","0","N","0","0","0","2","02301","0","","1.0","","1","N","N","","1","","0","0","0","","2","","","2","1","0","0","0","1","0","2","0","2","","","","N","","","","","","","","","",""
"2013124604","","0","0","0","0","0","0","0","0","0","1","0","","02","12","2013","6","40.45792","-79.904111","","11","0","0","0","0","0","0","0","1","","0","0","0","","","0","","0","","40 27:28.512","","0","79 54:14.800","0","0","0","0","2301","0","0","0","N","0","0","0","2","02301","0","","1.0","","6","N","N","","0","","0","0","0","","0","","","2","0","0","0","0","0","0","2","2","2","","","","N","","","","","","","","","",""
"2013133051","","0","0","0","0","0","0","0","0","0","7","0","","02","12","2013","6","40.45824","-79.972156","","11","0","0","0","0","0","1","0","0","","0","0","0","","","2","","2","","40 27:29.664","","7","79 58:19.761","4","0","0","0","2301","0","0","0","N","0","0","0","2","02301","2","","4.0","","1","N","N","","0","","0","0","1","","0","","","2","2","0","0","0","0","0","2","0","1","","","","N","","","","","","","","","",""
"2013131559","","1","0","0","0","0","0","0","0","0","7","0","","02","12","2013","1","40.407071","-79.980412","","11","0","0","0","0","0","0","0","0","","0","0","0","","","0","","0","","40 24:25.455","","0","79 58:49.483","0","0","0","0","2301","0","0","0","N","0","0","0","1","02301","0","","2.0","","2","N","N","","0","","0","0","0","","0","","","1","0","0","0","0","0","0","2","0","1","","","","N","","","","","","","","","",""
"2013133116","","1","0","0","0","0","0","0","0","0","7","0","","02","12","2013","4","40.504899","-80.189085","","11","0","1","0","0","0","0","0","0","","0","0","0","","","1","","0","","40 30:17.638","","0","80 11:20.706","8","0","0","0","2213","0","0","0","N","0","0","0","1","02213","0","","4.0","","7","N","N","","0","","0","0","0","","0","","","1","1","0","0","0","1","0","2","0","1","","","","N","","","","","","","","","",""
"2013131625","","1","0","0","0","0","0","0","0","0","4","0","","02","12","2013","2","40.526013","-79.842703","","11","0","0","0","0","0","1","0","0","","0","0","0","","","0","","1","","40 31:33.645","","0","79 50:33.731","9","0","0","0","2451","0","0","0","N","0","0","0","2","02451","0","","1.0","","1","N","N","","0","","0","0","0","","3","","","2","0","1","0","0","0","1","2","1","2","","","","N","","","","","","","","","",""
"2013130939","","1","0","0","0","0","0","0","0","0","7","0","","02","12","2013","5","40.404397","-79.975755","","11","0","0","0","0","0","0","0","0","","0","0","0","","","0","","0","","40 24:15.829","","0","79 58:32.719","0","0","0","0","2301","0","0","0","N","0","0","0","1","02301","0","","5.0","","1","N","N","","0","","0","0","0","","0","","","1","0","0","0","0","0","0","2","0","1","","","","N","","","","","","","","","",""
"2013126923","","0","0","0","0","0","0","0","0","0","4","0","","02","12","2013","6","40.410424","-80.084214","","11","0","0","0","0","0","1","0","0","1","0","0","0","","","0","","1","","40 24:37.525","4","0","80 05:03.171","0","0","0","0","2415","0","0","0","N","0","0","0","2","02415","0","","1.0","","1","N","N","","1","","0","0","0","","0","Y","","2","0","0","0","0","0","0","2","1","2","","","","N","","","","","","","","","",""
"2013133053","","2","0","0","0","0","0","0","0","0","2","0","","02","12","2013","6","40.462146","-79.949958","","11","0","0","0","0","0","0","0","1","1","0","0","0","","","2","","1","","40 27:43.725","6","0","79 56:59.848","8","0","0","0","2301","0","0","0","N","0","0","0","4","02301","0","","1.0","","1","N","N","","0","","0","0","0","","2","Y","","2","2","0","0","0","2","0","2","0","2","","","","N","","","","","","","","","",""
"2013131627","","2","0","0","0","0","0","0","0","0","4","0","","02","12","2013","4","40.449686","-80.16316","","11","0","0","0","0","0","1","0","0","","0","0","0","","","1","","1","","40 26:58.869","","0","80 09:47.376","4","0","0","0","2115","0","0","0","N","0","0","0","3","02115","1","","1.0","","1","N","N","","0","","0","0","0","","2","","","2","1","0","0","0","0","0","2","0","2","","","","N","","","","","","","","","",""
"2013132436","","1","0","0","0","0","0","0","0","0","7","0","","02","12","2013","4","40.397668","-79.769328","","11","0","0","0","0","0","0","1","0","","0","0","0","","","0","","1","","40 23:51.606","","0","79 46:09.579","0","0","0","0","2446","0","0","0","N","0","0","0","1","02446","0","","2.0","","1","N","N","","0","","0","0","0","","2","","","1","0","0","0","0","0","0","2","0","1","","","","N","","","","","","","","","",""
"2013126032","","2","0","0","0","0","0","0","0","0","1","0","","02","12","2013","3","40.572128","-80.023673","","11","0","0","0","0","0","1","0","0","1","0","0","0","","","3","","1","","40 34:19.660","4","0","80 01:25.221","8","0","0","0","2108","0","0","0","N","0","0","0","5","02108","0","","1.0","","1","N","N","","0","","0","0","0","","2","N","","3","3","0","0","0","3","0","2","1","3","","","","N","","","","","","","","","",""
"2013130803","","0","0","0","0","0","0","0","0","0","7","0","","02","12","2013","7","40.497186","-79.948951","","11","0","0","0","0","0","0","0","0","2","0","0","0","","","0","","0","","40 29:49.869","6","0","79 56:56.223","0","0","0","0","2118","0","0","0","N","0","0","0","2","02118","0","","4.0","","9","N","N","","1","","0","0","0","","0","Y","","1","0","0","0","0","0","0","2","0","1","","","","N","","","","","","","","","",""
"2013131628","","1","0","0","0","0","0","0","0","0","8","0","","02","12","2013","7","40.448948","-80.162827","","11","0","0","0","0","0","0","0","0","","0","0","0","","","1","","1","","40 26:56.212","","7","80 09:46.177","3","0","0","0","2115","1","0","0","N","1","0","0","2","02115","0","","1.0","","9","N","N","","0","","1","0","0","","0","","","2","1","0","0","0","0","0","2","0","1","","","","N","","","","","","","","","",""
"2013132438","","1","0","0","0","0","0","0","0","0","1","0","","02","12","2013","1","40.450565","-80.174348","","11","0","0","0","0","1","0","1","0","","0","0","0","","","2","","1","","40 27:02.034","","0","80 10:27.652","8","0","0","0","2214","0","0","0","N","0","0","0","4","02214","0","","1.0","","1","N","N","","0","","0","0","1","","2","","","2","2","0","0","0","2","0","2","0","2","","","","N","","","","","","","","","",""
"2013126033","","0","0","0","0","0","0","0","0","0","4","0","","02","12","2013","3","40.571935","-79.998213","","11","0","0","0","0","0","1","1","0","1","0","0","0","","","1","","1","","40 34:18.967","3","0","79 59:53.567","8","0","0","0","2108","0","0","0","N","0","0","0","3","02108","0","","1.0","","1","N","N","","0","","0","0","2","","0","N","","2","1","0","0","0","1","0","2","0","2","","","","N","","","","","","","","","",""
"2013133056","","1","0","0","0","0","0","0","0","0","4","0","","02","12","2013","6","40.454076","-79.996814","","11","0","0","0","0","0","1","0","0","","0","0","0","","","0","","1","","40 27:14.672","","0","79 59:48.532","0","0","0","0","2301","0","0","0","N","0","0","0","3","02301","0","","1.0","","1","N","N","","1","","0","0","0","","2","","","2","0","0","0","0","0","0","2","0","2","","","","N","","","","","","","","","",""
"2013131629","","0","0","0","0","0","0","0","0","0","7","0","","02","12","2013","7","40.524069","-80.215004","","11","0","0","0","0","0","1","0","0","2","0","0","0","","","1","","0","","40 31:26.650","1","0","80 12:54.014","3","0","0","0","2213","0","0","0","N","0","0","0","2","02213","0","","4.0","","1","N","N","","0","","1","0","1","","0","Y","","1","1","0","0","0","0","0","2","0","1","","","","N","","","","","","","","","",""
"2013126034","","0","0","0","0","0","0","0","0","0","1","0","","02","12","2013","3","40.60913","-80.05694","","11","0","0","0","0","0","0","0","0","","0","0","0","","","0","","2","","40 36:32.868","","0","80 03:24.984","0","0","0","0","2108","0","0","0","N","0","0","0","5","02108","0","","1.0","","1","N","N","","1","","0","0","1","","0","","","2","0","0","0","0","0","0","2","0","2","","","","N","","","","","","","","","",""
"2013126928","","1","0","0","0","0","0","0","0","0","1","0","","02","12","2013","6","40.390265","-79.934328","","11","0","0","0","0","0","1","1","0","2","0","0","0","","","1","","3","","40 23:24.954","1","2","79 56:03.582","4","0","0","0","2301","0","0","0","N","0","0","0","2","02301","1","","1.0","","1","N","N","","0","","0","0","1","","4","N","","2","1","0","0","0","0","0","2","0","2","","","","N","","","","","","","","","",""
"2013131630","","2","0","0","0","0","0","0","0","0","4","0","","02","12","2013","2","40.510695","-80.213214","","11","0","0","0","0","0","0","0","0","","0","0","0","","","0","","0","","40 30:38.501","","0","80 12:47.569","0","0","0","0","2213","0","0","0","N","0","0","0","3","02213","0","","1.0","","1","N","N","","0","","0","0","0","","0","","","2","0","0","0","0","0","0","2","0","2","","","","N","","","","","","","","","",""
"2013132440","","0","0","0","0","0","0","0","0","0","1","0","","02","12","2013","3","40.450536","-79.761504","","11","0","0","0","0","0","1","0","0","1","0","0","0","","","0","","0","","40 27:01.929","3","0","79 45:41.414","0","0","0","0","2446","0","0","0","N","0","0","0","2","02446","0","","1.0","","1","N","N","","1","","0","0","0","","0","N","","2","0","0","0","0","0","0","2","1","2","","","","N","","","","","","","","","",""
"2013125287","","1","0","0","0","0","0","0","0","0","2","0","","02","12","2013","3","40.348486","-80.074929","","11","0","0","0","0","0","0","1","0","3","0","0","0","","","0","","0","","40 20:54.551","6","0","80 04:29.744","0","0","0","0","2123","0","0","0","N","0","0","0","2","02123","0","","1.0","","1","N","N","","0","","0","0","0","","0","Y","","2","0","0","0","0","0","0","2","1","2","","","","N","","","","","","","","","",""
"2013126035","","0","0","0","0","0","0","0","0","0","7","0","","02","12","2013","1","40.508439","-80.170481","","11","0","0","0","0","1","0","0","0","","0","0","0","","","1","","0","","40 30:30.380","","0","80 10:13.733","2","0","0","0","2213","0","0","0","N","0","0","0","1","02213","0","","2.0","","1","N","N","","0","","0","1","1","","0","","","1","1","1","0","1","0","0","2","0","1","","","","N","","","","","","","","","",""
"2013131631","","2","0","0","0","0","0","0","0","0","6","0","","02","12","2013","6","40.311086","-80.03299","","11","0","0","0","0","0","1","0","0","","0","0","0","","","1","","1","","40 18:39.908","","0","80 01:58.763","3","0","0","0","2407","0","0","0","N","0","0","0","2","02407","0","","1.0","","1","N","N","","0","","1","0","0","","2","","","2","1","0","0","0","0","0","2","0","2","","","","N","","","","","","","","","",""
"2013132441","","1","0","0","1","0","0","0","0","0","8","0","","02","12","2013","3","40.43145","-79.791733","","11","0","0","0","0","0","0","0","1","","0","0","0","","","1","","0","","40 25:53.220","","0","79 47:30.240","4","0","0","0","2446","1","0","0","N","0","0","0","2","02446","1","","1.0","","1","N","N","","0","","0","0","0","","0","","","2","1","0","0","0","0","0","2","0","1","","","","N","","","","","","","","","",""
"2013126036","","1","0","0","0","0","0","0","0","0","1","0","","02","12","2013","4","40.393852","-80.046304","","11","0","0","0","1","0","0","0","0","","0","0","0","","","0","","0","","40 23:37.868","","0","80 02:46.694","0","0","0","0","2422","0","0","0","N","0","0","0","2","02422","0","","1.0","","1","N","N","","0","","0","0","1","","0","","","2","0","0","0","0","0","0","2","0","2","","","","N","","","","","","","","","",""
"2013126932","","0","0","0","0","0","0","0","0","0","2","0","","02","12","2013","6","40.472917","-80.07461","","11","0","0","0","0","0","0","0","0","","0","0","0","","","0","","1","","40 28:22.502","","0","80 04:28.597","0","0","0","0","2122","0","0","0","N","0","0","0","2","02122","0","","1.0","","1","N","N","","0","","0","0","2","","2","","","2","0","0","0","0","0","0","2","0","2","","","","N","","","","","","","","","",""
"2013124675","","1","0","0","0","0","0","0","0","0","4","0","","02","11","2013","1","40.434811","-79.791115","","11","0","0","0","0","0","1","0","0","1","0","0","0","","","1","","0","","40 26:05.319","3","0","79 47:28.015","4","0","0","0","2446","0","0","0","N","0","0","0","4","02446","1","","1.0","","1","N","N","","1","","0","0","0","","0","N","","2","1","0","0","0","0","0","2","0","2","","","","N","","","","","","","","","",""
"2013124735","","1","0","0","0","0","0","0","0","0","1","0","","02","11","2013","2","40.415099","-80.061055","","11","0","0","0","0","0","1","0","0","2","0","0","0","","","1","","0","","40 24:54.355","3","0","80 03:39.798","3","0","0","0","2457","0","0","0","N","0","0","0","3","68B03","0","","1.0","","1","N","N","","0","","1","0","2","","0","N","","3","1","0","0","0","0","0","2","0","3","","","","N","","","","","","","","","",""
"2013132300","","2","0","0","0","0","0","0","0","0","6","0","","02","12","2013","3","40.448702","-79.97033","","11","0","0","0","0","0","1","0","0","3","0","0","0","","","0","","1","","40 26:55.327","3","0","79 58:13.188","0","0","0","0","2301","0","0","0","N","0","0","0","4","02301","0","","1.0","","1","N","N","","0","","0","0","1","","3","Y","","3","0","2","0","0","0","0","2","0","3","","","","N","","","","","","","","","",""
"2013132442","","1","0","0","0","0","0","0","0","0","4","0","","02","12","2013","3","40.377283","-79.801193","","11","0","0","0","0","0","1","0","0","1","0","0","0","","","0","","0","","40 22:38.217","3","0","79 48:04.294","0","0","0","0","2111","0","0","0","N","0","0","0","7","02111","0","","1.0","","1","N","N","","1","","0","0","0","","0","N","","3","0","0","0","0","0","0","2","1","3","","","","N","","","","","","","","","",""
"2013124613","","1","0","0","0","0","0","0","0","0","8","0","","02","12","2013","4","40.440525","-79.935622","","11","0","0","0","0","0","1","0","0","","0","0","0","","","1","","1","","40 26:25.890","","0","79 56:08.239","8","0","0","0","2301","1","0","0","N","1","0","0","2","02301","0","","1.0","","9","N","N","","0","","0","0","0","","0","","","2","1","0","0","0","1","0","2","0","1","","","","N","","","","","","","","","",""
"2013132430","","1","0","0","0","0","0","0","0","0","1","0","","02","12","2013","4","40.457049","-79.933953","","11","0","0","0","0","0","1","0","0","","0","0","0","","","1","","0","","40 27:25.375","","0","79 56:02.231","3","0","0","0","2301","0","0","0","N","0","0","0","5","02301","0","","1.0","","1","N","N","","0","","1","0","1","","0","","","2","1","0","0","0","0","0","2","0","2","","","","N","","","","","","","","","",""
"2013124678","","1","0","0","0","0","0","0","0","0","0","0","","02","12","2013","2","40.468091","-79.947211","","11","0","0","0","0","0","0","0","0","","0","0","0","","","0","","0","","40 28:05.127","","0","79 56:49.959","0","0","0","0","2301","0","0","0","N","0","0","0","1","02301","0","","1.0","","9","N","N","","0","","0","0","0","","0","","","1","0","0","0","0","0","0","2","0","1","","","","N","","","","","","","","","",""
"2013126859","","1","0","0","0","0","0","0","0","0","4","0","","02","12","2013","5","40.484958","-79.817722","","11","0","0","0","0","0","0","1","0","","0","0","0","","","1","","0","","40 29:05.849","","0","79 49:03.799","4","0","0","0","2113","0","0","0","N","0","0","0","4","02113","1","","1.0","","1","N","N","","0","","0","0","1","","0","","","2","1","0","0","0","0","0","2","0","2","","","","N","","","","","","","","","",""
"2013132305","","1","0","0","0","0","0","0","0","0","7","0","","02","12","2013","3","40.339338","-79.859253","","11","0","0","0","0","0","0","0","0","3","1","0","0","","","0","","0","","40 20:21.615","5","0","79 51:33.310","1","0","0","0","2304","0","0","0","N","0","0","0","1","02304","0","2","4.0","","1","N","N","","0","0","0","0","0","","0","Y","","1","0","1","1","0","0","0","2","0","1","","","","N","","","","","","","","","",""
"2013131570","","1","0","0","0","0","0","0","0","0","6","0","","02","12","2013","3","40.403687","-79.909121","","11","0","0","0","0","0","0","0","0","","0","0","0","","","1","","2","","40 24:13.273","","0","79 54:32.835","4","0","0","0","2438","0","0","0","N","0","0","0","6","02438","1","","1.0","","1","N","N","","0","","0","0","0","","3","","","2","1","0","0","0","0","0","2","1","2","","","","N","","","","","","","","","",""
"2013132433","","0","0","0","0","0","0","0","0","0","99","0","","02","12","2013","6","40.376639","-79.776893","","11","0","0","0","0","0","0","0","0","1","0","0","0","","","0","","0","","40 22:35.899","1","0","79 46:36.814","0","0","0","0","2111","0","0","0","N","0","0","0","1","02111","0","","1.0","","1","N","N","","0","","0","0","1","","0","N","","1","0","0","0","0","0","0","2","0","1","","","","N","","","","","","","","","",""
"2013124618","","1","0","0","0","0","0","0","0","0","7","0","","02","12","2013","1","40.385906","-79.933501","","11","0","0","0","0","0","0","0","0","1","0","0","0","","","0","","0","","40 23:09.262","1","2","79 56:00.603","0","0","0","0","2301","0","0","0","N","0","0","0","1","02301","0","","1.0","","2","N","N","","0","","0","0","0","","0","N","","1","0","0","0","0","0","0","2","0","1","","","","N","","","","","","","","","",""
"2013124681","","1","0","0","0","0","0","0","0","0","2","0","","02","12","2013","6","40.572011","-80.031909","","11","0","0","0","0","0","2","0","0","","0","0","0","","","0","","1","","40 34:19.238","","0","80 01:54.873","9","0","0","0","2108","0","0","0","N","0","0","0","2","02108","0","","1.0","","9","N","N","","1","","0","0","0","","3","","","2","0","0","0","0","0","1","2","0","2","","","","N","","","","","","","","","",""
"2013126862","","0","0","0","0","0","0","0","0","0","7","0","","02","12","2013","7","40.401765","-80.022044","","11","0","0","0","0","0","1","0","0","1","0","0","0","","","1","","0","","40 24:06.354","1","0","80 01:19.359","8","0","0","0","2301","0","0","0","N","0","0","0","1","02301","0","","4.0","","1","N","N","","0","","0","0","1","","0","N","","1","1","0","0","0","1","0","2","0","1","","","","N","","","","","","","","","",""
"2013124682","","1","0","0","0","0","0","0","0","0","7","0","","02","12","2013","6","40.508543","-80.250663","","11","0","0","0","0","0","0","0","0","","0","0","0","","","1","","0","","40 30:30.753","","0","80 15:02.387","4","0","0","0","2213","0","0","0","N","0","0","0","1","02213","1","","4.0","","7","N","N","","0","","0","0","0","","0","","","1","1","0","0","0","0","0","2","0","1","","","","N","","","","","","","","","",""
"2013133067","","2","0","0","0","0","0","0","0","0","2","0","","02","12","2013","5","40.431961","-79.918192","","11","0","0","0","0","0","1","0","0","","0","0","0","","","0","","2","","40 25:55.059","","0","79 55:05.491","0","0","0","0","2301","0","0","0","N","0","0","0","2","02301","0","","1.0","","1","N","N","","0","","0","0","0","","2","","","2","0","1","0","0","0","0","2","0","2","","","","N","","","","","","","","","",""
"2013131574","","2","0","0","0","0","0","0","0","0","4","0","","02","12","2013","2","40.466883","-80.0264","","11","0","0","0","0","0","0","0","0","","0","0","0","","","0","","1","","40 28:00.778","","0","80 01:35.040","0","0","0","0","2301","0","0","0","N","0","0","0","2","02301","0","","1.0","","9","N","N","","0","","0","0","0","","3","","","2","0","0","0","0","0","0","2","0","2","","","","N","","","","","","","","","",""
"2013126863","","0","0","0","0","0","0","0","0","0","4","0","","02","12","2013","3","40.347406","-79.950531","","11","1","0","0","0","0","0","0","0","1","0","0","0","","","1","","0","","40 20:50.660","6","7","79 57:01.910","8","0","0","0","2473","0","0","0","N","0","0","0","4","02473","0","","1.0","","1","N","N","","0","","0","0","2","","2","N","","2","1","0","0","0","1","0","2","0","2","","","","N","","","","","","","","","",""
"2013124683","","1","0","0","0","0","0","0","0","0","4","0","","02","12","2013","6","40.503614","-80.222353","","11","0","0","0","0","0","0","0","0","","0","0","0","","","0","","2","","40 30:13.009","","0","80 13:20.472","0","0","0","0","2213","0","0","0","N","0","0","0","2","02213","0","","1.0","","7","N","N","","0","","0","0","1","","2","","","2","0","1","0","0","0","0","2","0","2","","","","N","","","","","","","","","",""
"2013133068","","2","0","0","0","0","0","0","0","0","2","0","","02","12","2013","1","40.435349","-79.788509","","11","0","0","0","0","0","1","0","0","2","0","0","0","","","2","","0","","40 26:07.255","4","0","79 47:18.631","8","0","0","0","2446","0","0","0","N","0","0","0","2","02446","0","","1.0","","1","N","N","","0","","0","0","0","","0","N","","2","2","0","0","0","2","0","2","0","2","","","","N","","","","","","","","","",""
"2013126864","","0","0","0","0","0","0","0","0","0","6","0","","02","12","2013","6","40.625732","-79.926852","","11","0","0","0","0","0","1","0","0","","0","0","0","","","0","","2","","40 37:32.636","","0","79 55:36.666","0","0","0","0","2217","0","0","0","N","0","0","0","2","02505","0","","1.0","","1","N","N","","1","","0","0","0","","0","","","2","0","0","0","0","0","0","2","1","2","","","","N","","","","","","","","","",""
"2013124684","","1","0","0","0","0","0","0","0","0","7","0","","02","12","2013","7","40.524069","-80.215004","","11","0","0","0","1","0","0","0","0","","0","0","0","","","0","","0","","40 31:26.650","","0","80 12:54.014","0","0","0","0","2213","0","0","0","N","0","0","0","1","02213","0","","1.0","","1","N","N","","0","","0","0","0","","0","","","1","0","0","0","0","0","0","2","0","1","","","","N","","","","","","","","","",""
"2013124685","","3","0","0","0","0","0","0","0","0","2","0","","02","12","2013","1","40.394086","-80.030747","","11","0","0","0","0","0","0","0","0","","0","0","0","","","0","","0","","40 23:38.710","","0","80 01:50.690","0","0","0","0","2422","0","0","0","N","0","0","0","3","02422","0","","1.0","","2","N","N","","0","","0","0","0","","0","","","3","0","0","0","0","0","0","2","0","3","","","","N","","","","","","","","","",""
"2013126956","","1","0","0","0","0","0","0","0","0","5","0","","02","12","2013","6","40.462482","-79.927828","","11","0","0","0","0","0","1","1","0","1","0","0","0","","","0","","1","","40 27:44.935","7","0","79 55:40.180","0","0","0","0","2301","0","0","0","N","0","0","0","2","02301","0","","1.0","","1","Y","N","","0","","0","0","0","","2","N","","2","0","0","0","0","0","0","2","1","2","","","","N","","","","","","","","","",""
"2013132311","","1","0","0","0","0","0","0","0","0","2","0","","02","12","2013","3","40.476811","-79.772605","","11","0","0","0","0","0","0","0","0","","0","0","0","","","1","","2","","40 28:36.519","","0","79 46:21.378","4","0","0","0","2466","0","0","0","N","0","0","0","2","02466","1","","1.0","","1","N","N","","1","","0","0","0","","0","","","2","1","0","0","0","0","0","2","0","2","","","","N","","","","","","","","","",""
"2013132388","","1","0","0","0","0","0","0","0","0","1","0","","02","12","2013","3","40.570275","-79.79082","","11","0","0","0","0","0","0","0","1","1","0","0","0","","","0","","0","","40 34:12.990","1","0","79 47:26.951","0","0","0","0","2206","0","0","0","N","0","0","0","2","02206","0","","2.0","","2","N","N","","0","","0","0","1","","0","Y","","2","0","0","0","0","0","0","1","0","2","","","","N","","","","","","","","","",""
"2013131655","","0","0","0","0","0","0","0","0","0","7","1","","02","11","2013","4","40.423951","-80.106409","","11","0","0","0","0","0","1","0","0","3","0","1","0","","","0","","0","","40 25:26.225","2","3","80 06:23.074","0","0","0","0","2115","0","0","0","N","0","0","0","1","68B03","0","","2.0","","2","N","N","","0","","0","0","0","","0","N","","1","0","0","0","0","0","0","2","0","1","","","","N","","","","","","","","","",""
"2013133073","","1","0","0","0","0","0","0","0","0","1","0","","02","12","2013","6","40.438729","-79.751892","","11","0","0","0","0","0","0","1","0","1","0","0","0","","","1","","0","","40 26:19.424","3","0","79 45:06.810","3","0","0","0","2446","0","0","0","N","0","0","0","7","02446","0","","1.0","","1","N","N","","1","","1","0","1","","0","Y","","3","1","0","0","0","0","0","2","0","3","","","","N","","","","","","","","","",""
"2013131656","","1","0","0","0","0","0","0","0","0","7","0","","02","12","2013","7","40.508811","-80.280226","","11","0","0","0","0","0","0","0","0","","0","0","0","","","1","","0","","40 30:31.721","","0","80 16:48.814","4","0","0","0","2203","0","0","0","N","0","0","0","1","68B03","1","","4.0","","9","N","N","","0","","0","0","0","","0","","","1","1","0","0","0","0","0","1","0","1","","","","N","","","","","","","","","",""