"CRN","ARRIVAL_TM","AUTOMOBILE_COUNT","BELTED_DEATH_COUNT","BELTED_SUSP_SERIOUS_INJ_COUNT","BICYCLE_COUNT","BICYCLE_DEATH_COUNT","BICYCLE_SUSP_SERIOUS_INJ_COUNT","BUS_COUNT","CHLDPAS_DEATH_COUNT","CHLDPAS_SUSP_SERIOUS_INJ_COUNT","COLLISION_TYPE","COMM_VEH_COUNT","CONS_ZONE_SPD_LIM","COUNTY","CRASH_MONTH","CRASH_YEAR","DAY_OF_WEEK","DEC_LATITUDE","DEC_LONGITUDE","DISPATCH_TM","DISTRICT","DRIVER_COUNT_16YR","DRIVER_COUNT_17YR","DRIVER_COUNT_18YR","DRIVER_COUNT_19YR","DRIVER_COUNT_20YR","DRIVER_COUNT_50_64YR","DRIVER_COUNT_65_74YR","DRIVER_COUNT_75PLUS","EST_HRS_CLOSED","FATAL_COUNT","HEAVY_TRUCK_COUNT","HORSE_BUGGY_COUNT","HOUR_OF_DAY","ILLUMINATION","INJURY_COUNT","INTERSECTION_RELATED","INTERSECT_TYPE","LANE_CLOSED","LATITUDE","LN_CLOSE_DIR","LOCATION_TYPE","LONGITUDE","MAX_SEVERITY_LEVEL","MCYCLE_DEATH_COUNT","MCYCLE_SUSP_SERIOUS_INJ_COUNT","MOTORCYCLE_COUNT","MUNICIPALITY","NONMOTR_COUNT","NONMOTR_DEATH_COUNT","NONMOTR_SUSP_SERIOUS_INJ_COUNT","NTFY_HIWY_MAINT","PED_COUNT","PED_DEATH_COUNT","PED_SUSP_SERIOUS_INJ_COUNT","PERSON_COUNT","POLICE_AGCY","POSSIBLE_INJ_COUNT","RDWY_SURF_TYPE_CD","RELATION_TO_ROAD","ROADWAY_CLEARED","ROAD_CONDITION","SCH_BUS_IND","SCH_ZONE_IND","SECONDARY_CRASH","SMALL_TRUCK_COUNT","SPEC_JURIS_CD","SUSP_MINOR_INJ_COUNT","SUSP_SERIOUS_INJ_COUNT","SUV_COUNT","TCD_FUNC_CD","TCD_TYPE","TFC_DETOUR_IND","TIME_OF_DAY","TOTAL_UNITS","TOT_INJ_COUNT","UNBELTED_OCC_COUNT","UNB_DEATH_COUNT","UNB_SUSP_SERIOUS_INJ_COUNT","UNK_INJ_DEG_COUNT","UNK_INJ_PER_COUNT","URBAN_RURAL","VAN_COUNT","VEHICLE_COUNT","WEATHER1","WEATHER2","WORKERS_PRES","WORK_ZONE_IND","WORK_ZONE_LOC","WORK_ZONE_TYPE","WZ_CLOSE_DETOUR","WZ_FLAGGER","WZ_LAW_OFFCR_IND","WZ_LN_CLOSURE","WZ_MOVING","WZ_OTHER","WZ_SHLDER_MDN","WZ_WORKERS_INJ_KILLED"
"2013126870","","1","0","0","0","0","0","0","0","0","1","0","","02","12","2013","6","40.402769","-80.015826","","11","0","0","0","0","0","0","1","0","","0","0","0","","","1","","2","","40 24:09.968","","0","80 00:56.973","4","0","0","0","2301","0","0","0","N","0","0","0","2","02301","1","","1.0","","1","N","N","","1","","0","0","0","","3","","","2","1","0","0","0","0","0","2","0","2","","","","N","","","","","","","","","",""
"2013130821","","2","0","0","0","0","0","0","0","0","1","0","","02","11","2013","5","40.428587","-79.935219","","11","0","0","0","0","0","1","0","0","2","0","0","0","","","2","","0","","40 25:42.914","3","0","79 56:06.790","3","0","0","0","2301","0","0","0","N","0","0","0","2","68B03","1","","1.0","","1","N","N","","0","","1","0","0","","0","N","","2","2","0","0","0","0","0","2","0","2","","","","N","","","","","","","","","",""
"2013131581","","1","0","0","0","0","0","0","0","0","1","0","","02","12","2013","2","40.278476","-79.836983","","11","0","0","0","0","0","1","0","0","2","0","0","0","","","0","","0","","40 16:42.512","1","0","79 50:13.137","0","0","0","0","2105","0","0","0","N","0","0","0","2","02105","0","","1.0","","1","N","N","","0","","0","0","0","","0","N","","2","0","0","0","0","0","0","2","1","2","","","","N","","","","","","","","","",""
"2013124562","","0","0","0","0","0","0","0","0","0","7","0","","02","12","2013","7","40.353796","-79.957059","","11","0","0","0","0","0","0","0","0","4","0","0","0","","","1","","0","","40 21:13.664","6","0","79 57:25.411","8","0","0","0","2473","0","0","0","Y","0","0","0","1","02473","0","","4.0","","2","N","N","","0","","0","0","1","","0","Y","","1","1","0","0","0","1","0","2","0","1","","","","N","","","","","","","","","",""
"2013126948","","3","0","0","0","0","0","0","0","0","1","0","","02","12","2013","6","40.47227","-79.928373","","11","0","0","0","0","0","0","0","0","","0","0","0","","","0","","0","","40 28:20.172","","0","79 55:42.142","0","0","0","0","2301","0","0","0","N","0","0","0","1","02301","0","","6.0","","1","N","N","","0","","0","0","0","","3","","","3","0","0","0","0","0","0","2","0","3","","","","N","","","","","","","","","",""
"2013126961","","2","0","0","0","0","0","0","0","0","1","0","","02","12","2013","6","40.454145","-79.944483","","11","0","0","0","0","0","1","0","0","2","0","0","0","","","0","","1","","40 27:14.922","7","0","79 56:40.138","0","0","0","0","2301","0","0","0","N","0","0","0","4","02301","0","","1.0","","1","N","N","","0","","0","0","1","","2","N","","3","0","0","0","0","0","0","2","0","3","","","","N","","","","","","","","","",""
"2013133076","","2","0","0","0","0","0","0","0","0","1","0","","02","10","2013","5","40.362373","-79.826135","","11","0","0","0","0","0","0","0","0","1","0","0","0","","","0","","1","","40 21:44.541","2","0","79 49:34.085","0","0","0","0","2111","0","0","0","N","0","0","0","2","02111","0","","1.0","","1","N","N","","0","","0","0","0","","2","N","","2","0","0","0","0","0","0","2","0","2","","","","N","","","","","","","","","",""
"2013132318","","2","0","0","0","0","0","0","0","0","4","0","","02","12","2013","4","40.448612","-79.899529","","11","0","0","0","0","0","0","0","0","","0","0","0","","","0","","2","","40 26:55.002","","0","79 53:58.304","0","0","0","0","2301","0","0","0","N","0","0","0","2","02301","0","","1.0","","1","N","N","","0","","0","0","0","","0","","","2","0","0","0","0","0","0","2","0","2","","","","N","","","","","","","","","",""
"2013132458","","1","0","0","0","0","0","0","0","0","7","0","","02","12","2013","3","40.495791","-79.940005","","11","0","0","0","0","0","1","0","0","2","0","0","0","","","1","","0","","40 29:44.848","2","3","79 56:24.017","3","0","0","0","2461","0","0","0","Y","0","0","0","2","68D02","0","","4.0","","7","N","N","","0","","1","0","0","","0","N","","2","1","0","0","0","0","0","2","1","2","","","","N","","","","","","","","","",""
"2013126964","","1","0","0","0","0","0","0","0","0","1","0","","02","12","2013","6","40.315063","-79.93957","","11","0","0","0","1","1","0","0","0","2","0","0","0","","","0","","0","","40 18:54.226","2","0","79 56:22.451","0","0","0","0","2440","0","0","0","N","0","0","0","2","02440","0","","1.0","","1","N","N","","1","","0","0","0","","0","N","","2","0","0","0","0","0","0","2","0","2","","","","N","","","","","","","","","",""
"2013132396","","2","0","0","0","0","0","0","0","0","4","0","","02","12","2013","7","40.431106","-79.787278","","11","0","0","0","0","1","0","1","0","","0","0","0","","","0","","0","","40 25:51.980","","7","79 47:14.200","0","0","0","0","2446","0","0","0","N","0","0","0","2","02446","0","","1.0","","9","N","N","","0","","0","0","0","","0","","","2","0","0","0","0","0","0","2","0","2","","","","N","","","","","","","","","",""
"2013131591","","3","0","0","0","0","0","0","0","0","1","0","","02","12","2013","2","40.525694","-79.841349","","11","0","0","0","0","0","0","0","0","","0","0","0","","","0","","0","","40 31:32.499","","0","79 50:28.855","0","0","0","0","2451","0","0","0","N","0","0","0","4","02451","0","","1.0","","9","N","N","","0","","0","0","0","","2","","","3","0","0","0","0","0","0","2","0","3","","","","N","","","","","","","","","",""
"2013132397","","2","0","0","0","0","0","0","0","0","4","0","","02","12","2013","3","40.334089","-79.803926","","11","0","0","0","0","0","1","0","0","1","0","0","0","","","1","","2","","40 20:02.722","6","0","79 48:14.133","4","0","0","0","2477","0","0","0","N","0","0","0","5","02477","1","","1.0","","1","N","N","","0","","0","0","0","","2","Y","","2","1","1","0","0","0","0","2","0","2","","","","N","","","","","","","","","",""
"2013132398","","0","0","0","0","0","0","0","0","0","1","0","","02","12","2013","3","40.461988","-79.961966","","11","0","0","0","0","0","0","0","0","","0","0","0","","","0","","0","","40 27:43.156","","0","79 57:43.077","9","0","0","0","2301","0","0","0","N","0","0","0","2","02301","0","","1.0","","2","N","N","","0","","0","0","1","","0","","","2","0","0","0","0","0","1","2","0","2","","","","N","","","","","","","","","",""
"2013133231","","1","0","0","0","0","0","0","0","0","4","0","","02","12","2013","6","40.414269","-80.04503","","11","0","0","0","0","0","1","0","0","","0","0","0","","","0","","2","","40 24:51.370","","0","80 02:42.108","0","0","0","0","2435","0","0","0","N","0","0","0","4","02435","0","","1.0","","1","N","N","","1","","0","0","0","","2","","","2","0","0","0","0","0","0","2","0","2","","","","N","","","","","","","","","",""
"2013131049","","1","0","0","0","0","0","0","0","0","7","0","","02","12","2013","3","40.560301","-80.085055","","11","0","0","0","0","0","0","0","0","1","0","0","0","","","1","","0","","40 33:37.083","1","0","80 05:06.198","8","0","0","0","2481","0","0","0","N","0","0","0","1","68B03","0","","5.0","","1","N","N","","0","","0","0","0","","0","N","","1","1","0","0","0","1","0","2","0","1","","","","N","","","","","","","","","",""
"2013132001","","1","0","0","0","0","0","0","0","0","1","0","","02","12","2013","5","40.672463","-80.089189","","11","0","0","0","0","0","0","1","1","1","0","0","0","","","1","","0","","40 40:20.866","4","7","80 05:21.082","8","0","0","0","2212","0","0","0","N","0","0","0","3","02505","0","","1.0","","1","N","N","","0","","0","0","0","","0","N","","2","1","0","0","0","1","0","2","1","2","","","","N","","","","","","","","","",""
"2013130988","","1","0","0","0","0","0","0","0","0","5","0","","02","12","2013","7","40.365225","-80.086464","","11","0","0","0","0","0","0","0","0","1","0","0","0","","","1","","0","","40 21:54.810","1","0","80 05:11.270","4","0","0","0","2117","0","0","0","N","0","0","0","4","02117","1","","1.0","","9","N","N","","0","","0","0","1","","0","Y","","2","1","0","0","0","0","0","2","0","2","","","","N","","","","","","","","","",""
"2013132543","","1","0","0","0","0","0","0","0","0","7","0","25","02","12","2013","5","40.445155","-80.029739","","11","0","0","0","0","0","0","0","0","","0","0","0","","","1","","0","","40 26:42.559","","0","80 01:47.059","4","0","0","0","2301","0","0","0","N","0","0","0","1","02301","1","","2.0","","7","N","N","","0","","0","0","0","","0","","","1","1","0","0","0","0","0","2","0","1","","","N","Y","5","1","","","N","Y","","","",""
"2013131050","","3","0","0","0","0","0","0","0","0","1","0","","02","12","2013","4","40.670793","-80.093966","","11","0","0","0","0","0","0","0","0","","0","0","0","","","1","","0","","40 40:14.853","","0","80 05:38.279","8","0","0","0","2212","0","0","0","N","0","0","0","3","68B03","0","","1.0","","9","N","N","","0","","0","0","0","","0","","","3","1","0","0","0","1","0","2","0","3","","","","N","","","","","","","","","",""
"2013130423","","2","0","0","0","0","0","0","0","0","4","0","","02","12","2013","5","40.618134","-79.945326","","11","0","0","0","0","0","1","1","0","1","0","0","0","","","1","","2","","40 37:05.282","1","0","79 56:43.175","4","0","0","0","2217","0","0","0","N","0","0","0","3","02505","1","","1.0","","1","N","N","","0","","0","0","0","","3","N","","2","1","0","0","0","0","0","2","0","2","","","","N","","","","","","","","","",""
"2013131051","","1","0","0","0","0","0","0","0","0","5","1","","02","12","2013","4","40.665252","-80.091513","","11","0","0","0","0","0","0","0","0","","0","1","0","","","1","","0","","40 39:54.906","","0","80 05:29.448","8","0","0","0","2212","0","0","0","N","0","0","0","2","68B03","0","","1.0","","9","N","N","","0","","0","0","0","","0","","","2","1","0","0","0","1","0","2","0","2","","","","N","","","","","","","","","",""
"2013133281","","1","0","0","0","0","0","0","0","0","1","0","","02","12","2013","6","40.443015","-80.052733","","11","0","0","0","0","0","0","0","0","2","0","0","0","","","0","","2","","40 26:34.854","4","0","80 03:09.838","0","0","0","0","2301","0","0","0","N","0","0","0","3","02301","0","","1.0","","1","N","N","","0","","0","0","0","","2","N","","2","0","0","0","0","0","0","2","1","2","","","","N","","","","","","","","","",""
"2013131879","","1","0","0","0","0","0","0","0","0","4","0","","02","12","2013","6","40.438629","-79.769007","","11","0","0","1","0","0","0","0","0","","0","0","0","","","0","","2","","40 26:19.065","","0","79 46:08.426","0","0","0","0","2446","0","0","0","N","0","0","0","2","02446","0","","1.0","","1","N","N","","1","","0","0","0","","3","","","2","0","2","0","0","0","0","2","0","2","","","","N","","","","","","","","","",""
"2013132747","","2","0","0","0","0","0","0","0","0","4","0","","02","12","2013","5","40.484349","-80.036986","","11","0","0","0","0","0","1","0","0","","0","0","0","","","0","","1","","40 29:03.656","","0","80 02:13.149","0","0","0","0","2301","0","0","0","N","0","0","0","2","02301","0","","1.0","","1","N","N","","0","","0","0","1","","3","","","3","0","0","0","0","0","0","2","0","3","","","","N","","","","","","","","","",""
"2013132015","","1","0","0","0","0","0","0","0","0","7","0","","02","12","2013","3","40.500124","-79.757518","","11","0","0","1","0","0","0","0","0","1","0","0","0","","","0","","0","","40 30:00.447","2","0","79 45:27.065","0","0","0","0","2466","0","0","0","N","0","0","0","2","02466","0","","4.0","","7","N","N","","0","","0","0","0","","0","N","","1","0","0","0","0","0","0","2","0","1","","","","N","","","","","","","","","",""
"2013131052","","3","0","0","0","0","0","0","0","0","1","0","","02","12","2013","6","40.426199","-79.914597","","11","0","0","0","0","0","0","0","0","1","0","0","0","","","0","","0","","40 25:34.316","3","4","79 54:52.549","0","0","0","0","2301","0","0","0","N","0","0","0","3","68B03","0","","1.0","","1","N","N","","0","","0","0","0","","0","N","","3","0","0","0","0","0","0","2","0","3","","","","N","","","","","","","","","",""
"2013131126","","0","0","0","0","0","0","0","0","0","7","0","","02","12","2013","4","40.533549","-79.845428","","11","0","1","0","0","0","0","0","0","1","0","0","0","","","1","","0","","40 32:00.775","2","0","79 50:43.541","8","0","0","0","2208","0","0","0","N","0","0","0","1","02208","0","","4.0","","1","N","N","","0","","0","0","1","","0","N","","1","1","0","0","0","1","0","2","0","1","","","","N","","","","","","","","","",""
"2013130425","","0","0","0","0","0","0","0","0","0","7","0","","02","12","2013","7","40.619681","-80.080719","","11","0","0","0","0","0","0","0","0","1","0","0","0","","","0","","2","","40 37:10.852","6","0","80 04:50.589","0","0","0","0","2212","0","0","0","N","0","0","0","1","02505","0","","5.0","","1","N","N","","1","","0","0","0","","0","N","","1","0","0","0","0","0","0","2","0","1","","","","N","","","","","","","","","",""
"2013132748","","1","0","0","0","0","0","0","0","0","7","0","","02","12","2013","5","40.481369","-79.882448","","11","0","0","0","0","0","0","0","0","","0","0","0","","","0","","0","","40 28:52.927","","0","79 52:56.812","0","0","0","0","2113","0","0","0","N","0","0","0","1","02113","0","","1.0","","1","N","N","","0","","0","0","0","","0","","","1","0","0","0","0","0","0","2","0","1","","","","N","","","","","","","","","",""
"2013131268","","1","0","0","0","0","0","0","0","0","7","0","","02","12","2013","1","40.390691","-79.900698","","11","0","0","0","0","0","1","0","0","","0","0","0","","","0","","2","","40 23:26.487","","0","79 54:02.512","0","0","0","0","2448","0","0","0","N","0","0","0","1","02448","0","","5.0","","1","N","N","","0","","0","0","0","","0","","","1","0","0","0","0","0","0","2","0","1","","","","N","","","","","","","","","",""
"2013130512","","1","0","0","0","0","0","0","0","0","4","0","","02","12","2013","6","40.553459","-79.971254","","11","0","0","0","0","0","0","1","1","1","0","0","0","","","0","","2","","40 33:12.454","5","0","79 58:16.516","0","0","0","0","2118","0","0","0","N","0","0","0","2","02118","0","","1.0","","9","N","N","","0","","0","0","1","","3","N","","2","0","0","0","0","0","0","2","0","2","","","","N","","","","","","","","","",""
"2013131053","","1","0","0","0","0","0","0","0","0","7","0","","02","12","2013","7","40.422656","-80.101995","","11","0","0","0","0","0","0","0","0","","0","0","0","","","0","","0","","40 25:21.562","","0","80 06:07.181","0","0","0","0","2115","0","0","0","N","0","0","0","1","68B03","0","","4.0","","9","N","N","","0","","0","0","0","","0","","","1","0","0","0","0","0","0","2","0","1","","","","N","","","","","","","","","",""
"2013132005","","2","0","0","0","0","0","0","0","0","2","0","","02","12","2013","3","40.410815","-79.918724","","11","0","0","0","0","0","0","0","0","2","0","0","0","","","0","","0","","40 24:38.933","1","3","79 55:07.407","0","0","0","0","2301","0","0","0","N","0","0","0","2","02301","0","","1.0","","2","N","N","","0","","0","0","0","","0","N","","2","0","0","0","0","0","0","2","0","2","","","","N","","","","","","","","","",""
"2013132547","","1","0","0","0","0","0","0","0","0","1","0","","02","9","2013","2","40.437958","-79.863845","","11","0","0","0","0","0","0","0","0","","0","0","0","","","1","","0","","40 26:16.649","","0","79 51:49.843","4","0","0","0","2478","0","0","0","N","0","0","0","2","68B03","1","","1.0","","1","N","N","","1","","0","0","0","","0","","","2","1","0","0","0","0","0","2","0","2","","","","N","","","","","","","","","",""
"2013132606","","1","0","0","0","0","0","0","0","0","2","0","","02","12","2013","2","40.435642","-79.787046","","11","0","0","0","0","0","0","0","0","","0","0","0","","","0","","0","","40 26:08.312","","0","79 47:13.367","0","0","0","0","2446","0","0","0","N","0","0","0","2","02446","0","","3.0","","1","N","N","","0","","0","0","1","","0","","","2","0","0","0","0","0","0","2","0","2","","","","N","","","","","","","","","",""
"2013132548","","1","0","0","0","0","0","0","0","0","7","0","","02","11","2013","1","40.433781","-80.253943","","11","0","0","0","0","0","0","0","0","2","0","0","0","","","1","","0","","40 26:01.610","4","0","80 15:14.193","4","0","0","0","2214","0","0","0","N","0","0","0","1","68B03","1","","4.0","","1","N","N","","0","","0","0","0","","0","N","","1","1","1","0","0","0","0","2","0","1","","","","N","","","","","","","","","",""
"2013132622","","1","0","0","0","0","0","0","0","0","1","0","","02","12","2013","5","40.444202","-80.028173","","11","0","0","0","0","0","0","0","0","","0","0","0","","","1","","1","","40 26:39.126","","0","80 01:41.424","4","0","0","0","2301","0","0","0","N","0","0","0","10","02301","1","","1.0","","6","N","N","","0","","0","0","0","","2","","","2","1","0","0","0","0","0","2","1","2","","","","N","","","","","","","","","",""
"2013131883","","1","0","0","0","0","0","0","0","0","7","0","","02","12","2013","4","40.364153","-79.882236","","11","0","0","0","0","0","0","0","0","1","0","0","0","","","0","","0","","40 21:50.950","5","0","79 52:56.049","0","0","0","0","2473","0","0","0","N","0","0","0","1","02473","0","","5.0","","9","N","N","","0","","0","0","0","","0","N","","1","0","1","0","0","0","0","2","0","1","","","","N","","","","","","","","","",""
"2013132686","","1","0","0","0","0","0","0","0","0","6","0","","02","12","2013","2","40.557201","-80.139468","","11","0","0","0","0","0","1","0","1","","0","0","0","","","0","","2","","40 33:25.923","","0","80 08:22.084","0","0","0","0","2459","0","0","0","N","0","0","0","5","02459","0","","1.0","","1","N","N","","0","","0","0","0","","0","","","2","0","0","0","0","0","0","1","1","2","","","","N","","","","","","","","","",""
"2013133225","","1","0","0","0","0","0","0","0","0","7","0","","02","12","2013","5","40.643114","-80.028187","","11","0","0","0","0","0","0","0","0","","0","0","0","","","0","","0","","40 38:35.210","","0","80 01:41.473","0","0","0","0","2216","0","0","0","N","0","0","0","1","68T02","0","","3.0","","6","N","N","","0","","0","0","0","","0","","","1","0","0","0","0","0","0","2","0","1","","","","N","","","","","","","","","",""
"2013130995","","1","0","0","0","0","0","0","0","0","4","0","","02","12","2013","7","40.438812","-79.766013","","11","0","0","0","0","0","1","1","0","1","0","0","0","","","1","","0","","40 26:19.724","3","0","79 45:57.647","3","0","0","0","2446","0","0","0","N","0","0","0","3","02446","0","","1.0","","9","N","N","","1","","1","0","0","","0","N","","2","1","0","0","0","0","0","2","0","2","","","","N","","","","","","","","","",""
"2013131884","","1","0","0","0","0","0","0","0","0","7","0","","02","12","2013","3","40.417301","-80.182602","","11","0","0","0","1","0","0","0","0","3","0","0","0","","","1","","0","","40 25:02.283","6","0","80 10:57.367","4","0","0","0","2214","0","0","0","N","0","0","0","1","02214","1","","5.0","","1","N","N","","0","","0","0","0","","0","Y","","1","1","1","0","0","0","0","1","0","1","","","","N","","","","","","","","","",""
"2013130516","","0","0","0","0","0","0","0","0","0","8","0","","02","12","2013","5","40.472144","-79.959279","","11","0","0","0","0","0","0","0","0","","0","0","0","","","1","","1","","40 28:19.719","","0","79 57:33.404","8","0","0","0","2301","1","0","0","N","1","0","0","2","02301","0","","1.0","","9","N","N","","0","","0","0","1","","2","","","2","1","0","0","0","1","0","2","0","1","","","","N","","","","","","","","","",""
"2013130996","","2","0","0","0","0","0","0","0","0","2","0","","02","12","2013","6","40.428519","-79.976251","","11","0","0","0","0","0","0","0","0","1","0","0","0","","","0","","1","","40 25:42.668","2","0","79 58:34.502","0","0","0","0","2301","0","0","0","N","0","0","0","2","02301","0","","1.0","","9","N","N","","0","","0","0","0","","2","N","","2","0","0","0","0","0","0","2","0","2","","","","N","","","","","","","","","",""
"2013132550","","1","0","0","0","0","0","0","0","0","7","0","","02","12","2013","6","40.491568","-80.272859","","11","0","0","0","0","0","0","0","0","","0","0","0","","","1","","0","","40 29:29.644","","0","80 16:22.294","8","0","0","0","2203","0","0","0","N","0","0","0","1","68B03","0","","4.0","","9","N","N","","0","","0","0","0","","0","","","1","1","0","0","0","1","0","2","0","1","","","","N","","","","","","","","","",""
"2013131119","","1","0","0","0","0","0","0","0","0","7","0","","02","12","2013","7","40.52852","-79.973005","","11","0","0","0","0","0","1","0","0","2","0","0","0","","","0","","0","","40 31:42.672","6","0","79 58:22.817","0","0","0","0","2118","0","0","0","N","0","0","0","1","02118","0","","5.0","","9","N","N","","0","","0","0","0","","0","Y","","1","0","0","0","0","0","0","2","0","1","","","","N","","","","","","","","","",""
"2013132021","","1","0","0","0","0","0","0","0","0","7","0","","02","12","2013","3","40.443021","-80.029311","","11","0","0","0","0","0","0","0","0","1","0","0","0","","","1","","0","","40 26:34.877","2","3","80 01:45.519","4","0","0","0","2301","0","0","0","N","0","0","0","1","02301","1","","2.0","","2","N","N","","0","","0","0","0","","2","N","","1","1","0","0","0","0","0","2","0","1","","","","N","","","","","","","","","",""
"2013132551","","1","0","0","0","0","0","0","0","0","7","0","","02","12","2013","7","40.447472","-80.166098","","11","0","0","0","0","0","0","0","0","","0","0","0","","","0","","3","","40 26:50.898","","2","80 09:57.953","0","0","0","0","2115","0","0","0","Y","0","0","0","1","68B03","0","","3.0","","9","N","N","","0","","0","0","0","","0","","","1","0","0","0","0","0","0","2","0","1","","","","N","","","","","","","","","",""
"2013130432","","1","0","0","0","0","0","0","0","0","4","0","","02","12","2013","6","40.45259","-79.910391","","11","0","0","0","0","0","2","0","0","","0","0","0","","","0","","1","","40 27:09.323","","0","79 54:37.408","0","0","0","0","2301","0","0","0","N","0","0","0","3","02301","0","","1.0","","1","N","N","","0","","0","0","1","","2","","","2","0","0","0","0","0","0","2","0","2","","","","N","","","","","","","","","",""
"2013131275","","1","0","0","0","0","0","0","0","0","1","0","","02","12","2013","4","40.495136","-79.858547","","11","0","1","0","0","0","1","0","0","2","0","0","0","","","3","","2","","40 29:42.491","4","0","79 51:30.770","8","0","0","0","2408","0","0","0","N","0","0","0","4","02408","0","","1.0","","1","N","N","","0","","0","0","1","","0","Y","","2","3","0","0","0","3","0","2","0","2","","","","N","","","","","","","","","",""
"2013133228","","1","0","0","0","0","0","0","0","0","7","0","","02","12","2013","6","40.481799","-79.737905","","11","0","0","0","0","0","0","0","0","","0","0","0","","","0","","0","","40 28:54.477","","0","79 44:16.459","0","0","0","0","2466","0","0","0","N","0","0","0","1","02466","0","","5.0","","1","N","N","","0","","0","0","0","","0","","","1","0","0","0","0","0","0","2","0","1","","","","N","","","","","","","","","",""
"2013132552","","1","0","0","0","0","0","0","0","0","1","0","45","02","12","2013","5","40.429008","-79.939731","","11","0","0","0","0","0","1","0","0","","0","0","0","","","0","","0","","40 25:44.430","","0","79 56:23.030","0","0","0","0","2301","0","0","0","N","0","0","0","2","68B03","0","","1.0","","1","N","N","","1","","0","0","0","","0","","","2","0","0","0","0","0","0","2","0","2","","","Y","Y","3","1","N","N","N","Y","N","N","N",""
"2013132755","","0","0","0","0","0","0","0","0","0","4","0","","02","12","2013","6","40.545881","-80.194229","","11","0","0","0","0","0","1","0","1","1","0","0","0","","","0","","2","","40 32:45.170","1","0","80 11:39.225","0","0","0","0","2427","0","0","0","N","0","0","0","3","02427","0","","1.0","","1","N","N","","0","","0","0","1","","2","N","","2","0","0","0","0","0","0","2","1","2","","","","N","","","","","","","","","",""
"2013130506","","1","0","0","0","0","0","0","0","0","4","0","","02","12","2013","6","40.371914","-79.98204","","11","0","0","0","0","0","0","2","0","","0","0","0","","","0","","0","","40 22:18.890","","0","79 58:55.345","0","0","0","0","2413","0","0","0","N","0","0","0","2","02413","0","","1.0","","1","N","N","","0","","0","0","0","","0","","","2","0","2","0","0","0","0","2","1","2","","","","N","","","","","","","","","",""
"2013132023","","2","0","0","0","0","0","0","0","0","7","0","","02","12","2013","3","40.459792","-79.920838","","11","0","0","0","0","0","0","0","0","2","0","0","0","","","0","","2","","40 27:35.252","6","0","79 55:15.016","0","0","0","0","2301","0","0","0","N","0","0","0","2","02301","0","","2.0","","2","N","N","","0","","0","0","0","","2","Y","","2","0","0","0","0","0","0","2","0","2","","","","N","","","","","","","","","",""
"2013133244","","1","0","0","0","0","0","0","0","0","1","0","","02","12","2013","6","40.438284","-79.830443","","11","0","0","0","0","0","0","0","0","1","0","0","0","","","0","","1","","40 26:17.821","4","0","79 49:49.594","0","0","0","0","2419","0","0","0","N","0","0","0","2","02419","0","","1.0","","1","N","N","","0","","0","0","1","","2","N","","2","0","0","0","0","0","0","2","0","2","","","","N","","","","","","","","","",""
"2013132553","","1","0","0","0","0","0","0","0","0","1","0","","02","12","2013","6","40.418059","-80.054831","","11","0","0","0","0","0","0","0","0","","0","0","0","","","0","","0","","40 25:05.011","","0","80 03:17.390","0","0","0","0","2435","0","0","0","N","0","0","0","4","68B03","0","","1.0","","1","N","N","","1","","0","0","0","","0","","","2","0","0","0","0","0","0","2","0","2","","","","N","","","","","","","","","",""
"2013133291","","1","0","0","0","0","0","0","0","0","7","0","","02","12","2013","7","40.463492","-80.0737","","11","0","0","0","0","0","0","0","0","1","0","0","0","","","0","","0","","40 27:48.570","7","0","80 04:25.320","9","0","0","0","2444","0","0","0","N","0","0","0","2","02444","0","","5.0","","9","N","N","","0","","0","0","0","","0","Y","","1","0","0","0","0","0","2","2","0","1","","","","N","","","","","","","","","",""
"2013132554","","1","0","0","0","0","0","0","0","0","7","0","","02","12","2013","7","40.471804","-80.210073","","11","0","0","0","0","0","0","0","0","","0","0","0","","","1","","0","","40 28:18.496","","0","80 12:36.264","8","0","0","0","2203","0","0","0","N","0","0","0","1","68B03","0","","4.0","","7","N","N","","0","","0","0","0","","0","","","1","1","0","0","0","1","0","2","0","1","","","","N","","","","","","","","","",""
"2013132692","","1","0","0","0","0","0","0","0","0","7","0","","02","12","2013","5","40.488561","-79.801021","","11","0","0","0","0","0","0","0","0","1","0","0","0","","","0","","0","","40 29:18.818","6","0","79 48:03.675","0","0","0","0","2113","0","0","0","","0","0","0","1","02113","0","","2.0","","9","N","","","0","","0","0","0","","0","N","","1","0","1","0","0","0","0","2","0","1","","","","N","","","","","","","","","",""
"2013130524","","1","0","0","0","0","0","0","0","0","1","0","","02","12","2013","4","40.594906","-79.978053","","11","0","0","0","0","0","1","0","0","1","0","0","0","","","0","","0","","40 35:41.661","4","0","79 58:40.990","0","0","0","0","2207","0","0","0","N","0","0","0","7","02207","0","","1.0","","1","N","N","","1","","0","0","1","","0","N","","3","0","0","0","0","0","0","2","0","3","","","","N","","","","","","","","","",""
"2013132025","","2","0","0","0","0","0","0","0","0","2","0","","02","12","2013","3","40.464311","-79.854793","","11","0","0","0","0","0","1","0","0","1","0","0","0","","","2","","0","","40 27:51.521","6","0","79 51:17.254","4","0","0","0","2113","0","0","0","N","0","0","0","3","02113","2","","1.0","","7","N","N","","1","","0","0","0","","0","N","","3","2","0","0","0","0","0","2","0","3","","","","N","","","","","","","","","",""