"CRN","ARRIVAL_TM","AUTOMOBILE_COUNT","BELTED_DEATH_COUNT","BELTED_SUSP_SERIOUS_INJ_COUNT","BICYCLE_COUNT","BICYCLE_DEATH_COUNT","BICYCLE_SUSP_SERIOUS_INJ_COUNT","BUS_COUNT","CHLDPAS_DEATH_COUNT","CHLDPAS_SUSP_SERIOUS_INJ_COUNT","COLLISION_TYPE","COMM_VEH_COUNT","CONS_ZONE_SPD_LIM","COUNTY","CRASH_MONTH","CRASH_YEAR","DAY_OF_WEEK","DEC_LATITUDE","DEC_LONGITUDE","DISPATCH_TM","DISTRICT","DRIVER_COUNT_16YR","DRIVER_COUNT_17YR","DRIVER_COUNT_18YR","DRIVER_COUNT_19YR","DRIVER_COUNT_20YR","DRIVER_COUNT_50_64YR","DRIVER_COUNT_65_74YR","DRIVER_COUNT_75PLUS","EST_HRS_CLOSED","FATAL_COUNT","HEAVY_TRUCK_COUNT","HORSE_BUGGY_COUNT","HOUR_OF_DAY","ILLUMINATION","INJURY_COUNT","INTERSECTION_RELATED","INTERSECT_TYPE","LANE_CLOSED","LATITUDE","LN_CLOSE_DIR","LOCATION_TYPE","LONGITUDE","MAX_SEVERITY_LEVEL","MCYCLE_DEATH_COUNT","MCYCLE_SUSP_SERIOUS_INJ_COUNT","MOTORCYCLE_COUNT","MUNICIPALITY","NONMOTR_COUNT","NONMOTR_DEATH_COUNT","NONMOTR_SUSP_SERIOUS_INJ_COUNT","NTFY_HIWY_MAINT","PED_COUNT","PED_DEATH_COUNT","PED_SUSP_SERIOUS_INJ_COUNT","PERSON_COUNT","POLICE_AGCY","POSSIBLE_INJ_COUNT","RDWY_SURF_TYPE_CD","RELATION_TO_ROAD","ROADWAY_CLEARED","ROAD_CONDITION","SCH_BUS_IND","SCH_ZONE_IND","SECONDARY_CRASH","SMALL_TRUCK_COUNT","SPEC_JURIS_CD","SUSP_MINOR_INJ_COUNT","SUSP_SERIOUS_INJ_COUNT","SUV_COUNT","TCD_FUNC_CD","TCD_TYPE","TFC_DETOUR_IND","TIME_OF_DAY","TOTAL_UNITS","TOT_INJ_COUNT","UNBELTED_OCC_COUNT","UNB_DEATH_COUNT","UNB_SUSP_SERIOUS_INJ_COUNT","UNK_INJ_DEG_COUNT","UNK_INJ_PER_COUNT","URBAN_RURAL","VAN_COUNT","VEHICLE_COUNT","WEATHER1","WEATHER2","WORKERS_PRES","WORK_ZONE_IND","WORK_ZONE_LOC","WORK_ZONE_TYPE","WZ_CLOSE_DETOUR","WZ_FLAGGER","WZ_LAW_OFFCR_IND","WZ_LN_CLOSURE","WZ_MOVING","WZ_OTHER","WZ_SHLDER_MDN","WZ_WORKERS_INJ_KILLED"
"2013131441","","0","0","0","0","0","0","0","0","0","7","0","","02","12","2013","6","40.430587","-80.026073","","11","0","0","0","0","0","1","0","0","2","0","1","0","","","0","","0","","40 25:50.112","2","0","80 01:33.861","0","0","0","0","2301","0","0","0","Y","0","0","0","1","68B03","0","","4.0","","1","N","N","","0","","0","0","0","","0","N","","1","0","0","0","0","0","0","2","0","1","","","","N","","","","","","","","","",""
"2013133002","","0","0","0","0","0","0","0","0","0","7","0","","02","12","2013","7","40.347425","-79.861647","","11","0","0","0","0","0","0","0","0","","0","0","0","","","0","","0","","40 20:50.730","","0","79 51:41.929","9","0","0","0","2304","0","0","0","N","0","0","0","1","02304","0","","2.0","","1","N","N","","0","","0","0","1","","0","","","1","0","0","0","0","0","1","2","0","1","","","","N","","","","","","","","","",""
"2013128539","","1","0","0","0","0","0","0","0","0","7","0","","02","12","2013","3","40.419125","-79.92695","","11","0","0","0","0","0","0","0","0","1","0","0","0","","","0","","0","","40 25:08.850","2","0","79 55:37.020","0","0","0","0","2301","0","0","0","N","0","0","0","1","02301","0","","2.0","","7","N","N","","0","","0","0","0","","0","N","","1","0","0","0","0","0","0","2","0","1","","","","N","","","","","","","","","",""
"2013128551","","2","0","0","0","0","0","0","0","0","4","0","","02","12","2013","3","40.477834","-79.786091","","11","0","0","0","0","0","1","0","0","","0","0","0","","","0","","2","","40 28:40.202","","0","79 47:09.928","9","0","0","0","2113","0","0","0","N","0","0","0","2","02113","0","","1.0","","7","N","N","","0","","0","0","0","","0","","","2","0","0","0","0","0","1","2","0","2","","","","N","","","","","","","","","",""
"2013132058","","2","0","0","0","0","0","0","0","0","4","0","","02","12","2013","3","40.323569","-79.831959","","11","0","0","0","0","0","0","1","0","1","0","0","0","","","3","","2","","40 19:24.847","7","7","79 49:55.054","3","0","0","0","2304","0","0","0","N","0","0","0","4","02304","0","","1.0","","1","N","N","","0","","3","0","0","","0","N","","2","3","1","0","0","0","0","2","0","2","","","","N","","","","","","","","","",""
"2013131442","","1","0","0","0","0","0","0","0","0","4","0","","02","12","2013","7","40.420193","-80.091994","","11","0","0","0","0","0","1","0","0","","0","0","0","","","1","","0","","40 25:12.694","","0","80 05:31.178","4","0","0","0","2457","0","0","0","N","0","0","0","2","68B02","1","","1.0","","1","N","N","","0","","0","0","1","","0","","","2","1","0","0","0","0","0","2","0","2","","","","N","","","","","","","","","",""
"2013130739","","0","0","0","0","0","0","0","0","0","7","0","","02","12","2013","1","40.272532","-79.886314","","11","0","0","0","0","0","0","1","0","1","0","0","0","","","1","","1","","40 16:21.114","3","0","79 53:10.729","4","0","0","0","2428","0","0","0","N","0","0","0","1","02428","1","","5.0","","1","N","N","","1","","0","0","0","","2","N","","1","1","0","0","0","0","0","2","0","1","","","","N","","","","","","","","","",""
"2013132198","","2","0","0","0","0","0","0","0","0","1","0","","02","9","2013","2","40.425248","-80.030938","","11","0","0","0","0","0","0","0","0","","0","0","0","","","1","","0","","40 25:30.892","","0","80 01:51.378","8","0","0","0","2301","0","0","0","N","0","0","0","2","68B03","0","","1.0","","1","N","N","","0","","0","0","0","","0","","","2","1","0","0","0","1","0","2","0","2","","","","N","","","","","","","","","",""
"2013132863","","2","0","0","0","0","0","0","0","0","2","0","","02","12","2013","5","40.432472","-80.018695","","11","0","0","0","0","0","0","0","0","","0","0","0","","","1","","1","","40 25:56.899","","0","80 01:07.302","4","0","0","0","2301","0","0","0","N","0","0","0","4","02301","1","","1.0","","1","N","N","","0","","0","0","0","","3","","","2","1","0","0","0","0","0","2","0","2","","","","N","","","","","","","","","",""
"2013132929","","1","0","0","0","0","0","0","0","0","7","0","","02","12","2013","4","40.435181","-79.981209","","11","0","0","0","0","0","0","0","0","1","0","0","0","","","1","","0","","40 26:06.651","3","0","79 58:52.352","8","0","0","0","2301","0","0","0","N","0","0","0","1","68B03","0","","3.0","","1","N","N","","0","","0","0","0","","0","N","","1","1","0","0","0","1","0","2","0","1","","","","N","","","","","","","","","",""
"2013132990","","1","0","0","0","0","0","0","0","0","7","0","","02","12","2013","3","40.490135","-80.035257","","11","0","0","0","0","0","0","0","0","","0","0","0","","","0","","0","","40 29:24.487","","0","80 02:06.924","0","0","0","0","2301","0","0","0","N","0","0","0","1","02301","0","","2.0","","1","N","N","","0","","0","0","0","","0","","","1","0","1","0","0","0","0","2","0","1","","","","N","","","","","","","","","",""
"2013132199","","1","0","0","0","0","0","0","0","0","7","0","","02","10","2013","4","40.441174","-80.008806","","11","0","0","0","0","1","0","0","0","","0","0","0","","","0","","0","","40 26:28.227","","0","80 00:31.701","0","0","0","0","2301","0","0","0","N","0","0","0","1","68B03","0","","3.0","","9","N","N","","0","","0","0","0","","0","","","1","0","0","0","0","0","0","2","0","1","","","","N","","","","","","","","","",""
"2013128541","","1","0","0","0","0","0","0","0","0","7","0","","02","11","2013","1","40.515823","-80.009804","","11","0","0","0","0","0","0","0","0","1","0","0","0","","","1","","0","","40 30:56.961","1","0","80 00:35.295","3","0","0","0","2116","0","0","0","N","0","0","0","1","02116","0","","4.0","","1","N","N","","0","","1","0","0","","0","N","","1","1","1","0","0","0","0","2","0","1","","","","N","","","","","","","","","",""
"2013132852","","1","0","0","0","0","0","0","0","0","99","0","","02","12","2013","5","40.357269","-79.836657","","11","0","0","0","0","0","1","0","0","2","0","0","0","","","0","","0","","40 21:26.168","4","0","79 50:11.965","0","0","0","0","2304","0","0","0","N","0","0","0","1","02304","0","","1.0","","1","N","N","","0","","0","0","0","","0","N","","1","0","0","0","0","0","0","2","0","1","","","","N","","","","","","","","","",""
"2013132200","","2","0","0","0","0","0","0","0","0","1","0","","02","11","2013","6","40.419399","-80.103195","","11","0","0","0","0","0","1","0","0","","0","0","0","","","0","","0","","40 25:09.838","","0","80 06:11.502","0","0","0","0","2115","0","0","0","N","0","0","0","2","68B03","0","","1.0","","1","N","N","","0","","0","0","0","","0","","","2","0","0","0","0","0","0","2","0","2","","","","N","","","","","","","","","",""
"2013131517","","2","0","0","0","0","0","0","0","0","4","0","","02","12","2013","1","40.438629","-79.769007","","11","0","0","0","0","0","0","0","0","","0","0","0","","","0","","2","","40 26:19.065","","7","79 46:08.426","0","0","0","0","2446","0","0","0","N","0","0","0","4","02446","0","","1.0","","9","N","N","","0","","0","0","0","","0","","","2","0","0","0","0","0","0","2","0","2","","","","N","","","","","","","","","",""
"2013128542","","1","0","0","0","0","0","0","0","0","7","0","","02","12","2013","7","40.458704","-79.772883","","11","0","0","0","0","0","0","0","0","","0","0","0","","","3","","2","","40 27:31.334","","0","79 46:22.378","8","0","0","0","2446","0","0","0","N","0","0","0","3","02446","0","","2.0","","2","N","N","","0","","0","0","0","","3","","","1","3","0","0","0","3","0","2","0","1","","","","N","","","","","","","","","",""
"2013132201","","3","0","0","0","0","0","0","0","0","1","0","","02","11","2013","6","40.414286","-80.062984","","11","0","0","0","0","0","2","0","0","","0","0","0","","","0","","0","","40 24:51.431","","0","80 03:46.741","0","0","0","0","2435","0","0","0","N","0","0","0","3","68B03","0","","1.0","","1","N","N","","0","","0","0","0","","0","","","3","0","0","0","0","0","0","2","0","3","","","","N","","","","","","","","","",""
"2013132993","","1","0","0","0","0","0","0","0","0","4","0","","02","12","2013","6","40.545954","-80.016771","","11","0","0","0","0","0","1","0","0","1","0","0","0","","","1","","1","","40 32:45.436","2","0","80 01:00.375","4","0","0","0","2116","0","0","0","N","0","0","0","2","02116","1","","1.0","","1","N","N","","0","","0","0","1","","2","N","","2","1","1","0","0","0","0","2","0","2","","","","N","","","","","","","","","",""
"2013132202","","1","0","0","0","0","0","0","0","0","7","0","","02","11","2013","1","40.438922","-80.011281","","11","0","0","0","0","0","0","0","0","","0","0","0","","","0","","0","","40 26:20.120","","3","80 00:40.611","0","0","0","0","2301","0","0","0","N","0","0","0","1","68B03","0","","4.0","","9","N","N","","0","","0","0","0","","0","","","1","0","0","0","0","0","0","2","0","1","","","","N","","","","","","","","","",""
"2013132867","","2","0","0","0","0","0","0","0","0","4","0","","02","12","2013","5","40.432502","-79.790364","","11","0","0","0","0","0","0","0","1","2","0","0","0","","","2","","2","","40 25:57.007","1","0","79 47:25.310","4","0","0","0","2446","0","0","0","N","0","0","0","3","02446","1","","1.0","","1","N","N","","0","","0","0","0","","2","Y","","2","2","0","0","0","1","0","2","0","2","","","","N","","","","","","","","","",""
"2013131384","","2","0","0","0","0","0","0","0","0","1","0","","02","12","2013","1","","","","11","0","0","0","0","0","1","0","0","","0","0","0","","","0","","0","","","","4","","0","0","0","0","2301","0","0","0","N","0","0","0","3","02301","0","","1.0","","1","N","N","","0","","0","0","0","","0","","","2","0","0","0","0","0","0","1","0","2","","","","N","","","","","","","","","",""
"2013132203","","1","0","0","0","0","0","0","0","0","7","0","","02","11","2013","6","40.493799","-80.12617","","11","0","1","0","0","0","0","0","0","","0","0","0","","","0","","0","","40 29:37.675","","0","80 07:34.211","0","0","0","0","2115","0","0","0","N","0","0","0","1","68B03","0","","4.0","","9","N","N","","0","","0","0","0","","0","","","1","0","0","0","0","0","0","2","0","1","","","","N","","","","","","","","","",""
"2013132268","","2","0","0","0","0","0","0","0","0","4","0","","02","12","2013","3","40.444202","-80.028173","","11","0","0","0","2","0","0","0","0","","0","0","0","","","0","","1","","40 26:39.126","","8","80 01:41.424","0","0","0","0","2301","0","0","0","N","0","0","0","5","02301","0","","1.0","","1","N","N","","0","","0","0","0","","2","","","2","0","0","0","0","0","0","2","0","2","","","","N","","","","","","","","","",""
"2013128545","","0","0","0","0","0","0","0","0","0","7","0","","02","12","2013","3","40.405276","-80.018868","","11","0","0","0","0","0","1","0","0","2","0","0","0","","","1","","1","","40 24:18.994","4","0","80 01:07.925","4","0","0","0","2301","0","0","0","N","0","0","0","1","02301","1","","5.0","","7","N","N","","1","","0","0","0","","1","N","","1","1","1","0","0","0","0","2","0","1","","","","N","","","","","","","","","",""
"2013130143","","1","0","0","0","0","0","0","0","0","7","0","","02","12","2013","7","40.55453","-80.02124","","11","0","0","0","0","0","0","0","0","2","0","0","0","","","0","","1","","40 33:16.307","2","0","80 01:16.463","0","0","0","0","2108","0","0","0","N","0","0","0","1","02108","0","","2.0","","2","N","N","","0","","0","0","0","","2","Y","","1","0","0","0","0","0","0","2","0","1","","","","N","","","","","","","","","",""
"2013132065","","1","0","0","0","0","0","0","0","0","6","0","","02","12","2013","3","40.405804","-79.93807","","11","0","0","0","0","0","0","0","0","1","0","0","0","","","0","","2","","40 24:20.894","4","0","79 56:17.052","9","0","0","0","2301","0","0","0","N","0","0","0","2","02301","0","","1.0","","1","N","N","","0","","0","0","0","","3","Y","","2","0","0","0","0","0","1","2","0","2","","","","N","","","","","","","","","",""
"2013132204","","0","0","0","0","0","0","0","0","0","0","1","","02","12","2013","6","40.422167","-80.098607","","11","0","0","0","0","0","0","0","0","3","0","0","0","","","2","","0","","40 25:19.802","4","0","80 05:54.986","8","0","0","0","2115","0","0","0","N","0","0","0","2","68B03","0","","1.0","","9","N","N","","1","","0","0","0","","0","N","","1","2","0","0","0","2","0","2","0","1","","","","N","","","","","","","","","",""
"2013130144","","0","0","0","0","0","0","0","0","0","7","0","","02","12","2013","3","40.594485","-80.02128","","11","0","0","0","0","0","0","0","0","","0","0","0","","","1","","0","","40 35:40.146","","0","80 01:16.608","8","0","0","0","2108","0","0","0","N","0","0","0","1","02108","0","","4.0","","9","N","N","","0","","0","0","1","","0","","","1","1","0","0","0","1","0","2","0","1","","","","N","","","","","","","","","",""
"2013132066","","1","0","0","0","0","0","0","0","0","7","0","","02","12","2013","2","40.308301","-80.091545","","11","0","0","0","0","0","0","0","0","","0","0","0","","","0","","3","","40 18:29.883","","0","80 05:29.562","0","0","0","0","2123","0","0","0","N","0","0","0","2","02123","0","","4.0","","1","N","N","","0","","0","0","0","","0","","","1","0","0","0","0","0","0","2","0","1","","","","N","","","","","","","","","",""
"2013132869","","1","0","0","0","0","0","0","0","0","7","0","","02","12","2013","4","40.434729","-79.995455","","11","0","0","0","0","0","0","0","0","1","0","0","0","","","0","","7","","40 26:05.026","2","2","79 59:43.638","9","0","0","0","2301","0","0","0","N","0","0","0","1","02301","0","","2.0","","1","N","N","","0","","0","0","0","","2","N","","1","0","0","0","0","0","1","2","0","1","","","","N","","","","","","","","","",""
"2013132205","","1","0","0","0","0","0","0","0","0","7","0","","02","12","2013","7","40.493147","-80.125184","","11","0","0","0","0","0","0","0","0","","0","0","0","","","0","","0","","40 29:35.328","","0","80 07:30.663","0","0","0","0","2115","0","0","0","Y","0","0","0","4","68B03","0","","5.0","","6","N","N","","0","","0","0","0","","0","","","1","0","0","0","0","0","0","2","0","1","","","","N","","","","","","","","","",""
"2013128547","","1","0","0","0","0","0","0","0","0","7","0","","02","12","2013","3","40.376103","-79.8142","","11","0","0","0","0","0","0","0","0","1","0","0","0","","","0","","0","","40 22:33.969","1","0","79 48:51.121","0","0","0","0","2111","0","0","0","N","0","0","0","1","02111","0","","4.0","","7","N","N","","0","","0","0","0","","0","N","","1","0","0","0","0","0","0","2","0","1","","","","N","","","","","","","","","",""
"2013130145","","1","0","0","0","0","0","0","0","0","1","0","","02","12","2013","3","40.576442","-80.025972","","11","0","0","0","0","0","0","0","1","1","0","0","0","","","0","","1","","40 34:35.192","2","0","80 01:33.499","0","0","0","0","2108","0","0","0","N","0","0","0","2","02108","0","","1.0","","1","N","N","","0","","0","0","0","","2","N","","2","0","0","0","0","0","0","2","1","2","","","","N","","","","","","","","","",""
"2013127871","","1","0","0","0","0","0","0","0","0","7","0","","02","12","2013","7","40.359385","-79.90288","","11","0","0","0","0","0","0","0","0","1","0","0","0","","","0","","0","","40 21:33.785","1","0","79 54:10.368","0","0","0","0","2473","0","0","0","N","0","0","0","1","02473","0","","5.0","","2","N","N","","0","","0","0","0","","0","Y","","1","0","0","0","0","0","0","2","0","1","","","","N","","","","","","","","","",""
"2013132068","","0","0","0","0","0","0","0","0","0","4","0","","02","12","2013","7","40.386134","-79.821206","","11","0","0","0","0","0","1","0","0","2","0","0","0","","","0","","2","","40 23:10.082","4","0","79 49:16.341","0","0","0","0","2111","0","0","0","N","0","0","0","3","02111","0","","1.0","","7","N","N","","0","","0","0","2","","2","N","","2","0","0","0","0","0","0","2","0","2","","","","N","","","","","","","","","",""
"2013132206","","0","0","0","0","0","0","0","0","0","1","0","","02","12","2013","2","40.411921","-80.067931","","11","0","0","0","0","0","0","0","0","","0","0","0","","","0","","0","","40 24:42.916","","0","80 04:04.550","0","0","0","0","2435","0","0","0","N","0","0","0","3","68B03","0","","1.0","","9","N","N","","0","","0","0","2","","0","","","3","0","0","0","0","0","0","2","1","3","","","","N","","","","","","","","","",""
"2013132271","","1","0","0","0","0","0","0","0","0","4","0","","02","12","2013","2","40.407764","-80.140877","","11","0","0","0","0","0","0","0","0","2","0","0","0","","","0","","0","","40 24:27.951","2","0","80 08:27.157","0","0","0","0","2102","0","0","0","N","0","0","0","2","02102","0","","1.0","","1","N","N","","0","","0","0","1","","0","N","","2","0","1","0","0","0","0","1","0","2","","","","N","","","","","","","","","",""
"2013127805","","1","0","0","0","0","0","0","0","0","7","0","","02","12","2013","7","40.474751","-79.766654","","11","0","0","0","0","0","0","0","0","2","0","0","0","","","2","","0","","40 28:29.104","4","0","79 45:59.954","3","0","0","0","2466","0","0","0","N","0","0","0","3","68T02","0","","2.0","","6","N","N","","0","","2","0","0","","0","N","","1","2","3","0","0","0","0","2","0","1","","","","N","","","","","","","","","",""
"2013128561","","0","0","0","0","0","0","0","0","0","7","0","","02","12","2013","3","40.385288","-79.93278","","11","0","0","0","0","0","0","0","0","1","0","0","0","","","1","","0","","40 23:07.036","5","1","79 55:58.009","4","0","0","0","2301","0","0","0","N","0","0","0","1","02301","1","","5.0","","2","N","N","","0","","0","0","0","","0","N","","1","1","0","0","0","0","0","2","1","1","","","","N","","","","","","","","","",""
"2013130146","","1","0","0","0","0","0","0","0","0","1","2","","02","12","2013","4","40.328053","-80.03045","","11","0","1","0","0","0","1","0","0","","0","2","0","","","0","","1","","40 19:40.991","","0","80 01:49.620","0","0","0","0","2407","0","0","0","N","0","0","0","5","02407","0","","1.0","","1","N","N","","0","","0","0","0","","2","","","3","0","0","0","0","0","0","2","0","3","","","","N","","","","","","","","","",""
"2013132207","","2","0","0","0","0","0","0","0","0","5","0","","02","12","2013","2","40.425106","-80.121605","","11","0","0","0","0","0","1","0","0","","0","0","0","","","2","","0","","40 25:30.382","","0","80 07:17.778","8","0","0","0","2102","0","0","0","N","0","0","0","3","68B03","0","","1.0","","1","N","N","","0","","0","0","0","","0","","","2","2","0","0","0","2","0","2","0","2","","","","N","","","","","","","","","",""
"2013128549","","0","0","0","0","0","0","0","0","0","7","0","","02","12","2013","3","40.361772","-80.092295","","11","0","0","0","0","0","0","0","0","","0","0","0","","","0","","0","","40 21:42.379","","0","80 05:32.262","0","0","0","0","2123","0","0","0","N","0","0","0","3","02123","0","","5.0","","7","N","N","","0","","0","0","1","","0","","","1","0","0","0","0","0","0","2","0","1","","","","N","","","","","","","","","",""
"2013127806","","0","0","0","0","0","0","0","0","0","7","0","","02","12","2013","7","40.520814","-79.809257","","11","0","0","0","0","0","1","0","0","","0","0","0","","","0","","0","","40 31:14.930","","0","79 48:33.324","0","0","0","0","2466","0","0","0","N","0","0","0","1","68T02","0","","3.0","","6","N","N","","0","","0","0","1","","0","","","1","0","0","0","0","0","0","2","0","1","","","","N","","","","","","","","","",""
"2013127807","","0","0","0","0","0","0","0","0","0","7","0","","02","12","2013","7","40.474751","-79.766654","","11","0","0","0","1","0","0","0","0","","0","0","0","","","0","","0","","40 28:29.104","","0","79 45:59.954","0","0","0","0","2466","0","0","0","N","0","0","0","1","68T02","0","","2.0","","6","N","N","","0","","0","0","0","","0","","","1","0","0","0","0","0","0","2","1","1","","","","N","","","","","","","","","",""
"2013128563","","0","0","0","0","0","0","0","0","0","7","0","","02","12","2013","3","40.324483","-80.097612","","11","0","0","0","0","0","0","0","0","","0","0","0","","","0","","2","","40 19:28.138","","0","80 05:51.403","0","0","0","0","2123","0","0","0","Y","0","0","0","1","02123","0","","2.0","","7","N","N","","0","","0","0","1","","3","","","1","0","0","0","0","0","0","2","0","1","","","","N","","","","","","","","","",""
"2013127808","","1","0","0","0","0","0","0","0","0","99","0","","02","12","2013","7","40.575174","-79.864839","","11","0","0","0","0","0","0","0","0","","0","0","0","","","0","","0","","40 34:30.628","","0","79 51:53.419","0","0","0","0","2209","0","0","0","N","0","0","0","4","68T02","0","","1.0","","6","N","N","","0","","0","0","0","","0","","","1","0","0","0","0","0","0","2","0","1","","","","N","","","","","","","","","",""
"2013132941","","1","0","0","0","0","0","0","0","0","7","0","","02","12","2013","6","40.474026","-79.904429","","11","0","0","0","0","0","0","0","0","3","0","0","0","","","1","","3","","40 28:26.493","6","0","79 54:15.944","4","0","0","0","2301","0","0","0","N","0","0","0","1","02301","1","","4.0","","1","N","N","","0","","0","0","0","","3","Y","","1","1","0","0","0","0","0","2","0","1","","","","N","","","","","","","","","",""
"2013129306","","2","0","0","0","0","0","0","0","0","4","0","","02","12","2013","1","40.437615","-79.913671","","11","0","0","0","0","0","0","0","0","","0","0","0","","","0","","2","","40 26:15.414","","0","79 54:49.215","0","0","0","0","2301","0","0","0","N","0","0","0","3","02301","0","","1.0","","9","N","N","","0","","0","0","0","","3","","","2","0","0","0","0","0","0","2","0","2","","","","N","","","","","","","","","",""
"2013130769","","0","0","0","0","0","0","0","0","0","7","0","","02","12","2013","6","40.40534","-80.018848","","11","0","0","0","0","0","0","0","0","","0","0","0","","","1","","2","","40 24:19.223","","0","80 01:07.854","4","0","0","0","2301","0","0","0","N","0","0","0","2","02301","1","","5.0","","9","N","N","","0","","0","0","0","","0","","","1","1","0","0","0","0","0","2","1","1","","","","N","","","","","","","","","",""
"2013132277","","1","0","0","0","0","0","0","0","0","8","0","","02","12","2013","3","40.448821","-79.970208","","11","0","0","0","0","0","0","0","0","3","0","0","0","","","1","","0","","40 26:55.755","6","0","79 58:12.748","4","0","0","0","2301","1","0","0","N","1","0","0","2","02301","1","","1.0","","1","N","N","","0","","0","0","0","","0","Y","","2","1","0","0","0","0","0","2","0","1","","","","N","","","","","","","","","",""
"2013127877","","1","0","0","0","0","0","0","0","0","7","0","","02","12","2013","7","40.444506","-79.964672","","11","0","0","0","0","0","0","0","0","1","0","0","0","","","0","","0","","40 26:40.220","5","0","79 57:52.820","0","0","0","0","2113","0","0","0","N","0","0","0","1","02113","0","","2.0","","7","N","N","","0","","0","0","0","","0","Y","","1","0","0","0","0","0","0","2","0","1","","","","N","","","","","","","","","",""
"2013132278","","0","0","0","0","0","0","0","0","0","7","0","","02","12","2013","3","40.564276","-79.957918","","11","0","0","0","0","0","1","0","0","3","0","0","0","","","0","","0","","40 33:51.394","2","3","79 57:28.504","0","0","0","0","2207","0","0","0","N","0","0","0","3","02207","0","","4.0","","1","N","N","","0","","0","0","1","","0","Y","","1","0","0","0","0","0","0","2","0","1","","","","N","","","","","","","","","",""
"2013131334","","1","0","0","0","0","0","0","0","0","1","0","","02","12","2013","1","40.458828","-79.999501","","11","0","0","0","0","0","0","0","0","1","0","0","0","","","2","","0","","40 27:31.779","2","2","79 59:58.205","8","0","0","0","2301","0","0","0","N","0","0","0","2","02301","0","","1.0","","1","N","N","","1","","0","0","0","","3","N","","2","2","0","0","0","2","0","2","0","2","","","","N","","","","","","","","","",""
"2013131335","","0","0","1","0","0","0","0","0","0","4","0","","02","12","2013","1","40.354581","-80.073577","","11","0","0","0","0","0","0","0","0","2","0","0","0","","","1","","1","","40 21:16.491","2","0","80 04:24.878","2","0","0","0","2123","0","0","0","N","0","0","0","3","02123","0","","1.0","","1","N","N","","1","","0","1","1","","3","N","","2","1","0","0","0","0","0","2","0","2","","","","N","","","","","","","","","",""
"2013130773","","1","0","0","0","0","0","0","0","0","7","0","","02","12","2013","4","40.439928","-79.943298","","11","0","0","0","0","0","0","0","0","","0","0","0","","","0","","0","","40 26:23.739","","0","79 56:35.871","0","0","0","0","2301","0","0","0","N","0","0","0","1","02301","0","","5.0","","2","N","N","","0","","0","0","0","","0","","","1","0","0","0","0","0","0","2","0","1","","","","N","","","","","","","","","",""
"2013131533","","1","0","0","0","0","0","0","0","0","7","0","","02","12","2013","1","40.394816","-79.796785","","11","0","0","0","0","0","0","0","0","3","0","0","0","","","0","","0","","40 23:41.337","3","0","79 47:48.426","0","0","0","0","2446","0","0","0","N","0","0","0","1","02446","0","","4.0","","9","N","N","","0","","0","0","0","","0","Y","","1","0","0","0","0","0","0","2","0","1","","","","N","","","","","","","","","",""
"2013131336","","1","0","0","0","0","0","0","0","0","1","0","","02","12","2013","4","40.513184","-80.003974","","11","0","0","0","0","0","1","0","0","1","0","0","0","","","0","","0","","40 30:47.463","1","0","80 00:14.306","0","0","0","0","2116","0","0","0","N","0","0","0","6","02116","0","","1.0","","9","N","N","","0","","0","0","2","","0","N","","3","0","1","0","0","0","0","2","0","3","","","","N","","","","","","","","","",""
"2013132080","","3","0","0","0","0","0","0","0","0","5","0","","02","12","2013","1","40.465676","-79.929312","","11","0","0","0","0","0","0","0","0","","0","0","0","","","1","","0","","40 27:56.433","","0","79 55:45.523","3","0","0","0","2301","0","0","0","N","0","0","0","1","02301","0","","1.0","","1","N","N","","0","","1","0","0","","2","","","3","1","1","0","0","0","0","2","0","3","","","","N","","","","","","","","","",""
"2013133022","","1","0","0","0","0","0","0","0","0","7","0","","02","12","2013","4","40.552635","-80.108265","","11","0","0","0","0","0","0","0","0","1","0","0","0","","","3","","2","","40 33:09.486","6","0","80 06:29.754","4","0","0","0","2215","0","0","0","N","0","0","0","4","02215","1","","5.0","","7","N","N","","0","","0","0","0","","3","N","","1","3","0","0","0","2","0","2","0","1","","","","N","","","","","","","","","",""
"2013129330","","1","0","0","0","0","0","0","0","0","8","0","","02","12","2013","6","40.439416","-79.996924","","11","0","0","0","0","0","0","1","0","","0","0","0","","","1","","1","","40 26:21.897","","0","79 59:48.926","4","0","0","0","2301","1","0","0","N","1","0","0","2","02301","1","","1.0","","1","N","N","","0","","0","0","0","","2","","","2","1","0","0","0","0","0","2","0","1","","","","N","","","","","","","","","",""
"2013128573","","0","0","0","0","0","0","0","0","0","1","0","","02","11","2013","2","40.442182","-79.805918","","11","0","0","0","0","0","0","0","0","","0","0","0","","","0","","0","","40 26:31.856","","0","79 48:21.304","0","0","0","0","2113","0","0","0","N","0","0","0","2","68B03","0","","1.0","","1","N","N","","0","","0","0","2","","0","","","2","0","0","0","0","0","0","2","0","2","","","","N","","","","","","","","","",""
"2013130776","","1","0","0","0","0","0","0","0","0","7","0","","02","12","2013","6","40.462743","-79.727008","","11","0","0","0","0","0","1","0","0","","0","0","0","","","1","","0","","40 27:45.874","","0","79 43:37.230","4","0","0","0","2466","0","0","0","N","0","0","0","1","02466","1","","2.0","","9","N","N","","0","","0","0","0","","0","","","1","1","0","0","0","0","0","2","0","1","","","","N","","","","","","","","","",""