"CRN","ARRIVAL_TM","AUTOMOBILE_COUNT","BELTED_DEATH_COUNT","BELTED_SUSP_SERIOUS_INJ_COUNT","BICYCLE_COUNT","BICYCLE_DEATH_COUNT","BICYCLE_SUSP_SERIOUS_INJ_COUNT","BUS_COUNT","CHLDPAS_DEATH_COUNT","CHLDPAS_SUSP_SERIOUS_INJ_COUNT","COLLISION_TYPE","COMM_VEH_COUNT","CONS_ZONE_SPD_LIM","COUNTY","CRASH_MONTH","CRASH_YEAR","DAY_OF_WEEK","DEC_LATITUDE","DEC_LONGITUDE","DISPATCH_TM","DISTRICT","DRIVER_COUNT_16YR","DRIVER_COUNT_17YR","DRIVER_COUNT_18YR","DRIVER_COUNT_19YR","DRIVER_COUNT_20YR","DRIVER_COUNT_50_64YR","DRIVER_COUNT_65_74YR","DRIVER_COUNT_75PLUS","EST_HRS_CLOSED","FATAL_COUNT","HEAVY_TRUCK_COUNT","HORSE_BUGGY_COUNT","HOUR_OF_DAY","ILLUMINATION","INJURY_COUNT","INTERSECTION_RELATED","INTERSECT_TYPE","LANE_CLOSED","LATITUDE","LN_CLOSE_DIR","LOCATION_TYPE","LONGITUDE","MAX_SEVERITY_LEVEL","MCYCLE_DEATH_COUNT","MCYCLE_SUSP_SERIOUS_INJ_COUNT","MOTORCYCLE_COUNT","MUNICIPALITY","NONMOTR_COUNT","NONMOTR_DEATH_COUNT","NONMOTR_SUSP_SERIOUS_INJ_COUNT","NTFY_HIWY_MAINT","PED_COUNT","PED_DEATH_COUNT","PED_SUSP_SERIOUS_INJ_COUNT","PERSON_COUNT","POLICE_AGCY","POSSIBLE_INJ_COUNT","RDWY_SURF_TYPE_CD","RELATION_TO_ROAD","ROADWAY_CLEARED","ROAD_CONDITION","SCH_BUS_IND","SCH_ZONE_IND","SECONDARY_CRASH","SMALL_TRUCK_COUNT","SPEC_JURIS_CD","SUSP_MINOR_INJ_COUNT","SUSP_SERIOUS_INJ_COUNT","SUV_COUNT","TCD_FUNC_CD","TCD_TYPE","TFC_DETOUR_IND","TIME_OF_DAY","TOTAL_UNITS","TOT_INJ_COUNT","UNBELTED_OCC_COUNT","UNB_DEATH_COUNT","UNB_SUSP_SERIOUS_INJ_COUNT","UNK_INJ_DEG_COUNT","UNK_INJ_PER_COUNT","URBAN_RURAL","VAN_COUNT","VEHICLE_COUNT","WEATHER1","WEATHER2","WORKERS_PRES","WORK_ZONE_IND","WORK_ZONE_LOC","WORK_ZONE_TYPE","WZ_CLOSE_DETOUR","WZ_FLAGGER","WZ_LAW_OFFCR_IND","WZ_LN_CLOSURE","WZ_MOVING","WZ_OTHER","WZ_SHLDER_MDN","WZ_WORKERS_INJ_KILLED"
"2013133441","","1","0","0","0","0","0","0","0","0","4","0","","02","12","2013","7","40.45623","-79.895639","","11","0","0","0","0","0","2","0","0","","0","0","0","","","1","","1","","40 27:22.428","","0","79 53:44.300","8","0","0","0","2301","0","0","0","N","0","0","0","2","02301","0","","1.0","","1","N","N","","0","","0","0","0","","2","","","2","1","0","0","0","1","0","2","1","2","","","","N","","","","","","","","","",""
"2013124034","","2","0","0","0","0","0","0","0","0","6","0","","02","12","2013","1","40.449819","-79.929656","","11","0","0","0","0","0","0","0","0","1","0","0","0","","","0","","1","","40 26:59.348","2","0","79 55:46.761","0","0","0","0","2301","0","0","0","N","0","0","0","3","02301","0","","1.0","","1","N","N","","0","","0","0","0","","2","N","","2","0","0","0","0","0","0","2","0","2","","","","N","","","","","","","","","",""
"2013123341","","1","0","0","0","0","0","0","0","0","1","0","","02","11","2013","3","40.416679","-80.103091","","11","0","0","0","1","0","0","0","0","","0","0","0","","","0","","0","","40 25:00.044","","0","80 06:11.127","0","0","0","0","2115","0","0","0","N","0","0","0","2","68B03","0","","1.0","","9","N","N","","0","","0","0","0","","0","","","2","0","0","0","0","0","0","2","1","2","","","","N","","","","","","","","","",""
"2013133607","","2","0","0","0","0","0","0","0","0","2","0","","02","12","2013","1","40.460221","-79.842652","","11","0","0","0","0","0","0","0","0","2","0","0","0","","","0","","1","","40 27:36.794","5","0","79 50:33.548","0","0","0","0","2113","0","0","0","N","0","0","0","3","02113","0","","1.0","","1","N","N","","0","","0","0","0","","2","Y","","2","0","0","0","0","0","0","2","0","2","","","","N","","","","","","","","","",""
"2013123265","","1","0","0","0","0","0","0","0","0","4","0","","02","12","2013","5","40.446121","-79.764673","","11","0","0","0","0","0","0","0","0","","0","0","0","","","0","","1","","40 26:46.035","","0","79 45:52.822","0","0","0","0","2446","0","0","0","N","0","0","0","3","02446","0","","1.0","","9","N","N","","0","","0","0","1","","3","","","2","0","0","0","0","0","0","2","0","2","","","","N","","","","","","","","","",""
"2013123342","","2","0","0","0","0","0","0","0","0","1","0","","02","11","2013","2","40.426977","-79.918697","","11","0","0","0","0","0","0","0","1","1","0","0","0","","","0","","0","","40 25:37.117","4","4","79 55:07.309","0","0","0","0","2301","0","0","0","Y","0","0","0","2","68B03","0","","1.0","","1","N","N","","0","","0","0","0","","0","N","","2","0","0","0","0","0","0","2","0","2","","","","N","","","","","","","","","",""
"2013124105","","2","0","0","0","0","0","0","0","0","4","0","","02","11","2013","6","40.438629","-79.769007","","11","0","0","0","0","0","1","0","0","","0","0","0","","","0","","2","","40 26:19.065","","0","79 46:08.426","0","0","0","0","2446","0","0","0","N","0","0","0","2","02446","0","","1.0","","1","N","N","","0","","0","0","0","","3","","","2","0","0","0","0","0","0","2","0","2","","","","N","","","","","","","","","",""
"2013134108","","1","0","0","0","0","0","0","0","0","4","0","","02","12","2013","5","40.456129","-80.161184","","11","1","0","0","0","0","1","0","0","1","0","0","0","","","0","","2","","40 27:22.064","7","0","80 09:40.262","0","0","0","0","2115","0","0","0","N","0","0","0","4","02115","0","","1.0","","1","N","N","","1","","0","0","0","","2","N","","2","0","0","0","0","0","0","2","0","2","","","","N","","","","","","","","","",""
"2013134381","","1","0","0","0","0","0","0","0","0","7","0","","02","12","2013","3","40.551463","-79.953643","","11","0","0","0","0","0","0","0","0","2","0","0","0","","","0","","0","","40 33:05.268","6","99","79 57:13.113","0","0","0","0","2118","0","0","0","N","0","0","0","1","02118","0","","4.0","","7","N","N","","0","","0","0","0","","0","Y","","1","0","0","0","0","0","0","2","0","1","","","","N","","","","","","","","","",""
"2013133672","","1","0","0","0","0","0","0","0","0","7","0","","02","12","2013","1","40.360319","-79.845355","","11","0","0","0","0","0","0","0","0","1","0","0","0","","","1","","3","","40 21:37.148","1","8","79 50:43.278","4","0","0","0","2303","0","0","0","N","0","0","0","1","02303","1","","2.0","","9","N","N","","0","","0","0","0","","0","N","","1","1","0","0","0","0","0","2","0","1","","","","N","","","","","","","","","",""
"2013123343","","1","0","0","0","0","0","0","0","0","4","0","","02","11","2013","3","40.422656","-80.101995","","11","0","0","1","0","0","0","0","0","","0","0","0","","","0","","0","","40 25:21.562","","0","80 06:07.181","0","0","0","0","2115","0","0","0","N","0","0","0","2","68B03","0","","1.0","","8","N","N","","0","","0","0","1","","0","","","2","0","0","0","0","0","0","2","0","2","","","","N","","","","","","","","","",""
"2013124186","","1","0","0","0","0","0","0","0","0","4","0","","02","11","2013","6","40.344754","-80.053519","","11","0","0","0","0","0","0","0","0","1","0","0","0","","","2","","0","","40 20:41.114","4","0","80 03:12.668","4","0","0","0","2407","0","0","0","N","0","0","0","2","02407","1","","1.0","","9","N","N","","1","","0","0","0","","2","N","","2","2","0","0","0","1","0","2","0","2","","","","N","","","","","","","","","",""
"2013122006","","0","0","0","0","0","0","0","0","0","1","0","","02","12","2013","3","40.48842","-80.057245","","11","0","0","0","0","0","1","0","0","","0","0","0","","","0","","0","","40 29:18.311","","3","80 03:26.083","0","0","0","0","2301","0","0","0","N","0","0","0","7","02301","0","","1.0","","9","N","N","","2","","0","0","0","","0","","","3","0","0","0","0","0","0","2","1","3","","","","N","","","","","","","","","",""
"2013123704","","0","0","0","0","0","0","0","0","0","7","0","","02","12","2013","6","40.428997","-79.998235","","11","0","0","0","0","0","0","0","0","","0","0","0","","","0","","1","","40 25:44.389","","0","79 59:53.646","0","0","0","0","2301","0","0","0","N","0","0","0","1","02301","0","","5.0","","7","N","N","","0","","0","0","1","","0","","","1","0","0","0","0","0","0","2","0","1","","","","N","","","","","","","","","",""
"2013124187","","1","0","0","0","0","0","0","0","0","7","0","","02","12","2013","1","40.321774","-80.028978","","11","0","0","0","0","0","0","0","0","","0","0","0","","","0","","0","","40 19:18.386","","0","80 01:44.320","0","0","0","0","2407","0","0","0","N","0","0","0","1","02407","0","","2.0","","9","N","N","","0","","0","0","0","","0","","","1","0","0","0","0","0","0","2","0","1","","","","N","","","","","","","","","",""
"2013122831","","2","0","0","0","0","0","0","0","0","4","0","","02","12","2013","4","40.614181","-80.054899","","11","0","0","0","0","0","1","0","0","2","0","0","0","","","0","","2","","40 36:51.050","2","0","80 03:17.636","0","0","0","0","2216","0","0","0","N","0","0","0","4","02505","0","","1.0","","1","N","N","","0","","0","0","0","","3","N","","3","0","0","0","0","0","0","1","1","3","","","","N","","","","","","","","","",""
"2013123421","","1","0","0","0","0","0","0","0","0","4","1","","02","12","2013","5","40.455052","-80.0086","","11","0","0","0","0","0","0","1","0","","0","1","0","","","2","","1","","40 27:18.187","","0","80 00:30.960","8","0","0","0","2301","0","0","0","N","0","0","0","2","02301","0","","1.0","","9","N","N","","0","","0","0","0","","2","","","2","2","0","0","0","2","0","2","0","2","","","","N","","","","","","","","","",""
"2013122008","","2","0","0","0","0","0","0","0","0","4","0","","02","12","2013","3","40.457399","-79.936915","","11","0","0","0","0","0","0","2","0","","0","0","0","","","1","","1","","40 27:26.635","","0","79 56:12.895","8","0","0","0","2301","0","0","0","N","0","0","0","4","02301","0","","1.0","","1","N","N","","0","","0","0","0","","2","","","2","1","0","0","0","1","1","2","0","2","","","","N","","","","","","","","","",""
"2013124311","","0","0","0","0","0","0","0","0","0","7","0","","02","12","2013","1","40.466584","-80.034605","","11","0","0","0","0","0","1","0","0","","0","0","0","","","0","","3","","40 27:59.702","","2","80 02:04.577","0","0","0","0","2301","0","0","0","N","0","0","0","1","02301","0","","1.0","","2","N","N","","0","","0","0","1","","0","","","1","0","0","0","0","0","0","2","0","1","","","","N","","","","","","","","","",""
"2013123706","","2","0","0","0","0","0","0","0","0","6","0","","02","12","2013","5","40.449565","-79.902387","","11","0","0","0","0","0","0","0","1","","0","0","0","","","0","","0","","40 26:58.434","","0","79 54:08.594","0","0","0","0","2301","0","0","0","N","0","0","0","2","02301","0","","1.0","","9","N","N","","0","","0","0","0","","0","","","2","0","0","0","0","0","0","2","0","2","","","","N","","","","","","","","","",""
"2013122833","","0","0","0","0","0","0","0","0","0","7","0","","02","12","2013","5","40.456423","-79.990341","","11","0","0","0","0","0","0","0","0","","0","0","0","","","0","","0","","40 27:23.124","","0","79 59:25.228","0","0","0","0","2301","0","0","0","N","0","0","0","1","02301","0","","2.0","","9","N","N","","0","","0","0","1","","0","","","1","0","0","0","0","0","0","2","0","1","","","","N","","","","","","","","","",""
"2013123707","","1","0","0","0","0","0","0","0","0","7","0","","02","12","2013","6","40.403076","-80.040556","","11","0","0","0","0","0","0","0","0","2","0","0","0","","","0","","2","","40 24:11.073","6","0","80 02:26.001","0","0","0","0","2301","0","0","0","N","0","0","0","1","02301","0","","2.0","","2","N","N","","0","","0","0","0","","0","Y","","1","0","0","0","0","0","0","2","0","1","","","","N","","","","","","","","","",""
"2013122086","","1","0","0","0","0","0","0","0","0","1","0","","02","12","2013","3","40.475545","-79.940005","","11","0","0","0","0","0","1","0","0","","0","0","0","","","1","","0","","40 28:31.962","","0","79 56:24.018","8","0","0","0","2301","0","0","0","N","0","0","0","2","02301","0","","1.0","","1","N","N","","1","","0","0","0","","0","","","2","1","0","0","0","1","0","2","0","2","","","","N","","","","","","","","","",""
"2013122614","","1","0","0","0","0","0","0","0","0","4","0","","02","12","2013","4","40.438186","-80.191619","","11","0","0","0","0","0","0","0","1","","0","0","0","","","1","","2","","40 26:17.469","","0","80 11:29.828","8","0","0","1","2214","0","0","0","N","0","0","0","2","02214","0","","1.0","","1","N","N","","0","","0","0","0","","0","","","2","1","0","0","0","1","0","2","0","2","","","","N","","","","","","","","","",""
"2013124328","","1","0","0","0","0","0","0","0","0","7","0","","02","12","2013","1","40.666259","-79.744054","","11","0","0","0","0","0","0","0","0","1","0","0","0","","","0","","2","","40 39:58.534","6","0","79 44:38.594","0","0","0","0","2202","0","0","0","N","0","0","0","1","02202","0","","4.0","","2","N","N","","0","","0","0","0","","0","N","","1","0","0","0","0","0","0","1","0","1","","","","N","","","","","","","","","",""
"2013121874","","2","0","0","0","0","0","0","0","0","5","0","","02","12","2013","3","40.456583","-79.901835","","11","0","0","0","0","0","1","0","0","","0","0","0","","","0","","0","","40 27:23.698","","0","79 54:06.606","0","0","0","0","2301","0","0","0","N","0","0","0","1","02301","0","","6.0","","9","N","N","","0","","0","0","0","","0","","","2","0","0","0","0","0","0","2","0","2","","","","N","","","","","","","","","",""
"2013122629","","1","0","0","0","0","0","0","0","0","7","0","","02","12","2013","4","40.482545","-79.93963","","11","0","0","0","0","0","0","0","0","","0","0","0","","","0","","0","","40 28:57.162","","0","79 56:22.668","0","0","0","0","2301","0","0","0","N","0","0","0","1","02301","0","","4.0","","1","N","N","","0","","0","0","0","","0","","","1","0","0","0","0","0","0","2","0","1","","","","N","","","","","","","","","",""
"2013122837","","1","0","0","0","0","0","0","0","0","4","0","","02","12","2013","5","40.441415","-79.923384","","11","0","0","0","0","0","0","0","1","1","0","0","0","","","1","","1","","40 26:29.094","3","0","79 55:24.182","8","0","0","0","2301","0","0","0","N","0","0","0","3","02301","0","","1.0","","9","N","N","","1","","0","0","0","","2","N","","2","1","0","0","0","1","0","2","0","2","","","","N","","","","","","","","","",""
"2013122919","","1","0","0","0","0","0","0","0","0","7","0","","02","12","2013","5","40.445524","-80.030128","","11","0","0","0","0","0","0","0","1","2","0","0","0","","","0","","0","","40 26:43.885","2","0","80 01:48.461","0","0","0","0","2440","0","0","0","Y","0","0","0","1","02440","0","","5.0","","1","N","N","","0","","0","0","0","","0","Y","","1","0","1","0","0","0","0","2","0","1","","","","N","","","","","","","","","",""
"2013123712","","1","0","0","0","0","0","0","0","0","0","0","","02","12","2013","6","40.317898","-79.898813","","11","0","0","0","0","0","0","0","0","1","0","0","0","","","1","","2","","40 19:04.432","1","0","79 53:55.727","3","0","0","0","2302","0","0","0","N","0","0","0","1","02302","0","","1.0","","7","N","N","","0","","1","0","0","","0","Y","","1","1","0","0","0","0","0","2","0","1","","","","N","","","","","","","","","",""
"2013121876","","0","0","0","0","0","0","0","0","0","8","0","","02","11","2013","3","40.3792","-80.045293","","11","0","1","0","0","0","0","0","0","4","0","0","0","","","1","","0","","40 22:45.119","5","0","80 02:43.054","2","0","0","0","2109","1","0","1","N","1","0","1","2","02109","0","","1.0","","1","N","N","","0","","0","1","1","","0","Y","","2","1","0","0","0","0","0","2","0","1","","","","N","","","","","","","","","",""
"2013124255","","0","0","0","0","0","0","0","0","0","7","0","","02","12","2013","6","40.646458","-80.034111","","11","0","0","0","0","0","0","0","0","","0","0","0","","","0","","0","","40 38:47.248","","0","80 02:02.799","0","0","0","0","2216","0","0","0","N","0","0","0","1","68T02","0","","3.0","","6","N","N","","0","","0","0","0","","0","","","1","0","0","0","0","0","0","2","1","1","","","","N","","","","","","","","","",""
"2013123557","","1","0","0","0","0","0","0","0","0","7","0","","02","12","2013","2","40.278493","-79.855923","","11","0","0","0","0","0","0","1","0","2","0","0","0","","","0","","0","","40 16:42.573","4","0","79 51:21.322","0","0","0","0","2105","0","0","0","N","0","0","0","1","02105","0","","5.0","","1","N","N","","0","","0","0","0","","0","N","","1","0","0","0","0","0","0","1","0","1","","","","N","","","","","","","","","",""
"2013121952","","1","0","0","0","0","0","0","0","0","7","0","","02","11","2013","3","40.625832","-79.983043","","11","0","0","0","0","0","0","0","0","1","0","0","0","","","1","","0","","40 37:32.995","4","0","79 58:58.955","4","0","0","0","2217","0","0","0","N","0","0","0","1","68T02","1","","2.0","","9","N","N","","0","","0","0","0","","0","N","","1","1","0","0","0","0","0","1","0","1","","","","N","","","","","","","","","",""
"2013124332","","0","0","0","0","0","0","0","0","0","7","0","","02","12","2013","1","40.421147","-79.801008","","11","0","0","0","0","0","0","0","0","","0","0","0","","","0","","0","","40 25:16.130","","0","79 48:03.630","9","0","0","0","2446","0","0","0","N","0","0","0","1","02446","0","","5.0","","2","N","N","","1","","0","0","0","","0","","","1","0","0","0","0","0","1","2","0","1","","","","N","","","","","","","","","",""
"2013122091","","3","0","0","0","0","0","0","0","0","1","0","","02","12","2013","3","40.455928","-79.941979","","11","0","0","0","0","0","1","1","0","","0","0","0","","","1","","1","","40 27:21.340","","0","79 56:31.124","8","0","0","0","2301","0","0","0","N","0","0","0","3","02301","0","","1.0","","1","N","N","","0","","0","0","1","","2","","","4","1","0","0","0","1","0","2","0","4","","","","N","","","","","","","","","",""
"2013123715","","0","0","0","0","0","0","0","0","0","7","0","","02","12","2013","6","40.608741","-79.976154","","11","0","0","0","0","0","0","0","0","","0","0","0","","","0","","0","","40 36:31.467","","0","79 58:34.155","0","0","0","0","2207","0","0","0","N","0","0","0","1","02207","0","","4.0","","7","N","N","","0","","0","0","1","","0","","","1","0","0","0","0","0","0","1","0","1","","","","N","","","","","","","","","",""
"2013121953","","0","0","0","0","0","0","0","0","0","7","0","","02","11","2013","3","40.640007","-80.005424","","11","0","0","0","0","0","0","0","0","","0","0","0","","","0","","0","","40 38:24.026","","0","80 00:19.525","0","0","0","0","2216","0","0","0","N","0","0","0","1","68T02","0","","2.0","","9","N","N","","0","","0","0","1","","0","","","1","0","0","0","0","0","0","1","0","1","","","","N","","","","","","","","","",""
"2013122841","","0","0","0","0","0","0","0","0","0","1","0","","02","12","2013","5","40.405565","-79.88572","","11","0","0","0","0","0","0","0","0","","0","0","0","","","0","","3","","40 24:20.035","","1","79 53:08.591","0","0","0","0","2475","0","0","0","N","0","0","0","2","02475","0","","1.0","","9","N","N","","0","","0","0","2","","4","","","2","0","0","0","0","0","0","2","0","2","","","","N","","","","","","","","","",""
"2013122922","","2","0","0","0","0","0","0","0","0","4","0","","02","12","2013","5","40.409031","-80.086378","","11","0","0","0","0","0","1","1","0","","0","0","0","","","0","","1","","40 24:32.512","","0","80 05:10.960","0","0","0","0","2415","0","0","0","N","0","0","0","2","02415","0","","1.0","","9","N","N","","0","","0","0","0","","2","","","2","0","0","0","0","0","0","2","0","2","","","","N","","","","","","","","","",""
"2013122634","","0","0","0","0","0","0","0","0","0","4","1","","02","12","2013","3","40.383768","-79.822825","","11","0","0","0","0","0","1","0","1","2","0","1","0","","","0","","3","","40 23:01.566","6","0","79 49:22.170","0","0","0","0","2111","0","0","0","N","0","0","0","2","02111","0","","1.0","","1","N","N","","0","","0","0","1","","4","N","","2","0","0","0","0","0","0","2","0","2","","","","N","","","","","","","","","",""
"2013124272","","1","0","0","0","0","0","0","0","0","4","0","","02","12","2013","1","40.448652","-80.002304","","11","0","0","0","0","0","0","0","0","1","0","0","0","","","1","","1","","40 26:55.147","3","0","80 00:08.294","3","0","0","0","2301","0","0","0","N","0","0","0","3","02301","0","","1.0","","9","N","N","","0","","1","0","0","","2","Y","","2","1","2","0","0","0","0","2","1","2","","","","N","","","","","","","","","",""
"2013122032","","1","0","0","0","0","0","0","0","0","1","0","","02","12","2013","2","40.462364","-80.26639","","11","0","0","0","0","0","0","0","0","","0","0","0","","","0","","0","","40 27:44.512","","0","80 15:59.003","0","0","0","0","2203","0","0","0","N","0","0","0","2","02203","0","","1.0","","9","N","N","","0","","0","0","0","","0","","","2","0","0","0","0","0","0","1","1","2","","","","N","","","","","","","","","",""
"2013123574","","2","0","0","0","0","0","0","0","0","1","0","","02","12","2013","4","40.572019","-80.016386","","11","0","0","1","0","0","1","0","0","1","0","0","0","","","1","","1","","40 34:19.267","1","0","80 00:58.989","8","0","0","0","2108","0","0","0","N","0","0","0","3","02108","0","","1.0","","1","N","N","","0","","0","0","0","","2","N","","2","1","0","0","0","1","0","2","0","2","","","","N","","","","","","","","","",""
"2013124136","","0","0","0","0","0","0","0","0","0","7","0","","02","12","2013","1","40.288397","-80.004978","","11","0","0","0","0","1","0","0","0","1","0","0","0","","","0","","0","","40 17:18.230","5","0","80 00:17.920","9","0","0","0","2219","0","0","0","N","0","0","0","4","02219","0","","2.0","","7","N","N","","0","","0","0","1","","0","N","","1","0","0","0","0","0","2","2","0","1","","","","N","","","","","","","","","",""
"2013123575","","2","0","0","0","0","0","0","0","0","5","0","","02","12","2013","4","40.444174","-80.147117","","11","0","0","0","0","0","0","0","0","","0","0","0","","","2","","0","","40 26:39.028","","0","80 08:49.622","4","0","0","0","2115","0","0","0","N","0","0","0","3","02115","2","","1.0","","1","N","N","","0","","0","0","0","","8","","","2","2","1","0","0","0","0","2","0","2","","","","N","","","","","","","","","",""
"2013122778","","2","0","0","0","0","0","0","0","0","99","0","","02","12","2013","3","40.487502","-79.882923","","11","0","0","0","0","0","1","0","0","","0","0","0","","","0","","1","","40 29:15.007","","7","79 52:58.523","0","0","0","0","2301","0","0","0","N","0","0","0","4","02301","0","","1.0","","1","N","N","","0","","0","0","0","","0","","","2","0","0","0","0","0","0","2","0","2","","","","N","","","","","","","","","",""
"2013121634","","2","0","0","0","0","0","0","0","0","1","0","","02","11","2013","4","40.467145","-80.198101","","11","0","0","0","0","0","2","0","1","2","0","0","0","","","0","","0","","40 28:01.723","3","0","80 11:53.165","0","0","0","0","2213","0","0","0","N","0","0","0","6","68B03","0","","1.0","","1","N","N","","0","","0","0","1","","0","N","","3","0","1","0","0","0","0","2","0","3","","","","N","","","","","","","","","",""
"2013122035","","1","0","0","0","0","0","0","0","0","1","0","","02","12","2013","3","40.624254","-80.05386","","11","0","0","0","0","0","0","0","0","","0","0","0","","","0","","0","","40 37:27.313","","0","80 03:13.896","0","0","0","0","2216","0","0","0","N","0","0","0","2","02505","0","","1.0","","1","N","N","","0","","0","0","1","","8","","","2","0","0","0","0","0","0","2","0","2","","","","N","","","","","","","","","",""
"2013123501","","1","0","0","0","0","0","0","0","0","4","0","","02","12","2013","6","40.322199","-79.925998","","11","0","0","0","0","0","0","0","1","2","0","0","0","","","0","","2","","40 19:19.915","1","0","79 55:33.594","0","0","0","0","2440","0","0","0","N","0","0","0","3","02440","0","","1.0","","1","N","N","","1","","0","0","0","","3","Y","","2","0","0","0","0","0","0","2","0","2","","","","N","","","","","","","","","",""
"2013124276","","1","0","0","0","0","0","1","0","0","7","1","","02","11","2013","3","40.398075","-79.80444","","11","0","0","0","0","0","2","0","0","2","0","0","0","","","2","","0","","40 23:53.070","5","0","79 48:15.984","4","0","0","0","2479","0","0","0","N","0","0","0","4","02111","2","","2.0","","9","Y","N","","0","","0","0","0","","0","Y","","2","2","0","0","0","0","0","2","0","2","","","","N","","","","","","","","","",""
"2013122848","","1","0","0","0","0","0","0","0","0","4","0","","02","12","2013","5","40.423241","-79.849553","","11","0","0","0","0","0","1","0","1","","0","0","0","","","0","","1","","40 25:23.667","","0","79 50:58.390","0","0","0","0","2431","0","0","0","N","0","0","0","2","02431","0","","1.0","","9","N","N","","1","","0","0","1","","3","","","3","0","1","0","0","0","0","2","0","3","","","","N","","","","","","","","","",""
"2013122234","","1","0","0","0","0","0","0","0","0","1","0","","02","12","2013","3","40.490291","-80.296322","","11","0","0","0","0","0","1","0","0","","0","0","0","","","0","","0","","40 29:25.047","","0","80 17:46.760","0","0","0","0","2203","0","0","0","N","0","0","0","2","02203","0","","1.0","","1","N","N","","0","","0","0","1","","0","","","2","0","0","0","0","0","0","2","0","2","","","","N","","","","","","","","","",""
"2013122849","","1","0","0","0","0","0","0","0","0","7","0","","02","12","2013","4","40.254321","-79.800728","","11","0","0","0","1","0","0","0","0","2","0","0","0","","","0","","2","","40 15:15.555","1","0","79 48:02.621","0","0","0","0","2105","0","0","0","N","0","0","0","2","02105","0","","5.0","","1","N","N","","0","","0","0","0","","0","N","","1","0","0","0","0","0","0","1","0","1","","","","N","","","","","","","","","",""
"2013122235","","0","0","0","0","0","0","0","0","0","7","0","","02","12","2013","3","40.47211","-80.015501","","11","0","0","0","0","0","1","0","0","","0","0","0","","","0","","2","","40 28:19.595","","0","80 00:55.805","0","0","0","0","2301","0","0","0","N","0","0","0","1","02301","0","","5.0","","1","N","N","","0","","0","0","0","","0","","","1","0","0","0","0","0","0","2","1","1","","","","N","","","","","","","","","",""
"2013122851","","0","0","0","0","0","0","0","0","0","8","0","","02","12","2013","5","40.398333","-80.0263","","11","0","0","0","0","0","1","0","0","1","0","0","0","","","1","","1","","40 23:53.997","4","0","80 01:34.680","3","0","0","0","2301","1","0","0","N","1","0","0","3","02301","0","","1.0","","9","N","N","","0","","1","0","1","","2","N","","2","1","0","0","0","0","0","2","0","1","","","","N","","","","","","","","","",""
"2013122237","","2","0","0","0","0","0","0","0","0","4","0","","02","12","2013","3","40.466162","-79.952248","","11","0","0","0","0","0","1","0","0","","0","0","0","","","0","","1","","40 27:58.183","","0","79 57:08.092","0","0","0","0","2301","0","0","0","N","0","0","0","2","02301","0","","1.0","","1","N","N","","0","","0","0","0","","2","","","2","0","0","0","0","0","0","2","0","2","","","","N","","","","","","","","","",""
"2013122644","","1","0","0","0","0","0","0","0","0","4","0","","02","12","2013","4","40.460238","-79.823658","","11","0","0","1","0","0","0","0","0","1","0","0","0","","","0","","0","","40 27:36.855","2","0","79 49:25.168","0","0","0","0","2113","0","0","0","N","0","0","0","5","02113","0","","1.0","","1","N","N","","0","","0","0","0","","0","N","","2","0","0","0","0","0","0","2","1","2","","","","N","","","","","","","","","",""
"2013122711","","5","0","0","0","0","0","0","0","0","1","0","","02","8","2013","2","40.416613","-80.085791","","11","0","0","0","0","0","0","1","0","3","0","0","0","","","1","","0","","40 24:59.808","4","0","80 05:08.849","4","0","0","0","2457","0","0","0","N","0","0","0","8","68B03","1","","1.0","","1","N","N","","0","","0","0","3","","0","N","","8","1","0","0","0","0","1","2","0","8","","","","N","","","","","","","","","",""
"2013122116","","1","0","0","0","0","0","0","0","0","7","0","","02","12","2013","2","40.539288","-80.228408","","11","0","0","0","1","0","0","0","0","","0","0","0","","","0","","0","","40 32:21.436","","0","80 13:42.268","0","0","0","0","2213","0","0","0","N","0","0","0","1","02213","0","","5.0","","9","N","N","","0","","0","0","0","","0","","","1","0","0","0","0","0","0","2","0","1","","","","N","","","","","","","","","",""
"2013122712","","1","0","0","0","0","0","0","0","0","7","0","","02","11","2013","3","40.445659","-80.110775","","11","0","0","0","0","0","0","0","0","","0","0","0","","","0","","0","","40 26:44.371","","0","80 06:38.790","0","0","0","0","2115","0","0","0","N","0","0","0","1","68B03","0","","4.0","","2","N","N","","0","","0","0","0","","0","","","1","0","1","0","0","0","0","2","0","1","","","","N","","","","","","","","","",""
"2013122117","","2","0","0","0","0","0","0","0","0","1","0","","02","11","2013","7","40.347732","-80.026817","","11","0","0","0","0","0","0","1","0","1","0","0","0","","","1","","0","","40 20:51.836","1","0","80 01:36.541","8","0","0","0","2407","0","0","0","N","0","0","0","3","02407","0","","1.0","","1","N","N","","0","","0","0","0","","0","N","","2","1","0","0","0","1","0","2","0","2","","","","N","","","","","","","","","",""
"2013123728","","0","0","0","0","0","0","0","0","0","7","0","","02","12","2013","6","40.38162","-79.905995","","11","0","0","0","0","0","0","0","0","2","0","0","0","","","0","","0","","40 22:53.833","2","0","79 54:21.581","0","0","0","0","2448","0","0","0","N","0","0","0","1","02448","0","","5.0","","9","N","N","","0","","0","0","1","","0","N","","1","0","0","0","0","0","0","2","0","1","","","","N","","","","","","","","","",""