"CRN","ARRIVAL_TM","AUTOMOBILE_COUNT","BELTED_DEATH_COUNT","BELTED_SUSP_SERIOUS_INJ_COUNT","BICYCLE_COUNT","BICYCLE_DEATH_COUNT","BICYCLE_SUSP_SERIOUS_INJ_COUNT","BUS_COUNT","CHLDPAS_DEATH_COUNT","CHLDPAS_SUSP_SERIOUS_INJ_COUNT","COLLISION_TYPE","COMM_VEH_COUNT","CONS_ZONE_SPD_LIM","COUNTY","CRASH_MONTH","CRASH_YEAR","DAY_OF_WEEK","DEC_LATITUDE","DEC_LONGITUDE","DISPATCH_TM","DISTRICT","DRIVER_COUNT_16YR","DRIVER_COUNT_17YR","DRIVER_COUNT_18YR","DRIVER_COUNT_19YR","DRIVER_COUNT_20YR","DRIVER_COUNT_50_64YR","DRIVER_COUNT_65_74YR","DRIVER_COUNT_75PLUS","EST_HRS_CLOSED","FATAL_COUNT","HEAVY_TRUCK_COUNT","HORSE_BUGGY_COUNT","HOUR_OF_DAY","ILLUMINATION","INJURY_COUNT","INTERSECTION_RELATED","INTERSECT_TYPE","LANE_CLOSED","LATITUDE","LN_CLOSE_DIR","LOCATION_TYPE","LONGITUDE","MAX_SEVERITY_LEVEL","MCYCLE_DEATH_COUNT","MCYCLE_SUSP_SERIOUS_INJ_COUNT","MOTORCYCLE_COUNT","MUNICIPALITY","NONMOTR_COUNT","NONMOTR_DEATH_COUNT","NONMOTR_SUSP_SERIOUS_INJ_COUNT","NTFY_HIWY_MAINT","PED_COUNT","PED_DEATH_COUNT","PED_SUSP_SERIOUS_INJ_COUNT","PERSON_COUNT","POLICE_AGCY","POSSIBLE_INJ_COUNT","RDWY_SURF_TYPE_CD","RELATION_TO_ROAD","ROADWAY_CLEARED","ROAD_CONDITION","SCH_BUS_IND","SCH_ZONE_IND","SECONDARY_CRASH","SMALL_TRUCK_COUNT","SPEC_JURIS_CD","SUSP_MINOR_INJ_COUNT","SUSP_SERIOUS_INJ_COUNT","SUV_COUNT","TCD_FUNC_CD","TCD_TYPE","TFC_DETOUR_IND","TIME_OF_DAY","TOTAL_UNITS","TOT_INJ_COUNT","UNBELTED_OCC_COUNT","UNB_DEATH_COUNT","UNB_SUSP_SERIOUS_INJ_COUNT","UNK_INJ_DEG_COUNT","UNK_INJ_PER_COUNT","URBAN_RURAL","VAN_COUNT","VEHICLE_COUNT","WEATHER1","WEATHER2","WORKERS_PRES","WORK_ZONE_IND","WORK_ZONE_LOC","WORK_ZONE_TYPE","WZ_CLOSE_DETOUR","WZ_FLAGGER","WZ_LAW_OFFCR_IND","WZ_LN_CLOSURE","WZ_MOVING","WZ_OTHER","WZ_SHLDER_MDN","WZ_WORKERS_INJ_KILLED"
"2013119551","","2","0","0","0","0","0","0","0","0","4","0","","02","11","2013","5","40.45524","-79.940648","","11","0","0","0","0","0","0","0","0","","0","0","0","","","0","","0","","40 27:18.864","","0","79 56:26.332","0","0","0","0","2301","0","0","0","N","0","0","0","2","02301","0","","1.0","","1","N","N","","0","","0","0","0","","0","","","2","0","0","0","0","0","0","2","0","2","","","","N","","","","","","","","","",""
"2013123956","","1","0","0","0","0","0","0","0","0","7","0","","02","12","2013","7","40.384957","-79.994879","","11","0","0","1","0","0","0","0","0","1","0","0","0","","","0","","2","","40 23:05.844","1","0","79 59:41.566","0","0","0","0","2301","0","0","0","N","0","0","0","1","02301","0","","2.0","","1","N","N","","0","","0","0","0","","2","N","","1","0","0","0","0","0","0","2","0","1","","","","N","","","","","","","","","",""
"2013120292","","1","0","0","0","0","0","0","0","0","6","0","","02","11","2013","4","40.480606","-80.026008","","11","0","0","1","0","0","0","0","0","","0","0","0","","","0","","0","","40 28:50.181","","0","80 01:33.628","0","0","0","0","2301","0","0","0","N","0","0","0","5","02301","0","","1.0","","1","N","N","","0","","0","0","1","","0","","","2","0","0","0","0","0","0","2","0","2","","","","N","","","","","","","","","",""
"2013121061","","1","0","0","0","0","0","0","0","0","1","0","","02","11","2013","7","40.406019","-79.825183","","11","0","0","0","0","0","0","1","0","","0","0","0","","","0","","1","","40 24:21.668","","0","79 49:30.658","9","0","0","0","2467","0","0","0","N","0","0","0","2","02467","0","","1.0","","1","N","N","","0","","0","0","1","","2","","","2","0","0","0","0","0","2","2","0","2","","","","N","","","","","","","","","",""
"2013123812","","1","0","0","0","0","0","0","0","0","4","0","","02","12","2013","6","40.438324","-79.772534","","11","0","0","0","0","0","1","0","0","","0","0","0","","","0","","0","","40 26:17.967","","0","79 46:21.124","0","0","0","0","2446","0","0","0","N","0","0","0","4","02446","0","","1.0","","1","N","N","","0","","0","0","1","","0","","","2","0","0","0","0","0","0","2","0","2","","","","N","","","","","","","","","",""
"2013123894","","1","0","0","0","0","0","0","0","0","7","0","","02","12","2013","7","40.483792","-80.035567","","11","0","0","0","0","0","0","0","1","","0","0","0","","","0","","0","","40 29:01.651","","7","80 02:08.041","0","0","0","0","2301","0","0","0","N","0","0","0","1","02301","0","","4.0","","9","N","N","","0","","0","0","0","","0","","","1","0","0","0","0","0","0","2","0","1","","","","N","","","","","","","","","",""
"2013119565","","1","0","0","0","0","0","0","0","0","4","0","","02","11","2013","1","40.441956","-79.962881","","11","0","0","0","1","0","0","0","0","","0","0","0","","","0","","1","","40 26:31.041","","0","79 57:46.371","0","0","0","0","2301","0","0","0","N","0","0","0","2","02301","0","","1.0","","1","N","N","","1","","0","0","0","","1","","","2","0","0","0","0","0","0","2","0","2","","","","N","","","","","","","","","",""
"2013120360","","0","0","0","0","0","0","0","0","0","7","0","","02","11","2013","3","40.641714","-79.969994","","11","0","0","0","0","0","0","0","0","1","0","0","0","","","0","","0","","40 38:30.170","1","0","79 58:11.978","0","0","0","0","2217","0","0","0","N","0","0","0","1","02505","0","","5.0","","7","N","N","","0","","0","0","1","","0","N","","1","0","0","0","0","0","0","2","0","1","","","","N","","","","","","","","","",""
"2013122250","","1","0","0","0","0","0","0","0","0","1","0","","02","12","2013","3","40.435854","-79.786032","","11","0","0","0","0","0","0","1","0","1","0","0","0","","","1","","0","","40 26:09.074","3","0","79 47:09.714","4","0","0","0","2446","0","0","0","N","0","0","0","2","02446","1","","1.0","","1","N","N","","0","","0","0","1","","2","Y","","2","1","0","0","0","0","0","2","0","2","","","","N","","","","","","","","","",""
"2013122263","","3","0","0","0","0","0","0","0","0","4","0","","02","12","2013","3","40.449765","-79.912976","","11","0","0","0","0","0","0","0","0","","0","0","0","","","0","","1","","40 26:59.154","","0","79 54:46.713","0","0","0","0","2301","0","0","0","N","0","0","0","2","02301","0","","1.0","","1","N","N","","1","","0","0","1","","3","","","5","0","0","0","0","0","0","2","0","5","","","","N","","","","","","","","","",""
"2013121063","","1","0","0","0","0","0","0","0","0","8","0","","02","11","2013","6","40.448413","-79.934205","","11","0","0","0","0","0","0","0","0","","0","0","0","","","1","","2","","40 26:54.286","","0","79 56:03.138","3","0","0","0","2301","1","0","0","N","1","0","0","2","02301","0","","1.0","","9","N","N","","0","","1","0","0","","2","","","2","1","0","0","0","0","0","2","0","1","","","","N","","","","","","","","","",""
"2013122264","","0","0","0","0","0","0","0","0","0","4","0","","02","12","2013","3","40.440907","-79.927795","","11","0","0","1","0","0","0","1","0","","0","0","0","","","0","","1","","40 26:27.265","","0","79 55:40.062","0","0","0","0","2301","0","0","0","N","0","0","0","2","02301","0","","1.0","","1","N","N","","0","","0","0","2","","2","","","2","0","0","0","0","0","0","2","0","2","","","","N","","","","","","","","","",""
"2013123814","","1","0","0","0","0","0","0","0","0","5","0","","02","12","2013","3","40.491057","-80.06079","","11","0","0","0","0","0","0","0","0","2","0","0","0","","","0","","0","","40 29:27.805","2","0","80 03:38.843","0","0","0","0","2404","0","0","0","Y","0","0","0","2","02404","0","","1.0","","9","N","N","","1","","0","0","0","","0","N","","3","0","0","0","0","0","0","2","0","2","","","","N","","","","","","","","","",""
"2013123882","","1","0","0","0","0","0","0","0","0","1","0","","02","12","2013","7","40.34298","-79.813428","","11","0","0","0","0","0","1","1","0","","0","0","0","","","0","","0","","40 20:34.729","","0","79 48:48.340","0","0","0","0","2477","0","0","0","N","0","0","0","4","02477","0","","1.0","","1","N","N","","1","","0","0","1","","0","","","3","0","0","0","0","0","0","2","0","3","","","","N","","","","","","","","","",""
"2013123896","","1","0","0","0","0","0","0","0","0","4","0","","02","12","2013","7","40.386499","-80.092328","","11","0","0","0","0","0","0","0","0","1","0","0","0","","","3","","2","","40 23:11.395","6","7","80 05:32.379","3","0","0","0","2117","0","0","0","N","0","0","0","3","02117","2","","1.0","","1","N","N","","1","","1","0","0","","2","Y","","2","3","0","0","0","0","0","2","0","2","","","","N","","","","","","","","","",""
"2013122403","","1","0","0","0","0","0","0","0","0","1","0","","02","12","2013","4","40.445292","-79.976241","","11","0","0","0","0","0","0","0","0","1","0","1","0","","","1","","1","","40 26:43.051","4","0","79 58:34.467","4","0","0","0","2301","0","0","0","N","0","0","0","3","02301","1","","1.0","","1","N","N","","0","","0","0","0","","2","N","","2","1","1","0","0","0","0","2","0","2","","","","N","","","","","","","","","",""
"2013120362","","1","0","0","0","0","0","0","0","0","1","0","","02","11","2013","4","40.441828","-79.713273","","11","0","0","0","0","0","1","0","0","","0","0","0","","","0","","0","","40 26:30.579","","0","79 42:47.783","0","0","0","0","2446","0","0","0","N","0","0","0","2","02446","0","","1.0","","9","N","N","","0","","0","0","1","","0","","","2","0","0","0","0","0","0","2","0","2","","","","N","","","","","","","","","",""
"2013122472","","1","0","0","0","0","0","0","0","0","7","0","","02","12","2013","4","40.467332","-79.960465","","11","0","0","0","0","0","0","0","1","2","0","0","0","","","1","","0","","40 28:02.395","1","0","79 57:37.674","4","0","0","0","2301","0","0","0","","0","0","0","1","02301","1","","2.0","","1","","","","0","","0","0","0","","0","Y","","1","1","0","0","0","0","0","2","0","1","","","","N","","","","","","","","","",""
"2013123898","","1","0","0","0","0","0","0","0","0","7","0","","02","12","2013","6","40.657547","-79.961866","","11","0","0","0","0","0","0","0","0","","0","0","0","","","0","","0","","40 39:27.168","","0","79 57:42.716","0","0","0","0","2217","0","0","0","N","0","0","0","1","02505","0","","5.0","","7","N","N","","0","","0","0","0","","0","","","1","0","0","0","0","0","0","2","0","1","","","","N","","","","","","","","","",""
"2013122267","","1","0","0","0","0","0","0","0","0","8","0","","02","12","2013","3","40.443847","-79.920516","","11","0","0","0","0","0","0","1","0","3","0","0","0","","","1","","2","","40 26:37.849","3","0","79 55:13.858","2","0","0","0","2301","1","0","1","N","1","0","1","3","02301","0","","1.0","","1","N","N","","0","","0","1","0","","2","Y","","2","1","0","0","0","0","0","2","0","1","","","","N","","","","","","","","","",""
"2013123900","","1","0","0","0","0","0","0","0","0","7","0","","02","12","2013","4","40.620683","-79.968353","","11","0","1","0","0","0","0","0","0","2","0","0","0","","","1","","0","","40 37:14.458","5","0","79 58:06.070","3","0","0","0","2217","0","0","0","N","0","0","0","1","02505","0","","5.0","","1","N","N","","0","","1","0","0","","0","Y","","1","1","0","0","0","0","0","2","0","1","","","","N","","","","","","","","","",""
"2013123901","","0","0","0","0","0","0","0","0","0","7","0","","02","12","2013","5","40.323833","-79.865167","","11","0","0","0","0","0","0","1","0","","0","0","0","","","0","","0","","40 19:25.800","","0","79 51:54.600","0","0","0","0","2442","0","0","0","N","0","0","0","2","02442","0","","4.0","","9","N","N","","0","","0","0","0","","0","","","1","0","0","0","0","0","0","2","1","1","","","","N","","","","","","","","","",""
"2013121069","","2","0","0","0","0","0","0","0","0","4","0","","02","12","2013","1","40.485437","-79.96834","","11","0","0","0","0","0","2","0","0","1","0","0","0","","","1","","2","","40 29:07.573","3","0","79 58:06.024","3","0","0","0","2118","0","0","0","N","0","0","0","3","02118","0","","1.0","","1","N","N","","0","","1","0","0","","3","N","","2","1","0","0","0","0","0","2","0","2","","","","N","","","","","","","","","",""
"2013123902","","1","0","1","0","0","0","0","0","0","2","0","","02","12","2013","3","40.629936","-79.888081","","11","0","0","0","0","0","0","0","0","2","0","0","0","","","3","","0","","40 37:47.769","5","0","79 53:17.092","2","0","0","0","2220","0","0","0","N","0","0","0","3","02220","2","","1.0","","1","N","N","","0","","0","1","0","","0","Y","","2","3","0","0","0","0","0","1","1","2","","","","N","","","","","","","","","",""
"2013118765","","0","0","0","0","0","0","0","0","0","4","0","","02","11","2013","2","40.340748","-79.782902","","11","0","0","0","0","0","1","0","0","","0","0","0","","","1","","0","","40 20:26.691","","0","79 46:58.446","8","0","0","0","2477","0","0","0","N","0","0","0","2","02477","0","","1.0","","1","N","N","","0","","0","0","1","","0","","","2","1","0","0","0","1","0","2","1","2","","","","N","","","","","","","","","",""
"2013119573","","2","0","0","0","0","0","0","0","0","4","0","","02","11","2013","3","40.459325","-79.927128","","11","0","0","0","0","0","0","0","0","","0","0","0","","","0","","0","","40 27:33.570","","0","79 55:37.660","0","0","0","0","2301","0","0","0","N","0","0","0","3","02301","0","","1.0","","9","N","N","","0","","0","0","0","","0","","","2","0","0","0","0","0","0","2","0","2","","","","N","","","","","","","","","",""
"2013123821","","0","0","0","0","0","0","0","0","0","7","0","","02","12","2013","6","40.213293","-79.947037","","11","0","0","0","0","0","0","0","0","3","0","0","0","","","2","","0","","40 12:47.855","5","0","79 56:49.333","8","0","0","0","2204","0","0","0","N","0","0","0","3","02204","0","","4.0","","7","N","N","","0","","0","0","1","","0","N","","1","2","0","0","0","2","0","2","0","1","","","","N","","","","","","","","","",""
"2013118766","","1","0","0","0","0","0","0","0","0","5","0","","02","11","2013","2","40.484224","-79.907886","","11","0","0","0","0","0","1","1","0","2","0","0","0","","","1","","1","","40 29:03.206","6","0","79 54:28.391","8","0","0","0","2301","0","0","0","N","0","0","0","3","02301","0","","1.0","","1","N","N","","1","","0","0","1","","2","N","","3","1","0","0","0","1","0","2","0","3","","","","N","","","","","","","","","",""
"2013120369","","1","0","0","0","0","0","0","0","0","1","0","","02","11","2013","4","40.404817","-79.974215","","11","0","0","0","1","0","0","0","0","","0","0","0","","","0","","0","","40 24:17.340","","0","79 58:27.175","0","0","0","0","2301","0","0","0","N","0","0","0","2","02301","0","","1.0","","1","N","N","","1","","0","0","0","","0","","","2","0","0","0","0","0","0","2","0","2","","","","N","","","","","","","","","",""
"2013122411","","1","0","0","0","0","0","0","0","0","1","0","","02","12","2013","1","40.469718","-80.008287","","11","0","0","0","0","0","0","0","0","","0","0","0","","","1","","0","","40 28:10.984","","0","80 00:29.833","8","0","0","0","2301","0","0","0","N","0","0","0","2","02301","0","","1.0","","1","N","N","","0","","0","0","0","","0","","","2","1","0","0","0","1","1","2","0","2","","","","N","","","","","","","","","",""
"2013123967","","0","0","0","0","0","0","0","0","0","7","0","","02","11","2013","7","40.288488","-79.82777","","11","0","0","0","0","0","0","0","0","3","0","0","0","","","1","","0","","40 17:18.556","6","0","79 49:39.972","4","0","0","0","2105","0","0","0","N","0","0","0","1","02105","1","","5.0","","1","N","N","","0","","0","0","1","","0","Y","","1","1","0","0","0","0","0","2","0","1","","","","N","","","","","","","","","",""
"2013120303","","1","0","0","0","0","0","0","0","0","1","0","","02","11","2013","1","40.280819","-79.883893","","11","0","0","0","0","0","0","0","1","2","0","0","0","","","0","","0","","40 16:50.950","2","0","79 53:02.014","0","0","0","0","2440","0","0","0","N","0","0","0","4","02440","0","","1.0","","1","N","N","","0","","0","0","0","","0","N","","2","0","0","0","0","0","0","2","1","2","","","","N","","","","","","","","","",""
"2013118771","","1","0","0","0","0","0","0","0","0","4","0","","02","11","2013","6","40.585503","-80.036023","","11","0","0","0","0","0","0","0","0","1","0","0","0","","","0","","1","","40 35:07.811","2","0","80 02:09.684","0","0","0","0","2108","0","0","0","N","0","0","0","7","02108","0","","1.0","","9","N","N","","0","","0","0","1","","2","N","","2","0","0","0","0","0","0","2","0","2","","","","N","","","","","","","","","",""
"2013122277","","2","0","0","0","0","0","0","0","0","4","0","","02","12","2013","2","40.524401","-79.841609","","11","0","0","0","0","0","1","0","0","","0","0","0","","","2","","0","","40 31:27.842","","0","79 50:29.793","4","0","0","0","2451","0","0","0","N","0","0","0","2","02451","1","","1.0","","1","N","N","","0","","0","0","0","","0","","","2","2","0","0","0","1","0","2","0","2","","","","N","","","","","","","","","",""
"2013118772","","1","0","0","0","0","0","0","0","0","7","0","","02","11","2013","6","40.586302","-80.039552","","11","0","1","0","0","0","0","0","0","","0","0","0","","","0","","0","","40 35:10.686","","8","80 02:22.387","0","0","0","0","2108","0","0","0","N","0","0","0","2","02108","0","","2.0","","9","N","N","","0","","0","0","0","","0","","","1","0","0","0","0","0","0","2","0","1","","","","N","","","","","","","","","",""
"2013123828","","1","0","0","0","0","0","0","0","0","7","0","","02","12","2013","6","40.486384","-79.913148","","11","0","0","0","0","0","1","0","0","2","0","0","0","","","0","","0","","40 29:10.984","4","3","79 54:47.331","0","0","0","0","2301","0","0","0","N","0","0","0","1","02301","0","","7.0","","9","N","N","","0","","0","0","0","","0","Y","","1","0","0","0","0","0","0","2","0","1","","","","N","","","","","","","","","",""
"2013123972","","2","0","0","0","0","0","0","0","0","5","0","","02","12","2013","7","40.458925","-79.922208","","11","0","0","0","0","0","0","0","0","2","0","0","0","","","0","","0","","40 27:32.130","2","0","79 55:19.948","0","0","0","0","2301","0","0","0","N","0","0","0","1","02301","0","","1.0","","2","N","N","","0","","0","0","0","","0","N","","2","0","0","0","0","0","0","2","0","2","","","","N","","","","","","","","","",""
"2013118773","","1","0","0","0","0","0","0","0","0","1","0","","02","11","2013","7","40.55453","-80.02124","","11","0","0","0","0","0","1","0","0","","0","0","0","","","0","","1","","40 33:16.307","","0","80 01:16.463","0","0","0","0","2108","0","0","0","N","0","0","0","2","02108","0","","1.0","","1","N","N","","0","","0","0","1","","0","","","2","0","0","0","0","0","0","2","0","2","","","","N","","","","","","","","","",""
"2013123844","","1","0","0","0","0","0","0","0","0","4","0","","02","12","2013","5","40.393143","-79.886297","","11","0","0","0","0","0","1","0","0","1","0","0","0","","","0","","3","","40 23:35.314","3","0","79 53:10.669","0","0","0","0","2473","0","0","0","N","0","0","0","3","02473","0","","1.0","","9","N","N","","0","","0","0","1","","3","N","","2","0","0","0","0","0","0","2","0","2","","","","N","","","","","","","","","",""
"2013123910","","2","0","0","0","0","0","0","0","0","1","0","","02","12","2013","6","40.363753","-79.984146","","11","0","0","0","0","0","0","0","0","1","0","0","0","","","0","","1","","40 21:49.509","2","0","79 59:02.927","0","0","0","0","2413","0","0","0","N","0","0","0","2","02413","0","","1.0","","9","N","N","","0","","0","0","0","","2","N","","2","0","0","0","0","0","0","2","0","2","","","","N","","","","","","","","","",""
"2013118774","","1","0","0","0","0","0","0","0","0","4","0","","02","11","2013","7","40.566164","-80.038106","","11","0","0","0","0","0","0","0","0","1","0","0","0","","","0","","2","","40 33:58.192","2","0","80 02:17.182","0","0","0","0","2108","0","0","0","N","0","0","0","2","02108","0","","1.0","","9","N","N","","0","","0","0","1","","2","N","","2","0","0","0","0","0","0","2","0","2","","","","N","","","","","","","","","",""
"2013120308","","1","0","0","0","0","0","0","0","0","8","0","","02","11","2013","5","40.453981","-80.014537","","11","0","0","0","0","0","0","0","0","","0","0","0","","","1","","1","","40 27:14.331","","0","80 00:52.333","8","0","0","0","2301","1","0","0","N","1","0","0","2","02301","0","","1.0","","1","N","N","","0","","0","0","0","","2","","","2","1","0","0","0","1","0","2","0","1","","","","N","","","","","","","","","",""
"2013123830","","2","0","0","0","0","0","0","0","0","4","0","","02","12","2013","7","40.457246","-79.997838","","11","0","0","0","0","0","1","0","0","","0","0","0","","","0","","1","","40 27:26.085","","0","79 59:52.216","0","0","0","0","2301","0","0","0","N","0","0","0","2","02301","0","","1.0","","1","N","N","","0","","0","0","0","","2","","","2","0","1","0","0","0","0","2","0","2","","","","N","","","","","","","","","",""
"2013123845","","0","0","0","0","0","0","0","0","0","2","0","","02","12","2013","6","40.330024","-80.134994","","11","0","0","0","0","0","1","0","0","","0","0","0","","","0","","2","","40 19:48.085","","0","80 08:05.980","0","0","0","0","2119","0","0","0","Y","0","0","0","2","02119","0","","1.0","","7","N","N","","1","","0","0","1","","0","","","2","0","0","0","0","0","0","2","0","2","","","","N","","","","","","","","","",""
"2013122485","","0","0","0","0","0","0","0","0","0","5","0","","02","12","2013","4","40.342244","-79.849416","","11","0","0","0","0","0","1","0","0","1","0","0","0","","","0","","0","","40 20:32.078","5","0","79 50:57.898","0","0","0","0","2304","0","0","0","N","0","0","0","2","02304","0","","1.0","","1","N","N","","0","","0","0","2","","0","Y","","2","0","0","0","0","0","0","2","0","2","","","","N","","","","","","","","","",""
"2013118775","","0","0","0","0","0","0","0","0","0","4","0","","02","11","2013","5","40.453631","-80.135182","","11","0","0","0","0","0","0","0","1","1","0","0","0","","","0","","0","","40 27:13.073","4","0","80 08:06.656","0","0","0","0","2115","0","0","0","N","0","0","0","3","02115","0","","1.0","","1","N","N","","0","","0","0","2","","0","N","","2","0","0","0","0","0","0","2","0","2","","","","N","","","","","","","","","",""
"2013122421","","1","0","0","0","0","0","0","0","0","8","0","","02","12","2013","3","40.456699","-79.96362","","11","0","0","0","0","0","1","0","0","","0","0","0","","","1","","1","","40 27:24.117","","6","79 57:49.032","3","0","0","0","2301","1","0","0","N","1","0","0","3","02301","0","","1.0","","1","N","N","","0","","1","0","0","","4","","","2","1","0","0","0","0","0","2","0","1","","","","N","","","","","","","","","",""
"2013122486","","1","0","0","0","0","0","0","0","0","4","0","","02","12","2013","4","40.441956","-79.962881","","11","0","0","0","0","0","0","1","0","1","0","0","0","","","1","","1","","40 26:31.041","4","0","79 57:46.371","4","0","0","0","2301","0","0","0","N","0","0","0","2","02301","1","","1.0","","1","N","N","","0","","0","0","1","","2","N","","2","1","0","0","0","0","0","2","0","2","","","","N","","","","","","","","","",""
"2013121018","","1","0","0","0","0","0","0","0","0","7","0","","02","11","2013","3","40.538232","-80.157982","","11","0","0","0","0","0","0","0","0","1","0","0","0","","","0","","0","","40 32:17.634","2","0","80 09:28.735","0","0","0","0","2125","0","0","0","N","0","0","0","1","02215","0","","5.0","","2","N","N","","0","","0","0","0","","0","N","","1","0","0","0","0","0","0","2","0","1","","","","N","","","","","","","","","",""
"2013118776","","1","0","0","0","0","0","0","0","0","4","0","","02","11","2013","5","40.447926","-80.162439","","11","0","0","0","0","0","0","0","0","1","0","0","0","","","0","","1","","40 26:52.534","4","0","80 09:44.781","0","0","0","0","2115","0","0","0","N","0","0","0","2","02115","0","","1.0","","1","N","N","","0","","0","0","1","","2","N","","2","0","0","0","0","0","0","2","0","2","","","","N","","","","","","","","","",""
"2013120310","","1","0","0","0","0","0","0","0","0","7","0","","02","11","2013","2","40.419986","-79.93779","","11","0","0","0","0","0","1","0","0","","0","0","0","","","0","","0","","40 25:11.949","","0","79 56:16.044","0","0","0","0","2301","0","0","0","N","0","0","0","1","02301","0","","5.0","","1","N","N","","0","","0","0","0","","0","","","1","0","0","0","0","0","0","2","0","1","","","","N","","","","","","","","","",""
"2013119583","","1","0","0","0","0","0","0","0","0","4","0","25","02","11","2013","3","40.452966","-80.039423","","11","0","0","0","0","0","1","0","0","2","0","0","0","","","2","","2","","40 27:10.676","3","1","80 02:21.924","3","0","0","0","2301","0","0","0","N","0","0","0","4","02301","1","","1.0","","9","N","N","","2","","1","0","0","","2","Y","","3","2","0","0","0","0","0","2","0","3","","","Y","Y","4","1","","","N","Y","","","",""
"2013120456","","1","0","0","0","0","0","0","0","0","7","0","","02","11","2013","5","40.443906","-80.221175","","11","0","0","0","0","0","0","1","0","","0","0","0","","","0","","0","","40 26:38.060","","7","80 13:16.230","0","0","0","0","2214","0","0","0","N","0","0","0","1","02214","0","","5.0","","1","N","N","","0","","0","0","0","","0","","","1","0","0","0","0","0","0","2","0","1","","","","N","","","","","","","","","",""
"2013120747","","1","0","0","0","0","0","0","0","0","4","1","","02","11","2013","6","40.462884","-79.82409","","11","0","0","0","0","0","0","1","0","","0","1","0","","","0","","0","","40 27:46.384","","0","79 49:26.724","0","0","0","0","2113","0","0","0","N","0","0","0","2","02113","0","","1.0","","1","N","N","","0","","0","0","0","","0","","","2","0","0","0","0","0","0","2","0","2","","","","N","","","","","","","","","",""
"2013121157","","0","0","0","0","0","0","0","0","0","7","0","45","02","12","2013","1","40.478829","-80.04312","","11","0","0","0","0","0","0","0","0","1","0","0","0","","","0","","1","","40 28:43.784","2","0","80 02:35.231","0","0","0","0","2301","0","0","0","N","0","0","0","1","02301","0","","4.0","","1","N","N","","0","","0","0","1","","2","N","","1","0","0","0","0","0","0","2","0","1","","","N","Y","4","1","","","N","Y","","","Y",""
"2013121224","","1","0","0","0","0","0","0","0","0","5","0","","02","11","2013","2","40.362381","-79.844056","","11","0","0","0","0","0","0","0","0","","0","0","0","","","0","","0","","40 21:44.570","","0","79 50:38.601","0","0","0","0","2303","0","0","0","N","0","0","0","2","02303","0","","1.0","","1","N","N","","0","","0","0","0","","0","","","2","0","0","0","0","0","0","2","1","2","","","","N","","","","","","","","","",""
"2013119055","","0","0","0","0","0","0","0","0","0","0","0","","02","11","2013","5","40.372189","-79.917148","","11","0","0","0","0","0","1","0","0","","0","0","0","","","0","","2","","40 22:19.881","","0","79 55:01.731","0","0","0","0","2301","0","0","0","N","0","0","0","1","02301","0","","9.0","","1","N","N","","0","","0","0","0","","0","","","2","0","0","0","0","0","0","2","1","1","","","","N","","","","","","","","","",""
"2013120603","","2","0","0","0","0","0","0","0","0","4","0","25","02","11","2013","6","40.348633","-79.89173","","11","0","0","0","0","0","1","1","0","2","0","0","0","","","1","","0","","40 20:55.077","2","0","79 53:30.227","8","0","0","0","2423","0","0","0","N","0","0","0","3","02304","0","","1.0","","1","N","N","","0","","0","0","0","","0","Y","","2","1","0","0","0","1","0","2","0","2","","","N","Y","2","1","","","N","","","","",""
"2013119802","","1","0","0","0","0","0","0","0","0","7","0","","02","11","2013","7","40.480112","-79.965473","","11","0","0","0","0","0","0","0","0","1","0","0","0","","","0","","0","","40 28:48.404","1","0","79 57:55.703","0","0","0","0","2118","0","0","0","N","0","0","0","2","02118","0","","2.0","","1","N","N","","0","","0","0","0","","0","N","","1","0","1","0","0","0","0","2","0","1","","","","N","","","","","","","","","",""
"2013120461","","1","0","0","0","0","0","0","0","0","7","0","","02","11","2013","2","40.352572","-79.838253","","11","0","0","0","0","0","0","0","0","","0","0","0","","","1","","0","","40 21:09.259","","0","79 50:17.711","4","0","0","0","2304","0","0","0","N","0","0","0","1","02304","1","","5.0","","1","N","N","","0","","0","0","0","","0","","","1","1","0","0","0","0","0","2","0","1","","","","N","","","","","","","","","",""
"2013119191","","0","0","0","0","0","0","0","0","0","7","0","","02","11","2013","3","40.388426","-79.829915","","11","0","0","0","0","0","0","0","0","1","0","0","0","","","0","","0","","40 23:18.332","3","8","79 49:47.694","0","0","0","0","2111","0","0","0","N","0","0","0","1","02111","0","","1.0","","7","N","N","","1","","0","0","0","","0","N","","1","0","0","0","0","0","0","2","0","1","","","","N","","","","","","","","","",""
"2013118855","","1","0","0","0","0","0","0","0","0","7","0","","02","11","2013","3","40.43599","-79.977303","","11","0","0","0","1","0","0","0","0","2","0","0","0","","","0","","0","","40 26:09.565","4","0","79 58:38.289","0","0","0","0","2301","0","0","0","N","0","0","0","2","68B03","0","","5.0","","1","N","N","","0","","0","0","0","","0","N","","2","0","0","0","0","0","0","2","0","1","","","","N","","","","","","","","","",""
"2013120462","","2","0","0","0","0","0","0","0","0","2","0","","02","11","2013","5","40.34638","-79.996663","","11","0","0","0","1","0","0","0","0","","0","0","0","","","2","","2","","40 20:46.968","","0","79 59:47.986","3","0","0","0","2403","0","0","0","N","0","0","0","2","02403","1","","1.0","","1","N","N","","0","","1","0","0","","0","","","2","2","1","0","0","0","0","2","0","2","","","","N","","","","","","","","","",""