"CRN","ARRIVAL_TM","AUTOMOBILE_COUNT","BELTED_DEATH_COUNT","BELTED_SUSP_SERIOUS_INJ_COUNT","BICYCLE_COUNT","BICYCLE_DEATH_COUNT","BICYCLE_SUSP_SERIOUS_INJ_COUNT","BUS_COUNT","CHLDPAS_DEATH_COUNT","CHLDPAS_SUSP_SERIOUS_INJ_COUNT","COLLISION_TYPE","COMM_VEH_COUNT","CONS_ZONE_SPD_LIM","COUNTY","CRASH_MONTH","CRASH_YEAR","DAY_OF_WEEK","DEC_LATITUDE","DEC_LONGITUDE","DISPATCH_TM","DISTRICT","DRIVER_COUNT_16YR","DRIVER_COUNT_17YR","DRIVER_COUNT_18YR","DRIVER_COUNT_19YR","DRIVER_COUNT_20YR","DRIVER_COUNT_50_64YR","DRIVER_COUNT_65_74YR","DRIVER_COUNT_75PLUS","EST_HRS_CLOSED","FATAL_COUNT","HEAVY_TRUCK_COUNT","HORSE_BUGGY_COUNT","HOUR_OF_DAY","ILLUMINATION","INJURY_COUNT","INTERSECTION_RELATED","INTERSECT_TYPE","LANE_CLOSED","LATITUDE","LN_CLOSE_DIR","LOCATION_TYPE","LONGITUDE","MAX_SEVERITY_LEVEL","MCYCLE_DEATH_COUNT","MCYCLE_SUSP_SERIOUS_INJ_COUNT","MOTORCYCLE_COUNT","MUNICIPALITY","NONMOTR_COUNT","NONMOTR_DEATH_COUNT","NONMOTR_SUSP_SERIOUS_INJ_COUNT","NTFY_HIWY_MAINT","PED_COUNT","PED_DEATH_COUNT","PED_SUSP_SERIOUS_INJ_COUNT","PERSON_COUNT","POLICE_AGCY","POSSIBLE_INJ_COUNT","RDWY_SURF_TYPE_CD","RELATION_TO_ROAD","ROADWAY_CLEARED","ROAD_CONDITION","SCH_BUS_IND","SCH_ZONE_IND","SECONDARY_CRASH","SMALL_TRUCK_COUNT","SPEC_JURIS_CD","SUSP_MINOR_INJ_COUNT","SUSP_SERIOUS_INJ_COUNT","SUV_COUNT","TCD_FUNC_CD","TCD_TYPE","TFC_DETOUR_IND","TIME_OF_DAY","TOTAL_UNITS","TOT_INJ_COUNT","UNBELTED_OCC_COUNT","UNB_DEATH_COUNT","UNB_SUSP_SERIOUS_INJ_COUNT","UNK_INJ_DEG_COUNT","UNK_INJ_PER_COUNT","URBAN_RURAL","VAN_COUNT","VEHICLE_COUNT","WEATHER1","WEATHER2","WORKERS_PRES","WORK_ZONE_IND","WORK_ZONE_LOC","WORK_ZONE_TYPE","WZ_CLOSE_DETOUR","WZ_FLAGGER","WZ_LAW_OFFCR_IND","WZ_LN_CLOSURE","WZ_MOVING","WZ_OTHER","WZ_SHLDER_MDN","WZ_WORKERS_INJ_KILLED"
"2013120672","","1","0","0","0","0","0","0","0","0","4","0","","02","11","2013","6","40.440784","-79.948241","","11","0","0","0","0","0","0","0","0","","0","0","0","","","0","","1","","40 26:26.822","","0","79 56:53.667","0","0","0","0","2301","0","0","0","N","0","0","0","4","02301","0","","1.0","","1","N","N","","0","","0","0","1","","0","","","2","0","0","0","0","0","0","2","0","2","","","","N","","","","","","","","","",""
"2013119884","","2","0","0","0","0","0","0","0","0","1","0","","02","11","2013","4","40.432987","-80.191271","","11","0","0","0","1","0","0","0","0","","0","0","0","","","0","","2","","40 25:58.753","","7","80 11:28.577","0","0","0","0","2214","0","0","0","N","0","0","0","4","02214","0","","1.0","","9","N","N","","0","","0","0","0","","0","","","2","0","0","0","0","0","0","1","0","2","","","","N","","","","","","","","","",""
"2013118856","","3","0","0","0","0","0","0","0","0","1","0","","02","11","2013","6","40.427479","-79.950963","","11","0","0","0","0","0","0","0","0","1","0","0","0","","","0","","0","","40 25:38.924","4","0","79 57:03.465","0","0","0","0","2301","0","0","0","N","0","0","0","4","68B03","0","","1.0","","9","N","N","","0","","0","0","0","","0","N","","3","0","0","0","0","0","0","2","0","3","","","","N","","","","","","","","","",""
"2013118857","","1","0","0","0","0","0","0","0","0","7","0","","02","11","2013","7","40.494695","-80.012049","","11","0","0","0","0","0","0","0","0","1","0","0","0","","","0","","0","","40 29:40.902","1","3","80 00:43.375","0","0","0","0","2301","0","0","0","N","0","0","0","2","68B03","0","","5.0","","2","N","N","","0","","0","0","0","","0","N","","1","0","0","0","0","0","0","2","0","1","","","","N","","","","","","","","","",""
"2013119806","","1","0","0","0","0","0","0","0","0","4","0","","02","11","2013","4","40.461313","-79.934164","","11","0","0","0","0","0","1","0","0","1","0","0","0","","","0","","1","","40 27:40.726","2","0","79 56:02.990","0","0","0","0","2301","0","0","0","N","0","0","0","2","02301","0","","1.0","","9","N","N","","0","","0","0","1","","3","Y","","2","0","0","0","0","0","0","2","0","2","","","","N","","","","","","","","","",""
"2013119195","","1","0","0","0","0","0","0","0","0","8","0","","02","11","2013","3","40.444725","-80.066069","","11","0","0","0","0","0","1","0","0","","0","0","0","","","1","","3","","40 26:41.010","","99","80 03:57.848","8","0","0","0","2439","1","0","0","N","1","0","0","2","02439","0","","1.0","","7","N","N","","0","","0","0","0","","2","","","2","1","0","0","0","1","0","2","0","1","","","","N","","","","","","","","","",""
"2013118858","","1","0","0","0","0","0","0","0","0","7","0","","02","11","2013","1","40.318269","-79.995919","","11","0","0","0","1","0","0","0","0","","0","0","0","","","0","","0","","40 19:05.770","","0","79 59:45.310","0","0","0","0","2219","0","0","0","N","0","0","0","1","68T09","0","","4.0","","1","N","N","","0","","0","0","0","","0","","","1","0","0","0","0","0","0","2","0","1","","","","N","","","","","","","","","",""
"2013120533","","1","0","0","0","0","0","0","0","0","4","0","","02","11","2013","3","40.429703","-80.028081","","11","0","0","0","0","0","0","0","0","1","0","0","0","","","0","","0","","40 25:46.929","3","0","80 01:41.091","0","0","0","0","2301","0","0","0","N","0","0","0","3","68B03","0","","1.0","","1","N","N","","1","","0","0","0","","0","N","","2","0","0","0","0","0","0","2","0","2","","","","N","","","","","","","","","",""
"2013119061","","1","0","0","0","0","0","0","0","0","7","0","","02","11","2013","3","40.446641","-80.007353","","11","0","0","0","0","0","0","0","0","","0","0","0","","","0","","2","","40 26:47.907","","0","80 00:26.470","0","0","0","0","2301","0","0","0","","0","0","0","1","02301","0","","2.0","","9","","","","0","","0","0","0","","3","","","1","0","0","0","0","0","0","2","0","1","","","","N","","","","","","","","","",""
"2013120609","","1","0","0","0","0","0","0","0","0","1","1","","02","11","2013","6","40.340138","-79.967344","","11","0","0","0","0","0","1","0","0","1","0","1","0","","","1","","2","","40 20:24.495","4","0","79 58:02.439","4","0","0","0","2454","0","0","0","N","0","0","0","2","02454","1","","1.0","","1","N","N","","0","","0","0","0","","2","N","","2","1","0","0","0","0","0","2","0","2","","","","N","","","","","","","","","",""
"2013119197","","0","0","0","0","0","0","0","0","0","1","0","","02","11","2013","2","40.476652","-80.041245","","11","0","0","0","0","0","0","0","0","2","0","1","0","","","1","","0","","40 28:35.946","1","0","80 02:28.483","8","0","0","0","2301","0","0","0","N","0","0","0","3","02301","0","","1.0","","1","N","N","","1","","0","0","0","","0","N","","2","1","0","0","0","1","0","2","0","2","","","","N","","","","","","","","","",""
"2013119876","","2","0","0","0","0","0","0","0","0","2","0","","02","11","2013","4","40.464221","-79.957623","","11","0","0","0","0","0","0","0","0","1","0","0","0","","","2","","0","","40 27:51.195","1","0","79 57:27.442","4","0","0","0","2301","0","0","0","N","0","0","0","3","02301","2","","1.0","","9","N","N","","0","","0","0","1","","0","N","","3","2","1","0","0","0","0","2","0","3","","","","N","","","","","","","","","",""
"2013119198","","1","0","0","0","0","0","0","0","0","7","0","","02","11","2013","1","40.452667","-79.747842","","11","0","0","0","1","0","0","0","0","2","0","0","0","","","0","","0","","40 27:09.600","1","0","79 44:52.230","0","0","0","0","2446","0","0","0","N","0","0","0","1","02446","0","","5.0","","9","N","N","","0","","0","0","0","","0","N","","1","0","0","0","0","0","0","2","0","1","","","","N","","","","","","","","","",""
"2013121168","","1","0","0","0","0","0","0","0","0","7","0","","02","11","2013","7","40.381089","-79.828392","","11","0","0","0","0","0","0","0","0","","0","0","0","","","1","","0","","40 22:51.921","","0","79 49:42.210","3","0","0","0","2111","0","0","0","N","0","0","0","1","02111","0","","2.0","","2","N","N","","0","","1","0","0","","0","","","1","1","0","0","0","0","0","2","0","1","","","","N","","","","","","","","","",""
"2013119608","","2","0","0","0","0","0","0","0","0","5","0","","02","11","2013","6","40.437729","-79.931766","","11","0","0","0","0","0","0","0","0","","0","0","0","","","0","","0","","40 26:15.824","","0","79 55:54.357","0","0","0","0","2301","0","0","0","N","0","0","0","1","02506","0","","6.0","","9","N","N","","0","","0","0","0","","0","","","2","0","0","0","0","0","0","2","0","2","","","","N","","","","","","","","","",""
"2013121169","","1","0","0","0","0","0","0","0","0","7","0","","02","11","2013","3","40.455295","-79.966024","","11","0","0","0","0","0","0","0","0","","0","0","0","","","1","","0","","40 27:19.062","","0","79 57:57.686","4","0","0","0","2301","0","0","0","N","0","0","0","2","02301","1","","2.0","","7","N","N","","0","","0","0","0","","0","","","1","1","0","0","0","0","0","2","0","1","","","","N","","","","","","","","","",""
"2013119892","","2","0","0","0","0","0","0","0","0","6","0","","02","11","2013","3","40.507042","-79.886148","","11","0","0","0","1","0","1","0","0","","0","0","0","","","0","","0","","40 30:25.351","","0","79 53:10.132","0","0","0","0","2432","0","0","0","N","0","0","0","2","02432","0","","1.0","","6","N","N","","0","","0","0","0","","0","","","2","0","0","0","0","0","0","2","0","2","","","","N","","","","","","","","","",""
"2013120472","","1","0","0","0","0","0","0","0","0","7","0","","02","11","2013","5","40.345974","-80.149897","","11","0","0","0","0","0","1","0","0","2","0","0","0","","","0","","0","","40 20:45.508","6","0","80 08:59.630","0","0","0","0","2119","0","0","0","Y","0","0","0","1","02119","0","","2.0","","1","N","N","","0","","0","0","0","","0","N","","1","0","0","0","0","0","0","2","0","1","","","","N","","","","","","","","","",""
"2013120486","","1","0","0","0","0","0","0","0","0","7","0","","02","11","2013","5","40.467861","-79.792213","","11","0","0","0","0","0","0","0","0","1","0","0","0","","","0","","0","","40 28:04.301","3","0","79 47:31.968","0","0","0","0","2113","0","0","0","N","0","0","0","1","02113","0","","2.0","","2","N","N","","0","","0","0","0","","0","N","","1","0","0","0","0","0","0","2","0","1","","","","N","","","","","","","","","",""
"2013121289","","1","0","0","0","0","0","0","0","0","4","0","","02","12","2013","2","40.442277","-79.917177","","11","0","0","0","0","0","1","1","0","","0","0","0","","","0","","1","","40 26:32.197","","0","79 55:01.837","0","0","0","0","2301","0","0","0","N","0","0","0","3","02301","0","","1.0","","1","N","N","","0","","0","0","1","","2","","","2","0","0","0","0","0","0","2","0","2","","","","N","","","","","","","","","",""
"2013118455","","2","0","0","0","0","0","0","0","0","5","0","","02","11","2013","5","40.384678","-79.824355","","11","0","0","0","0","0","0","0","0","2","0","0","0","","","1","","1","","40 23:04.839","3","0","79 49:27.678","4","0","0","0","2111","0","0","0","N","0","0","0","2","02111","1","","1.0","","1","N","N","","0","","0","0","0","","2","N","","2","1","1","0","0","0","0","2","0","2","","","","N","","","","","","","","","",""
"2013120761","","1","0","0","0","0","0","0","0","0","7","0","","02","11","2013","3","40.360102","-79.880759","","11","0","0","0","0","0","0","0","0","","0","0","0","","","0","","0","","40 21:36.366","","0","79 52:50.733","0","0","0","0","2473","0","0","0","N","0","0","0","1","02473","0","","5.0","","7","N","N","","0","","0","0","0","","0","","","1","0","0","0","0","0","0","2","0","1","","","","N","","","","","","","","","",""
"2013118457","","1","0","0","0","0","0","0","0","0","1","0","","02","11","2013","4","40.454418","-79.842742","","11","0","0","0","0","0","1","0","0","","0","0","0","","","1","","0","","40 27:15.904","","0","79 50:33.871","4","0","0","0","2113","0","0","0","N","0","0","0","1","02113","1","","1.0","","1","N","N","","1","","0","0","0","","0","","","2","1","0","0","0","0","0","2","0","2","","","","N","","","","","","","","","",""
"2013120763","","1","0","0","0","0","0","0","0","0","4","0","","02","11","2013","7","40.449725","-79.986084","","11","0","0","0","1","0","0","0","0","","0","0","0","","","1","","1","","40 26:59.010","","0","79 59:09.902","4","0","0","0","2301","0","0","0","N","0","0","0","4","02301","1","","1.0","","1","N","N","","0","","0","0","1","","3","","","2","1","0","0","0","0","0","2","0","2","","","","N","","","","","","","","","",""
"2013119679","","2","0","0","0","0","0","0","0","0","1","0","","02","10","2013","1","40.425543","-79.907593","","11","0","0","0","0","0","0","0","0","1","0","0","0","","","0","","0","","40 25:31.955","4","0","79 54:27.333","0","0","0","0","2301","0","0","0","N","0","0","0","3","68B03","0","","1.0","","1","N","N","","0","","0","0","0","","0","N","","2","0","1","0","0","0","0","2","0","2","","","","N","","","","","","","","","",""
"2013119753","","1","0","0","0","0","0","1","0","0","1","1","","02","11","2013","4","40.44892","-79.957814","","11","0","0","0","0","0","1","0","0","","0","0","0","","","0","","2","","40 26:56.112","","0","79 57:28.130","0","0","0","0","2301","0","0","0","N","0","0","0","2","02506","0","","1.0","","1","N","N","","0","","0","0","0","","0","","","2","0","0","0","0","0","0","2","0","2","","","","N","","","","","","","","","",""
"2013120764","","1","0","0","0","0","0","0","0","0","7","0","","02","11","2013","7","40.544432","-79.730399","","11","0","0","0","0","0","0","0","0","3","0","0","0","","","0","","2","","40 32:39.955","5","0","79 43:49.436","9","0","0","0","2466","0","0","0","N","0","0","0","4","02466","0","","5.0","","1","N","N","","0","","0","0","0","","0","N","","1","0","0","0","0","0","3","1","0","1","","","","N","","","","","","","","","",""
"2013121177","","0","0","0","0","0","0","0","0","0","0","1","","02","11","2013","2","40.394993","-79.777055","","11","0","0","0","0","0","1","0","0","3","0","1","0","","","0","","0","","40 23:41.973","6","0","79 46:37.397","0","0","0","0","2424","0","0","0","N","0","0","0","1","02424","0","","1.0","","1","N","N","","0","","0","0","0","","0","Y","","1","0","0","0","0","0","0","2","0","1","","","","N","","","","","","","","","",""
"2013119680","","1","0","0","0","0","0","0","0","0","7","0","","02","10","2013","3","40.552082","-80.086733","","11","0","0","0","0","0","0","0","0","","0","0","0","","","0","","0","","40 33:07.496","","3","80 05:12.240","0","0","0","0","2215","0","0","0","N","0","0","0","1","68B03","0","","2.0","","9","N","N","","0","","0","0","0","","0","","","1","0","0","0","0","0","0","2","0","1","","","","N","","","","","","","","","",""
"2013119071","","1","0","0","0","0","0","0","0","0","7","0","","02","11","2013","3","40.42492","-79.952962","","11","0","0","0","0","0","0","0","0","","0","0","0","","","0","","3","","40 25:29.713","","3","79 57:10.664","0","0","0","0","2301","0","0","0","N","0","0","0","1","02301","0","","2.0","","9","N","N","","0","","0","0","0","","2","","","1","0","0","0","0","0","0","2","0","1","","","","N","","","","","","","","","",""
"2013119819","","0","0","0","0","0","0","0","0","0","7","0","","02","11","2013","3","40.424858","-79.984719","","11","0","0","0","0","0","1","0","0","2","0","0","0","","","1","","0","","40 25:29.488","7","0","79 59:04.988","4","0","0","0","2301","0","0","0","N","0","0","0","2","02301","1","","2.0","","2","N","N","","1","","0","0","0","","0","Y","","1","1","0","0","0","0","0","2","0","1","","","","N","","","","","","","","","",""
"2013121293","","1","0","0","0","0","0","0","0","0","8","0","","02","12","2013","2","40.456421","-79.891913","","11","0","0","0","0","0","0","1","0","","0","0","0","","","1","","1","","40 27:23.115","","0","79 53:30.886","8","0","0","0","2301","1","0","0","N","1","0","0","2","02301","0","","1.0","","1","N","N","","0","","0","0","0","","2","","","2","1","0","0","0","1","0","2","0","1","","","","N","","","","","","","","","",""
"2013119681","","1","0","0","0","0","0","0","0","0","7","0","","02","10","2013","6","40.44357","-80.008911","","11","0","0","0","1","0","0","0","0","","0","0","0","","","0","","0","","40 26:36.852","","2","80 00:32.081","0","0","0","0","2301","0","0","0","N","0","0","0","1","68B03","0","","2.0","","1","N","N","","0","","0","0","0","","0","","","1","0","0","0","0","0","0","2","0","1","","","","N","","","","","","","","","",""
"2013119682","","0","0","0","0","0","0","0","0","0","7","1","","02","11","2013","6","40.445433","-80.009514","","11","0","0","0","0","0","1","0","0","4","0","1","0","","","1","","3","","40 26:43.557","1","3","80 00:34.249","4","0","0","0","2301","0","0","0","Y","0","0","0","1","68B03","1","","7.0","","1","N","N","","0","","0","0","0","","0","Y","","1","1","0","0","0","0","0","2","0","1","","","","N","","","","","","","","","",""
"2013119073","","1","0","0","0","0","0","0","0","0","4","0","","02","11","2013","4","40.49455","-79.93645","","11","0","0","0","0","0","0","0","1","1","0","0","0","","","1","","1","","40 29:40.380","7","0","79 56:11.220","8","0","0","0","2461","0","0","0","N","0","0","0","2","02461","0","","1.0","","1","N","N","","1","","0","0","0","","0","N","","2","1","0","0","0","1","0","2","0","2","","","","N","","","","","","","","","",""
"2013120621","","0","0","0","0","0","0","0","0","0","7","0","","02","11","2013","3","40.463887","-79.902093","","11","0","0","0","0","0","0","0","0","","0","0","0","","","1","","1","","40 27:49.993","","0","79 54:07.534","8","0","0","0","2301","0","0","0","N","0","0","0","3","02301","0","","2.0","","6","N","N","","1","","0","0","0","","3","","","1","1","1","0","0","1","0","2","0","1","","","","N","","","","","","","","","",""
"2013119835","","2","0","0","0","0","0","0","0","0","2","0","","02","11","2013","1","40.5034","-80.025118","","11","0","0","0","0","0","1","0","1","","0","0","0","","","0","","1","","40 30:12.241","","0","80 01:30.426","0","0","0","0","2116","0","0","0","N","0","0","0","2","02116","0","","1.0","","1","N","N","","0","","0","0","0","","2","","","2","0","0","0","0","0","0","2","0","2","","","","N","","","","","","","","","",""
"2013118401","","1","0","0","0","0","0","0","0","0","1","0","","02","11","2013","7","40.490782","-79.884762","","11","0","0","0","1","0","0","0","0","1","0","0","0","","","1","","0","","40 29:26.815","1","0","79 53:05.143","8","0","0","0","2112","0","0","0","Y","0","0","0","5","68D02","0","","1.0","","9","N","N","","0","","0","0","1","","0","N","","2","1","0","0","0","1","0","2","0","2","","","","N","","","","","","","","","",""
"2013118461","","2","0","0","0","0","0","0","0","0","1","0","","02","11","2013","1","40.513819","-80.154628","","11","0","0","0","0","0","0","0","0","","0","0","0","","","0","","0","","40 30:49.749","","0","80 09:16.661","0","0","0","0","2420","0","0","0","N","0","0","0","1","02420","0","","1.0","","1","N","N","","1","","0","0","1","","0","","","4","0","0","0","0","0","0","2","0","4","","","","N","","","","","","","","","",""
"2013119683","","1","0","0","0","0","0","0","0","0","1","0","","02","11","2013","3","40.416332","-80.085384","","11","0","0","0","0","0","0","0","0","","0","0","0","","","0","","0","","40 24:58.794","","0","80 05:07.382","0","0","0","0","2415","0","0","0","N","0","0","0","2","68B03","0","","1.0","","2","N","N","","1","","0","0","0","","0","","","2","0","0","0","0","0","0","2","0","2","","","","N","","","","","","","","","",""
"2013118403","","0","0","0","0","0","0","0","0","0","7","0","","02","11","2013","1","40.669577","-79.714297","","11","0","0","0","0","0","0","0","0","","0","0","0","","","0","","0","","40 40:10.477","","0","79 42:51.469","0","0","0","0","2106","0","0","0","Y","0","0","0","2","68D02","0","","2.0","","2","N","N","","0","","0","0","1","","0","","","1","0","0","0","0","0","0","2","0","1","","","","N","","","","","","","","","",""
"2013119904","","1","0","0","0","0","0","0","0","0","7","0","","02","11","2013","3","40.345534","-80.164764","","11","0","0","0","0","0","0","0","0","","0","0","0","","","0","","0","","40 20:43.922","","0","80 09:53.149","0","0","0","0","2119","0","0","0","N","0","0","0","1","02119","0","","3.0","","6","N","N","","0","","0","0","0","","0","","","1","0","0","0","0","0","0","2","0","1","","","","N","","","","","","","","","",""
"2013120704","","2","0","0","0","0","0","0","0","0","1","0","","02","11","2013","4","40.578036","-79.785467","","11","0","0","0","1","0","0","0","0","","0","0","0","","","0","","0","","40 34:40.931","","0","79 47:07.680","0","0","0","0","2104","0","0","0","N","0","0","0","4","68D02","0","","1.0","","98","N","N","","0","","0","0","0","","0","","","2","0","0","0","0","0","0","2","0","2","","","","N","","","","","","","","","",""
"2013118463","","0","0","0","0","0","0","0","0","0","7","0","","02","11","2013","1","40.458182","-79.999264","","11","0","0","0","0","0","0","0","0","1","0","0","0","","","0","","2","","40 27:29.455","2","99","79 59:57.349","0","0","0","0","2301","0","0","0","N","0","0","0","1","02301","0","","9.0","","1","N","N","","0","","0","0","1","","0","N","","1","0","0","0","0","0","0","2","0","1","","","","N","","","","","","","","","",""
"2013119622","","1","0","0","0","0","0","0","0","0","7","0","","02","11","2013","3","40.359451","-79.980639","","11","0","0","0","0","0","0","0","0","","0","0","0","","","0","","2","","40 21:34.025","","0","79 58:50.302","0","0","0","0","2476","0","0","0","N","0","0","0","1","02476","0","","4.0","","7","N","N","","0","","0","0","0","","3","","","1","0","0","0","0","0","0","2","0","1","","","","N","","","","","","","","","",""
"2013118465","","1","0","0","0","0","0","0","0","0","4","0","","02","11","2013","1","40.343039","-79.891537","","11","0","0","0","0","0","0","0","0","2","0","0","0","","","0","","2","","40 20:34.941","4","0","79 53:29.533","0","0","0","0","2423","0","0","0","N","0","0","0","2","02304","0","","1.0","","1","N","N","","0","","0","0","1","","0","N","","2","0","0","0","0","0","0","2","0","2","","","","N","","","","","","","","","",""
"2013118874","","1","0","0","0","0","0","0","0","0","7","0","","02","11","2013","1","40.653493","-79.725084","","11","0","0","0","0","0","0","0","0","","0","0","0","","","0","","0","","40 39:12.574","","0","79 43:30.304","0","0","0","0","2202","0","0","0","N","0","0","0","2","68D02","0","","5.0","","9","N","N","","0","","0","0","0","","0","","","1","0","0","0","0","0","0","1","0","1","","","","N","","","","","","","","","",""
"2013121183","","1","0","0","0","0","0","0","0","0","4","0","","02","12","2013","2","40.404996","-80.033481","","11","0","0","0","0","0","0","0","0","2","0","0","0","","","0","","2","","40 24:17.985","4","0","80 02:00.531","9","0","0","0","2301","0","0","0","N","0","0","0","2","02301","0","","2.0","","9","N","N","","0","","0","0","0","","3","N","","2","0","0","0","0","0","1","2","0","2","","","","N","","","","","","","","","",""
"2013119077","","0","0","0","0","0","0","0","0","0","7","0","","02","11","2013","3","40.669616","-80.106628","","11","0","0","0","0","0","0","0","0","2","0","0","0","","","0","","0","","40 40:10.617","3","0","80 06:23.860","0","0","0","0","2212","0","0","0","N","0","0","0","1","02505","0","","2.0","","7","N","N","","0","","0","0","1","","0","N","","1","0","0","0","0","0","0","2","0","1","","","","N","","","","","","","","","",""
"2013119906","","1","0","0","0","0","0","0","0","0","4","0","","02","11","2013","1","40.555679","-79.870112","","11","0","1","0","0","0","0","0","0","","0","0","0","","","1","N","0","","40 33:20.446","","7","79 52:12.404","4","0","0","0","2209","0","0","0","N","0","0","0","2","02209","1","","1.0","","1","N","N","","0","","0","0","1","","3","","","2","1","0","0","0","0","0","2","0","2","","","","N","","","","","","","","","",""
"2013121185","","1","0","0","0","0","0","0","0","0","7","0","","02","12","2013","2","40.480606","-80.026008","","11","0","0","0","1","0","0","0","0","1","0","0","0","","","1","","0","","40 28:50.181","1","0","80 01:33.628","4","0","0","0","2301","0","0","0","N","0","0","0","1","02301","1","","5.0","","1","N","N","","0","","0","0","0","","0","N","","1","1","1","0","0","0","0","2","0","1","","","","N","","","","","","","","","",""
"2013119687","","1","0","0","0","0","0","0","0","0","7","0","","02","11","2013","7","40.607292","-79.763268","","11","0","0","0","0","0","0","0","0","","0","0","0","","","1","","0","","40 36:26.251","","0","79 45:47.766","4","0","0","0","2464","0","0","0","N","0","0","0","1","68D02","1","","4.0","","2","N","N","","0","","0","0","0","","0","","","1","1","1","0","0","0","0","2","0","1","","","","N","","","","","","","","","",""
"2013119907","","1","0","0","0","0","0","0","0","0","7","0","","02","11","2013","3","40.561023","-79.905052","","11","0","0","0","0","0","0","0","0","","0","0","0","","","1","","3","","40 33:39.681","","0","79 54:18.186","4","0","0","0","2209","0","0","0","N","0","0","0","1","02209","1","","2.0","","7","N","N","","0","","0","0","0","","0","","","1","1","0","0","0","0","0","2","0","1","","","","N","","","","","","","","","",""
"2013119688","","1","0","0","0","0","0","0","0","0","7","0","","02","11","2013","7","40.607292","-79.763268","","11","0","0","0","0","1","0","0","0","","0","0","0","","","0","","0","","40 36:26.251","","0","79 45:47.766","0","0","0","0","2464","0","0","0","N","0","0","0","1","68D02","0","","4.0","","2","N","N","","0","","0","0","0","","0","","","1","0","0","0","0","0","0","2","0","1","","","","N","","","","","","","","","",""
"2013120500","","1","0","0","0","0","0","0","0","0","7","0","","02","11","2013","5","40.47565","-79.864541","","11","0","0","0","0","0","0","0","0","","0","0","0","","","1","","0","","40 28:32.340","","0","79 51:52.347","4","0","0","0","2113","0","0","0","N","0","0","0","1","02113","1","","5.0","","1","N","N","","0","","0","0","0","","0","","","1","1","0","0","0","0","0","2","0","1","","","","N","","","","","","","","","",""
"2013119762","","1","0","0","0","0","0","0","0","0","6","0","","02","11","2013","3","40.452156","-80.052671","","11","0","0","0","0","0","0","0","0","","0","0","0","","","0","","2","","40 27:07.761","","0","80 03:09.615","0","0","0","0","2301","0","0","0","N","0","0","0","2","02301","0","","1.0","","7","Y","N","","0","","0","0","0","","0","","","2","0","0","0","0","0","0","2","1","2","","","","N","","","","","","","","","",""
"2013121248","","0","0","0","0","0","0","0","0","0","7","0","","02","12","2013","2","40.471419","-79.986397","","11","0","0","0","0","0","0","0","0","","0","0","0","","","0","","0","","40 28:17.108","","0","79 59:11.029","0","0","0","0","2301","0","0","0","N","0","0","0","1","02301","0","","2.0","","1","N","N","","0","","0","0","0","","0","","","1","0","0","0","0","0","0","2","1","1","","","","N","","","","","","","","","",""
"2013119908","","1","0","1","0","0","0","0","0","0","7","0","","02","11","2013","1","40.343061","-80.034856","","11","0","0","0","0","0","0","0","0","1","0","0","0","","","3","","0","","40 20:35.020","3","0","80 02:05.480","2","0","0","0","2407","0","0","0","N","0","0","0","4","02407","1","","2.0","","9","N","N","","0","","1","1","0","","0","Y","","1","3","0","0","0","0","0","2","0","1","","","","N","","","","","","","","","",""
"2013119627","","0","0","0","0","0","0","0","0","0","7","0","","02","11","2013","2","40.260269","-79.888038","","11","0","0","0","0","0","1","0","0","2","0","0","0","","","0","","2","","40 15:36.967","1","0","79 53:16.938","0","0","0","0","2204","0","0","0","N","0","0","0","1","02204","0","","5.0","","1","N","N","","1","","0","0","0","","3","N","","1","0","0","0","0","0","0","1","0","1","","","","N","","","","","","","","","",""
"2013121187","","0","0","0","0","0","0","0","0","0","7","0","","02","12","2013","2","40.429979","-79.957805","","11","0","0","0","0","0","0","0","0","","0","0","0","","","2","","2","","40 25:47.923","","0","79 57:28.097","8","0","0","0","2301","0","0","0","N","0","0","0","2","02301","0","","2.0","","1","N","N","","0","","0","0","1","","2","","","1","2","1","0","0","2","0","2","0","1","","","","N","","","","","","","","","",""
"2013121200","","2","0","0","0","0","0","0","0","0","2","0","","02","12","2013","1","40.442216","-80.008569","","11","0","0","0","0","0","0","0","0","","0","0","0","","","0","","0","","40 26:31.979","","8","80 00:30.847","9","0","0","0","2301","0","0","0","N","0","0","0","2","02301","0","","1.0","","1","N","N","","0","","0","0","0","","0","","","2","0","0","0","0","0","1","2","0","2","","","","N","","","","","","","","","",""
"2013121249","","1","1","0","0","0","0","0","0","0","1","0","99","02","12","2013","2","40.494664","-80.316602","","11","0","0","0","0","0","0","0","1","3","1","0","0","","","0","","0","","40 29:40.789","3","0","80 18:59.766","1","0","0","0","2203","0","0","0","N","0","0","0","1","02203","0","2","1.0","","1","N","N","","1","0","0","0","0","","7","N","","2","0","0","0","0","0","0","1","0","2","","","Y","Y","3","3","","Y","N","","","","",""
"2013119909","","2","0","0","0","0","0","0","0","0","4","0","","02","11","2013","1","40.329029","-80.061355","","11","0","0","0","0","0","2","0","0","1","0","0","0","","","0","","2","","40 19:44.504","1","0","80 03:40.878","0","0","0","0","2407","0","0","0","N","0","0","0","5","02407","0","","1.0","","9","N","N","","0","","0","0","1","","3","N","","3","0","0","0","0","0","0","2","0","3","","","","N","","","","","","","","","",""