"CRN","ARRIVAL_TM","AUTOMOBILE_COUNT","BELTED_DEATH_COUNT","BELTED_SUSP_SERIOUS_INJ_COUNT","BICYCLE_COUNT","BICYCLE_DEATH_COUNT","BICYCLE_SUSP_SERIOUS_INJ_COUNT","BUS_COUNT","CHLDPAS_DEATH_COUNT","CHLDPAS_SUSP_SERIOUS_INJ_COUNT","COLLISION_TYPE","COMM_VEH_COUNT","CONS_ZONE_SPD_LIM","COUNTY","CRASH_MONTH","CRASH_YEAR","DAY_OF_WEEK","DEC_LATITUDE","DEC_LONGITUDE","DISPATCH_TM","DISTRICT","DRIVER_COUNT_16YR","DRIVER_COUNT_17YR","DRIVER_COUNT_18YR","DRIVER_COUNT_19YR","DRIVER_COUNT_20YR","DRIVER_COUNT_50_64YR","DRIVER_COUNT_65_74YR","DRIVER_COUNT_75PLUS","EST_HRS_CLOSED","FATAL_COUNT","HEAVY_TRUCK_COUNT","HORSE_BUGGY_COUNT","HOUR_OF_DAY","ILLUMINATION","INJURY_COUNT","INTERSECTION_RELATED","INTERSECT_TYPE","LANE_CLOSED","LATITUDE","LN_CLOSE_DIR","LOCATION_TYPE","LONGITUDE","MAX_SEVERITY_LEVEL","MCYCLE_DEATH_COUNT","MCYCLE_SUSP_SERIOUS_INJ_COUNT","MOTORCYCLE_COUNT","MUNICIPALITY","NONMOTR_COUNT","NONMOTR_DEATH_COUNT","NONMOTR_SUSP_SERIOUS_INJ_COUNT","NTFY_HIWY_MAINT","PED_COUNT","PED_DEATH_COUNT","PED_SUSP_SERIOUS_INJ_COUNT","PERSON_COUNT","POLICE_AGCY","POSSIBLE_INJ_COUNT","RDWY_SURF_TYPE_CD","RELATION_TO_ROAD","ROADWAY_CLEARED","ROAD_CONDITION","SCH_BUS_IND","SCH_ZONE_IND","SECONDARY_CRASH","SMALL_TRUCK_COUNT","SPEC_JURIS_CD","SUSP_MINOR_INJ_COUNT","SUSP_SERIOUS_INJ_COUNT","SUV_COUNT","TCD_FUNC_CD","TCD_TYPE","TFC_DETOUR_IND","TIME_OF_DAY","TOTAL_UNITS","TOT_INJ_COUNT","UNBELTED_OCC_COUNT","UNB_DEATH_COUNT","UNB_SUSP_SERIOUS_INJ_COUNT","UNK_INJ_DEG_COUNT","UNK_INJ_PER_COUNT","URBAN_RURAL","VAN_COUNT","VEHICLE_COUNT","WEATHER1","WEATHER2","WORKERS_PRES","WORK_ZONE_IND","WORK_ZONE_LOC","WORK_ZONE_TYPE","WZ_CLOSE_DETOUR","WZ_FLAGGER","WZ_LAW_OFFCR_IND","WZ_LN_CLOSURE","WZ_MOVING","WZ_OTHER","WZ_SHLDER_MDN","WZ_WORKERS_INJ_KILLED"
"2013119220","","0","0","0","0","0","0","0","0","0","4","0","","02","11","2013","3","40.43804","-79.917737","","11","0","0","0","1","0","0","0","0","","0","0","0","","","0","","1","","40 26:16.944","","0","79 55:03.853","0","0","0","0","2301","0","0","0","N","0","0","0","2","02301","0","","1.0","","6","N","N","","0","","0","0","2","","3","","","2","0","0","0","0","0","0","2","0","2","","","","N","","","","","","","","","",""
"2013119628","","2","0","0","0","0","0","0","0","0","1","0","","02","11","2013","3","40.455775","-79.965885","","11","0","0","0","0","0","0","0","0","1","0","0","0","","","0","","5","","40 27:20.789","2","0","79 57:57.187","0","0","0","0","2301","0","0","0","N","0","0","0","3","02301","0","","1.0","","9","N","N","","0","","0","0","0","","2","N","","2","0","0","0","0","0","0","2","0","2","","","","N","","","","","","","","","",""
"2013121250","","1","0","0","0","0","0","0","0","0","7","0","","02","12","2013","2","40.425905","-79.750526","","11","0","0","0","0","0","0","0","0","","0","0","0","","","0","","0","","40 25:33.258","","0","79 45:01.893","0","0","0","0","2446","0","0","0","N","0","0","0","1","02446","0","","5.0","","1","N","N","","0","","0","0","0","","0","","","1","0","0","0","0","0","0","2","0","1","","","","N","","","","","","","","","",""
"2013119910","","1","0","0","0","0","0","0","0","0","4","0","","02","11","2013","4","40.346883","-80.049018","","11","0","0","0","0","0","0","0","1","1","0","0","0","","","1","","0","","40 20:48.780","1","7","80 02:56.463","4","0","0","0","2407","0","0","0","N","0","0","0","3","02407","1","","1.0","","1","N","N","","1","","0","0","0","","3","N","","2","1","1","0","0","0","0","2","0","2","","","","N","","","","","","","","","",""
"2013121202","","1","0","0","0","0","0","0","0","0","4","0","","02","12","2013","1","40.368538","-79.970836","","11","0","1","0","0","0","0","0","0","1","0","0","0","","","0","","0","","40 22:06.738","1","99","79 58:15.010","0","0","0","0","2413","0","0","0","N","0","0","0","1","02413","0","","4.0","","1","N","N","","1","","0","0","1","","0","N","","3","0","0","0","0","0","0","2","0","3","","","","N","","","","","","","","","",""
"2013119911","","2","0","0","0","0","0","0","0","0","1","0","","02","11","2013","6","40.355536","-80.030054","","11","0","0","1","0","0","0","1","0","1","0","0","0","","","2","","0","","40 21:19.930","3","0","80 01:48.196","8","0","0","0","2407","0","0","0","N","0","0","0","6","02407","0","","1.0","","9","N","N","","0","","0","0","0","","0","N","","2","2","2","0","0","2","0","2","0","2","","","","N","","","","","","","","","",""
"2013120581","","2","0","0","0","0","0","0","0","0","2","0","","02","11","2013","6","40.544583","-80.035882","","11","0","0","0","0","0","0","0","1","1","0","0","0","","","1","","1","","40 32:40.497","1","0","80 02:09.174","8","0","0","0","2116","0","0","0","N","0","0","0","3","02116","0","","1.0","","1","N","N","","0","","0","0","0","","2","N","","2","1","0","0","0","1","0","2","0","2","","","","N","","","","","","","","","",""
"2013119912","","2","0","0","0","0","0","0","0","0","4","0","","02","11","2013","7","40.327799","-80.035564","","11","0","0","0","0","0","1","0","0","1","0","0","0","","","1","","0","","40 19:40.076","6","0","80 02:08.029","8","0","0","0","2407","0","0","0","N","0","0","0","2","02407","0","","1.0","","2","N","N","","0","","0","0","0","","0","Y","","2","1","0","0","0","1","0","2","0","2","","","","N","","","","","","","","","",""
"2013119085","","1","0","0","0","0","0","0","0","0","1","1","","02","11","2013","4","40.578272","-79.832334","","11","0","0","0","0","0","0","1","0","1","0","1","0","","","0","","0","","40 34:41.779","4","0","79 49:56.402","0","0","0","0","2209","0","0","0","N","0","0","0","2","02209","0","","1.0","","1","N","N","","0","","0","0","0","","0","N","","2","0","0","0","0","0","0","1","0","2","","","","N","","","","","","","","","",""
"2013119913","","1","0","0","0","0","0","0","0","0","7","0","","02","11","2013","7","40.32902","-80.050935","","11","0","0","0","0","1","0","0","0","1","0","0","0","","","0","","0","","40 19:44.473","6","0","80 03:03.366","0","0","0","0","2407","0","0","0","N","0","0","0","2","02407","0","","4.0","","2","N","N","","0","","0","0","1","","0","N","","2","0","0","0","0","0","0","2","0","2","","","","N","","","","","","","","","",""
"2013118474","","0","0","0","0","0","0","0","0","0","7","0","","02","11","2013","1","40.324005","-79.992734","","11","0","0","0","0","0","0","0","0","1","0","0","0","","","0","","0","","40 19:26.419","5","0","79 59:33.844","0","0","0","0","2219","0","0","0","N","0","0","0","1","02219","0","","5.0","","9","N","N","","1","","0","0","0","","0","Y","","1","0","0","0","0","0","0","2","0","1","","","","N","","","","","","","","","",""
"2013119769","","1","0","0","0","0","0","0","0","0","7","0","","02","11","2013","4","40.473615","-79.903783","","11","0","0","0","0","0","0","0","0","","0","0","0","","","0","","0","","40 28:25.013","","0","79 54:13.617","0","0","0","0","2301","0","0","0","N","0","0","0","1","02301","0","","2.0","","2","N","N","","0","","0","0","0","","0","","","1","0","0","0","0","0","0","2","0","1","","","","N","","","","","","","","","",""
"2013121255","","1","0","0","0","0","0","0","0","0","7","0","","02","11","2013","3","40.581702","-80.145209","","11","0","1","0","0","0","0","0","0","","0","0","0","","","0","","0","","40 34:54.128","","0","80 08:42.754","0","0","0","0","2459","0","0","0","N","0","0","0","2","02459","0","","4.0","","6","N","N","","0","","0","0","0","","0","","","1","0","0","0","0","0","0","1","0","1","","","","N","","","","","","","","","",""
"2013119098","","0","0","0","0","0","0","0","0","0","7","0","","02","11","2013","1","40.551778","-80.086784","","11","0","0","0","0","0","0","0","0","","0","0","0","","","0","","0","","40 33:06.399","","0","80 05:12.424","0","0","0","0","2215","0","0","0","N","0","0","0","1","68B03","0","","2.0","","9","N","N","","1","","0","0","0","","0","","","1","0","0","0","0","0","0","2","0","1","","","","N","","","","","","","","","",""
"2013120727","","2","0","0","0","0","0","0","0","0","4","0","","02","11","2013","4","40.431774","-79.893294","","11","0","0","0","0","0","1","0","0","2","0","0","0","","","1","","1","","40 25:54.386","5","0","79 53:35.858","4","0","0","0","2426","0","0","0","N","0","0","0","3","02426","1","","1.0","","1","N","N","","0","","0","0","1","","0","Y","","3","1","1","0","0","0","0","2","0","3","","","","N","","","","","","","","","",""
"2013119099","","2","0","0","0","0","0","0","0","0","1","0","","02","11","2013","1","40.431426","-80.025483","","11","0","0","0","0","0","0","1","0","1","0","0","0","","","0","","0","","40 25:53.132","4","0","80 01:31.737","9","0","0","0","2301","0","0","0","Y","0","0","0","3","68B03","0","","1.0","","9","N","N","","0","","0","0","1","","0","N","","3","0","0","0","0","0","1","2","0","3","","","","N","","","","","","","","","",""
"2013121194","","2","0","0","0","0","0","0","0","0","4","0","","02","12","2013","2","40.424359","-79.971291","","11","0","0","0","0","0","1","0","0","","0","0","0","","","0","","0","","40 25:27.692","","0","79 58:16.647","0","0","0","0","2301","0","0","0","N","0","0","0","1","02301","0","","1.0","","1","N","N","","0","","0","0","0","","0","","","2","0","1","0","0","0","0","2","0","2","","","","N","","","","","","","","","",""
"2013119648","","1","0","0","0","0","0","0","0","0","4","0","","02","11","2013","7","40.35606","-80.04513","","11","0","0","0","0","0","1","0","1","2","0","0","0","","","1","","1","","40 21:21.815","3","0","80 02:42.469","4","0","0","0","2109","0","0","0","N","0","0","0","3","02109","1","","1.0","","1","N","N","","0","","0","0","1","","2","Y","","2","1","0","0","0","0","0","2","0","2","","","","N","","","","","","","","","",""
"2013120510","","1","0","0","0","0","0","0","0","0","7","0","","02","11","2013","6","40.534691","-79.76534","","11","0","0","0","0","0","0","0","0","2","0","0","0","","","0","","0","","40 32:04.886","4","0","79 45:55.223","9","0","0","0","2466","0","0","0","N","0","0","0","3","02466","0","","2.0","","2","N","N","","0","","0","0","0","","0","N","","1","0","0","0","0","0","1","1","0","1","","","","N","","","","","","","","","",""
"2013119771","","1","0","0","0","0","0","0","0","0","4","0","","02","11","2013","3","40.336448","-79.89578","","11","0","0","0","0","0","1","0","0","2","0","0","0","","","3","","0","","40 20:11.213","1","0","79 53:44.807","8","0","0","0","2473","0","0","0","N","0","0","0","3","02473","0","","1.0","","9","N","N","","1","","0","0","0","","0","N","","2","3","0","0","0","3","0","2","0","2","","","","N","","","","","","","","","",""
"2013119100","","1","0","0","0","0","0","0","0","0","7","0","","02","11","2013","2","40.445488","-80.174709","","11","0","1","0","0","0","0","0","0","2","0","0","0","","","0","","0","","40 26:43.758","4","0","80 10:28.952","0","0","0","0","2214","0","0","0","N","0","0","0","1","68B03","0","","3.0","","1","N","N","","0","","0","0","0","","0","N","","1","0","0","0","0","0","0","2","0","1","","","","N","","","","","","","","","",""
"2013119784","","1","0","0","0","0","0","0","0","0","8","0","","02","11","2013","3","40.397825","-79.90176","","11","0","0","0","0","0","0","0","0","","0","0","0","","","1","","2","","40 23:52.170","","0","79 54:06.336","4","0","0","0","2448","1","0","0","N","1","0","0","2","02448","1","","1.0","","9","N","N","","0","","0","0","0","","2","","","2","1","0","0","0","0","0","2","0","1","","","","N","","","","","","","","","",""
"2013119101","","0","0","0","0","0","0","0","0","0","0","0","","02","11","2013","3","40.437115","-80.204752","","11","0","0","0","0","0","0","0","0","","0","0","0","","","0","","0","","40 26:13.614","","2","80 12:17.106","0","0","0","0","2214","0","0","0","N","0","0","0","1","68B03","0","","1.0","","1","N","N","","0","","0","0","1","","0","","","1","0","0","0","0","0","0","1","0","1","","","","N","","","","","","","","","",""
"2013121197","","3","0","0","0","0","0","0","0","0","5","0","","02","12","2013","1","40.421881","-79.987996","","11","0","0","0","0","0","0","0","0","","0","0","0","","","0","","0","","40 25:18.771","","0","79 59:16.785","0","0","0","0","2301","0","0","0","N","0","0","0","2","02301","0","","1.0","","1","N","N","","0","","0","0","0","","0","","","3","0","0","0","0","0","0","2","0","3","","","","N","","","","","","","","","",""
"2013119785","","1","0","0","0","0","0","0","0","0","1","0","","02","11","2013","3","40.667807","-80.096549","","11","0","0","0","1","0","0","0","0","","0","0","0","","","0","","0","","40 40:04.105","","0","80 05:47.577","0","0","0","0","2212","0","0","0","N","0","0","0","5","02505","0","","1.0","","9","N","N","","1","","0","0","0","","0","","","2","0","0","0","0","0","0","2","0","2","","","","N","","","","","","","","","",""
"2013121261","","1","0","0","0","0","0","0","0","0","7","0","","02","11","2013","5","40.473865","-80.071958","","11","0","0","0","0","0","0","0","0","3","0","0","0","","","2","","0","","40 28:25.914","5","4","80 04:19.048","3","0","0","0","2122","0","0","0","N","0","0","0","3","02122","1","","4.0","","1","N","N","","0","","1","0","0","","0","Y","","1","2","0","0","0","0","0","2","0","1","","","","N","","","","","","","","","",""
"2013119102","","0","0","0","0","0","0","0","0","0","1","0","","02","11","2013","4","40.430052","-80.134995","","11","0","0","0","0","0","0","0","0","1","0","0","0","","","1","","0","","40 25:48.186","3","0","80 08:05.981","4","0","0","0","2102","0","0","0","N","0","0","0","5","68B03","1","","1.0","","1","N","N","","0","","0","0","2","","0","N","","2","1","0","0","0","0","0","2","0","2","","","","N","","","","","","","","","",""
"2013120653","","3","0","0","0","0","0","0","0","0","4","0","","02","11","2013","6","40.480092","-80.041076","","11","0","0","0","0","0","1","0","0","","0","0","0","","","1","","1","","40 28:48.331","","0","80 02:27.873","8","0","0","0","2301","0","0","0","N","0","0","0","2","02301","0","","1.0","","1","N","N","","0","","0","0","0","","2","","","3","1","0","0","0","1","0","2","0","3","","","","N","","","","","","","","","",""
"2013120513","","1","0","0","0","0","0","0","0","0","4","0","","02","11","2013","6","40.445446","-79.765266","","11","0","1","1","0","0","0","0","0","","0","0","0","","","1","","2","","40 26:43.605","","0","79 45:54.957","4","0","0","0","2446","0","0","0","N","0","0","0","3","02446","1","","1.0","","1","N","N","","1","","0","0","0","","0","","","2","1","0","0","0","0","0","2","0","2","","","","N","","","","","","","","","",""
"2013119041","","1","0","0","0","0","0","0","0","0","1","0","","02","11","2013","7","","","","11","0","0","0","0","0","0","0","0","1","0","0","0","","","0","","10","","","2","3","","9","0","0","0","2301","0","0","0","N","0","0","0","5","02301","0","","1.0","","2","N","N","","0","","0","0","0","","0","Y","","2","0","0","0","0","0","1","1","0","2","","","","N","","","","","","","","","",""
"2013120589","","0","0","0","0","0","0","0","0","0","4","0","","02","11","2013","6","40.510867","-79.956966","","11","0","0","0","0","0","2","0","0","1","0","0","0","","","0","","2","","40 30:39.120","2","0","79 57:25.078","0","0","0","0","2118","0","0","0","N","0","0","0","2","02118","0","","1.0","","1","N","N","","0","","0","0","1","","3","N","","2","0","0","0","0","0","0","2","1","2","","","","N","","","","","","","","","",""
"2013119103","","1","0","0","0","0","0","0","0","0","5","1","","02","11","2013","4","40.420648","-80.032075","","11","0","0","0","0","1","1","0","0","","0","1","0","","","0","","0","","40 25:14.331","","0","80 01:55.471","0","0","0","0","2301","0","0","0","N","0","0","0","2","68B03","0","","1.0","","1","N","N","","0","","0","0","0","","0","","","2","0","0","0","0","0","0","2","0","2","","","","N","","","","","","","","","",""
"2013119026","","2","0","0","0","0","0","0","0","0","4","0","","02","11","2013","2","40.343343","-79.829271","","11","0","0","0","0","0","0","1","0","1","0","0","0","","","1","","1","","40 20:36.034","2","0","79 49:45.375","3","0","0","0","2304","0","0","0","N","0","0","0","3","02304","0","","2.0","","1","N","Y","","0","","1","0","0","","0","N","","2","1","1","0","0","0","0","2","0","2","","","","N","","","","","","","","","",""
"2013119775","","0","0","0","0","0","0","0","0","0","7","0","","02","11","2013","4","40.465525","-79.803736","","11","0","0","0","0","0","0","0","0","2","0","0","0","","","0","","0","","40 27:55.890","6","0","79 48:13.449","0","0","0","0","2113","0","0","0","N","0","0","0","1","02113","0","","5.0","","2","N","N","","0","","0","0","0","","0","N","","1","0","0","0","0","0","0","2","1","1","","","","N","","","","","","","","","",""
"2013121264","","1","0","0","0","0","0","0","0","0","7","0","","02","12","2013","2","40.426153","-80.018547","","11","0","0","0","0","0","0","0","0","1","0","0","0","","","0","","2","","40 25:34.150","3","0","80 01:06.770","0","0","0","0","2301","0","0","0","N","0","0","0","2","02301","0","","4.0","","1","N","N","","0","","0","0","0","","2","N","","1","0","0","0","0","0","0","2","0","1","","","","N","","","","","","","","","",""
"2013119104","","1","0","0","0","0","0","0","0","0","5","0","","02","11","2013","4","40.648259","-80.095064","","11","0","0","0","0","0","0","0","0","1","0","0","0","","","1","","0","","40 38:53.732","1","0","80 05:42.232","4","0","0","0","2212","0","0","0","N","0","0","0","2","68B03","1","","1.0","","1","N","N","","0","","0","0","0","","0","N","","2","1","0","0","0","0","0","2","0","2","","","","N","","","","","","","","","",""
"2013120722","","0","0","0","0","0","0","0","0","0","7","0","","02","11","2013","4","40.324807","-80.01689","","11","0","0","0","0","0","0","0","0","","0","0","0","","","0","","0","","40 19:29.305","","0","80 01:00.804","0","0","0","0","2407","0","0","0","N","0","0","0","1","02501","0","","1.0","","7","N","N","","1","","0","0","0","","0","","","1","0","0","0","0","0","0","2","0","1","","","","N","","","","","","","","","",""
"2013121265","","0","0","0","0","0","0","0","0","0","4","0","","02","12","2013","1","40.373041","-80.099257","","11","0","0","1","0","0","0","1","0","2","0","0","0","","","0","","2","","40 22:22.946","5","2","80 05:57.324","0","0","0","0","2102","0","0","0","N","0","0","0","2","02102","0","","7.0","","1","Y","N","","1","","0","0","1","","2","Y","","2","0","1","0","0","0","0","2","0","2","","","","N","","","","","","","","","",""
"2013119105","","1","0","0","0","0","0","0","0","0","1","0","","02","11","2013","4","40.449702","-80.167661","","11","0","0","0","0","0","0","0","0","","0","0","0","","","0","","0","","40 26:58.926","","0","80 10:03.579","0","0","0","0","2115","0","0","0","N","0","0","0","2","68B03","0","","1.0","","1","N","N","","0","","0","0","0","","0","","","2","0","0","0","0","0","0","2","1","2","","","","N","","","","","","","","","",""
"2013120723","","1","0","0","0","0","0","0","0","0","3","1","90","02","11","2013","6","40.440335","-80.03189","","11","0","0","0","0","0","1","0","0","","0","1","0","","","0","","0","","40 26:25.207","","0","80 01:54.805","0","0","0","0","2301","0","0","0","N","0","0","0","2","02301","0","","1.0","","1","N","N","","0","","0","0","0","","8","","","2","0","0","0","0","0","0","2","0","2","","","Y","Y","8","8","Y","","Y","Y","","","",""
"2013119106","","2","0","0","0","0","0","0","0","0","1","0","","02","11","2013","6","40.515565","-80.133971","","11","0","0","0","0","0","0","0","0","","0","0","0","","","1","","0","","40 30:56.035","","3","80 08:02.295","4","0","0","0","2110","0","0","0","N","0","0","0","4","68B03","1","","1.0","","9","N","N","","0","","0","0","0","","0","","","2","1","0","0","0","0","0","2","0","2","","","","N","","","","","","","","","",""
"2013119107","","0","0","0","0","0","0","0","0","0","7","0","","02","11","2013","7","40.438348","-80.193793","","11","0","0","0","0","0","0","0","0","2","0","0","0","","","2","","0","","40 26:18.051","4","0","80 11:37.656","4","0","0","0","2214","0","0","0","N","0","0","0","3","68B03","2","","3.0","","2","N","N","","0","","0","0","1","","0","N","","1","2","0","0","0","0","0","1","0","1","","","","N","","","","","","","","","",""
"2013119108","","0","0","0","0","0","0","0","0","0","4","0","","02","11","2013","7","40.467465","-80.23787","","11","0","0","0","0","0","1","0","0","2","0","0","0","","","0","","0","","40 28:02.874","3","0","80 14:16.331","0","0","0","0","2203","0","0","0","N","0","0","0","5","68B03","0","","1.0","","2","N","N","","0","","0","0","2","","0","N","","2","0","0","0","0","0","0","2","0","2","","","","N","","","","","","","","","",""
"2013119034","","2","0","0","0","0","0","0","0","0","1","0","","02","11","2013","2","40.430028","-79.998803","","11","0","0","0","0","0","1","0","0","","0","0","0","","","1","","2","","40 25:48.102","","0","79 59:55.690","4","0","0","0","2301","0","0","0","N","0","0","0","2","02301","1","","1.0","","1","N","N","","0","","0","0","0","","3","","","2","1","0","0","0","0","0","2","0","2","","","","N","","","","","","","","","",""
"2013119109","","0","0","0","0","0","0","0","0","0","7","0","","02","11","2013","7","40.437352","-80.214325","","11","0","1","0","0","0","0","0","0","2","0","0","0","","","0","","0","","40 26:14.466","4","0","80 12:51.569","0","0","0","0","2214","0","0","0","N","0","0","0","2","68B03","0","","3.0","","2","N","N","","1","","0","0","0","","0","N","","1","0","0","0","0","0","0","2","0","1","","","","N","","","","","","","","","",""
"2013120660","","1","0","0","0","0","0","0","0","0","2","0","","02","11","2013","3","40.600874","-79.870798","","11","0","0","0","0","0","0","0","0","2","0","0","0","","","2","","1","","40 36:03.147","5","0","79 52:14.873","4","0","0","0","2220","0","0","0","N","0","0","0","3","02220","2","","1.0","","9","N","N","","0","","0","0","0","","3","Y","","2","2","0","0","0","0","0","2","1","2","","","","N","","","","","","","","","",""
"2013119048","","2","0","0","0","0","0","0","0","0","4","0","","02","11","2013","2","40.428098","-80.00866","","11","0","0","1","0","0","0","0","0","1","0","0","0","","","0","","2","","40 25:41.152","1","0","80 00:31.176","0","0","0","0","2301","0","0","0","N","0","0","0","2","02301","0","","1.0","","1","N","N","","0","","0","0","0","","3","N","","2","0","0","0","0","0","0","2","0","2","","","","N","","","","","","","","","",""
"2013119183","","0","0","0","0","0","0","0","0","0","7","0","","02","11","2013","3","40.42627","-79.918176","","11","0","0","0","0","0","1","0","0","","0","0","0","","","1","","0","","40 25:34.572","","0","79 55:05.433","3","0","0","0","2301","0","0","0","N","0","0","0","1","02301","0","","5.0","","2","N","N","","0","","1","0","1","","0","","","1","1","0","0","0","0","0","2","0","1","","","","N","","","","","","","","","",""
"2013120742","","1","0","0","0","0","0","0","0","0","4","0","","02","11","2013","6","40.453146","-80.020691","","11","0","0","0","0","0","0","0","0","","0","1","0","","","0","","1","","40 27:11.325","","0","80 01:14.487","0","0","0","0","2301","0","0","0","N","0","0","0","6","02301","0","","1.0","","1","N","N","","0","","0","0","0","","3","","","2","0","1","0","0","0","0","2","0","2","","","","N","","","","","","","","","",""
"2013120534","","0","0","0","0","0","0","0","0","0","7","0","","02","11","2013","4","40.514047","-80.134342","","11","0","0","0","0","0","0","0","1","","0","0","0","","","0","","0","","40 30:50.570","","3","80 08:03.630","0","0","0","0","2110","0","0","0","N","0","0","0","1","68B03","0","","3.0","","2","N","N","","0","","0","0","1","","0","","","1","0","0","0","0","0","0","2","0","1","","","","N","","","","","","","","","",""
"2013119037","","2","0","0","0","0","0","0","0","0","7","0","","02","11","2013","2","40.382986","-79.857411","","11","0","0","0","0","0","0","0","0","","0","0","0","","","0","","1","","40 22:58.749","","0","79 51:26.678","0","0","0","0","2303","0","0","0","N","0","0","0","2","02303","0","","4.0","","1","N","N","","0","","0","0","0","","2","","","2","0","0","0","0","0","0","2","0","2","","","","N","","","","","","","","","",""
"2013120535","","1","0","0","0","0","0","0","0","0","7","0","","02","11","2013","4","40.434169","-79.994863","","11","0","0","0","0","0","0","0","0","3","0","0","0","","","0","","0","","40 26:03.008","4","0","79 59:41.505","0","0","0","0","2301","0","0","0","N","0","0","0","1","68B03","0","","3.0","","7","N","N","","0","","0","0","0","","0","N","","1","0","0","0","0","0","0","2","0","1","","","","N","","","","","","","","","",""
"2013119051","","1","0","0","0","0","0","0","0","0","8","0","","02","11","2013","2","40.425611","-79.891653","","11","0","0","0","0","0","1","0","0","","0","0","0","","","1","","2","","40 25:32.199","","0","79 53:29.950","4","0","0","0","2463","1","0","0","N","1","0","0","2","02463","1","","1.0","","1","N","N","","0","","0","0","0","","3","","","2","1","0","0","0","0","0","2","0","1","","","","N","","","","","","","","","",""
"2013120599","","0","0","0","0","0","0","0","0","0","7","0","","02","11","2013","6","40.461281","-79.846789","","11","0","0","0","0","0","1","0","0","1","0","0","0","","","0","","0","","40 27:40.613","3","0","79 50:48.440","0","0","0","0","2113","0","0","0","N","0","0","0","1","02113","0","","5.0","","2","N","N","","1","","0","0","0","","0","N","","1","0","0","0","0","0","0","2","0","1","","","","N","","","","","","","","","",""
"2013120663","","2","0","0","0","0","0","0","0","0","1","0","","02","11","2013","6","40.414705","-80.009162","","11","0","0","0","0","0","0","0","0","","0","0","0","","","0","","0","","40 24:52.937","","4","80 00:32.982","0","0","0","0","2301","0","0","0","N","0","0","0","4","02301","0","","1.0","","1","N","N","","0","","0","0","0","","0","","","2","0","0","0","0","0","0","2","0","2","","","","N","","","","","","","","","",""
"2013119185","","0","0","0","0","0","0","0","0","0","7","0","","02","11","2013","3","40.561204","-79.932016","","11","0","0","0","0","0","0","0","0","2","0","0","0","","","0","","0","","40 33:40.334","5","0","79 55:55.257","0","0","0","0","2207","0","0","0","N","0","0","0","1","02207","0","","4.0","","7","N","N","","0","","0","0","1","","0","Y","","1","0","0","0","0","0","0","2","0","1","","","","N","","","","","","","","","",""
"2013121220","","1","0","0","0","0","0","0","0","0","2","0","","02","11","2013","3","40.517853","-80.0294","","11","0","0","0","0","0","0","0","0","","0","0","0","","","0","","3","","40 31:04.270","","0","80 01:45.841","0","0","0","0","2474","0","0","0","N","0","0","0","2","02474","0","","1.0","","9","N","N","","1","","0","0","0","","3","","","2","0","0","0","0","0","0","2","0","2","","","","N","","","","","","","","","",""
"2013120536","","1","0","0","0","0","0","0","0","0","7","0","","02","11","2013","6","40.431268","-79.958556","","11","0","0","0","0","0","0","0","0","","0","0","0","","","0","","0","","40 25:52.565","","0","79 57:30.801","0","0","0","0","2301","0","0","0","N","0","0","0","1","68B03","0","","4.0","","1","N","N","","0","","0","0","0","","0","","","1","0","0","0","0","0","0","2","0","1","","","","N","","","","","","","","","",""
"2013119052","","0","0","0","0","0","0","0","0","0","1","0","","02","11","2013","2","40.477832","-79.786048","","11","0","0","0","0","0","0","0","0","2","0","0","0","","","0","","0","","40 28:40.194","3","0","79 47:09.774","0","0","0","0","2113","0","0","0","N","0","0","0","2","02113","0","","1.0","","1","N","N","","1","","0","0","0","","0","N","","2","0","0","0","0","0","0","2","1","2","","","","N","","","","","","","","","",""
"2013120808","","1","0","0","0","0","0","0","0","0","1","0","","02","11","2013","5","40.642542","-80.067346","","11","0","0","0","0","0","2","0","0","","0","0","0","","","0","","1","","40 38:33.150","","0","80 04:02.446","0","0","0","0","2216","0","0","0","N","0","0","0","2","02505","0","","1.0","","1","N","N","","0","","0","0","1","","2","","","2","0","0","0","0","0","0","2","0","2","","","","N","","","","","","","","","",""
"2013119258","","2","0","0","0","0","0","0","0","0","1","0","","02","11","2013","3","40.438999","-79.995643","","11","0","0","0","0","1","1","0","0","","0","0","0","","","0","","1","","40 26:20.396","","0","79 59:44.314","0","0","0","0","2301","0","0","0","N","0","0","0","2","02301","0","","1.0","","6","N","N","","0","","0","0","0","","2","","","2","0","0","0","0","0","0","2","0","2","","","","N","","","","","","","","","",""
"2013118507","","2","0","0","0","0","0","0","0","0","99","0","","02","11","2013","2","40.484224","-79.907886","","11","0","0","0","0","0","1","0","0","3","0","0","0","","","2","","10","","40 29:03.206","6","0","79 54:28.391","8","0","0","0","2301","0","0","0","N","0","0","0","2","02301","0","","1.0","","1","N","N","","0","","0","0","0","","0","Y","","2","2","2","0","0","2","0","2","0","2","","","","N","","","","","","","","","",""
"2013120004","","1","0","0","0","0","0","0","0","0","7","0","","02","11","2013","3","40.558337","-79.80346","","11","0","0","0","0","0","0","0","0","1","0","0","0","","","1","","0","","40 33:30.014","1","0","79 48:12.455","4","0","0","0","2121","0","0","0","Y","0","0","0","1","68D02","1","","4.0","","9","N","N","","0","","0","0","0","","0","Y","","1","1","0","0","0","0","0","2","0","1","","","","N","","","","","","","","","",""