"CRN","ARRIVAL_TM","AUTOMOBILE_COUNT","BELTED_DEATH_COUNT","BELTED_SUSP_SERIOUS_INJ_COUNT","BICYCLE_COUNT","BICYCLE_DEATH_COUNT","BICYCLE_SUSP_SERIOUS_INJ_COUNT","BUS_COUNT","CHLDPAS_DEATH_COUNT","CHLDPAS_SUSP_SERIOUS_INJ_COUNT","COLLISION_TYPE","COMM_VEH_COUNT","CONS_ZONE_SPD_LIM","COUNTY","CRASH_MONTH","CRASH_YEAR","DAY_OF_WEEK","DEC_LATITUDE","DEC_LONGITUDE","DISPATCH_TM","DISTRICT","DRIVER_COUNT_16YR","DRIVER_COUNT_17YR","DRIVER_COUNT_18YR","DRIVER_COUNT_19YR","DRIVER_COUNT_20YR","DRIVER_COUNT_50_64YR","DRIVER_COUNT_65_74YR","DRIVER_COUNT_75PLUS","EST_HRS_CLOSED","FATAL_COUNT","HEAVY_TRUCK_COUNT","HORSE_BUGGY_COUNT","HOUR_OF_DAY","ILLUMINATION","INJURY_COUNT","INTERSECTION_RELATED","INTERSECT_TYPE","LANE_CLOSED","LATITUDE","LN_CLOSE_DIR","LOCATION_TYPE","LONGITUDE","MAX_SEVERITY_LEVEL","MCYCLE_DEATH_COUNT","MCYCLE_SUSP_SERIOUS_INJ_COUNT","MOTORCYCLE_COUNT","MUNICIPALITY","NONMOTR_COUNT","NONMOTR_DEATH_COUNT","NONMOTR_SUSP_SERIOUS_INJ_COUNT","NTFY_HIWY_MAINT","PED_COUNT","PED_DEATH_COUNT","PED_SUSP_SERIOUS_INJ_COUNT","PERSON_COUNT","POLICE_AGCY","POSSIBLE_INJ_COUNT","RDWY_SURF_TYPE_CD","RELATION_TO_ROAD","ROADWAY_CLEARED","ROAD_CONDITION","SCH_BUS_IND","SCH_ZONE_IND","SECONDARY_CRASH","SMALL_TRUCK_COUNT","SPEC_JURIS_CD","SUSP_MINOR_INJ_COUNT","SUSP_SERIOUS_INJ_COUNT","SUV_COUNT","TCD_FUNC_CD","TCD_TYPE","TFC_DETOUR_IND","TIME_OF_DAY","TOTAL_UNITS","TOT_INJ_COUNT","UNBELTED_OCC_COUNT","UNB_DEATH_COUNT","UNB_SUSP_SERIOUS_INJ_COUNT","UNK_INJ_DEG_COUNT","UNK_INJ_PER_COUNT","URBAN_RURAL","VAN_COUNT","VEHICLE_COUNT","WEATHER1","WEATHER2","WORKERS_PRES","WORK_ZONE_IND","WORK_ZONE_LOC","WORK_ZONE_TYPE","WZ_CLOSE_DETOUR","WZ_FLAGGER","WZ_LAW_OFFCR_IND","WZ_LN_CLOSURE","WZ_MOVING","WZ_OTHER","WZ_SHLDER_MDN","WZ_WORKERS_INJ_KILLED"
"2014000347","","0","0","0","0","0","0","0","0","0","0","0","","02","12","2013","3","40.510915","-79.792804","","11","0","0","0","0","0","1","0","0","","0","0","0","","","3","","0","","40 30:39.294","","0","79 47:34.096","4","0","0","0","2466","0","0","0","Y","0","0","0","3","02466","3","","1.0","","9","N","N","","1","","0","0","0","","0","","","1","3","0","0","0","0","0","2","0","1","","","","N","","","","","","","","","",""
"2014000909","","1","0","0","0","0","0","0","0","0","7","0","","02","12","2013","2","40.455877","-79.965604","","11","0","0","0","0","0","0","0","0","1","0","0","0","","","1","","0","","40 27:21.156","4","0","79 57:56.174","4","0","0","0","2301","0","0","0","N","0","0","0","3","02301","1","","2.0","","1","N","N","","0","","0","0","0","","2","N","","1","1","0","0","0","0","0","2","0","1","","","","N","","","","","","","","","",""
"2014000209","","1","0","0","0","0","0","0","0","0","1","0","","02","12","2013","4","40.393109","-79.805088","","11","0","0","0","0","0","0","1","0","1","0","0","0","","","2","","2","","40 23:35.192","4","0","79 48:18.316","4","0","0","0","2479","0","0","0","N","0","0","0","3","02111","2","","1.0","","1","N","N","","0","","0","0","1","","2","N","","2","2","0","0","0","0","0","2","0","2","","","","N","","","","","","","","","",""
"2014000275","","0","0","0","0","0","0","0","0","0","5","1","","02","11","2013","4","40.602724","-79.766654","","11","0","0","0","0","0","1","0","0","3","0","1","0","","","1","","0","","40 36:09.806","1","0","79 45:59.953","4","0","0","0","2464","0","0","0","N","0","0","0","2","68D02","1","","1.0","","1","N","N","","1","","0","0","0","","0","N","","2","1","0","0","0","0","0","2","0","2","","","","N","","","","","","","","","",""
"2014000276","","0","0","0","0","0","0","0","0","0","7","0","","02","12","2013","3","40.496404","-79.938918","","11","0","0","0","0","0","1","0","0","2","0","0","0","","","0","","0","","40 29:47.054","2","3","79 56:20.105","0","0","0","0","2461","0","0","0","Y","0","0","0","1","68D02","0","","2.0","","2","N","N","","0","","0","0","1","","0","N","","1","0","0","0","0","0","0","2","0","1","","","","N","","","","","","","","","",""
"2014000148","","1","0","0","0","0","0","0","0","0","7","0","","02","12","2013","2","40.391142","-79.93391","","11","0","0","0","0","0","1","0","0","","0","0","0","","","1","","0","","40 23:28.110","","0","79 56:02.075","8","0","0","0","2301","0","0","0","N","0","0","0","1","02301","0","","2.0","","1","N","N","","0","","0","0","0","","0","","","1","1","0","0","0","1","0","2","0","1","","","","N","","","","","","","","","",""
"2014000277","","1","0","0","0","0","0","0","0","0","7","0","","02","12","2013","3","40.496404","-79.938918","","11","0","0","0","0","0","0","0","0","2","0","0","0","","","0","","0","","40 29:47.054","2","3","79 56:20.105","0","0","0","0","2461","0","0","0","Y","0","0","0","1","68D02","0","","2.0","","2","N","N","","0","","0","0","0","","0","N","","1","0","0","0","0","0","0","2","0","1","","","","N","","","","","","","","","",""
"2014000150","","1","0","0","0","0","0","0","0","0","7","0","","02","12","2013","4","40.562867","-79.895464","","11","0","0","0","0","0","1","0","0","","0","0","0","","","1","","0","","40 33:46.321","","0","79 53:43.670","4","0","0","0","2209","0","0","0","N","0","0","0","1","02209","1","","2.0","","1","N","N","","0","","0","0","0","","0","","","1","1","0","0","0","0","0","2","0","1","","","","N","","","","","","","","","",""
"2014000918","","1","0","0","0","0","0","0","0","0","5","0","","02","12","2013","7","40.352883","-80.140389","","11","0","0","0","1","0","0","0","0","","0","0","0","","","0","","2","","40 21:10.378","","0","80 08:25.401","0","0","0","0","2119","0","0","0","N","0","0","0","2","02119","0","","1.0","","6","N","N","","0","","0","0","1","","3","","","2","0","0","0","0","0","0","2","0","2","","","","N","","","","","","","","","",""
"2014000220","","4","0","0","0","0","0","0","0","0","1","0","","02","12","2013","3","40.452681","-79.91037","","11","0","0","0","0","1","0","0","0","","0","0","0","","","0","","1","","40 27:09.653","","0","79 54:37.332","0","0","0","0","2301","0","0","0","N","0","0","0","5","02301","0","","1.0","","2","N","N","","0","","0","0","0","","2","","","4","0","0","0","0","0","0","2","0","4","","","","N","","","","","","","","","",""
"2014000221","","2","0","0","0","0","0","0","0","0","1","0","","02","12","2013","4","40.459792","-79.920838","","11","0","0","0","0","0","0","0","0","2","0","0","0","","","1","","2","","40 27:35.252","3","0","79 55:15.016","8","0","0","0","2301","0","0","0","N","0","0","0","4","02301","0","","1.0","","1","N","N","","0","","0","0","0","","2","N","","2","1","0","0","0","1","0","2","0","2","","","","N","","","","","","","","","",""
"2014000224","","2","0","0","0","0","0","0","0","0","6","0","","02","12","2013","6","40.463464","-79.890106","","11","0","0","0","0","0","0","0","0","1","0","0","0","","","0","","0","","40 27:48.470","1","0","79 53:24.381","0","0","0","0","2301","0","0","0","N","0","0","0","1","02301","0","","4.0","","1","N","N","","0","","0","0","0","","0","N","","2","0","0","0","0","0","0","2","0","2","","","","N","","","","","","","","","",""
"2014000243","","2","0","0","0","0","0","0","0","0","6","0","","02","12","2013","3","40.401585","-80.08301","","11","0","0","0","0","0","1","1","0","2","0","0","0","","","1","","2","","40 24:05.705","1","0","80 04:58.836","8","0","0","0","2415","0","0","0","N","0","0","0","2","02415","0","","1.0","","1","N","N","","0","","0","0","0","","0","N","","2","1","0","0","0","1","0","2","0","2","","","","N","","","","","","","","","",""
"2014001766","","1","0","0","0","0","0","0","0","0","4","1","90","02","12","2013","3","40.387914","-79.829011","","11","0","0","0","0","0","1","0","0","2","0","1","0","","","0","","0","","40 23:16.489","6","0","79 49:44.438","0","0","0","0","2111","0","0","0","N","0","0","0","2","02111","0","","1.0","","9","N","N","","1","","0","0","0","","8","N","","3","0","0","0","0","0","0","2","0","3","","","Y","Y","3","3","","","N","Y","","","",""
"2014000369","","3","0","0","0","0","0","0","0","0","4","0","","02","12","2013","2","40.396966","-79.946318","","11","0","1","0","0","0","0","0","0","3","0","0","0","","","3","","0","","40 23:49.076","5","0","79 56:46.743","4","0","0","0","2403","0","0","0","Y","0","0","0","9","02403","3","","1.0","","2","N","N","","0","","0","0","0","","0","Y","","3","3","0","0","0","0","0","2","0","3","","","","N","","","","","","","","","",""
"2014007404","","1","0","0","0","0","0","0","0","0","7","0","","02","12","2013","2","40.38077","-80.084512","","11","0","1","0","0","0","0","0","0","2","0","0","0","","","0","","0","","40 22:50.771","6","0","80 05:04.242","9","0","0","0","2117","0","0","0","N","0","0","0","1","02117","0","","2.0","","7","N","N","","0","","0","0","0","","0","Y","","1","0","0","0","0","0","1","2","0","1","","","","N","","","","","","","","","",""
"2014007553","","2","0","0","0","0","0","0","0","0","1","0","","02","12","2013","3","40.401954","-79.906813","","11","0","0","0","0","0","0","0","1","","0","0","0","","","0","","3","","40 24:07.034","","0","79 54:24.526","0","0","0","0","2438","0","0","0","","0","0","0","2","02438","0","","1.0","","1","","","","0","","0","0","0","","2","","","2","0","0","0","0","0","0","2","0","2","","","","N","","","","","","","","","",""
"2014008257","","2","0","0","0","0","0","0","0","0","1","0","","02","12","2013","5","40.428078","-79.926187","","11","0","0","0","0","0","0","0","0","","0","0","0","","","0","","0","","40 25:41.079","","4","79 55:34.272","0","0","0","0","2301","0","0","0","N","0","0","0","2","68B03","0","","1.0","","1","N","N","","0","","0","0","0","","0","","","2","0","0","0","0","0","0","2","0","2","","","","N","","","","","","","","","",""
"2014008258","","1","0","0","0","0","0","0","0","0","7","0","","02","12","2013","1","40.499453","-80.120851","","11","0","0","0","0","0","0","0","0","","0","0","0","","","0","","0","","40 29:58.032","","0","80 07:15.065","0","0","0","0","2115","0","0","0","N","0","0","0","1","68B03","0","","5.0","","1","N","N","","0","","0","0","0","","0","","","1","0","0","0","0","0","0","2","0","1","","","","N","","","","","","","","","",""
"2014008259","","0","0","0","0","0","0","0","0","0","7","0","","02","12","2013","3","40.502433","-80.136581","","11","0","0","0","0","1","0","0","0","2","0","0","0","","","1","","0","","40 30:08.760","2","0","80 08:11.691","4","0","0","0","2115","0","0","0","Y","0","0","0","1","68B03","1","","5.0","","7","N","N","","0","","0","0","1","","0","N","","1","1","0","0","0","0","0","2","0","1","","","","N","","","","","","","","","",""
"2014006610","","4","0","0","0","0","0","0","0","0","7","0","","02","9","2013","1","40.444342","-79.767478","","11","0","0","0","0","0","0","0","0","3","0","0","0","","","0","","0","","40 26:39.631","4","0","79 46:02.922","0","0","0","0","2446","0","0","0","Y","0","0","0","6","68B03","0","","4.0","","1","N","N","","0","","0","0","0","","0","N","","4","0","0","0","0","0","0","2","0","4","","","","N","","","","","","","","","",""
"2014006611","","1","0","0","0","0","0","0","0","0","99","0","","02","10","2013","4","40.471829","-80.225438","","11","0","0","0","0","0","0","0","0","","0","0","0","","","0","","0","","40 28:18.584","","0","80 13:31.575","0","0","0","0","2203","0","0","0","N","0","0","0","1","68B03","0","","1.0","","1","N","N","","0","","0","0","0","","0","","","1","0","0","0","0","0","0","2","0","1","","","","N","","","","","","","","","",""
"2014009010","","1","0","0","0","0","0","0","0","0","7","0","","02","11","2013","1","40.427308","-79.891024","","11","0","0","0","0","0","0","0","0","1","0","0","0","","","1","","0","","40 25:38.310","3","0","79 53:27.687","3","0","0","0","2463","0","0","0","N","0","0","0","1","68B03","0","","3.0","","1","N","N","","0","","1","0","0","","0","N","","1","1","1","0","0","0","0","2","0","1","","","","N","","","","","","","","","",""
"2014007599","","2","0","0","0","0","0","0","0","0","1","0","","02","12","2013","1","40.539246","-80.011895","","11","0","0","0","0","0","1","1","0","","0","0","0","","","1","","0","","40 32:21.284","","0","80 00:42.822","8","0","0","0","2116","0","0","0","N","0","0","0","2","02116","0","","1.0","","1","N","N","","0","","0","0","0","","0","","","2","1","0","0","0","1","0","2","0","2","","","","N","","","","","","","","","",""
"2014006613","","1","0","0","0","0","0","0","0","0","7","0","","02","11","2013","3","40.472757","-80.213162","","11","0","0","0","0","0","0","0","0","","0","0","0","","","0","","0","","40 28:21.925","","0","80 12:47.384","0","0","0","0","2203","0","0","0","N","0","0","0","1","68B03","0","","4.0","","9","N","N","","0","","0","0","0","","0","","","1","0","0","0","0","0","0","2","0","1","","","","N","","","","","","","","","",""
"2014009011","","1","0","0","0","0","0","0","0","0","7","0","","02","12","2013","7","40.437126","-80.206254","","11","0","0","0","0","0","0","0","0","","0","0","0","","","0","","0","","40 26:13.654","","0","80 12:22.513","0","0","0","0","2214","0","0","0","Y","0","0","0","1","68B03","0","","4.0","","7","N","N","","0","","0","0","0","","0","","","1","0","1","0","0","0","0","2","0","1","","","","N","","","","","","","","","",""
"2014009012","","1","0","0","0","0","0","0","0","0","1","1","","02","12","2013","2","40.440567","-80.00934","","11","0","0","0","0","0","1","0","0","2","0","1","0","","","2","","0","","40 26:26.042","2","3","80 00:33.624","3","0","0","0","2301","0","0","0","Y","0","0","0","2","68B03","1","","1.0","","9","N","N","","0","","1","0","0","","0","N","","2","2","1","0","0","0","0","2","0","2","","","","N","","","","","","","","","",""
"2014009013","","1","0","0","0","0","0","0","0","0","7","0","","02","12","2013","4","40.427514","-79.890709","","11","0","0","0","0","0","0","0","0","1","0","0","0","","","0","","0","","40 25:39.052","3","0","79 53:26.553","0","0","0","0","2463","0","0","0","N","0","0","0","1","68B03","0","","2.0","","1","N","N","","0","","0","0","0","","0","N","","1","0","0","0","0","0","0","2","0","1","","","","N","","","","","","","","","",""
"2014007850","","1","0","0","0","0","0","0","0","0","8","0","15","02","11","2013","1","40.395669","-79.838683","","11","0","0","0","0","0","0","0","0","","0","0","0","","","1","","1","","40 23:44.408","","0","79 50:19.257","3","0","0","0","2449","1","0","0","N","1","0","0","2","02449","0","","1.0","","1","N","N","","0","","1","0","0","","0","","","2","1","1","0","0","0","0","2","0","1","","","N","Y","4","1","","","Y","","","Y","",""
"2014014770","0139","0","0","0","0","0","0","0","0","0","7","0","","02","10","2013","6","","","0139","11","0","0","0","0","0","0","0","0","","0","0","0","","","1","","10","","","","0","","4","0","0","1","2455","0","0","0","N","0","0","0","1","02455","1","","2.0","","1","N","N","","0","","0","0","0","","0","","","1","1","0","0","0","0","0","1","0","1","","","","N","","","","","","","","","",""
"2014013220","1624","1","0","0","0","0","0","0","0","0","7","0","","02","12","2013","1","40.546945","-80.121919","1609","11","0","0","0","0","0","0","0","0","","0","0","0","","","0","","0","","40 32:49.001","","0","80 07:18.910","0","0","0","0","2215","0","0","0","N","0","0","0","1","68B03","0","","4.0","","1","N","N","","0","","0","0","0","","0","","","1","0","0","0","0","0","0","2","0","1","","","","N","","","","","","","","","",""
"2014014733","0345","0","0","0","0","0","0","0","0","0","7","0","","02","12","2013","1","40.324278","-79.851667","0343","11","0","0","0","0","0","0","0","0","","0","0","0","","","0","","10","","40 19:27.400","","0","79 51:06.000","0","0","0","0","2442","0","0","0","N","0","0","0","2","02442","0","","5.0","","1","N","N","","1","","0","0","0","","3","","","1","0","2","0","0","0","0","2","0","1","","","","N","","","","","","","","","",""
"2014006368","1604","0","0","0","0","0","0","0","0","0","5","1","","02","10","2013","6","40.352643","-80.117747","1552","11","0","0","0","0","0","1","0","0","","0","1","0","","","1","","6","","40 21:09.515","","0","80 07:03.889","8","0","0","0","2119","0","0","0","N","0","0","0","2","68B03","0","","1.0","","1","N","N","","0","","0","0","1","","4","","","2","1","0","0","0","1","0","2","0","2","","","","N","","","","","","","","","",""
"2014006369","0100","1","0","0","0","0","0","0","0","0","7","0","","02","12","2013","7","40.640603","-80.097787","0040","11","0","0","0","0","0","0","0","0","2","0","0","0","","","0","","0","","40 38:26.169","2","0","80 05:52.032","0","0","0","0","2212","0","0","0","Y","0","0","0","1","68B03","0","","4.0","","1","N","N","","0","","0","0","0","","0","N","","1","0","0","0","0","0","0","2","0","1","","","","N","","","","","","","","","",""
"2014013405","0311","1","0","0","0","0","0","0","0","0","7","0","","02","11","2013","5","40.520439","-80.139948","0227","11","0","0","0","0","0","0","0","0","1","0","0","0","","","1","","0","","40 31:13.582","1","0","80 08:23.811","3","0","0","0","2436","0","0","0","Y","0","0","0","1","68B03","0","","3.0","","1","N","N","","0","","1","0","0","","0","N","","1","1","1","0","0","0","0","2","0","1","","","","N","","","","","","","","","",""
"2014013406","0415","0","0","0","0","0","0","0","0","0","5","1","","02","12","2013","6","40.437904","-80.245989","0409","11","0","0","0","0","0","0","0","0","2","0","0","0","","","1","","0","","40 26:16.455","3","0","80 14:45.561","8","0","0","0","2214","0","0","0","Y","0","0","0","2","68B03","0","","1.0","","1","N","N","","1","","0","0","1","","0","N","","2","1","1","0","0","1","0","2","0","2","","","","N","","","","","","","","","",""
"2014014299","2023","1","0","0","0","0","0","0","0","0","7","0","","02","12","2013","6","40.438708","-80.007016","2003","11","0","0","0","0","0","1","0","0","3","0","0","0","","","1","","0","","40 26:19.349","3","0","80 00:25.258","4","0","0","0","2301","0","0","0","Y","0","0","0","1","68B03","1","","3.0","","1","N","N","","0","","0","0","0","","0","N","","1","1","0","0","0","0","0","2","0","1","","","","N","","","","","","","","","",""
"2014014300","1717","5","0","0","0","0","0","0","0","0","1","0","","02","12","2013","1","40.426119","-79.914061","1640","11","0","0","0","0","0","3","1","0","9","0","0","0","","","2","","0","","40 25:34.030","","4","79 54:50.619","8","0","0","0","2301","0","0","0","N","0","0","0","9","68B03","0","","1.0","","1","N","N","","0","","0","0","0","","0","","","6","2","0","0","0","2","0","2","1","6","","","","N","","","","","","","","","",""
"2014014301","1430","1","0","0","0","0","0","0","0","0","1","0","","02","12","2013","7","40.418362","-80.0542","1410","11","0","0","0","0","0","0","0","0","","0","0","0","","","0","","0","","40 25:06.103","","0","80 03:15.120","0","0","0","0","2435","0","0","0","N","0","0","0","6","68B03","0","","1.0","","1","N","N","","0","","0","0","1","","0","","","2","0","0","0","0","0","0","2","0","2","","","","N","","","","","","","","","",""
"2014015016","","2","0","0","0","0","0","0","0","0","4","0","","02","8","2013","7","40.453451","-79.931781","","11","0","0","0","0","0","0","0","0","","0","0","0","","","0","","1","","40 27:12.423","","0","79 55:54.411","0","0","0","0","2301","0","0","0","N","0","0","0","2","00000","0","","1.0","","1","N","N","","0","","0","0","0","","3","","","2","0","0","0","0","0","0","2","0","2","","","","N","","","","","","","","","",""
"2014014636","0645","0","0","0","0","0","0","0","0","0","1","0","","02","10","2013","2","40.442191","-79.837513","0610","11","0","0","0","0","0","0","0","0","","0","0","0","","","0","","0","","40 26:31.889","","0","79 50:15.045","9","0","0","0","2419","0","0","0","N","0","0","0","2","68B03","0","","1.0","","8","N","N","","0","","0","0","1","","0","","","2","0","0","0","0","0","1","2","0","2","","","","N","","","","","","","","","",""
"2014014637","1144","1","1","0","0","0","0","0","0","0","7","0","","02","11","2013","3","40.429087","-79.940792","1127","11","0","0","0","0","0","1","0","0","3","1","0","0","","","0","","0","","40 25:44.714","3","0","79 56:26.852","1","0","0","0","2301","0","0","0","N","0","0","0","1","68B03","0","2","4.0","","1","N","N","","0","0","0","0","0","","0","N","","1","0","0","0","0","0","0","2","0","1","","","","N","","","","","","","","","",""
"2014011920","1736","1","0","0","0","0","0","0","0","0","1","0","","02","12","2013","6","40.344002","-80.032509","1733","11","0","0","0","0","0","0","0","0","","0","0","0","","","0","","0","","40 20:38.407","","0","80 01:57.032","0","0","0","0","2407","0","0","0","N","0","0","0","4","02407","0","","1.0","","9","N","N","","1","","0","0","0","","0","","","2","0","0","0","0","0","0","2","0","2","","","","N","","","","","","","","","",""
"2014012009","1841","2","0","0","0","0","0","0","0","0","1","0","","02","11","2013","6","40.42965","-80.0288","1831","11","0","0","0","0","1","0","0","0","","0","0","0","","","1","","0","","40 25:46.741","","0","80 01:43.681","8","0","0","0","2301","0","0","0","N","0","0","0","11","68B03","0","","1.0","","1","N","N","","0","","0","0","1","","0","","","3","1","0","0","0","1","0","2","0","3","","","","N","","","","","","","","","",""
"2014015502","","1","0","0","0","0","0","0","0","0","1","0","","02","12","2013","2","40.42513","-80.118726","","11","0","0","0","0","0","0","0","0","","0","0","0","","","0","","0","","40 25:30.469","","0","80 07:07.412","0","0","0","0","2115","0","0","0","N","0","0","0","7","00000","0","","1.0","","9","N","N","","0","","0","0","1","","0","","","3","0","3","0","0","0","0","2","1","3","","","","N","","","","","","","","","",""
"2014009192","0312","1","0","0","0","0","0","0","0","0","7","0","","02","12","2013","4","40.539732","-80.024669","0309","11","0","0","0","0","0","1","0","0","1","0","0","0","","","0","","0","","40 32:23.035","1","0","80 01:28.808","0","0","0","0","2116","0","0","0","N","0","0","0","1","02116","0","","4.0","","1","N","N","","0","","0","0","0","","0","N","","1","0","0","0","0","0","0","2","0","1","","","","N","","","","","","","","","",""
"2014015512","","1","0","0","0","0","0","0","0","0","1","0","","02","12","2013","4","40.490894","-79.884426","","11","0","0","0","0","0","1","0","0","","0","0","0","","","1","","6","","40 29:27.218","","2","79 53:03.934","3","0","0","0","2432","0","0","0","N","0","0","0","3","00000","0","","1.0","","1","N","N","","0","","1","0","1","","4","","","3","1","0","0","0","0","0","2","0","3","","","","N","","","","","","","","","",""
"2014009412","0734","2","0","0","0","0","0","0","0","0","1","0","","02","11","2013","5","40.423154","-80.030521","0705","11","0","0","0","0","0","1","0","0","","0","0","0","","","1","","0","","40 25:23.356","","0","80 01:49.877","4","0","0","0","2301","0","0","0","N","0","0","0","2","68B03","1","","1.0","","9","N","N","","0","","0","0","0","","0","","","2","1","0","0","0","0","0","2","0","2","","","","N","","","","","","","","","",""
"2014015533","","1","0","0","0","0","0","0","0","0","4","1","","02","10","2013","3","40.428105","-79.934499","","11","0","0","0","0","0","0","0","0","","0","1","0","","","1","","2","","40 25:41.177","","2","79 56:04.195","8","0","0","0","2301","0","0","0","N","0","0","0","2","00000","0","","1.0","","1","N","N","","0","","0","0","0","","0","","","2","1","0","0","0","1","1","2","0","2","","","","N","","","","","","","","","",""
"2014015535","","0","0","0","0","0","0","0","0","0","7","0","","02","12","2013","6","40.425626","-79.905907","","11","0","0","0","0","0","0","0","0","","0","0","0","","","0","","0","","40 25:32.255","","0","79 54:21.264","0","0","0","0","2301","0","0","0","N","0","0","0","1","00000","0","","3.0","","9","N","N","","0","","0","0","1","","0","","","1","0","0","0","0","0","0","2","0","1","","","","N","","","","","","","","","",""
"2014010111","1037","3","0","0","0","0","0","0","0","0","5","0","","02","12","2013","7","40.495814","-79.944909","1035","11","0","0","0","0","0","0","1","0","2","0","0","0","","","0","","0","","40 29:44.932","2","0","79 56:41.672","0","0","0","0","2430","0","0","0","N","0","0","0","1","02430","0","","6.0","","1","N","N","","0","","0","0","0","","0","Y","","3","0","0","0","0","0","0","2","0","3","","","","N","","","","","","","","","",""
"2014018104","0001","1","0","0","0","0","0","0","0","0","7","0","","02","12","2013","5","40.44168","-80.183996","2354","11","0","0","0","0","1","0","0","0","2","0","0","0","","","0","","0","","40 26:30.049","3","0","80 11:02.385","0","0","0","0","2214","0","0","0","N","0","0","0","1","68B03","0","","3.0","","7","N","N","","0","","0","0","0","","0","N","","1","0","0","0","0","0","0","1","0","1","","","","N","","","","","","","","","",""
"2014017917","1419","0","0","0","0","0","0","0","0","0","7","0","","02","10","2013","3","40.579522","-79.778953","1413","11","0","0","0","0","0","1","0","0","2","0","0","0","","","1","","0","","40 34:46.279","1","0","79 46:44.229","4","0","0","0","2104","0","0","0","Y","0","0","0","1","02104","1","","4.0","","1","N","N","","1","","0","0","0","","0","Y","","1","1","0","0","0","0","0","2","0","1","","","","N","","","","","","","","","",""
"2014015598","2033","2","0","0","0","0","0","0","0","0","1","0","","02","12","2013","4","40.352174","-80.050459","2029","11","0","0","0","0","0","0","0","0","","0","0","0","","","0","","1","","40 21:07.828","","0","80 03:01.654","0","0","0","0","2407","0","0","0","N","0","0","0","3","02407","0","","1.0","","1","N","N","","0","","0","0","0","","2","","","2","0","0","0","0","0","0","2","0","2","","","","N","","","","","","","","","",""
"2014015939","","2","0","0","0","0","0","0","0","0","1","0","","02","10","2013","2","","","","11","0","0","0","0","0","1","0","0","","0","0","0","","","1","","0","","","","0","","3","0","0","0","2301","0","0","0","N","0","0","0","3","00000","0","","1.0","","9","N","N","","0","","1","0","1","","0","","","3","1","0","0","0","0","2","1","0","3","","","","N","","","","","","","","","",""
"2014017158","2002","0","0","0","0","0","0","0","0","0","1","0","","02","12","2013","7","40.373678","-79.794309","2002","11","0","1","0","0","0","0","1","0","2","0","0","0","","","1","","0","","40 22:25.240","6","0","79 47:39.511","4","0","0","0","2111","0","0","0","N","0","0","0","3","02111","1","","1.0","","1","N","N","","0","","0","0","1","","0","Y","","2","1","0","0","0","0","0","2","1","2","","","","N","","","","","","","","","",""
"2014017554","1524","0","0","0","0","0","0","0","0","0","7","0","","02","10","2013","3","40.660957","-79.853498","1515","11","0","0","0","0","0","0","0","0","","0","0","0","","","0","","0","","40 39:39.444","","0","79 51:12.593","0","0","0","0","2220","0","0","0","N","0","0","0","1","02220","0","","2.0","","1","N","N","","0","","0","0","0","","0","","","1","0","0","0","0","0","0","1","1","1","","","","N","","","","","","","","","",""
"2014016085","1253","2","0","0","0","0","0","0","0","0","4","0","","02","11","2013","5","40.393109","-79.805088","1251","11","0","0","1","0","0","0","0","0","1","0","0","0","","","0","","2","","40 23:35.192","5","0","79 48:18.316","0","0","0","0","2479","0","0","0","N","0","0","0","2","02111","0","","1.0","","1","N","N","","0","","0","0","0","","2","N","","2","0","0","0","0","0","0","2","0","2","","","","N","","","","","","","","","",""
"2014017438","1751","1","0","0","0","0","0","0","0","0","1","0","","02","11","2013","6","40.510456","-80.097066","1748","11","0","0","0","0","0","1","0","0","1","0","0","0","","","0","","2","","40 30:37.643","1","0","80 05:49.437","0","0","0","0","2429","0","0","0","N","0","0","0","2","02215","0","","1.0","","1","N","N","","0","","0","0","1","","0","N","","2","0","0","0","0","0","0","2","0","2","","","","N","","","","","","","","","",""
"2014016832","","0","0","0","0","0","0","0","0","0","1","0","","02","10","2013","2","","","","11","0","0","0","0","0","1","0","0","","0","0","0","","","1","","0","","","","3","","8","0","0","0","2301","0","0","0","N","0","0","0","2","00000","0","","1.0","","1","N","N","","0","","0","0","1","","0","","","2","1","0","0","0","1","1","1","0","2","","","","N","","","","","","","","","",""
"2014015351","0657","1","0","0","0","0","0","0","0","0","1","0","","02","11","2013","6","40.419945","-80.051185","0651","11","0","0","0","0","0","0","0","0","2","0","0","0","","","1","","0","","40 25:11.801","4","0","80 03:04.265","4","0","0","0","2435","0","0","0","N","0","0","0","2","68B03","1","","1.0","","1","N","N","","0","","0","0","1","","4","N","","2","1","0","0","0","0","0","2","0","2","","","","N","","","","","","","","","",""
"2014015352","0235","1","0","0","0","0","0","0","0","0","5","0","","02","12","2013","1","40.412295","-80.067149","0230","11","0","0","0","0","0","0","0","0","","0","0","0","","","0","","0","","40 24:44.261","","0","80 04:01.738","9","0","0","0","2435","0","0","0","Y","0","0","0","3","68B01","0","","1.0","","1","N","N","","0","","0","0","0","","0","","","2","0","0","0","0","0","1","2","0","2","","","","N","","","","","","","","","",""
"2014015981","","1","0","0","0","0","0","0","0","0","7","0","","02","10","2013","3","","","","11","0","0","0","0","0","0","0","0","","0","0","0","","","1","","0","","","","0","","8","0","0","0","2419","0","0","0","N","0","0","0","1","00000","0","","2.0","","1","N","N","","0","","0","0","0","","0","","","1","1","0","0","0","1","0","1","0","1","","","","N","","","","","","","","","",""